site_va,stored_target_va,target_section,source_owner_entry,source_owner_name,source_owner_is_candidate,source_offset_from_entry,source_code_unit_kind,source_code_unit_min,source_code_unit_max,source_instruction,source_symbols,source_incoming_references,target_owner_entry,target_owner_name,target_owner_symbol
0x10001002,0x10022250,.rdata,,,no,,InstructionDB,10001000,10001005,MOV dword ptr [ECX],,,,,
0x10001018,0x10022250,.rdata,10001010,FUN_10001010,yes,8,InstructionDB,10001016,1000101b,MOV dword ptr [ESI],,,,,
0x10001051,0x10024238,.rdata,10001040,FUN_10001040,yes,11,InstructionDB,10001050,10001054,PUSH 0x10024238,,,,,
0x1000105B,0x10024260,.rdata,10001040,FUN_10001040,yes,1b,InstructionDB,1000105a,1000105e,PUSH 0x10024260,,,,,
0x100010AA,0x10024264,.rdata,10001040,FUN_10001040,yes,6a,InstructionDB,100010a9,100010ad,PUSH 0x10024264,,,,,
0x100010B9,0x1002426C,.rdata,10001040,FUN_10001040,yes,79,InstructionDB,100010b8,100010bc,PUSH 0x1002426c,,,,,
0x1000110A,0x10024264,.rdata,10001040,FUN_10001040,yes,ca,InstructionDB,10001109,1000110d,PUSH 0x10024264,,,,,
0x10001119,0x1002427C,.rdata,10001040,FUN_10001040,yes,d9,InstructionDB,10001118,1000111c,PUSH 0x1002427c,,,,,
0x10001195,0x1002428C,.rdata,10001040,FUN_10001040,yes,155,InstructionDB,10001194,10001198,PUSH 0x1002428c,,,,,
0x100011AC,0x10024298,.rdata,10001040,FUN_10001040,yes,16c,InstructionDB,100011ab,100011af,PUSH 0x10024298,,,,,
0x1000121A,0x10024264,.rdata,10001040,FUN_10001040,yes,1da,InstructionDB,10001219,1000121d,PUSH 0x10024264,,,,,
0x10001229,0x100242AC,.rdata,10001040,FUN_10001040,yes,1e9,InstructionDB,10001228,1000122c,PUSH 0x100242ac,,,,,
0x100012A4,0x100242C0,.rdata,10001040,FUN_10001040,yes,264,InstructionDB,100012a3,100012a7,PUSH 0x100242c0,,,,,
0x100012BF,0x100242CC,.rdata,10001040,FUN_10001040,yes,27f,InstructionDB,100012be,100012c2,PUSH 0x100242cc,,,,,
0x100012F9,0x1003C25C,.data,10001040,FUN_10001040,yes,2b9,InstructionDB,100012f7,100012fc,MOV EDI,,,,,
0x10001311,0x1003C260,.data,10001040,FUN_10001040,yes,2d1,InstructionDB,1000130f,10001314,SUB ECX,,,,,
0x1000131B,0x100242E8,.rdata,10001040,FUN_10001040,yes,2db,InstructionDB,1000131a,1000131e,PUSH 0x100242e8,,,,,
0x10001326,0x1003C260,.data,10001040,FUN_10001040,yes,2e6,InstructionDB,10001324,10001329,INC dword ptr [0x1003c260],,,,,
0x10001355,0x1003C25C,.data,10001350,FUN_10001350,yes,5,InstructionDB,10001354,10001358,MOV EAX,,,,,
0x100013D2,0x1003C25C,.data,10001350,FUN_10001350,yes,82,InstructionDB,100013d0,100013d5,CMP ESI,,,,,
0x100013E2,0x1003C25C,.data,100013e0,FUN_100013e0,yes,2,InstructionDB,100013e0,100013e5,MOV ECX,,,,,
0x100013EC,0x1003C25C,.data,100013e0,FUN_100013e0,yes,c,InstructionDB,100013ea,100013ef,MOV ECX,,,,,
0x100013F5,0x1003C25C,.data,100013e0,FUN_100013e0,yes,15,InstructionDB,100013f3,100013f8,MOV ECX,,,,,
0x100013FB,0x1003C260,.data,100013e0,FUN_100013e0,yes,1b,InstructionDB,100013f9,10001402,MOV dword ptr [0x1003c260],,,,,
0x10001412,0x1003C25C,.data,100013e0,FUN_100013e0,yes,32,InstructionDB,10001410,10001415,MOV ECX,,,,,
0x10001480,0x10028608,.rdata,10001430,FUN_10001430,yes,50,InstructionDB,1000147f,10001483,PUSH 0x10028608,,,,,
0x1000148B,0x10022250,.rdata,10001430,FUN_10001430,yes,5b,InstructionDB,10001488,1000148e,MOV dword ptr [EBP + -0xc],,,,,
0x100014B1,0x10022250,.rdata,100014a0,FUN_100014a0,yes,11,InstructionDB,100014af,100014b4,MOV dword ptr [ESI],,,,,
0x100014CB,0x1003A6C4,.data,100014c0,FUN_100014c0,yes,b,InstructionDB,100014c9,100014cf,CMP byte ptr [0x1003a6c4],,,,,
0x100014EC,0x1003A6C0,.data,100014c0,FUN_100014c0,yes,2c,InstructionDB,100014eb,100014ef,MOV EAX,,,,,
0x100014FF,0x1003A6C0,.data,100014c0,FUN_100014c0,yes,3f,InstructionDB,100014fd,10001502,MOV EDX,,,,,
0x10001505,0x10024300,.rdata,100014c0,FUN_100014c0,yes,45,InstructionDB,10001504,10001508,PUSH 0x10024300,,,,,
0x1000152B,0x1003A6C5,.data,10001520,FUN_10001520,yes,b,InstructionDB,10001529,1000152f,CMP byte ptr [0x1003a6c5],,,,,
0x10001535,0x10024304,.rdata,10001520,FUN_10001520,yes,15,InstructionDB,10001534,10001538,PUSH 0x10024304,,,,,
0x1000153A,0x10024310,.rdata,10001520,FUN_10001520,yes,1a,InstructionDB,10001539,1000153d,PUSH 0x10024310,,,,,
0x10001542,0x10022144,.rdata,10001520,FUN_10001520,yes,22,InstructionDB,10001540,10001545,CALL dword ptr [0x10022144],,,,,
0x1000154D,0x1003A8C8,.data,10001520,FUN_10001520,yes,2d,InstructionDB,1000154c,10001550,PUSH 0x1003a8c8,,,,,
0x10001563,0x100243EC,.rdata,10001520,FUN_10001520,yes,43,InstructionDB,10001562,10001566,PUSH 0x100243ec,,,,,
0x1000157F,0x100242FC,.rdata,10001520,FUN_10001520,yes,5f,InstructionDB,1000157e,10001582,PUSH 0x100242fc,,,,,
0x10001597,0x1003AAC8,.data,10001590,FUN_10001590,yes,7,InstructionDB,10001596,1000159a,MOV EAX,,,,,
0x100015A1,0x10024330,.rdata,10001590,FUN_10001590,yes,11,InstructionDB,100015a0,100015a4,PUSH 0x10024330,,,,,
0x100015A6,0x1003AAC8,.data,10001590,FUN_10001590,yes,16,InstructionDB,100015a5,100015a9,MOV [0x1003aac8],,,,,
0x1000163A,0x1002201C,.rdata,10001630,FUN_10001630,yes,a,InstructionDB,10001638,1000163d,MOV ESI,,,,,
0x10001665,0x1003AAC8,.data,10001630,FUN_10001630,yes,35,InstructionDB,10001664,10001668,MOV EAX,,,,,
0x1000166C,0x10024A18,.rdata,10001630,FUN_10001630,yes,3c,InstructionDB,1000166b,1000166f,PUSH 0x10024a18,,,,,
0x10001671,0x10024330,.rdata,10001630,FUN_10001630,yes,41,InstructionDB,10001670,10001674,PUSH 0x10024330,,,,,
0x10001676,0x1003AAC8,.data,10001630,FUN_10001630,yes,46,InstructionDB,10001675,10001679,MOV [0x1003aac8],,,,,
0x1000168B,0x10029F68,.data,10001630,FUN_10001630,yes,5b,InstructionDB,10001688,1000168e,MOV dword ptr [EBP + -0x20],,,,,
0x10001714,0x10024A18,.rdata,10001630,FUN_10001630,yes,e4,InstructionDB,10001713,10001717,PUSH 0x10024a18,,,,,
0x1000173B,0x1003AAC8,.data,10001730,FUN_10001730,yes,b,InstructionDB,1000173a,1000173e,MOV EAX,,,,,
0x10001742,0x1003AAC8,.data,10001730,FUN_10001730,yes,12,InstructionDB,10001741,10001745,MOV [0x1003aac8],,,,,
0x1000174B,0x1002435C,.rdata,10001730,FUN_10001730,yes,1b,InstructionDB,1000174a,1000174e,PUSH 0x1002435c,,,,,
0x10001779,0x1002201C,.rdata,10001770,FUN_10001770,yes,9,InstructionDB,10001777,1000177c,MOV ESI,,,,,
0x100017B9,0x100018A0,.text,10001770,FUN_10001770,yes,49,InstructionDB,100017b8,100017bc,MOV EDI,,,100018a0,FUN_100018a0,FUN_100018a0
0x10001819,0x100018A0,.text,10001770,FUN_10001770,yes,a9,InstructionDB,10001818,1000181c,MOV EDI,,,100018a0,FUN_100018a0,FUN_100018a0
0x1000185A,0x100243A0,.rdata,,,no,,InstructionDB,10001859,1000185d,PUSH 0x100243a0,,,,,
0x10001864,0x10001B30,.text,,,no,,InstructionDB,10001863,10001867,PUSH 0x10001b30,,,10001b30,FUN_10001b30,FUN_10001b30
0x10001869,0x10001B00,.text,,,no,,InstructionDB,10001868,1000186c,PUSH 0x10001b00,,,10001b00,FUN_10001b00,FUN_10001b00
0x1000186E,0x10001AD0,.text,,,no,,InstructionDB,1000186d,10001871,PUSH 0x10001ad0,,,10001ad0,FUN_10001ad0,FUN_10001ad0
0x10001882,0x100243C4,.rdata,,,no,,InstructionDB,10001881,10001885,PUSH 0x100243c4,,,,,
0x10001887,0x1003AACC,.data,,,no,,InstructionDB,10001886,1000188a,MOV [0x1003aacc],,,,,
0x1000195A,0x10001980,.text,100018a0,FUN_100018a0,yes,ba,InstructionDB,10001959,1000195d,PUSH 0x10001980,,,10001980,FUN_10001980,FUN_10001980
0x10001996,0x10037588,.data,10001980,FUN_10001980,yes,16,InstructionDB,10001993,10001999,MOV EDI,,,,,
0x10001A11,0x10037588,.data,10001980,FUN_10001980,yes,91,InstructionDB,10001a0e,10001a14,MOV EAX,,,,,
0x10001A98,0x1003AACC,.data,10001980,FUN_10001980,yes,118,InstructionDB,10001a96,10001a9b,MOV EDX,,,,,
0x10001AD5,0x1003AACC,.data,10001ad0,FUN_10001ad0,yes,5,InstructionDB,10001ad3,10001ad8,MOV ECX,,,,,
0x10001B0C,0x1003AACC,.data,10001b00,FUN_10001b00,yes,c,InstructionDB,10001b0b,10001b0f,MOV EAX,,,,,
0x10001B34,0x1003AACC,.data,10001b30,FUN_10001b30,yes,4,InstructionDB,10001b33,10001b37,MOV EAX,,,,,
0x10001BCB,0x10022020,.rdata,10001b90,FUN_10001b90,yes,3b,InstructionDB,10001bc9,10001bce,CALL dword ptr [0x10022020],,,,,
0x10001C17,0x10022024,.rdata,10001b90,FUN_10001b90,yes,87,InstructionDB,10001c15,10001c1a,CALL dword ptr [0x10022024],,,,,
0x10001C37,0x100243D4,.rdata,10001b90,FUN_10001b90,yes,a7,InstructionDB,10001c36,10001c3a,PUSH 0x100243d4,,,,,
0x10001C53,0x100243D8,.rdata,10001b90,FUN_10001b90,yes,c3,InstructionDB,10001c52,10001c56,PUSH 0x100243d8,,,,,
0x10001C8B,0x10022020,.rdata,10001b90,FUN_10001b90,yes,fb,InstructionDB,10001c89,10001c8e,CALL dword ptr [0x10022020],,,,,
0x10001CBD,0x100243DC,.rdata,10001b90,FUN_10001b90,yes,12d,InstructionDB,10001cba,10001cc0,MOV DX,,,,,
0x10001D17,0x1002202C,.rdata,10001b90,FUN_10001b90,yes,187,InstructionDB,10001d15,10001d1a,CALL dword ptr [0x1002202c],,,,,
0x10001D25,0x10022028,.rdata,10001b90,FUN_10001b90,yes,195,InstructionDB,10001d23,10001d28,MOV EDI,,,,,
0x10001D37,0x10022024,.rdata,10001b90,FUN_10001b90,yes,1a7,InstructionDB,10001d35,10001d3a,CALL dword ptr [0x10022024],,,,,
0x10001D5E,0x10022020,.rdata,10001b90,FUN_10001b90,yes,1ce,InstructionDB,10001d5c,10001d61,CALL dword ptr [0x10022020],,,,,
0x10001D92,0x1002202C,.rdata,10001b90,FUN_10001b90,yes,202,InstructionDB,10001d90,10001d95,CALL dword ptr [0x1002202c],,,,,
0x10001DC0,0x100243E0,.rdata,10001db0,FUN_10001db0,yes,10,InstructionDB,10001dbf,10001dc3,PUSH 0x100243e0,,,,,
0x10001DC6,0x10022018,.rdata,10001db0,FUN_10001db0,yes,16,InstructionDB,10001dc4,10001dc9,CALL dword ptr [0x10022018],,,,,
0x10001DD0,0x1003A8C8,.data,10001db0,FUN_10001db0,yes,20,InstructionDB,10001dcf,10001dd3,PUSH 0x1003a8c8,,,,,
0x10001DD7,0x10022014,.rdata,10001db0,FUN_10001db0,yes,27,InstructionDB,10001dd5,10001dda,CALL dword ptr [0x10022014],,,,,
0x10001DDE,0x1003A8C8,.data,10001db0,FUN_10001db0,yes,2e,InstructionDB,10001ddd,10001de1,PUSH 0x1003a8c8,,,,,
0x10001DF1,0x1003A8C8,.data,10001db0,FUN_10001db0,yes,41,InstructionDB,10001df0,10001df4,PUSH 0x1003a8c8,,,,,
0x10001E03,0x1003A6C5,.data,10001db0,FUN_10001db0,yes,53,InstructionDB,10001e01,10001e07,MOV byte ptr [0x1003a6c5],,,,,
0x10001E0E,0x1003A6C0,.data,10001db0,FUN_10001db0,yes,5e,InstructionDB,10001e0d,10001e11,MOV [0x1003a6c0],,,,,
0x10001E18,0x10001E70,.text,10001db0,FUN_10001db0,yes,68,InstructionDB,10001e17,10001e1b,MOV EAX,,,,,LAB_10001e70
0x10001E1E,0x1003A6C4,.data,10001db0,FUN_10001db0,yes,6e,InstructionDB,10001e1c,10001e22,MOV byte ptr [0x1003a6c4],,,,,
0x10001E2E,0x10001850,.text,10001db0,FUN_10001db0,yes,7e,InstructionDB,10001e2d,10001e31,MOV EAX,,,,,LAB_10001850
0x10001E46,0x1003A6C4,.data,10001db0,FUN_10001db0,yes,96,InstructionDB,10001e44,10001e49,CMP byte ptr [0x1003a6c4],,,,,
0x10001E4D,0x1003A6C4,.data,10001db0,FUN_10001db0,yes,9d,InstructionDB,10001e4c,10001e50,MOV [0x1003a6c4],,,,,
0x10001E52,0x1003A6C0,.data,10001db0,FUN_10001db0,yes,a2,InstructionDB,10001e51,10001e55,MOV EAX,,,,,
0x10001E95,0x1003BD98,.data,10001e80,FUN_10001e80,yes,15,InstructionDB,10001e94,10001e98,MOV [0x1003bd98],,,,,
0x10001E9D,0x1003BD98,.data,10001e80,FUN_10001e80,yes,1d,InstructionDB,10001e9b,10001ea0,MOV EDX,,,,,
0x10001EAC,0x1003BD98,.data,10001e80,FUN_10001e80,yes,2c,InstructionDB,10001eaa,10001eaf,MOV ECX,,,,,
0x10001EBB,0x1003A8C8,.data,10001e80,FUN_10001e80,yes,3b,InstructionDB,10001eba,10001ebe,PUSH 0x1003a8c8,,,,,
0x10001EC5,0x1003A6C8,.data,10001e80,FUN_10001e80,yes,45,InstructionDB,10001ec4,10001ec8,PUSH 0x1003a6c8,,,,,
0x10001ED6,0x1002442C,.rdata,10001e80,FUN_10001e80,yes,56,InstructionDB,10001ed5,10001ed9,PUSH 0x1002442c,,,,,
0x10001EE0,0x1003A6C8,.data,10001e80,FUN_10001e80,yes,60,InstructionDB,10001edf,10001ee3,PUSH 0x1003a6c8,,,,,
0x10001EFB,0x1002441C,.rdata,10001e80,FUN_10001e80,yes,7b,InstructionDB,10001efa,10001efe,PUSH 0x1002441c,,,,,
0x10001F00,0x10024424,.rdata,10001e80,FUN_10001e80,yes,80,InstructionDB,10001eff,10001f03,PUSH 0x10024424,,,,,
0x10001F09,0x1003A6C8,.data,10001e80,FUN_10001e80,yes,89,InstructionDB,10001f08,10001f0c,PUSH 0x1003a6c8,,,,,
0x10001F0F,0x1002214C,.rdata,10001e80,FUN_10001e80,yes,8f,InstructionDB,10001f0d,10001f12,CALL dword ptr [0x1002214c],,,,,
0x10001F15,0x10022144,.rdata,10001e80,FUN_10001e80,yes,95,InstructionDB,10001f13,10001f18,MOV EDI,,,,,
0x10001F47,0x1002444C,.rdata,10001e80,FUN_10001e80,yes,c7,InstructionDB,10001f46,10001f4a,PUSH 0x1002444c,,,,,
0x10001F67,0x1003BBB0,.data,10001e80,FUN_10001e80,yes,e7,InstructionDB,10001f66,10001f6a,PUSH 0x1003bbb0,,,,,
0x10001F82,0x1002448C,.rdata,10001e80,FUN_10001e80,yes,102,InstructionDB,10001f81,10001f85,PUSH 0x1002448c,,,,,
0x10001FC4,0x1003AACC,.data,10001fb0,FUN_10001fb0,yes,14,InstructionDB,10001fc3,10001fc7,MOV EAX,,,,,
0x10001FEA,0x1003BD98,.data,10001fb0,FUN_10001fb0,yes,3a,InstructionDB,10001fe9,10001fed,MOV EAX,,,,,
0x10002009,0x1003BD98,.data,10001fb0,FUN_10001fb0,yes,59,InstructionDB,10002007,1000200c,MOV EDX,,,,,
0x1000204D,0x1002201C,.rdata,10001fb0,FUN_10001fb0,yes,9d,InstructionDB,1000204b,10002050,MOV ESI,,,,,
0x100020B2,0x1003BBB0,.data,10001fb0,FUN_10001fb0,yes,102,InstructionDB,100020b0,100020b5,MOV EDX,,,,,
0x100020E0,0x1003BD98,.data,10001fb0,FUN_10001fb0,yes,130,InstructionDB,100020df,100020e3,MOV EAX,,,,,
0x100021C2,0x1003BD98,.data,10001fb0,FUN_10001fb0,yes,212,InstructionDB,100021c0,100021c5,MOV EDX,,,,,
0x1000221A,0x100244D8,.rdata,10002210,FUN_10002210,yes,a,InstructionDB,10002219,1000221d,PUSH 0x100244d8,,,,,
0x10002224,0x1002451C,.rdata,10002210,FUN_10002210,yes,14,InstructionDB,10002223,10002227,PUSH 0x1002451c,,,,,
0x1000222E,0x1003A8C8,.data,10002210,FUN_10002210,yes,1e,InstructionDB,1000222d,10002231,PUSH 0x1003a8c8,,,,,
0x10002238,0x1003A6C8,.data,10002210,FUN_10002210,yes,28,InstructionDB,10002237,1000223b,PUSH 0x1003a6c8,,,,,
0x10002242,0x10024534,.rdata,10002210,FUN_10002210,yes,32,InstructionDB,10002241,10002245,PUSH 0x10024534,,,,,
0x1000224C,0x1003A6C8,.data,10002210,FUN_10002210,yes,3c,InstructionDB,1000224b,1000224f,PUSH 0x1003a6c8,,,,,
0x10002257,0x10022030,.rdata,10002210,FUN_10002210,yes,47,InstructionDB,10002255,1000225a,MOV ESI,,,,,
0x1000225F,0x1003A6C8,.data,10002210,FUN_10002210,yes,4f,InstructionDB,1000225e,10002262,PUSH 0x1003a6c8,,,,,
0x10002266,0x10024548,.rdata,10002210,FUN_10002210,yes,56,InstructionDB,10002265,10002269,PUSH 0x10024548,,,,,
0x1000226B,0x10024554,.rdata,10002210,FUN_10002210,yes,5b,InstructionDB,1000226a,1000226e,PUSH 0x10024554,,,,,
0x10002272,0x1003A8C8,.data,10002210,FUN_10002210,yes,62,InstructionDB,10002271,10002275,PUSH 0x1003a8c8,,,,,
0x10002281,0x1003A6C8,.data,10002210,FUN_10002210,yes,71,InstructionDB,10002280,10002284,PUSH 0x1003a6c8,,,,,
0x10002286,0x1003AEF1,.data,10002210,FUN_10002210,yes,76,InstructionDB,10002285,10002289,MOV [0x1003aef1],,,,,
0x10002290,0x10024534,.rdata,10002210,FUN_10002210,yes,80,InstructionDB,1000228f,10002293,PUSH 0x10024534,,,,,
0x1000229A,0x1003A6C8,.data,10002210,FUN_10002210,yes,8a,InstructionDB,10002299,1000229d,PUSH 0x1003a6c8,,,,,
0x100022A7,0x1003A6C8,.data,10002210,FUN_10002210,yes,97,InstructionDB,100022a6,100022aa,PUSH 0x1003a6c8,,,,,
0x100022AE,0x1002455C,.rdata,10002210,FUN_10002210,yes,9e,InstructionDB,100022ad,100022b1,PUSH 0x1002455c,,,,,
0x100022B3,0x10024554,.rdata,10002210,FUN_10002210,yes,a3,InstructionDB,100022b2,100022b6,PUSH 0x10024554,,,,,
0x100022BA,0x1003A8C8,.data,10002210,FUN_10002210,yes,aa,InstructionDB,100022b9,100022bd,PUSH 0x1003a8c8,,,,,
0x100022C9,0x1003A6C8,.data,10002210,FUN_10002210,yes,b9,InstructionDB,100022c8,100022cc,PUSH 0x1003a6c8,,,,,
0x100022CF,0x1003A6C7,.data,10002210,FUN_10002210,yes,bf,InstructionDB,100022cd,100022d2,MOV byte ptr [0x1003a6c7],,,,,
0x100022D9,0x10024534,.rdata,10002210,FUN_10002210,yes,c9,InstructionDB,100022d8,100022dc,PUSH 0x10024534,,,,,
0x100022E3,0x1003A6C8,.data,10002210,FUN_10002210,yes,d3,InstructionDB,100022e2,100022e6,PUSH 0x1003a6c8,,,,,
0x100022F0,0x1003A6C8,.data,10002210,FUN_10002210,yes,e0,InstructionDB,100022ef,100022f3,PUSH 0x1003a6c8,,,,,
0x100022FA,0x10024570,.rdata,10002210,FUN_10002210,yes,ea,InstructionDB,100022f9,100022fd,PUSH 0x10024570,,,,,
0x100022FF,0x10024554,.rdata,10002210,FUN_10002210,yes,ef,InstructionDB,100022fe,10002302,PUSH 0x10024554,,,,,
0x10002306,0x1003A8C8,.data,10002210,FUN_10002210,yes,f6,InstructionDB,10002305,10002309,PUSH 0x1003a8c8,,,,,
0x10002313,0x1003A6C8,.data,10002210,FUN_10002210,yes,103,InstructionDB,10002312,10002316,PUSH 0x1003a6c8,,,,,
0x10002318,0x1003AED8,.data,10002210,FUN_10002210,yes,108,InstructionDB,10002317,1000231b,MOV [0x1003aed8],,,,,
0x1000231E,0x1003BC70,.data,10002210,FUN_10002210,yes,10e,InstructionDB,1000231c,10002321,MOV dword ptr [0x1003bc70],,,,,
0x10002328,0x10024534,.rdata,10002210,FUN_10002210,yes,118,InstructionDB,10002327,1000232b,PUSH 0x10024534,,,,,
0x10002332,0x1003A6C8,.data,10002210,FUN_10002210,yes,122,InstructionDB,10002331,10002335,PUSH 0x1003a6c8,,,,,
0x1000233F,0x1003A6C8,.data,10002210,FUN_10002210,yes,12f,InstructionDB,1000233e,10002342,PUSH 0x1003a6c8,,,,,
0x10002346,0x10024584,.rdata,10002210,FUN_10002210,yes,136,InstructionDB,10002345,10002349,PUSH 0x10024584,,,,,
0x1000234B,0x1002458C,.rdata,10002210,FUN_10002210,yes,13b,InstructionDB,1000234a,1000234e,PUSH 0x1002458c,,,,,
0x10002352,0x1003A8C8,.data,10002210,FUN_10002210,yes,142,InstructionDB,10002351,10002355,PUSH 0x1003a8c8,,,,,
0x1000235C,0x1003A6C8,.data,10002210,FUN_10002210,yes,14c,InstructionDB,1000235b,1000235f,PUSH 0x1003a6c8,,,,,
0x10002361,0x1003BC04,.data,10002210,FUN_10002210,yes,151,InstructionDB,10002360,10002364,MOV [0x1003bc04],,,,,
0x1000236B,0x10024534,.rdata,10002210,FUN_10002210,yes,15b,InstructionDB,1000236a,1000236e,PUSH 0x10024534,,,,,
0x10002375,0x1003A6C8,.data,10002210,FUN_10002210,yes,165,InstructionDB,10002374,10002378,PUSH 0x1003a6c8,,,,,
0x10002382,0x1003A6C8,.data,10002210,FUN_10002210,yes,172,InstructionDB,10002381,10002385,PUSH 0x1003a6c8,,,,,
0x10002389,0x10024594,.rdata,10002210,FUN_10002210,yes,179,InstructionDB,10002388,1000238c,PUSH 0x10024594,,,,,
0x1000238E,0x1002458C,.rdata,10002210,FUN_10002210,yes,17e,InstructionDB,1000238d,10002391,PUSH 0x1002458c,,,,,
0x10002395,0x1003A8C8,.data,10002210,FUN_10002210,yes,185,InstructionDB,10002394,10002398,PUSH 0x1003a8c8,,,,,
0x1000239F,0x1003A6C8,.data,10002210,FUN_10002210,yes,18f,InstructionDB,1000239e,100023a2,PUSH 0x1003a6c8,,,,,
0x100023A4,0x1003BC24,.data,10002210,FUN_10002210,yes,194,InstructionDB,100023a3,100023a7,MOV [0x1003bc24],,,,,
0x100023AE,0x10024534,.rdata,10002210,FUN_10002210,yes,19e,InstructionDB,100023ad,100023b1,PUSH 0x10024534,,,,,
0x100023B8,0x1003A6C8,.data,10002210,FUN_10002210,yes,1a8,InstructionDB,100023b7,100023bb,PUSH 0x1003a6c8,,,,,
0x100023C5,0x1003A6C8,.data,10002210,FUN_10002210,yes,1b5,InstructionDB,100023c4,100023c8,PUSH 0x1003a6c8,,,,,
0x100023CC,0x100245A0,.rdata,10002210,FUN_10002210,yes,1bc,InstructionDB,100023cb,100023cf,PUSH 0x100245a0,,,,,
0x100023D1,0x1002458C,.rdata,10002210,FUN_10002210,yes,1c1,InstructionDB,100023d0,100023d4,PUSH 0x1002458c,,,,,
0x100023D8,0x1003A8C8,.data,10002210,FUN_10002210,yes,1c8,InstructionDB,100023d7,100023db,PUSH 0x1003a8c8,,,,,
0x100023E2,0x1003A6C8,.data,10002210,FUN_10002210,yes,1d2,InstructionDB,100023e1,100023e5,PUSH 0x1003a6c8,,,,,
0x100023E7,0x1003BC0C,.data,10002210,FUN_10002210,yes,1d7,InstructionDB,100023e6,100023ea,MOV [0x1003bc0c],,,,,
0x100023F1,0x10024534,.rdata,10002210,FUN_10002210,yes,1e1,InstructionDB,100023f0,100023f4,PUSH 0x10024534,,,,,
0x100023FB,0x1003A6C8,.data,10002210,FUN_10002210,yes,1eb,InstructionDB,100023fa,100023fe,PUSH 0x1003a6c8,,,,,
0x10002408,0x1003A6C8,.data,10002210,FUN_10002210,yes,1f8,InstructionDB,10002407,1000240b,PUSH 0x1003a6c8,,,,,
0x1000240F,0x100245AC,.rdata,10002210,FUN_10002210,yes,1ff,InstructionDB,1000240e,10002412,PUSH 0x100245ac,,,,,
0x10002414,0x1002458C,.rdata,10002210,FUN_10002210,yes,204,InstructionDB,10002413,10002417,PUSH 0x1002458c,,,,,
0x1000241B,0x1003A8C8,.data,10002210,FUN_10002210,yes,20b,InstructionDB,1000241a,1000241e,PUSH 0x1003a8c8,,,,,
0x10002425,0x1003A6C8,.data,10002210,FUN_10002210,yes,215,InstructionDB,10002424,10002428,PUSH 0x1003a6c8,,,,,
0x1000242A,0x1003BBBC,.data,10002210,FUN_10002210,yes,21a,InstructionDB,10002429,1000242d,MOV [0x1003bbbc],,,,,
0x10002434,0x10024534,.rdata,10002210,FUN_10002210,yes,224,InstructionDB,10002433,10002437,PUSH 0x10024534,,,,,
0x1000243E,0x1003A6C8,.data,10002210,FUN_10002210,yes,22e,InstructionDB,1000243d,10002441,PUSH 0x1003a6c8,,,,,
0x1000244B,0x1003A6C8,.data,10002210,FUN_10002210,yes,23b,InstructionDB,1000244a,1000244e,PUSH 0x1003a6c8,,,,,
0x10002452,0x100245B8,.rdata,10002210,FUN_10002210,yes,242,InstructionDB,10002451,10002455,PUSH 0x100245b8,,,,,
0x10002457,0x1002458C,.rdata,10002210,FUN_10002210,yes,247,InstructionDB,10002456,1000245a,PUSH 0x1002458c,,,,,
0x1000245E,0x1003A8C8,.data,10002210,FUN_10002210,yes,24e,InstructionDB,1000245d,10002461,PUSH 0x1003a8c8,,,,,
0x10002468,0x1003A6C8,.data,10002210,FUN_10002210,yes,258,InstructionDB,10002467,1000246b,PUSH 0x1003a6c8,,,,,
0x1000246D,0x1003B6FC,.data,10002210,FUN_10002210,yes,25d,InstructionDB,1000246c,10002470,MOV [0x1003b6fc],,,,,
0x10002477,0x10024534,.rdata,10002210,FUN_10002210,yes,267,InstructionDB,10002476,1000247a,PUSH 0x10024534,,,,,
0x10002481,0x1003A6C8,.data,10002210,FUN_10002210,yes,271,InstructionDB,10002480,10002484,PUSH 0x1003a6c8,,,,,
0x1000248E,0x1003A6C8,.data,10002210,FUN_10002210,yes,27e,InstructionDB,1000248d,10002491,PUSH 0x1003a6c8,,,,,
0x10002495,0x100245C4,.rdata,10002210,FUN_10002210,yes,285,InstructionDB,10002494,10002498,PUSH 0x100245c4,,,,,
0x1000249A,0x1002458C,.rdata,10002210,FUN_10002210,yes,28a,InstructionDB,10002499,1000249d,PUSH 0x1002458c,,,,,
0x100024A1,0x10024410,.rdata,10002210,FUN_10002210,yes,291,InstructionDB,100024a0,100024a4,PUSH 0x10024410,,,,,
0x100024A6,0x1003BC74,.data,10002210,FUN_10002210,yes,296,InstructionDB,100024a5,100024a9,MOV [0x1003bc74],,,,,
0x100024B0,0x100245D4,.rdata,10002210,FUN_10002210,yes,2a0,InstructionDB,100024af,100024b3,PUSH 0x100245d4,,,,,
0x100024BB,0x1002201C,.rdata,10002210,FUN_10002210,yes,2ab,InstructionDB,100024b9,100024be,MOV ESI,,,,,
0x100024D0,0x100076D0,.text,10002210,FUN_10002210,yes,2c0,InstructionDB,100024cf,100024d3,MOV EDI,,,100076d0,FUN_100076d0,FUN_100076d0
0x10002526,0x100074D0,.text,10002210,FUN_10002210,yes,316,InstructionDB,10002525,10002529,MOV EBX,,,100074d0,FUN_100074d0,FUN_100074d0
0x10002582,0x10008140,.text,10002210,FUN_10002210,yes,372,InstructionDB,10002581,10002585,MOV EBX,,,10008140,FUN_10008140,FUN_10008140
0x100025DE,0x100050E0,.text,10002210,FUN_10002210,yes,3ce,InstructionDB,100025dd,100025e1,MOV EBX,,,100050e0,FUN_100050e0,FUN_100050e0
0x1000263A,0x10004B10,.text,10002210,FUN_10002210,yes,42a,InstructionDB,10002639,1000263d,MOV EBX,,,,,LAB_10004b10
0x10002696,0x100042C0,.text,10002210,FUN_10002210,yes,486,InstructionDB,10002695,10002699,MOV EBX,,,100042c0,FUN_100042c0,FUN_100042c0
0x100026C1,0x10008000,.text,10002210,FUN_10002210,yes,4b1,InstructionDB,100026c0,100026c4,MOV EAX,,,10008000,FUN_10008000,FUN_10008000
0x10002705,0x10008780,.text,10002210,FUN_10002210,yes,4f5,InstructionDB,10002704,10002708,MOV EBX,,,,,LAB_10008780
0x10002765,0x10008830,.text,10002210,FUN_10002210,yes,555,InstructionDB,10002764,10002768,MOV EBX,,,,,LAB_10008830
0x100027C5,0x10008940,.text,10002210,FUN_10002210,yes,5b5,InstructionDB,100027c4,100027c8,MOV EBX,,,,,LAB_10008940
0x10002825,0x10007F90,.text,10002210,FUN_10002210,yes,615,InstructionDB,10002824,10002828,MOV EBX,,,,,LAB_10007f90
0x10002885,0x10007F50,.text,10002210,FUN_10002210,yes,675,InstructionDB,10002884,10002888,MOV EBX,,,,,LAB_10007f50
0x100028E5,0x10007F70,.text,10002210,FUN_10002210,yes,6d5,InstructionDB,100028e4,100028e8,MOV EBX,,,,,LAB_10007f70
0x10002A1A,0x10008B70,.text,10002210,FUN_10002210,yes,80a,InstructionDB,10002a19,10002a1d,MOV EBX,,,10008b70,FUN_10008b70,FUN_10008b70
0x10002A42,0x10008CB0,.text,10002210,FUN_10002210,yes,832,InstructionDB,10002a41,10002a45,MOV EBX,,,10008cb0,FUN_10008cb0,FUN_10008cb0
0x10002A5E,0x1003AEF1,.data,10002210,FUN_10002210,yes,84e,InstructionDB,10002a5c,10002a62,CMP byte ptr [0x1003aef1],,,,,
0x10002AC5,0x10003E40,.text,10002210,FUN_10002210,yes,8b5,InstructionDB,10002ac4,10002ac8,MOV EBX,,,,,LAB_10003e40
0x10002B21,0x10003F40,.text,10002210,FUN_10002210,yes,911,InstructionDB,10002b20,10002b24,MOV EBX,,,10003f40,FUN_10003f40,FUN_10003f40
0x10002B4C,0x10003BA0,.text,10002210,FUN_10002210,yes,93c,InstructionDB,10002b4b,10002b4f,MOV EAX,,,10003ba0,FUN_10003ba0,FUN_10003ba0
0x10002B90,0x10003030,.text,10002210,FUN_10002210,yes,980,InstructionDB,10002b8f,10002b93,MOV EBX,,,,,LAB_10003030
0x10002BEA,0x100030B0,.text,10002210,FUN_10002210,yes,9da,InstructionDB,10002be9,10002bed,MOV EAX,,,,,LAB_100030b0
0x10002C2A,0x10003060,.text,10002210,FUN_10002210,yes,a1a,InstructionDB,10002c29,10002c2d,MOV EBX,,,,,LAB_10003060
0x10002CAA,0x10003080,.text,10002210,FUN_10002210,yes,a9a,InstructionDB,10002ca9,10002cad,MOV EBX,,,,,LAB_10003080
0x10002D39,0x10003400,.text,10002210,FUN_10002210,yes,b29,InstructionDB,10002d38,10002d3c,MOV EBX,,,10003400,FUN_10003400,FUN_10003400
0x10002D95,0x10003400,.text,10002210,FUN_10002210,yes,b85,InstructionDB,10002d94,10002d98,MOV EBX,,,10003400,FUN_10003400,FUN_10003400
0x10002DE9,0x10003660,.text,10002210,FUN_10002210,yes,bd9,InstructionDB,10002de8,10002dec,MOV EBX,,,10003660,FUN_10003660,FUN_10003660
0x10002E4D,0x10003660,.text,10002210,FUN_10002210,yes,c3d,InstructionDB,10002e4c,10002e50,MOV EBX,,,10003660,FUN_10003660,FUN_10003660
0x10002EAD,0x100031E0,.text,10002210,FUN_10002210,yes,c9d,InstructionDB,10002eac,10002eb0,MOV EBX,,,,,LAB_100031e0
0x10002ED4,0x1003A6C7,.data,10002210,FUN_10002210,yes,cc4,InstructionDB,10002ed2,10002ed8,CMP byte ptr [0x1003a6c7],,,,,
0x10002FB2,0x10003340,.text,10002210,FUN_10002210,yes,da2,InstructionDB,10002fb1,10002fb5,MOV EDI,,,10003340,FUN_10003340,FUN_10003340
0x10002FD8,0x10024410,.rdata,10002210,FUN_10002210,yes,dc8,InstructionDB,10002fd7,10002fdb,PUSH 0x10024410,,,,,
0x10002FFB,0x10024BBC,.rdata,10002210,FUN_10002210,yes,deb,InstructionDB,10002ffa,10002ffe,PUSH 0x10024bbc,,,,,
0x10003008,0x10008DD0,.text,10002210,FUN_10002210,yes,df8,InstructionDB,10003007,1000300b,PUSH 0x10008dd0,,,10008dd0,FUN_10008dd0,FUN_10008dd0
0x1000300D,0x10008DA0,.text,10002210,FUN_10002210,yes,dfd,InstructionDB,1000300c,10003010,PUSH 0x10008da0,,,10008da0,FUN_10008da0,FUN_10008da0
0x10003018,0x10024BDC,.rdata,10002210,FUN_10002210,yes,e08,InstructionDB,10003017,1000301b,PUSH 0x10024bdc,,,,,
0x1000301D,0x1003C248,.data,10002210,FUN_10002210,yes,e0d,InstructionDB,1000301c,10003020,MOV [0x1003c248],,,,,
0x10003032,0x1003BC2C,.data,,,no,,InstructionDB,10003030,10003035,MOV dword ptr [0x1003bc2c],,,,,
0x10003063,0x1003BC2C,.data,,,no,,InstructionDB,10003061,10003066,MOV dword ptr [0x1003bc2c],,,,,
0x10003068,0x1003BC2C,.data,,,no,,InstructionDB,10003067,1000306b,MOV EAX,,,,,
0x10003083,0x1003BC2C,.data,,,no,,InstructionDB,10003081,10003086,MOV dword ptr [0x1003bc2c],,,,,
0x10003088,0x1003BC2C,.data,,,no,,InstructionDB,10003087,1000308b,MOV EAX,,,,,
0x1000309D,0x1003BC2C,.data,,,no,,InstructionDB,1000309c,100030a0,MOV EAX,,,,,
0x100030B2,0x100245F8,.rdata,,,no,,InstructionDB,100030b1,100030b5,PUSH 0x100245f8,,,,,
0x100030C5,0x1003BD8C,.data,,,no,,InstructionDB,100030c2,100030c8,CMP AX,,,,,
0x100030CD,0x1003B708,.data,,,no,,InstructionDB,100030cc,100030d0,MOV EDI,,,,,
0x100030DC,0x1003BD8C,.data,,,no,,InstructionDB,100030d9,100030df,MOVZX EDX,,,,,
0x100030ED,0x10024410,.rdata,,,no,,InstructionDB,100030ec,100030f0,PUSH 0x10024410,,,,,
0x10003104,0x1003BD98,.data,,,no,,InstructionDB,10003103,10003107,MOV EAX,,,,,
0x10003111,0x1003BBB0,.data,,,no,,InstructionDB,10003110,10003114,MOV EAX,,,,,
0x10003136,0x1003C248,.data,10003130,FUN_10003130,yes,6,InstructionDB,10003134,10003139,MOV ESI,,,,,
0x1000316A,0x10025000,.rdata,10003130,FUN_10003130,yes,3a,InstructionDB,10003168,1000316d,FLD float ptr [0x10025000],,,,,
0x100031E2,0x1003BC14,.data,,,no,,InstructionDB,100031e0,100031e5,MOV dword ptr [0x1003bc14],,,,,
0x10003217,0x1003C248,.data,10003200,FUN_10003200,yes,17,InstructionDB,10003215,1000321a,MOV EDI,,,,,
0x1000324F,0x1003C248,.data,10003200,FUN_10003200,yes,4f,InstructionDB,1000324d,10003252,MOV EDI,,,,,
0x100032FE,0x10024FF8,.rdata,10003200,FUN_10003200,yes,fe,InstructionDB,100032fc,10003301,FMUL double ptr [0x10024ff8],,,,,
0x10003307,0x10024FF0,.rdata,10003200,FUN_10003200,yes,107,InstructionDB,10003305,1000330a,FMUL double ptr [0x10024ff0],,,,,
0x10003346,0x1003C248,.data,10003340,FUN_10003340,yes,6,InstructionDB,10003344,10003349,MOV ESI,,,,,
0x1000350A,0x10024FD8,.rdata,10003400,FUN_10003400,yes,10a,InstructionDB,10003508,1000350d,FMUL double ptr [0x10024fd8],,,,,
0x1000351E,0x10024FE8,.rdata,10003400,FUN_10003400,yes,11e,InstructionDB,1000351c,10003521,FLD double ptr [0x10024fe8],,,,,
0x10003526,0x1003C248,.data,10003400,FUN_10003400,yes,126,InstructionDB,10003524,10003529,MOV EDI,,,,,
0x1000352E,0x10024FE0,.rdata,10003400,FUN_10003400,yes,12e,InstructionDB,1000352c,10003531,FLD double ptr [0x10024fe0],,,,,
0x1000354E,0x10024FD0,.rdata,10003400,FUN_10003400,yes,14e,InstructionDB,1000354c,10003551,FADD double ptr [0x10024fd0],,,,,
0x100035D4,0x1003BC7C,.data,10003400,FUN_10003400,yes,1d4,InstructionDB,100035d2,100035d7,MOV EDI,,,,,
0x100035DC,0x1003BBB4,.data,10003400,FUN_10003400,yes,1dc,InstructionDB,100035da,100035df,MOV EDI,,,,,
0x10003607,0x10024FC8,.rdata,10003400,FUN_10003400,yes,207,InstructionDB,10003605,1000360a,FLD float ptr [0x10024fc8],,,,,
0x100036EC,0x1003C248,.data,10003660,FUN_10003660,yes,8c,InstructionDB,100036ea,100036ef,MOV EDI,,,,,
0x100036FE,0x10024FD8,.rdata,10003660,FUN_10003660,yes,9e,InstructionDB,100036fc,10003701,FMUL double ptr [0x10024fd8],,,,,
0x10003708,0x10024E88,.rdata,10003660,FUN_10003660,yes,a8,InstructionDB,10003706,1000370b,FLD double ptr [0x10024e88],,,,,
0x10003734,0x10024FD0,.rdata,10003660,FUN_10003660,yes,d4,InstructionDB,10003732,10003737,FADD double ptr [0x10024fd0],,,,,
0x1000378E,0x1003BC7C,.data,10003660,FUN_10003660,yes,12e,InstructionDB,1000378c,10003791,MOV EDI,,,,,
0x10003796,0x1003BBB4,.data,10003660,FUN_10003660,yes,136,InstructionDB,10003794,10003799,MOV EDI,,,,,
0x100037C1,0x10024FC8,.rdata,10003660,FUN_10003660,yes,161,InstructionDB,100037bf,100037c4,FLD float ptr [0x10024fc8],,,,,
0x10003820,0x10024610,.rdata,10003810,FUN_10003810,yes,10,InstructionDB,1000381f,10003823,PUSH 0x10024610,,,,,
0x1000382A,0x10024260,.rdata,10003810,FUN_10003810,yes,1a,InstructionDB,10003829,1000382d,PUSH 0x10024260,,,,,
0x10003866,0x1003BD8C,.data,10003810,FUN_10003810,yes,56,InstructionDB,10003863,10003869,MOVZX EAX,,,,,
0x10003874,0x1003B700,.data,10003810,FUN_10003810,yes,64,InstructionDB,10003871,10003877,LEA EAX,,,,,
0x10003880,0x10024624,.rdata,10003810,FUN_10003810,yes,70,InstructionDB,1000387f,10003883,PUSH 0x10024624,,,,,
0x1000388D,0x1003BD8C,.data,10003810,FUN_10003810,yes,7d,InstructionDB,1000388a,10003890,MOVZX EAX,,,,,
0x1000389B,0x1003B704,.data,10003810,FUN_10003810,yes,8b,InstructionDB,10003897,1000389e,MOV word ptr [EDX*0x4 + 0x1003b704],,,,,
0x100038BB,0x1003BD8C,.data,10003810,FUN_10003810,yes,ab,InstructionDB,100038b8,100038be,MOVZX ECX,,,,,
0x100038C8,0x1003B708,.data,10003810,FUN_10003810,yes,b8,InstructionDB,100038c6,100038cb,MOV dword ptr [ECX + 0x1003b708],,,,,
0x100038D9,0x1003B704,.data,10003810,FUN_10003810,yes,c9,InstructionDB,100038d6,100038dc,CMP AX,,,,,
0x10003911,0x1002462C,.rdata,10003810,FUN_10003810,yes,101,InstructionDB,10003910,10003914,MOV ESI,,,,,
0x10003965,0x1003BD8C,.data,10003810,FUN_10003810,yes,155,InstructionDB,10003962,10003968,MOVZX EAX,,,,,
0x10003975,0x1003B708,.data,10003810,FUN_10003810,yes,165,InstructionDB,10003972,10003978,MOV EAX,,,,,
0x100039BD,0x10024650,.rdata,10003810,FUN_10003810,yes,1ad,InstructionDB,100039bb,100039c0,MOV ECX,,,,,
0x10003B5C,0x1003BD8C,.data,10003810,FUN_10003810,yes,34c,InstructionDB,10003b59,10003b5f,MOVZX EAX,,,,,
0x10003B76,0x1003B704,.data,10003810,FUN_10003810,yes,366,InstructionDB,10003b72,10003b79,MOVZX EDX,,,,,
0x10003B8A,0x1003BD8C,.data,10003810,FUN_10003810,yes,37a,InstructionDB,10003b87,10003b8d,INC word ptr [0x1003bd8c],,,,,
0x10003BA4,0x10024668,.rdata,10003ba0,FUN_10003ba0,yes,4,InstructionDB,10003ba3,10003ba7,PUSH 0x10024668,,,,,
0x10003BE4,0x1003A8C8,.data,10003ba0,FUN_10003ba0,yes,44,InstructionDB,10003be3,10003be7,PUSH 0x1003a8c8,,,,,
0x10003BEE,0x1003A6C8,.data,10003ba0,FUN_10003ba0,yes,4e,InstructionDB,10003bed,10003bf1,PUSH 0x1003a6c8,,,,,
0x10003BF8,0x1002469C,.rdata,10003ba0,FUN_10003ba0,yes,58,InstructionDB,10003bf7,10003bfb,PUSH 0x1002469c,,,,,
0x10003C02,0x1003A6C8,.data,10003ba0,FUN_10003ba0,yes,62,InstructionDB,10003c01,10003c05,PUSH 0x1003a6c8,,,,,
0x10003C0C,0x1003A6C8,.data,10003ba0,FUN_10003ba0,yes,6c,InstructionDB,10003c0b,10003c0f,PUSH 0x1003a6c8,,,,,
0x10003C11,0x10024688,.rdata,10003ba0,FUN_10003ba0,yes,71,InstructionDB,10003c10,10003c14,MOV EBX,,,,,
0x10003C1B,0x1003A8C8,.data,10003ba0,FUN_10003ba0,yes,7b,InstructionDB,10003c1a,10003c1e,PUSH 0x1003a8c8,,,,,
0x10003C31,0x1003A6C8,.data,10003ba0,FUN_10003ba0,yes,91,InstructionDB,10003c30,10003c34,PUSH 0x1003a6c8,,,,,
0x10003C40,0x100246BC,.rdata,10003ba0,FUN_10003ba0,yes,a0,InstructionDB,10003c3f,10003c43,PUSH 0x100246bc,,,,,
0x10003C4A,0x1003A6C8,.data,10003ba0,FUN_10003ba0,yes,aa,InstructionDB,10003c49,10003c4d,PUSH 0x1003a6c8,,,,,
0x10003C57,0x1003A6C8,.data,10003ba0,FUN_10003ba0,yes,b7,InstructionDB,10003c56,10003c5a,PUSH 0x1003a6c8,,,,,
0x10003C63,0x100246D8,.rdata,10003ba0,FUN_10003ba0,yes,c3,InstructionDB,10003c62,10003c66,PUSH 0x100246d8,,,,,
0x10003C6F,0x1003A8C8,.data,10003ba0,FUN_10003ba0,yes,cf,InstructionDB,10003c6e,10003c72,PUSH 0x1003a8c8,,,,,
0x10003C84,0x1003A6C8,.data,10003ba0,FUN_10003ba0,yes,e4,InstructionDB,10003c83,10003c87,PUSH 0x1003a6c8,,,,,
0x10003C94,0x100246F4,.rdata,10003ba0,FUN_10003ba0,yes,f4,InstructionDB,10003c93,10003c97,PUSH 0x100246f4,,,,,
0x10003C9E,0x1003A6C8,.data,10003ba0,FUN_10003ba0,yes,fe,InstructionDB,10003c9d,10003ca1,PUSH 0x1003a6c8,,,,,
0x10003CA8,0x1003A6C8,.data,10003ba0,FUN_10003ba0,yes,108,InstructionDB,10003ca7,10003cab,PUSH 0x1003a6c8,,,,,
0x10003CB4,0x10024710,.rdata,10003ba0,FUN_10003ba0,yes,114,InstructionDB,10003cb3,10003cb7,PUSH 0x10024710,,,,,
0x10003CC0,0x1003A8C8,.data,10003ba0,FUN_10003ba0,yes,120,InstructionDB,10003cbf,10003cc3,PUSH 0x1003a8c8,,,,,
0x10003CD0,0x1003A6C8,.data,10003ba0,FUN_10003ba0,yes,130,InstructionDB,10003ccf,10003cd3,PUSH 0x1003a6c8,,,,,
0x10003CE0,0x1002472C,.rdata,10003ba0,FUN_10003ba0,yes,140,InstructionDB,10003cdf,10003ce3,PUSH 0x1002472c,,,,,
0x10003CEA,0x1003A6C8,.data,10003ba0,FUN_10003ba0,yes,14a,InstructionDB,10003ce9,10003ced,PUSH 0x1003a6c8,,,,,
0x10003CF7,0x1003A6C8,.data,10003ba0,FUN_10003ba0,yes,157,InstructionDB,10003cf6,10003cfa,PUSH 0x1003a6c8,,,,,
0x10003D03,0x10024748,.rdata,10003ba0,FUN_10003ba0,yes,163,InstructionDB,10003d02,10003d06,PUSH 0x10024748,,,,,
0x10003D2F,0x1003A8C8,.data,10003ba0,FUN_10003ba0,yes,18f,InstructionDB,10003d2e,10003d32,PUSH 0x1003a8c8,,,,,
0x10003D39,0x1003A6C8,.data,10003ba0,FUN_10003ba0,yes,199,InstructionDB,10003d38,10003d3c,PUSH 0x1003a6c8,,,,,
0x10003D48,0x10024764,.rdata,10003ba0,FUN_10003ba0,yes,1a8,InstructionDB,10003d47,10003d4b,PUSH 0x10024764,,,,,
0x10003D52,0x1003A6C8,.data,10003ba0,FUN_10003ba0,yes,1b2,InstructionDB,10003d51,10003d55,PUSH 0x1003a6c8,,,,,
0x10003D5C,0x1003A6C8,.data,10003ba0,FUN_10003ba0,yes,1bc,InstructionDB,10003d5b,10003d5f,PUSH 0x1003a6c8,,,,,
0x10003D68,0x10024780,.rdata,10003ba0,FUN_10003ba0,yes,1c8,InstructionDB,10003d67,10003d6b,PUSH 0x10024780,,,,,
0x10003D6D,0x1003BD9C,.data,10003ba0,FUN_10003ba0,yes,1cd,InstructionDB,10003d6c,10003d70,MOV [0x1003bd9c],,,,,
0x10003D77,0x1003BD9C,.data,10003ba0,FUN_10003ba0,yes,1d7,InstructionDB,10003d76,10003d7a,MOV EAX,,,,,
0x10003D7C,0x1003A8C8,.data,10003ba0,FUN_10003ba0,yes,1dc,InstructionDB,10003d7b,10003d7f,PUSH 0x1003a8c8,,,,,
0x10003D85,0x1003BD9C,.data,10003ba0,FUN_10003ba0,yes,1e5,InstructionDB,10003d83,10003d88,MOV ECX,,,,,
0x10003D8F,0x1003A6C8,.data,10003ba0,FUN_10003ba0,yes,1ef,InstructionDB,10003d8e,10003d92,PUSH 0x1003a6c8,,,,,
0x10003D9F,0x10024764,.rdata,10003ba0,FUN_10003ba0,yes,1ff,InstructionDB,10003d9e,10003da2,PUSH 0x10024764,,,,,
0x10003DA9,0x1003A6C8,.data,10003ba0,FUN_10003ba0,yes,209,InstructionDB,10003da8,10003dac,PUSH 0x1003a6c8,,,,,
0x10003DB3,0x1003A6C8,.data,10003ba0,FUN_10003ba0,yes,213,InstructionDB,10003db2,10003db6,PUSH 0x1003a6c8,,,,,
0x10003DBF,0x1002479C,.rdata,10003ba0,FUN_10003ba0,yes,21f,InstructionDB,10003dbe,10003dc2,PUSH 0x1002479c,,,,,
0x10003DC4,0x1003BDA0,.data,10003ba0,FUN_10003ba0,yes,224,InstructionDB,10003dc3,10003dc7,MOV [0x1003bda0],,,,,
0x10003DCE,0x1003BDA0,.data,10003ba0,FUN_10003ba0,yes,22e,InstructionDB,10003dcd,10003dd1,MOV EAX,,,,,
0x10003DD3,0x1003A8C8,.data,10003ba0,FUN_10003ba0,yes,233,InstructionDB,10003dd2,10003dd6,PUSH 0x1003a8c8,,,,,
0x10003DDC,0x1003BDA0,.data,10003ba0,FUN_10003ba0,yes,23c,InstructionDB,10003dda,10003ddf,MOV ECX,,,,,
0x10003DE6,0x1003A6C8,.data,10003ba0,FUN_10003ba0,yes,246,InstructionDB,10003de5,10003de9,PUSH 0x1003a6c8,,,,,
0x10003DF3,0x10024764,.rdata,10003ba0,FUN_10003ba0,yes,253,InstructionDB,10003df2,10003df6,PUSH 0x10024764,,,,,
0x10003DFD,0x1003A6C8,.data,10003ba0,FUN_10003ba0,yes,25d,InstructionDB,10003dfc,10003e00,PUSH 0x1003a6c8,,,,,
0x10003E07,0x1003A6C8,.data,10003ba0,FUN_10003ba0,yes,267,InstructionDB,10003e06,10003e0a,PUSH 0x1003a6c8,,,,,
0x10003E13,0x100247B8,.rdata,10003ba0,FUN_10003ba0,yes,273,InstructionDB,10003e12,10003e16,PUSH 0x100247b8,,,,,
0x10003E18,0x1003BDA4,.data,10003ba0,FUN_10003ba0,yes,278,InstructionDB,10003e17,10003e1b,MOV [0x1003bda4],,,,,
0x10003E22,0x1003BDA4,.data,10003ba0,FUN_10003ba0,yes,282,InstructionDB,10003e21,10003e25,MOV EAX,,,,,
0x10003E2E,0x1003BDA4,.data,10003ba0,FUN_10003ba0,yes,28e,InstructionDB,10003e2c,10003e31,MOV ECX,,,,,
0x10003F4A,0x100247D4,.rdata,10003f40,FUN_10003f40,yes,a,InstructionDB,10003f49,10003f4d,PUSH 0x100247d4,,,,,
0x10003F5C,0x1003757C,.data,10003f40,FUN_10003f40,yes,1c,InstructionDB,10003f5b,10003f5f,MOV ESI,,,,,
0x10003F82,0x10003FE0,.text,10003f80,FUN_10003f80,yes,2,InstructionDB,10003f81,10003f85,PUSH 0x10003fe0,,,10003fe0,FUN_10003fe0,FUN_10003fe0
0x10003F90,0x10003FB0,.text,10003f80,FUN_10003f80,yes,10,InstructionDB,10003f8f,10003f93,PUSH 0x10003fb0,,,10003fb0,FUN_10003fb0,FUN_10003fb0
0x10003FBD,0x10003FE0,.text,10003fb0,FUN_10003fb0,yes,d,InstructionDB,10003fbc,10003fc0,PUSH 0x10003fe0,,,10003fe0,FUN_10003fe0,FUN_10003fe0
0x10003FCB,0x10003FB0,.text,10003fb0,FUN_10003fb0,yes,1b,InstructionDB,10003fca,10003fce,PUSH 0x10003fb0,,,10003fb0,FUN_10003fb0,FUN_10003fb0
0x10004014,0x100247DC,.rdata,10004000,FUN_10004000,yes,14,InstructionDB,10004013,10004017,PUSH 0x100247dc,,,,,
0x1000403B,0x100247E4,.rdata,10004000,FUN_10004000,yes,3b,InstructionDB,1000403a,1000403e,MOV ECX,,,,,
0x10004076,0x100247F4,.rdata,10004000,FUN_10004000,yes,76,InstructionDB,10004075,10004079,MOV ECX,,,,,
0x100040B3,0x10024804,.rdata,10004000,FUN_10004000,yes,b3,InstructionDB,100040b2,100040b6,MOV ECX,,,,,
0x100040F3,0x10024814,.rdata,10004000,FUN_10004000,yes,f3,InstructionDB,100040f2,100040f6,MOV ECX,,,,,
0x10004133,0x10024824,.rdata,10004000,FUN_10004000,yes,133,InstructionDB,10004132,10004136,MOV ECX,,,,,
0x10004173,0x10024834,.rdata,10004000,FUN_10004000,yes,173,InstructionDB,10004172,10004176,MOV ECX,,,,,
0x100041B3,0x10024840,.rdata,10004000,FUN_10004000,yes,1b3,InstructionDB,100041b2,100041b6,MOV ECX,,,,,
0x100041F3,0x10024854,.rdata,10004000,FUN_10004000,yes,1f3,InstructionDB,100041f2,100041f6,MOV ECX,,,,,
0x10004233,0x10024864,.rdata,10004000,FUN_10004000,yes,233,InstructionDB,10004232,10004236,MOV ECX,,,,,
0x10004273,0x10024874,.rdata,10004000,FUN_10004000,yes,273,InstructionDB,10004272,10004276,MOV ECX,,,,,
0x100042D7,0x1003C248,.data,100042c0,FUN_100042c0,yes,17,InstructionDB,100042d5,100042da,MOV EBX,,,,,
0x10004315,0x1003B6F8,.data,100042c0,FUN_100042c0,yes,55,InstructionDB,10004314,10004318,MOV [0x1003b6f8],,,,,
0x1000431B,0x1003C1E8,.data,100042c0,FUN_100042c0,yes,5b,InstructionDB,10004319,1000431e,MOV dword ptr [0x1003c1e8],,,,,
0x10004342,0x1003BD8C,.data,100042c0,FUN_100042c0,yes,82,InstructionDB,1000433f,10004345,CMP DX,,,,,
0x10004359,0x1003B700,.data,100042c0,FUN_100042c0,yes,99,InstructionDB,10004356,1000435c,CMP dword ptr [EDX*0x4 + 0x1003b700],,,,,
0x10004363,0x1003BD8C,.data,100042c0,FUN_100042c0,yes,a3,InstructionDB,10004360,10004366,CMP CX,,,,,
0x10004379,0x10004430,.text,100042c0,FUN_100042c0,yes,b9,InstructionDB,10004378,1000437c,PUSH 0x10004430,,,10004430,FUN_10004430,FUN_10004430
0x1000439A,0x1003C25C,.data,100042c0,FUN_100042c0,yes,da,InstructionDB,10004398,1000439d,MOV ECX,,,,,
0x100043CE,0x1003B700,.data,100042c0,FUN_100042c0,yes,10e,InstructionDB,100043cb,100043d1,LEA EAX,,,,,
0x10004459,0x10024884,.rdata,10004430,FUN_10004430,yes,29,InstructionDB,10004458,1000445c,MOV ECX,,,,,
0x10004495,0x1002488C,.rdata,10004430,FUN_10004430,yes,65,InstructionDB,10004494,10004498,MOV ECX,,,,,
0x100044D5,0x10024894,.rdata,10004430,FUN_10004430,yes,a5,InstructionDB,100044d4,100044d8,MOV ECX,,,,,
0x10004515,0x1002489C,.rdata,10004430,FUN_10004430,yes,e5,InstructionDB,10004514,10004518,MOV ECX,,,,,
0x10004555,0x100248A4,.rdata,10004430,FUN_10004430,yes,125,InstructionDB,10004554,10004558,MOV ECX,,,,,
0x10004595,0x100248AC,.rdata,10004430,FUN_10004430,yes,165,InstructionDB,10004594,10004598,MOV ECX,,,,,
0x100045D7,0x100248B4,.rdata,10004430,FUN_10004430,yes,1a7,InstructionDB,100045d6,100045da,PUSH 0x100248b4,,,,,
0x1000461C,0x100248C0,.rdata,10004430,FUN_10004430,yes,1ec,InstructionDB,1000461b,1000461f,PUSH 0x100248c0,,,,,
0x1000466C,0x100248C8,.rdata,10004430,FUN_10004430,yes,23c,InstructionDB,1000466b,1000466f,PUSH 0x100248c8,,,,,
0x10004693,0x100248D4,.rdata,10004430,FUN_10004430,yes,263,InstructionDB,10004692,10004696,PUSH 0x100248d4,,,,,
0x100046B4,0x100248D8,.rdata,10004430,FUN_10004430,yes,284,InstructionDB,100046b3,100046b7,PUSH 0x100248d8,,,,,
0x100046DA,0x10004430,.text,10004430,FUN_10004430,yes,2aa,InstructionDB,100046d9,100046dd,PUSH 0x10004430,,,10004430,FUN_10004430,FUN_10004430
0x1000472B,0x100248E4,.rdata,100046f0,FUN_100046f0,yes,3b,InstructionDB,1000472a,1000472e,PUSH 0x100248e4,,,,,
0x10004743,0x100248F0,.rdata,100046f0,FUN_100046f0,yes,53,InstructionDB,10004742,10004746,PUSH 0x100248f0,,,,,
0x1000475B,0x10024910,.rdata,100046f0,FUN_100046f0,yes,6b,InstructionDB,1000475a,1000475e,PUSH 0x10024910,,,,,
0x1000476D,0x10024918,.rdata,100046f0,FUN_100046f0,yes,7d,InstructionDB,1000476c,10004770,PUSH 0x10024918,,,,,
0x100047B1,0x1002491C,.rdata,100046f0,FUN_100046f0,yes,c1,InstructionDB,100047b0,100047b4,PUSH 0x1002491c,,,,,
0x100047C8,0x10024918,.rdata,100046f0,FUN_100046f0,yes,d8,InstructionDB,100047c7,100047cb,PUSH 0x10024918,,,,,
0x100047FD,0x10024924,.rdata,100046f0,FUN_100046f0,yes,10d,InstructionDB,100047fc,10004800,PUSH 0x10024924,,,,,
0x10004811,0x1002492C,.rdata,100046f0,FUN_100046f0,yes,121,InstructionDB,10004810,10004814,PUSH 0x1002492c,,,,,
0x10004825,0x10024924,.rdata,100046f0,FUN_100046f0,yes,135,InstructionDB,10004824,10004828,PUSH 0x10024924,,,,,
0x10004839,0x1002492C,.rdata,100046f0,FUN_100046f0,yes,149,InstructionDB,10004838,1000483c,PUSH 0x1002492c,,,,,
0x1000484D,0x10024938,.rdata,100046f0,FUN_100046f0,yes,15d,InstructionDB,1000484c,10004850,PUSH 0x10024938,,,,,
0x10004889,0x10024918,.rdata,100046f0,FUN_100046f0,yes,199,InstructionDB,10004888,1000488c,PUSH 0x10024918,,,,,
0x100048B5,0x100248F8,.rdata,100046f0,FUN_100046f0,yes,1c5,InstructionDB,100048b4,100048b8,PUSH 0x100248f8,,,,,
0x100048E6,0x100248FC,.rdata,100046f0,FUN_100046f0,yes,1f6,InstructionDB,100048e5,100048e9,PUSH 0x100248fc,,,,,
0x100048FC,0x10024900,.rdata,100046f0,FUN_100046f0,yes,20c,InstructionDB,100048fb,100048ff,PUSH 0x10024900,,,,,
0x10004912,0x10024904,.rdata,100046f0,FUN_100046f0,yes,222,InstructionDB,10004911,10004915,PUSH 0x10024904,,,,,
0x10004928,0x10024908,.rdata,100046f0,FUN_100046f0,yes,238,InstructionDB,10004927,1000492b,PUSH 0x10024908,,,,,
0x1000493E,0x1002490C,.rdata,100046f0,FUN_100046f0,yes,24e,InstructionDB,1000493d,10004941,PUSH 0x1002490c,,,,,
0x10004969,0x10024940,.rdata,100046f0,FUN_100046f0,yes,279,InstructionDB,10004968,1000496c,PUSH 0x10024940,,,,,
0x1000499B,0x10024944,.rdata,100046f0,FUN_100046f0,yes,2ab,InstructionDB,1000499a,1000499e,PUSH 0x10024944,,,,,
0x100049A0,0x10024940,.rdata,100046f0,FUN_100046f0,yes,2b0,InstructionDB,1000499f,100049a3,PUSH 0x10024940,,,,,
0x10004A04,0x1002495C,.rdata,10004a00,FUN_10004a00,yes,4,InstructionDB,10004a03,10004a07,PUSH 0x1002495c,,,,,
0x10004A26,0x10024960,.rdata,10004a00,FUN_10004a00,yes,26,InstructionDB,10004a25,10004a29,PUSH 0x10024960,,,,,
0x10004A2B,0x1002495C,.rdata,10004a00,FUN_10004a00,yes,2b,InstructionDB,10004a2a,10004a2e,PUSH 0x1002495c,,,,,
0x10004A4A,0x10024EA8,.rdata,10004a00,FUN_10004a00,yes,4a,InstructionDB,10004a48,10004a4d,FLD float ptr [0x10024ea8],,,,,
0x10004A71,0x1003BD8C,.data,10004a60,FUN_10004a60,yes,11,InstructionDB,10004a6e,10004a74,MOV DX,,,,,
0x10004A89,0x1003B700,.data,10004a60,FUN_10004a60,yes,29,InstructionDB,10004a86,10004a8c,CMP dword ptr [ECX*0x4 + 0x1003b700],,,,,
0x10004AA3,0x1003B700,.data,10004a60,FUN_10004a60,yes,43,InstructionDB,10004aa0,10004aa6,LEA EAX,,,,,
0x10004AC6,0x10024968,.rdata,10004ab0,FUN_10004ab0,yes,16,InstructionDB,10004ac5,10004ac9,PUSH 0x10024968,,,,,
0x10004B12,0x10037508,.data,,,no,,InstructionDB,10004b10,10004b15,MOV AX,,,,,
0x10004B18,0x1003A6C6,.data,,,no,,InstructionDB,10004b16,10004b1c,MOV byte ptr [0x1003a6c6],,,,,
0x10004B2B,0x10037508,.data,,,no,,InstructionDB,10004b29,10004b2e,MOV [0x10037508],,,,,
0x10004B6E,0x1003A6C6,.data,,,no,,InstructionDB,10004b6c,10004b72,MOV byte ptr [0x1003a6c6],,,,,
0x10004B76,0x10037508,.data,,,no,,InstructionDB,10004b73,10004b79,MOV word ptr [0x10037508],,,,,
0x10004B95,0x1003A6C6,.data,,,no,,InstructionDB,10004b93,10004b99,MOV byte ptr [0x1003a6c6],,,,,
0x10004B9D,0x10037508,.data,,,no,,InstructionDB,10004b9a,10004ba0,MOV word ptr [0x10037508],,,,,
0x10004BB9,0x1003C248,.data,10004bb0,FUN_10004bb0,yes,9,InstructionDB,10004bb7,10004bbc,MOV EBX,,,,,
0x10004C03,0x1003A6C6,.data,10004bb0,FUN_10004bb0,yes,53,InstructionDB,10004c02,10004c06,MOV AL,,,,,
0x10004C20,0x10022140,.rdata,10004bb0,FUN_10004bb0,yes,70,InstructionDB,10004c1e,10004c23,MOV EBX,,,,,
0x10004C31,0x1003BC04,.data,10004bb0,FUN_10004bb0,yes,81,InstructionDB,10004c30,10004c34,MOV EAX,,,,,
0x10004C41,0x100374BC,.data,10004bb0,FUN_10004bb0,yes,91,InstructionDB,10004c3f,10004c45,CMP byte ptr [0x100374bc],,,,,
0x10004C54,0x1003BC04,.data,10004bb0,FUN_10004bb0,yes,a4,InstructionDB,10004c52,10004c57,MOV EDX,,,,,
0x10004C5D,0x1003BC74,.data,10004bb0,FUN_10004bb0,yes,ad,InstructionDB,10004c5b,10004c60,MOV ECX,,,,,
0x10004C6B,0x100374BC,.data,10004bb0,FUN_10004bb0,yes,bb,InstructionDB,10004c6a,10004c6e,MOV [0x100374bc],,,,,
0x10004C80,0x1003BC20,.data,10004bb0,FUN_10004bb0,yes,d0,InstructionDB,10004c7e,10004c83,SUB EDX,,,,,
0x10004CB1,0x1003BC20,.data,10004bb0,FUN_10004bb0,yes,101,InstructionDB,10004caf,10004cb4,MOV dword ptr [0x1003bc20],,,,,
0x10004CEE,0x1003BC70,.data,10004bb0,FUN_10004bb0,yes,13e,InstructionDB,10004cec,10004cf1,CMP EAX,,,,,
0x10004CFA,0x1003AED8,.data,10004bb0,FUN_10004bb0,yes,14a,InstructionDB,10004cf8,10004cfd,CMP EAX,,,,,
0x10004D44,0x10024FC0,.rdata,10004bb0,FUN_10004bb0,yes,194,InstructionDB,10004d42,10004d47,FLD double ptr [0x10024fc0],,,,,
0x10004D9D,0x10024E90,.rdata,10004bb0,FUN_10004bb0,yes,1ed,InstructionDB,10004d9b,10004da0,FADD float ptr [0x10024e90],,,,,
0x10004DB2,0x10024E90,.rdata,10004bb0,FUN_10004bb0,yes,202,InstructionDB,10004db0,10004db5,FADD float ptr [0x10024e90],,,,,
0x10004E11,0x10024E90,.rdata,10004bb0,FUN_10004bb0,yes,261,InstructionDB,10004e0f,10004e14,FADD float ptr [0x10024e90],,,,,
0x10004E26,0x10024E90,.rdata,10004bb0,FUN_10004bb0,yes,276,InstructionDB,10004e24,10004e29,FADD float ptr [0x10024e90],,,,,
0x10004E85,0x10024E90,.rdata,10004bb0,FUN_10004bb0,yes,2d5,InstructionDB,10004e83,10004e88,FADD float ptr [0x10024e90],,,,,
0x10004E9A,0x10024E90,.rdata,10004bb0,FUN_10004bb0,yes,2ea,InstructionDB,10004e98,10004e9d,FADD float ptr [0x10024e90],,,,,
0x10004EEC,0x10024E78,.rdata,10004bb0,FUN_10004bb0,yes,33c,InstructionDB,10004eea,10004eef,FMUL double ptr [0x10024e78],,,,,
0x10004EF5,0x10024E70,.rdata,10004bb0,FUN_10004bb0,yes,345,InstructionDB,10004ef3,10004ef8,FSUB double ptr [0x10024e70],,,,,
0x10004F07,0x10024E68,.rdata,10004bb0,FUN_10004bb0,yes,357,InstructionDB,10004f05,10004f0a,FLD double ptr [0x10024e68],,,,,
0x10004F2F,0x10024FB8,.rdata,10004bb0,FUN_10004bb0,yes,37f,InstructionDB,10004f2d,10004f32,FLD float ptr [0x10024fb8],,,,,
0x10004F72,0x10024E78,.rdata,10004bb0,FUN_10004bb0,yes,3c2,InstructionDB,10004f70,10004f75,FMUL double ptr [0x10024e78],,,,,
0x10004F7B,0x10024E70,.rdata,10004bb0,FUN_10004bb0,yes,3cb,InstructionDB,10004f79,10004f7e,FSUB double ptr [0x10024e70],,,,,
0x10004F8D,0x10024E68,.rdata,10004bb0,FUN_10004bb0,yes,3dd,InstructionDB,10004f8b,10004f90,FLD double ptr [0x10024e68],,,,,
0x10004F9A,0x10024FB8,.rdata,10004bb0,FUN_10004bb0,yes,3ea,InstructionDB,10004f98,10004f9d,FLD float ptr [0x10024fb8],,,,,
0x10004FFB,0x10024FB0,.rdata,10004bb0,FUN_10004bb0,yes,44b,InstructionDB,10004ff9,10004ffe,FCOM double ptr [0x10024fb0],,,,,
0x10005003,0x10024FAC,.rdata,10004bb0,FUN_10004bb0,yes,453,InstructionDB,10005001,10005006,FLD float ptr [0x10024fac],,,,,
0x10005026,0x10024FA8,.rdata,10004bb0,FUN_10004bb0,yes,476,InstructionDB,10005024,10005029,FLD float ptr [0x10024fa8],,,,,
0x10005048,0x1003B6FC,.data,10004bb0,FUN_10004bb0,yes,498,InstructionDB,10005047,1000504b,MOV EAX,,,,,
0x10005065,0x1003BBBC,.data,10004bb0,FUN_10004bb0,yes,4b5,InstructionDB,10005063,10005068,MOV ECX,,,,,
0x1000508A,0x1003BC0C,.data,10004bb0,FUN_10004bb0,yes,4da,InstructionDB,10005089,1000508d,MOV EAX,,,,,
0x100050B0,0x1003BC24,.data,10004bb0,FUN_10004bb0,yes,500,InstructionDB,100050ae,100050b3,MOV EDX,,,,,
0x100050F6,0x1003C248,.data,100050e0,FUN_100050e0,yes,16,InstructionDB,100050f4,100050f9,MOV EBX,,,,,
0x10005172,0x1003C248,.data,100050e0,FUN_100050e0,yes,92,InstructionDB,10005170,10005175,MOV EBX,,,,,
0x100053FE,0x1003BC70,.data,100050e0,FUN_100050e0,yes,31e,InstructionDB,100053fc,10005401,CMP EAX,,,,,
0x1000540E,0x1003AED8,.data,100050e0,FUN_100050e0,yes,32e,InstructionDB,1000540c,10005411,CMP EAX,,,,,
0x10005674,0x1003C248,.data,10005670,FUN_10005670,yes,4,InstructionDB,10005672,10005677,MOV EDI,,,,,
0x100056B8,0x1003BC18,.data,10005670,FUN_10005670,yes,48,InstructionDB,100056b7,100056bb,MOV [0x1003bc18],,,,,
0x100056DE,0x1003BC18,.data,10005670,FUN_10005670,yes,6e,InstructionDB,100056dd,100056e1,MOV EAX,,,,,
0x100056E4,0x1003BC18,.data,10005670,FUN_10005670,yes,74,InstructionDB,100056e3,100056e7,MOV [0x1003bc18],,,,,
0x1000570A,0x1003BC18,.data,10005670,FUN_10005670,yes,9a,InstructionDB,10005709,1000570d,MOV [0x1003bc18],,,,,
0x1000572F,0x1003BC18,.data,10005670,FUN_10005670,yes,bf,InstructionDB,1000572e,10005732,MOV EAX,,,,,
0x10005735,0x1003BC18,.data,10005670,FUN_10005670,yes,c5,InstructionDB,10005734,10005738,MOV [0x1003bc18],,,,,
0x10005751,0x1003BC18,.data,10005670,FUN_10005670,yes,e1,InstructionDB,10005750,10005754,MOV [0x1003bc18],,,,,
0x1000577E,0x1003BC18,.data,10005670,FUN_10005670,yes,10e,InstructionDB,1000577d,10005781,MOV EAX,,,,,
0x10005784,0x1003BC18,.data,10005670,FUN_10005670,yes,114,InstructionDB,10005783,10005787,MOV [0x1003bc18],,,,,
0x1000579D,0x1003BC18,.data,10005670,FUN_10005670,yes,12d,InstructionDB,1000579b,100057a0,MOV dword ptr [0x1003bc18],,,,,
0x1000583A,0x1003BC18,.data,10005670,FUN_10005670,yes,1ca,InstructionDB,10005838,1000583d,MOV EDX,,,,,
0x10005843,0x1003BC18,.data,10005670,FUN_10005670,yes,1d3,InstructionDB,10005841,10005846,MOV dword ptr [0x1003bc18],,,,,
0x10005882,0x1003C248,.data,10005860,FUN_10005860,yes,22,InstructionDB,10005880,10005885,MOV EDI,,,,,
0x10005B68,0x1003759C,.data,10005b60,FUN_10005b60,yes,8,InstructionDB,10005b66,10005b6b,MOV ECX,,,,,
0x10005BAF,0x10024F58,.rdata,10005b60,FUN_10005b60,yes,4f,InstructionDB,10005bad,10005bb2,FSUB double ptr [0x10024f58],,,,,
0x10005C10,0x10024F28,.rdata,10005b60,FUN_10005b60,yes,b0,InstructionDB,10005c0e,10005c13,FLD float ptr [0x10024f28],,,,,
0x10005C1A,0x10024F40,.rdata,10005b60,FUN_10005b60,yes,ba,InstructionDB,10005c18,10005c1d,FLD float ptr [0x10024f40],,,,,
0x10005C53,0x10024F48,.rdata,10005b60,FUN_10005b60,yes,f3,InstructionDB,10005c51,10005c56,FSUB double ptr [0x10024f48],,,,,
0x10005C95,0x10024EE0,.rdata,10005b60,FUN_10005b60,yes,135,InstructionDB,10005c93,10005c98,FCOMP double ptr [0x10024ee0],,,,,
0x10005CA2,0x10024ED8,.rdata,10005b60,FUN_10005b60,yes,142,InstructionDB,10005ca0,10005ca5,FLD float ptr [0x10024ed8],,,,,
0x10005CB3,0x1003BC1C,.data,10005b60,FUN_10005b60,yes,153,InstructionDB,10005cb1,10005cb6,MOV EDX,,,,,
0x10005CE6,0x10024EC8,.rdata,10005b60,FUN_10005b60,yes,186,InstructionDB,10005ce4,10005ce9,FLD float ptr [0x10024ec8],,,,,
0x10005CFE,0x10024F68,.rdata,10005b60,FUN_10005b60,yes,19e,InstructionDB,10005cfc,10005d01,FLD float ptr [0x10024f68],,,,,
0x10005D11,0x10024F60,.rdata,10005b60,FUN_10005b60,yes,1b1,InstructionDB,10005d0f,10005d14,FADD double ptr [0x10024f60],,,,,
0x10005D38,0x1003759C,.data,10005d30,FUN_10005d30,yes,8,InstructionDB,10005d36,10005d3b,MOV ECX,,,,,
0x10005D6F,0x10024F58,.rdata,10005d30,FUN_10005d30,yes,3f,InstructionDB,10005d6d,10005d72,FSUB double ptr [0x10024f58],,,,,
0x10005DD0,0x10024F28,.rdata,10005d30,FUN_10005d30,yes,a0,InstructionDB,10005dce,10005dd3,FLD float ptr [0x10024f28],,,,,
0x10005DDA,0x10024F50,.rdata,10005d30,FUN_10005d30,yes,aa,InstructionDB,10005dd8,10005ddd,FLD float ptr [0x10024f50],,,,,
0x10005E13,0x10024F48,.rdata,10005d30,FUN_10005d30,yes,e3,InstructionDB,10005e11,10005e16,FSUB double ptr [0x10024f48],,,,,
0x10005E55,0x10024EE0,.rdata,10005d30,FUN_10005d30,yes,125,InstructionDB,10005e53,10005e58,FCOMP double ptr [0x10024ee0],,,,,
0x10005E62,0x10024ED8,.rdata,10005d30,FUN_10005d30,yes,132,InstructionDB,10005e60,10005e65,FLD float ptr [0x10024ed8],,,,,
0x10005E79,0x1003BC1C,.data,10005d30,FUN_10005d30,yes,149,InstructionDB,10005e77,10005e7c,MOV ECX,,,,,
0x10005E9A,0x10024EB0,.rdata,10005d30,FUN_10005d30,yes,16a,InstructionDB,10005e98,10005e9d,FMUL double ptr [0x10024eb0],,,,,
0x10005EAC,0x10024EC8,.rdata,10005d30,FUN_10005d30,yes,17c,InstructionDB,10005eaa,10005eaf,FLD float ptr [0x10024ec8],,,,,
0x10005EC4,0x10024F40,.rdata,10005d30,FUN_10005d30,yes,194,InstructionDB,10005ec2,10005ec7,FLD float ptr [0x10024f40],,,,,
0x10005ED2,0x10024F3C,.rdata,10005d30,FUN_10005d30,yes,1a2,InstructionDB,10005ed0,10005ed5,FLD float ptr [0x10024f3c],,,,,
0x10005EF8,0x1003759C,.data,10005ef0,FUN_10005ef0,yes,8,InstructionDB,10005ef6,10005efb,MOV ECX,,,,,
0x10005F44,0x10024F58,.rdata,10005ef0,FUN_10005ef0,yes,54,InstructionDB,10005f42,10005f47,FSUB double ptr [0x10024f58],,,,,
0x10005FA5,0x10024F28,.rdata,10005ef0,FUN_10005ef0,yes,b5,InstructionDB,10005fa3,10005fa8,FLD float ptr [0x10024f28],,,,,
0x10005FAF,0x10024F50,.rdata,10005ef0,FUN_10005ef0,yes,bf,InstructionDB,10005fad,10005fb2,FLD float ptr [0x10024f50],,,,,
0x10005FEE,0x10024F48,.rdata,10005ef0,FUN_10005ef0,yes,fe,InstructionDB,10005fec,10005ff1,FSUB double ptr [0x10024f48],,,,,
0x1000602C,0x10024EE0,.rdata,10005ef0,FUN_10005ef0,yes,13c,InstructionDB,1000602a,1000602f,FCOMP double ptr [0x10024ee0],,,,,
0x10006039,0x10024ED8,.rdata,10005ef0,FUN_10005ef0,yes,149,InstructionDB,10006037,1000603c,FLD float ptr [0x10024ed8],,,,,
0x10006050,0x1003BC1C,.data,10005ef0,FUN_10005ef0,yes,160,InstructionDB,1000604e,10006053,MOV ECX,,,,,
0x10006071,0x10024EB0,.rdata,10005ef0,FUN_10005ef0,yes,181,InstructionDB,1000606f,10006074,FMUL double ptr [0x10024eb0],,,,,
0x10006083,0x10024EC8,.rdata,10005ef0,FUN_10005ef0,yes,193,InstructionDB,10006081,10006086,FLD float ptr [0x10024ec8],,,,,
0x1000609B,0x10024F40,.rdata,10005ef0,FUN_10005ef0,yes,1ab,InstructionDB,10006099,1000609e,FLD float ptr [0x10024f40],,,,,
0x100060A9,0x10024F3C,.rdata,10005ef0,FUN_10005ef0,yes,1b9,InstructionDB,100060a7,100060ac,FLD float ptr [0x10024f3c],,,,,
0x100060D5,0x1003C248,.data,100060d0,FUN_100060d0,yes,5,InstructionDB,100060d3,100060d8,MOV EDI,,,,,
0x10006287,0x10006338,.text,100060d0,FUN_100060d0,yes,1b7,InstructionDB,10006284,1000628a,MOVZX EDX,,,,,switchdataD_10006338
0x1000628E,0x10006324,.text,100060d0,FUN_100060d0,yes,1be,InstructionDB,1000628b,10006291,JMP dword ptr [EDX*0x4 + 0x10006324],,,,,switchdataD_10006324
0x10006311,0x10006350,.text,100060d0,FUN_100060d0,yes,241,InstructionDB,1000630e,10006314,MOVZX ECX,,,,,switchdataD_10006350
0x10006318,0x10006344,.text,100060d0,FUN_100060d0,yes,248,InstructionDB,10006315,1000631b,JMP dword ptr [ECX*0x4 + 0x10006344],,,,,switchdataD_10006344
0x10006324,0x10006292,.text,,,no,,DataDB,10006324,10006327,,switchdataD_10006324,1000628b:DATA@100060d0:FUN_100060d0,100060d0,FUN_100060d0,caseD_0|caseD_1|caseD_b
0x10006328,0x100062E4,.text,,,no,,DataDB,10006328,1000632b,,,,100060d0,FUN_100060d0,caseD_2|caseD_0|caseD_1|caseD_2|caseD_b
0x1000632C,0x100062D8,.text,,,no,,DataDB,1000632c,1000632f,,,,100060d0,FUN_100060d0,caseD_6
0x10006330,0x100062F9,.text,,,no,,DataDB,10006330,10006333,,,,100060d0,FUN_100060d0,caseD_9|caseD_6|caseD_9
0x10006334,0x1000631E,.text,,,no,,DataDB,10006334,10006337,,,,100060d0,FUN_100060d0,caseD_3|caseD_4|caseD_5|caseD_7|caseD_8|caseD_a|caseD_3|caseD_4|caseD_5|caseD_7|caseD_8|caseD_a
0x10006344,0x100062E4,.text,,,no,,DataDB,10006344,10006347,,switchdataD_10006344,10006315:DATA@100060d0:FUN_100060d0,100060d0,FUN_100060d0,caseD_2|caseD_0|caseD_1|caseD_2|caseD_b
0x10006348,0x100062F9,.text,,,no,,DataDB,10006348,1000634b,,,,100060d0,FUN_100060d0,caseD_9|caseD_6|caseD_9
0x1000634C,0x1000631E,.text,,,no,,DataDB,1000634c,1000634f,,,,100060d0,FUN_100060d0,caseD_3|caseD_4|caseD_5|caseD_7|caseD_8|caseD_a|caseD_3|caseD_4|caseD_5|caseD_7|caseD_8|caseD_a
0x1000636A,0x1003C248,.data,10006360,FUN_10006360,yes,a,InstructionDB,10006368,1000636d,MOV ESI,,,,,
0x10006534,0x10024FA0,.rdata,10006360,FUN_10006360,yes,1d4,InstructionDB,10006532,10006537,FSUB double ptr [0x10024fa0],,,,,
0x10006638,0x10024FA0,.rdata,10006360,FUN_10006360,yes,2d8,InstructionDB,10006636,1000663b,FSUB double ptr [0x10024fa0],,,,,
0x1000673C,0x10024FA0,.rdata,10006360,FUN_10006360,yes,3dc,InstructionDB,1000673a,1000673f,FSUB double ptr [0x10024fa0],,,,,
0x10006834,0x10003FE0,.text,10006790,FUN_10006790,yes,a4,InstructionDB,10006833,10006837,PUSH 0x10003fe0,,,10003fe0,FUN_10003fe0,FUN_10003fe0
0x10006843,0x10003FB0,.text,10006790,FUN_10006790,yes,b3,InstructionDB,10006842,10006846,PUSH 0x10003fb0,,,10003fb0,FUN_10003fb0,FUN_10003fb0
0x10006863,0x10003FE0,.text,10006790,FUN_10006790,yes,d3,InstructionDB,10006862,10006866,PUSH 0x10003fe0,,,10003fe0,FUN_10003fe0,FUN_10003fe0
0x10006872,0x10003FB0,.text,10006790,FUN_10006790,yes,e2,InstructionDB,10006871,10006875,PUSH 0x10003fb0,,,10003fb0,FUN_10003fb0,FUN_10003fb0
0x100068A1,0x100069C4,.text,10006790,FUN_10006790,yes,111,InstructionDB,1000689e,100068a4,JMP dword ptr [EAX*0x4 + 0x100069c4],,,,,switchdataD_100069c4
0x100068B4,0x10024EA0,.rdata,10006790,FUN_10006790,yes,124,InstructionDB,100068b2,100068b7,FMUL double ptr [0x10024ea0],,,,,
0x100068BA,0x10024E98,.rdata,10006790,FUN_10006790,yes,12a,InstructionDB,100068b8,100068bd,FCOMP double ptr [0x10024e98],,,,,
0x100068E8,0x10024EA0,.rdata,10006790,FUN_10006790,yes,158,InstructionDB,100068e6,100068eb,FMUL double ptr [0x10024ea0],,,,,
0x100068EE,0x10024E98,.rdata,10006790,FUN_10006790,yes,15e,InstructionDB,100068ec,100068f1,FCOMP double ptr [0x10024e98],,,,,
0x10006939,0x10024E90,.rdata,10006790,FUN_10006790,yes,1a9,InstructionDB,10006937,1000693c,FADD float ptr [0x10024e90],,,,,
0x1000694E,0x10024E80,.rdata,10006790,FUN_10006790,yes,1be,InstructionDB,1000694c,10006951,FMUL double ptr [0x10024e80],,,,,
0x10006975,0x10024E80,.rdata,10006790,FUN_10006790,yes,1e5,InstructionDB,10006973,10006978,FMUL double ptr [0x10024e80],,,,,
0x10006990,0x10024E90,.rdata,10006790,FUN_10006790,yes,200,InstructionDB,1000698e,10006993,FADD float ptr [0x10024e90],,,,,
0x100069A1,0x10024E80,.rdata,10006790,FUN_10006790,yes,211,InstructionDB,1000699f,100069a4,FMUL double ptr [0x10024e80],,,,,
0x100069C4,0x100068A5,.text,,,no,,DataDB,100069c4,100069c7,,switchdataD_100069c4,1000689e:DATA@10006790:FUN_10006790,10006790,FUN_10006790,caseD_0
0x100069C8,0x100068D9,.text,,,no,,DataDB,100069c8,100069cb,,,,10006790,FUN_10006790,caseD_1
0x100069CC,0x1000690D,.text,,,no,,DataDB,100069cc,100069cf,,PTR_caseD_2_100069cc,1000689e:READ@10006790:FUN_10006790,10006790,FUN_10006790,caseD_2
0x100069D0,0x1000695A,.text,,,no,,DataDB,100069d0,100069d3,,,,10006790,FUN_10006790,caseD_3
0x100069E8,0x1003C248,.data,100069e0,FUN_100069e0,yes,8,InstructionDB,100069e6,100069eb,MOV EDI,,,,,
0x10006A57,0x1003C248,.data,10006a50,FUN_10006a50,yes,7,InstructionDB,10006a55,10006a5a,MOV ESI,,,,,
0x10006AAD,0x10024F98,.rdata,10006a50,FUN_10006a50,yes,5d,InstructionDB,10006aab,10006ab0,FMUL double ptr [0x10024f98],,,,,
0x10006AD8,0x1003C248,.data,10006ad0,FUN_10006ad0,yes,8,InstructionDB,10006ad6,10006adb,MOV ESI,,,,,
0x10006B63,0x10003FE0,.text,10006ad0,FUN_10006ad0,yes,93,InstructionDB,10006b62,10006b66,PUSH 0x10003fe0,,,10003fe0,FUN_10003fe0,FUN_10003fe0
0x10006B72,0x10003FB0,.text,10006ad0,FUN_10006ad0,yes,a2,InstructionDB,10006b71,10006b75,PUSH 0x10003fb0,,,10003fb0,FUN_10003fb0,FUN_10003fb0
0x10006B9D,0x10003FE0,.text,10006ad0,FUN_10006ad0,yes,cd,InstructionDB,10006b9c,10006ba0,PUSH 0x10003fe0,,,10003fe0,FUN_10003fe0,FUN_10003fe0
0x10006BAC,0x10003FB0,.text,10006ad0,FUN_10006ad0,yes,dc,InstructionDB,10006bab,10006baf,PUSH 0x10003fb0,,,10003fb0,FUN_10003fb0,FUN_10003fb0
0x10006CD8,0x10024F30,.rdata,10006be0,FUN_10006be0,yes,f8,InstructionDB,10006cd6,10006cdb,FMUL double ptr [0x10024f30],,,,,
0x10006CF1,0x10024F28,.rdata,10006be0,FUN_10006be0,yes,111,InstructionDB,10006cef,10006cf4,FLD float ptr [0x10024f28],,,,,
0x10006D39,0x10024F10,.rdata,10006be0,FUN_10006be0,yes,159,InstructionDB,10006d37,10006d3c,FLD float ptr [0x10024f10],,,,,
0x10006D98,0x10024F28,.rdata,10006be0,FUN_10006be0,yes,1b8,InstructionDB,10006d96,10006d9b,FLD float ptr [0x10024f28],,,,,
0x10006DAD,0x10024F10,.rdata,10006be0,FUN_10006be0,yes,1cd,InstructionDB,10006dab,10006db0,FLD float ptr [0x10024f10],,,,,
0x10006DF9,0x10024F28,.rdata,10006be0,FUN_10006be0,yes,219,InstructionDB,10006df7,10006dfc,FLD float ptr [0x10024f28],,,,,
0x10006E0B,0x10024F38,.rdata,10006be0,FUN_10006be0,yes,22b,InstructionDB,10006e09,10006e0e,FLD float ptr [0x10024f38],,,,,
0x10006E23,0x10024F30,.rdata,10006be0,FUN_10006be0,yes,243,InstructionDB,10006e21,10006e26,FMUL double ptr [0x10024f30],,,,,
0x10006E69,0x10024F10,.rdata,10006be0,FUN_10006be0,yes,289,InstructionDB,10006e67,10006e6c,FLD float ptr [0x10024f10],,,,,
0x10006EB5,0x10024EF8,.rdata,10006be0,FUN_10006be0,yes,2d5,InstructionDB,10006eb3,10006eb8,FLD float ptr [0x10024ef8],,,,,
0x10006EBB,0x1003BC1C,.data,10006be0,FUN_10006be0,yes,2db,InstructionDB,10006eb9,10006ebe,MOV ESI,,,,,
0x10006EC8,0x1003C1F8,.data,10006be0,FUN_10006be0,yes,2e8,InstructionDB,10006ec6,10006ecb,MOV ESI,,,,,
0x10006ED6,0x10024E88,.rdata,10006be0,FUN_10006be0,yes,2f6,InstructionDB,10006ed4,10006ed9,FSUB double ptr [0x10024e88],,,,,
0x10006EF2,0x10024EEC,.rdata,10006be0,FUN_10006be0,yes,312,InstructionDB,10006ef0,10006ef5,FLD float ptr [0x10024eec],,,,,
0x10006F0F,0x10024EE0,.rdata,10006be0,FUN_10006be0,yes,32f,InstructionDB,10006f0d,10006f12,FCOMP double ptr [0x10024ee0],,,,,
0x10006F1C,0x10024ED8,.rdata,10006be0,FUN_10006be0,yes,33c,InstructionDB,10006f1a,10006f1f,FLD float ptr [0x10024ed8],,,,,
0x10006F4D,0x10024ED0,.rdata,10006be0,FUN_10006be0,yes,36d,InstructionDB,10006f4b,10006f50,FLD double ptr [0x10024ed0],,,,,
0x10006FC8,0x10024EC8,.rdata,10006be0,FUN_10006be0,yes,3e8,InstructionDB,10006fc6,10006fcb,FLD float ptr [0x10024ec8],,,,,
0x10006FD6,0x10024EC0,.rdata,10006be0,FUN_10006be0,yes,3f6,InstructionDB,10006fd4,10006fd9,FADD double ptr [0x10024ec0],,,,,
0x100070FD,0x10024F30,.rdata,10007030,FUN_10007030,yes,cd,InstructionDB,100070fb,10007100,FMUL double ptr [0x10024f30],,,,,
0x10007116,0x10024F28,.rdata,10007030,FUN_10007030,yes,e6,InstructionDB,10007114,10007119,FLD float ptr [0x10024f28],,,,,
0x10007127,0x10024F20,.rdata,10007030,FUN_10007030,yes,f7,InstructionDB,10007125,1000712a,FMUL double ptr [0x10024f20],,,,,
0x10007131,0x10024F18,.rdata,10007030,FUN_10007030,yes,101,InstructionDB,1000712f,10007134,FLD double ptr [0x10024f18],,,,,
0x10007137,0x10024F14,.rdata,10007030,FUN_10007030,yes,107,InstructionDB,10007135,1000713a,FLD float ptr [0x10024f14],,,,,
0x10007157,0x10024F10,.rdata,10007030,FUN_10007030,yes,127,InstructionDB,10007155,1000715a,FLD float ptr [0x10024f10],,,,,
0x10007178,0x10024F08,.rdata,10007030,FUN_10007030,yes,148,InstructionDB,10007176,1000717b,FDIV double ptr [0x10024f08],,,,,
0x1000717E,0x10024F00,.rdata,10007030,FUN_10007030,yes,14e,InstructionDB,1000717c,10007181,FSUB double ptr [0x10024f00],,,,,
0x100071C7,0x10024F14,.rdata,10007030,FUN_10007030,yes,197,InstructionDB,100071c5,100071ca,FLD float ptr [0x10024f14],,,,,
0x100071D7,0x10024F28,.rdata,10007030,FUN_10007030,yes,1a7,InstructionDB,100071d5,100071da,FLD float ptr [0x10024f28],,,,,
0x100071E9,0x10024F10,.rdata,10007030,FUN_10007030,yes,1b9,InstructionDB,100071e7,100071ec,FLD float ptr [0x10024f10],,,,,
0x10007210,0x10024F08,.rdata,10007030,FUN_10007030,yes,1e0,InstructionDB,1000720e,10007213,FDIV double ptr [0x10024f08],,,,,
0x10007216,0x10024F00,.rdata,10007030,FUN_10007030,yes,1e6,InstructionDB,10007214,10007219,FSUB double ptr [0x10024f00],,,,,
0x10007261,0x1003C1F8,.data,10007030,FUN_10007030,yes,231,InstructionDB,1000725f,10007264,MOV ESI,,,,,
0x1000726B,0x1003BC1C,.data,10007030,FUN_10007030,yes,23b,InstructionDB,10007269,1000726e,MOV ESI,,,,,
0x10007271,0x10024EF8,.rdata,10007030,FUN_10007030,yes,241,InstructionDB,1000726f,10007274,FLD float ptr [0x10024ef8],,,,,
0x10007285,0x10024EF0,.rdata,10007030,FUN_10007030,yes,255,InstructionDB,10007283,10007288,FLD double ptr [0x10024ef0],,,,,
0x100072A1,0x10024EEC,.rdata,10007030,FUN_10007030,yes,271,InstructionDB,1000729f,100072a4,FLD float ptr [0x10024eec],,,,,
0x100072B1,0x10024EE8,.rdata,10007030,FUN_10007030,yes,281,InstructionDB,100072af,100072b4,FLD float ptr [0x10024ee8],,,,,
0x100072DD,0x10024EE0,.rdata,10007030,FUN_10007030,yes,2ad,InstructionDB,100072db,100072e0,FCOMP double ptr [0x10024ee0],,,,,
0x100072ED,0x10024ED8,.rdata,10007030,FUN_10007030,yes,2bd,InstructionDB,100072eb,100072f0,FLD float ptr [0x10024ed8],,,,,
0x10007327,0x10024ED0,.rdata,10007030,FUN_10007030,yes,2f7,InstructionDB,10007325,1000732a,FLD double ptr [0x10024ed0],,,,,
0x10007396,0x10024EC8,.rdata,10007030,FUN_10007030,yes,366,InstructionDB,10007394,10007399,FLD float ptr [0x10024ec8],,,,,
0x100073A4,0x10024EC0,.rdata,10007030,FUN_10007030,yes,374,InstructionDB,100073a2,100073a7,FADD double ptr [0x10024ec0],,,,,
0x10007401,0x10024EB8,.rdata,100073f0,FUN_100073f0,yes,11,InstructionDB,100073ff,10007404,FLD double ptr [0x10024eb8],,,,,
0x10007411,0x10024E70,.rdata,100073f0,FUN_100073f0,yes,21,InstructionDB,1000740f,10007414,FADD double ptr [0x10024e70],,,,,
0x10007441,0x10024EB0,.rdata,100073f0,FUN_100073f0,yes,51,InstructionDB,1000743f,10007444,FMUL double ptr [0x10024eb0],,,,,
0x10007462,0x10024EB0,.rdata,100073f0,FUN_100073f0,yes,72,InstructionDB,10007460,10007465,FMUL double ptr [0x10024eb0],,,,,
0x10007483,0x10024EB0,.rdata,100073f0,FUN_100073f0,yes,93,InstructionDB,10007481,10007486,FMUL double ptr [0x10024eb0],,,,,
0x100074AF,0x10024EB0,.rdata,100073f0,FUN_100073f0,yes,bf,InstructionDB,100074ad,100074b2,FMUL double ptr [0x10024eb0],,,,,
0x100074D7,0x1003C248,.data,100074d0,FUN_100074d0,yes,7,InstructionDB,100074d5,100074da,MOV ESI,,,,,
0x10007512,0x1003AEDC,.data,100074d0,FUN_100074d0,yes,42,InstructionDB,10007510,10007515,MOV dword ptr [0x1003aedc],,,,,
0x1000751B,0x1003AEE0,.data,100074d0,FUN_100074d0,yes,4b,InstructionDB,10007519,1000751e,MOV dword ptr [0x1003aee0],,,,,
0x10007524,0x1003AEE4,.data,100074d0,FUN_100074d0,yes,54,InstructionDB,10007522,10007527,MOV dword ptr [0x1003aee4],,,,,
0x1000752D,0x1003AEE8,.data,100074d0,FUN_100074d0,yes,5d,InstructionDB,1000752b,10007530,MOV dword ptr [0x1003aee8],,,,,
0x10007536,0x1003AEEC,.data,100074d0,FUN_100074d0,yes,66,InstructionDB,10007534,10007539,MOV dword ptr [0x1003aeec],,,,,
0x1000753E,0x1003AEF0,.data,100074d0,FUN_100074d0,yes,6e,InstructionDB,1000753d,10007541,MOV [0x1003aef0],,,,,
0x1000754D,0x1003AEDD,.data,100074d0,FUN_100074d0,yes,7d,InstructionDB,1000754b,10007550,MOV byte ptr [0x1003aedd],,,,,
0x1000757F,0x1003AEDD,.data,100074d0,FUN_100074d0,yes,af,InstructionDB,1000757d,10007582,MOV byte ptr [0x1003aedd],,,,,
0x10007585,0x1003AEE5,.data,100074d0,FUN_100074d0,yes,b5,InstructionDB,10007583,10007588,MOV byte ptr [0x1003aee5],,,,,
0x1000758B,0x1003AEE9,.data,100074d0,FUN_100074d0,yes,bb,InstructionDB,10007589,1000758e,MOV byte ptr [0x1003aee9],,,,,
0x1000759C,0x1003AEDC,.data,100074d0,FUN_100074d0,yes,cc,InstructionDB,1000759a,1000759f,MOV byte ptr [0x1003aedc],,,,,
0x100075C5,0x1003AEDC,.data,100074d0,FUN_100074d0,yes,f5,InstructionDB,100075c3,100075c8,MOV byte ptr [0x1003aedc],,,,,
0x100075CB,0x1003AEE4,.data,100074d0,FUN_100074d0,yes,fb,InstructionDB,100075c9,100075ce,MOV byte ptr [0x1003aee4],,,,,
0x100075D1,0x1003AEE6,.data,100074d0,FUN_100074d0,yes,101,InstructionDB,100075cf,100075d4,MOV byte ptr [0x1003aee6],,,,,
0x100075E3,0x1003AEDF,.data,100074d0,FUN_100074d0,yes,113,InstructionDB,100075e1,100075e6,MOV byte ptr [0x1003aedf],,,,,
0x1000760F,0x1003AEDF,.data,100074d0,FUN_100074d0,yes,13f,InstructionDB,1000760d,10007612,MOV byte ptr [0x1003aedf],,,,,
0x10007615,0x1003AEE1,.data,100074d0,FUN_100074d0,yes,145,InstructionDB,10007613,10007618,MOV byte ptr [0x1003aee1],,,,,
0x1000761B,0x1003AEEB,.data,100074d0,FUN_100074d0,yes,14b,InstructionDB,10007619,1000761e,MOV byte ptr [0x1003aeeb],,,,,
0x10007621,0x1003AEE3,.data,100074d0,FUN_100074d0,yes,151,InstructionDB,1000761f,10007624,MOV byte ptr [0x1003aee3],,,,,
0x10007633,0x1003AEDE,.data,100074d0,FUN_100074d0,yes,163,InstructionDB,10007631,10007636,MOV byte ptr [0x1003aede],,,,,
0x1000765C,0x1003AEDE,.data,100074d0,FUN_100074d0,yes,18c,InstructionDB,1000765a,1000765f,MOV byte ptr [0x1003aede],,,,,
0x10007662,0x1003AEE0,.data,100074d0,FUN_100074d0,yes,192,InstructionDB,10007660,10007665,MOV byte ptr [0x1003aee0],,,,,
0x10007668,0x1003AEE8,.data,100074d0,FUN_100074d0,yes,198,InstructionDB,10007666,1000766b,MOV byte ptr [0x1003aee8],,,,,
0x1000766E,0x1003AEE2,.data,100074d0,FUN_100074d0,yes,19e,InstructionDB,1000766c,10007671,MOV byte ptr [0x1003aee2],,,,,
0x1000767E,0x1003C1EC,.data,100074d0,FUN_100074d0,yes,1ae,InstructionDB,1000767c,10007681,FSTP float ptr [0x1003c1ec],,,,,
0x10007684,0x1003C1FC,.data,100074d0,FUN_100074d0,yes,1b4,InstructionDB,10007682,10007687,MOV dword ptr [0x1003c1fc],,,,,
0x1000768A,0x1003C1EC,.data,100074d0,FUN_100074d0,yes,1ba,InstructionDB,10007688,1000768d,FLD float ptr [0x1003c1ec],,,,,
0x10007690,0x1003AEF4,.data,100074d0,FUN_100074d0,yes,1c0,InstructionDB,1000768e,10007693,MOV dword ptr [0x1003aef4],,,,,
0x1000769E,0x1003BC78,.data,100074d0,FUN_100074d0,yes,1ce,InstructionDB,1000769d,100076a1,MOV [0x1003bc78],,,,,
0x100076DA,0x1003C1FC,.data,100076d0,FUN_100076d0,yes,a,InstructionDB,100076d8,100076dd,MOV ESI,,,,,
0x100076E5,0x1003C248,.data,100076d0,FUN_100076d0,yes,15,InstructionDB,100076e3,100076e8,MOV EDI,,,,,
0x10007713,0x1003759C,.data,100076d0,FUN_100076d0,yes,43,InstructionDB,10007711,10007716,MOV EDX,,,,,
0x10007718,0x1003AEF4,.data,100076d0,FUN_100076d0,yes,48,InstructionDB,10007717,1000771b,MOV EAX,,,,,
0x10007750,0x1003AACC,.data,100076d0,FUN_100076d0,yes,80,InstructionDB,1000774f,10007753,MOV EAX,,,,,
0x10007782,0x1003C1EC,.data,100076d0,FUN_100076d0,yes,b2,InstructionDB,10007780,10007785,FLD float ptr [0x1003c1ec],,,,,
0x10007789,0x10024F08,.rdata,100076d0,FUN_100076d0,yes,b9,InstructionDB,10007787,1000778c,FDIV double ptr [0x10024f08],,,,,
0x100077D3,0x1003BC00,.data,100076d0,FUN_100076d0,yes,103,InstructionDB,100077d1,100077da,MOV dword ptr [0x1003bc00],,,,,
0x100077E9,0x1003C1EC,.data,100076d0,FUN_100076d0,yes,119,InstructionDB,100077e7,100077ec,FLD float ptr [0x1003c1ec],,,,,
0x100077F1,0x10024F08,.rdata,100076d0,FUN_100076d0,yes,121,InstructionDB,100077ef,100077f4,FDIV double ptr [0x10024f08],,,,,
0x1000781E,0x1002496C,.rdata,100076d0,FUN_100076d0,yes,14e,InstructionDB,1000781d,10007821,MOV EDI,,,,,
0x1000784F,0x1003BC78,.data,100076d0,FUN_100076d0,yes,17f,InstructionDB,1000784e,10007852,MOV EAX,,,,,
0x10007856,0x1003C1A8,.data,100076d0,FUN_100076d0,yes,186,InstructionDB,10007853,10007859,MOV ECX,,,,,
0x1000786C,0x10024980,.rdata,100076d0,FUN_100076d0,yes,19c,InstructionDB,1000786b,1000786f,MOV EDI,,,,,
0x1000789C,0x1003BC78,.data,100076d0,FUN_100076d0,yes,1cc,InstructionDB,1000789b,1000789f,MOV EAX,,,,,
0x100078A3,0x1003BBC0,.data,100076d0,FUN_100076d0,yes,1d3,InstructionDB,100078a0,100078a6,MOV ECX,,,,,
0x100078B9,0x10024994,.rdata,100076d0,FUN_100076d0,yes,1e9,InstructionDB,100078b8,100078bc,MOV EDI,,,,,
0x100078EA,0x1003BC78,.data,100076d0,FUN_100076d0,yes,21a,InstructionDB,100078e9,100078ed,MOV EAX,,,,,
0x100078F1,0x1003BC30,.data,100076d0,FUN_100076d0,yes,221,InstructionDB,100078ee,100078f4,MOV ECX,,,,,
0x10007907,0x100249A8,.rdata,100076d0,FUN_100076d0,yes,237,InstructionDB,10007906,1000790a,MOV EDI,,,,,
0x1000793A,0x1003BC78,.data,100076d0,FUN_100076d0,yes,26a,InstructionDB,10007939,1000793d,MOV EAX,,,,,
0x10007941,0x1003C208,.data,100076d0,FUN_100076d0,yes,271,InstructionDB,1000793e,10007944,MOV ECX,,,,,
0x10007958,0x1003AEF1,.data,100076d0,FUN_100076d0,yes,288,InstructionDB,10007956,1000795c,CMP byte ptr [0x1003aef1],,,,,
0x10007965,0x1003C1FC,.data,100076d0,FUN_100076d0,yes,295,InstructionDB,10007963,10007969,CMP dword ptr [0x1003c1fc],,,,,
0x10007980,0x100249B8,.rdata,100076d0,FUN_100076d0,yes,2b0,InstructionDB,1000797f,10007983,PUSH 0x100249b8,,,,,
0x100079A0,0x1003BD9C,.data,100076d0,FUN_100076d0,yes,2d0,InstructionDB,1000799f,100079a3,MOV EAX,,,,,
0x100079B0,0x100249C4,.rdata,100076d0,FUN_100076d0,yes,2e0,InstructionDB,100079af,100079b3,PUSH 0x100249c4,,,,,
0x100079C9,0x100249D0,.rdata,100076d0,FUN_100076d0,yes,2f9,InstructionDB,100079c8,100079cc,PUSH 0x100249d0,,,,,
0x100079EA,0x1003BD9C,.data,100076d0,FUN_100076d0,yes,31a,InstructionDB,100079e8,100079ed,MOV EDX,,,,,
0x10007A03,0x10024F94,.rdata,100076d0,FUN_100076d0,yes,333,InstructionDB,10007a01,10007a06,FLD float ptr [0x10024f94],,,,,
0x10007A11,0x100249DC,.rdata,100076d0,FUN_100076d0,yes,341,InstructionDB,10007a10,10007a14,PUSH 0x100249dc,,,,,
0x10007A89,0x1003AEF0,.data,100076d0,FUN_100076d0,yes,3b9,InstructionDB,10007a87,10007a8d,CMP byte ptr [0x1003aef0],,,,,
0x10007ACC,0x1003AEEC,.data,100076d0,FUN_100076d0,yes,3fc,InstructionDB,10007aca,10007ad0,CMP byte ptr [0x1003aeec],,,,,
0x10007AFB,0x10024F94,.rdata,100076d0,FUN_100076d0,yes,42b,InstructionDB,10007af9,10007afe,FLD float ptr [0x10024f94],,,,,
0x10007B2E,0x1003C1FC,.data,100076d0,FUN_100076d0,yes,45e,InstructionDB,10007b2d,10007b31,MOV EAX,,,,,
0x10007B68,0x1003C1FC,.data,100076d0,FUN_100076d0,yes,498,InstructionDB,10007b67,10007b6b,MOV EAX,,,,,
0x10007BDE,0x10024F94,.rdata,100076d0,FUN_100076d0,yes,50e,InstructionDB,10007bdc,10007be1,FLD float ptr [0x10024f94],,,,,
0x10007C10,0x10037594,.data,100076d0,FUN_100076d0,yes,540,InstructionDB,10007c0f,10007c13,MOV EAX,,,,,
0x10007C1C,0x10037594,.data,100076d0,FUN_100076d0,yes,54c,InstructionDB,10007c1a,10007c1f,MOV ECX,,,,,
0x10007C28,0x10037594,.data,100076d0,FUN_100076d0,yes,558,InstructionDB,10007c26,10007c2b,MOV EDX,,,,,
0x10007C33,0x10037594,.data,100076d0,FUN_100076d0,yes,563,InstructionDB,10007c32,10007c36,MOV EAX,,,,,
0x10007C4D,0x1003C1FC,.data,100076d0,FUN_100076d0,yes,57d,InstructionDB,10007c4b,10007c51,CMP dword ptr [0x1003c1fc],,,,,
0x10007CCA,0x100374C0,.data,100076d0,FUN_100076d0,yes,5fa,InstructionDB,10007cc7,10007ccd,CMP EDX,,,,,
0x10007CFC,0x1003AEDC,.data,100076d0,FUN_100076d0,yes,62c,InstructionDB,10007cfa,10007cff,MOV CL,,,,,
0x10007D5C,0x100249EC,.rdata,100076d0,FUN_100076d0,yes,68c,InstructionDB,10007d5b,10007d5f,PUSH 0x100249ec,,,,,
0x10007D76,0x10024F94,.rdata,100076d0,FUN_100076d0,yes,6a6,InstructionDB,10007d74,10007d79,FLD float ptr [0x10024f94],,,,,
0x10007D9B,0x10024A00,.rdata,100076d0,FUN_100076d0,yes,6cb,InstructionDB,10007d9a,10007d9e,PUSH 0x10024a00,,,,,
0x10007DAD,0x1003C248,.data,100076d0,FUN_100076d0,yes,6dd,InstructionDB,10007dac,10007db0,MOV EAX,,,,,
0x10007DB3,0x1003C1FC,.data,100076d0,FUN_100076d0,yes,6e3,InstructionDB,10007db1,10007db6,MOV EDI,,,,,
0x10007E18,0x1003C248,.data,100076d0,FUN_100076d0,yes,748,InstructionDB,10007e16,10007e1b,MOV EDX,,,,,
0x10007E1E,0x1003C1FC,.data,100076d0,FUN_100076d0,yes,74e,InstructionDB,10007e1c,10007e21,MOV EDI,,,,,
0x10007EBF,0x10024F90,.rdata,100076d0,FUN_100076d0,yes,7ef,InstructionDB,10007ebd,10007ec2,FLD float ptr [0x10024f90],,,,,
0x10007EC6,0x1003C250,.data,100076d0,FUN_100076d0,yes,7f6,InstructionDB,10007ec5,10007ec9,MOV EAX,,,,,
0x10007ECC,0x1003C250,.data,100076d0,FUN_100076d0,yes,7fc,InstructionDB,10007eca,10007ecf,FILD dword ptr [0x1003c250],,,,,
0x10007ED6,0x10024E90,.rdata,100076d0,FUN_100076d0,yes,806,InstructionDB,10007ed4,10007ed9,FADD float ptr [0x10024e90],,,,,
0x10007EDE,0x1003C254,.data,100076d0,FUN_100076d0,yes,80e,InstructionDB,10007edc,10007ee1,MOV EDX,,,,,
0x10007EE4,0x1003C254,.data,100076d0,FUN_100076d0,yes,814,InstructionDB,10007ee2,10007ee7,FILD dword ptr [0x1003c254],,,,,
0x10007EEE,0x10024E90,.rdata,100076d0,FUN_100076d0,yes,81e,InstructionDB,10007eec,10007ef1,FADD float ptr [0x10024e90],,,,,
0x10007F19,0x10024A14,.rdata,100076d0,FUN_100076d0,yes,849,InstructionDB,10007f18,10007f1c,MOV EAX,,,,,
0x10007F52,0x1003C258,.data,,,no,,InstructionDB,10007f50,10007f55,FCOMP float ptr [0x1003c258],,,,,
0x10007F92,0x1003BD88,.data,,,no,,InstructionDB,10007f90,10007f95,MOV dword ptr [0x1003bd88],,,,,
0x10007F98,0x1003BD88,.data,,,no,,InstructionDB,10007f97,10007f9b,MOV EAX,,,,,
0x10007FA2,0x1003BD84,.data,,,no,,InstructionDB,10007fa1,10007fa5,MOV [0x1003bd84],,,,,
0x10007FA7,0x1003BD88,.data,,,no,,InstructionDB,10007fa6,10007faa,MOV EAX,,,,,
0x10007FB3,0x10024F88,.rdata,,,no,,InstructionDB,10007fb1,10007fb6,FCOMP double ptr [0x10024f88],,,,,
0x10007FC0,0x1003BD88,.data,,,no,,InstructionDB,10007fbe,10007fc3,MOV ECX,,,,,
0x10007FCF,0x1003BD84,.data,,,no,,InstructionDB,10007fcd,10007fd2,MOV EDX,,,,,
0x10008006,0x10020848,.text,10008000,FUN_10008000,yes,6,InstructionDB,10008005,10008009,PUSH 0x10020848,,,,,LAB_10020848
0x10008065,0x1003BD90,.data,10008000,FUN_10008000,yes,65,InstructionDB,10008064,10008068,MOV EAX,,,,,
0x10008094,0x10024F80,.rdata,10008000,FUN_10008000,yes,94,InstructionDB,10008092,10008097,FLD double ptr [0x10024f80],,,,,
0x1000809C,0x10024F78,.rdata,10008000,FUN_10008000,yes,9c,InstructionDB,1000809a,1000809f,FLD double ptr [0x10024f78],,,,,
0x100080AF,0x10024F70,.rdata,10008000,FUN_10008000,yes,af,InstructionDB,100080ad,100080b2,FMUL double ptr [0x10024f70],,,,,
0x1000810A,0x1003BD90,.data,10008000,FUN_10008000,yes,10a,InstructionDB,10008109,1000810d,MOV [0x1003bd90],,,,,
0x10008147,0x1003A8C8,.data,10008140,FUN_10008140,yes,7,InstructionDB,10008146,1000814a,PUSH 0x1003a8c8,,,,,
0x10008151,0x1003A6C8,.data,10008140,FUN_10008140,yes,11,InstructionDB,10008150,10008154,PUSH 0x1003a6c8,,,,,
0x10008157,0x1003C1F4,.data,10008140,FUN_10008140,yes,17,InstructionDB,10008155,1000815e,MOV dword ptr [0x1003c1f4],,,,,
0x10008165,0x10024A24,.rdata,10008140,FUN_10008140,yes,25,InstructionDB,10008164,10008168,PUSH 0x10024a24,,,,,
0x1000816F,0x1003A6C8,.data,10008140,FUN_10008140,yes,2f,InstructionDB,1000816e,10008172,PUSH 0x1003a6c8,,,,,
0x10008182,0x1003A6C8,.data,10008140,FUN_10008140,yes,42,InstructionDB,10008180,10008185,MOV CL,,,,,
0x10008188,0x1003BC80,.data,10008140,FUN_10008140,yes,48,InstructionDB,10008186,1000818b,MOV byte ptr [EAX + 0x1003bc80],,,,,
0x10008199,0x1003A8C8,.data,10008140,FUN_10008140,yes,59,InstructionDB,10008198,1000819c,PUSH 0x1003a8c8,,,,,
0x100081A3,0x1003A6C8,.data,10008140,FUN_10008140,yes,63,InstructionDB,100081a2,100081a6,PUSH 0x1003a6c8,,,,,
0x100081A9,0x1003C1F4,.data,10008140,FUN_10008140,yes,69,InstructionDB,100081a7,100081b0,MOV dword ptr [0x1003c1f4],,,,,
0x100081B7,0x10024A48,.rdata,10008140,FUN_10008140,yes,77,InstructionDB,100081b6,100081ba,PUSH 0x10024a48,,,,,
0x100081C1,0x1003A6C8,.data,10008140,FUN_10008140,yes,81,InstructionDB,100081c0,100081c4,PUSH 0x1003a6c8,,,,,
0x100081D2,0x1003A6C8,.data,10008140,FUN_10008140,yes,92,InstructionDB,100081d0,100081d5,MOV CL,,,,,
0x100081D8,0x1003BC80,.data,10008140,FUN_10008140,yes,98,InstructionDB,100081d6,100081db,MOV byte ptr [EAX + 0x1003bc80],,,,,
0x100081E9,0x1003A8C8,.data,10008140,FUN_10008140,yes,a9,InstructionDB,100081e8,100081ec,PUSH 0x1003a8c8,,,,,
0x100081F3,0x1003A6C8,.data,10008140,FUN_10008140,yes,b3,InstructionDB,100081f2,100081f6,PUSH 0x1003a6c8,,,,,
0x100081F9,0x1003C1F4,.data,10008140,FUN_10008140,yes,b9,InstructionDB,100081f7,10008200,MOV dword ptr [0x1003c1f4],,,,,
0x10008207,0x10024A6C,.rdata,10008140,FUN_10008140,yes,c7,InstructionDB,10008206,1000820a,PUSH 0x10024a6c,,,,,
0x10008211,0x1003A6C8,.data,10008140,FUN_10008140,yes,d1,InstructionDB,10008210,10008214,PUSH 0x1003a6c8,,,,,
0x10008222,0x1003A6C8,.data,10008140,FUN_10008140,yes,e2,InstructionDB,10008220,10008225,MOV CL,,,,,
0x10008228,0x1003BC80,.data,10008140,FUN_10008140,yes,e8,InstructionDB,10008226,1000822b,MOV byte ptr [EAX + 0x1003bc80],,,,,
0x10008241,0x1003A8C8,.data,10008140,FUN_10008140,yes,101,InstructionDB,10008240,10008244,PUSH 0x1003a8c8,,,,,
0x1000824B,0x1003A6C8,.data,10008140,FUN_10008140,yes,10b,InstructionDB,1000824a,1000824e,PUSH 0x1003a6c8,,,,,
0x10008255,0x10024A90,.rdata,10008140,FUN_10008140,yes,115,InstructionDB,10008254,10008258,PUSH 0x10024a90,,,,,
0x1000825F,0x1003A6C8,.data,10008140,FUN_10008140,yes,11f,InstructionDB,1000825e,10008262,PUSH 0x1003a6c8,,,,,
0x10008270,0x1003A6C8,.data,10008140,FUN_10008140,yes,130,InstructionDB,1000826f,10008273,PUSH 0x1003a6c8,,,,,
0x1000827B,0x1003AAC8,.data,10008140,FUN_10008140,yes,13b,InstructionDB,1000827a,1000827e,MOV EAX,,,,,
0x10008282,0x10024AB4,.rdata,10008140,FUN_10008140,yes,142,InstructionDB,10008281,10008285,PUSH 0x10024ab4,,,,,
0x10008287,0x10024330,.rdata,10008140,FUN_10008140,yes,147,InstructionDB,10008286,1000828a,PUSH 0x10024330,,,,,
0x1000828C,0x1003AAC8,.data,10008140,FUN_10008140,yes,14c,InstructionDB,1000828b,1000828f,MOV [0x1003aac8],,,,,
0x100082F8,0x10024AB4,.rdata,10008140,FUN_10008140,yes,1b8,InstructionDB,100082f7,100082fb,PUSH 0x10024ab4,,,,,
0x1000830A,0x1003C208,.data,10008140,FUN_10008140,yes,1ca,InstructionDB,10008307,1000830d,MOV dword ptr [ESI*0x4 + 0x1003c208],,,,,
0x10008318,0x1003C208,.data,10008140,FUN_10008140,yes,1d8,InstructionDB,10008315,1000831b,MOV EAX,,,,,
0x1000831E,0x100249A8,.rdata,10008140,FUN_10008140,yes,1de,InstructionDB,1000831c,10008321,MOV ECX,,,,,
0x10008327,0x100249AC,.rdata,10008140,FUN_10008140,yes,1e7,InstructionDB,10008325,1000832a,MOV EDX,,,,,
0x10008330,0x100249B0,.rdata,10008140,FUN_10008140,yes,1f0,InstructionDB,1000832e,10008333,MOV ECX,,,,,
0x10008339,0x100249B4,.rdata,10008140,FUN_10008140,yes,1f9,InstructionDB,10008337,1000833c,MOV EDX,,,,,
0x1000834F,0x1003A8C8,.data,10008140,FUN_10008140,yes,20f,InstructionDB,1000834e,10008352,PUSH 0x1003a8c8,,,,,
0x10008359,0x1003A6C8,.data,10008140,FUN_10008140,yes,219,InstructionDB,10008358,1000835c,PUSH 0x1003a6c8,,,,,
0x10008363,0x10024AD0,.rdata,10008140,FUN_10008140,yes,223,InstructionDB,10008362,10008366,PUSH 0x10024ad0,,,,,
0x1000836D,0x1003A6C8,.data,10008140,FUN_10008140,yes,22d,InstructionDB,1000836c,10008370,PUSH 0x1003a6c8,,,,,
0x10008377,0x1003AAC8,.data,10008140,FUN_10008140,yes,237,InstructionDB,10008376,1000837a,MOV EAX,,,,,
0x1000837E,0x10024ABC,.rdata,10008140,FUN_10008140,yes,23e,InstructionDB,1000837d,10008381,PUSH 0x10024abc,,,,,
0x10008383,0x10024330,.rdata,10008140,FUN_10008140,yes,243,InstructionDB,10008382,10008386,PUSH 0x10024330,,,,,
0x10008388,0x1003AAC8,.data,10008140,FUN_10008140,yes,248,InstructionDB,10008387,1000838b,MOV [0x1003aac8],,,,,
0x10008392,0x1003A6C8,.data,10008140,FUN_10008140,yes,252,InstructionDB,10008391,10008395,PUSH 0x1003a6c8,,,,,
0x100083F1,0x10024ABC,.rdata,10008140,FUN_10008140,yes,2b1,InstructionDB,100083f0,100083f4,PUSH 0x10024abc,,,,,
0x10008401,0x1003A8C8,.data,10008140,FUN_10008140,yes,2c1,InstructionDB,10008400,10008404,PUSH 0x1003a8c8,,,,,
0x1000840B,0x1003A6C8,.data,10008140,FUN_10008140,yes,2cb,InstructionDB,1000840a,1000840e,PUSH 0x1003a6c8,,,,,
0x10008411,0x1003BBB4,.data,10008140,FUN_10008140,yes,2d1,InstructionDB,1000840f,10008414,MOV dword ptr [0x1003bbb4],,,,,
0x1000841B,0x10024B04,.rdata,10008140,FUN_10008140,yes,2db,InstructionDB,1000841a,1000841e,PUSH 0x10024b04,,,,,
0x10008425,0x1003A6C8,.data,10008140,FUN_10008140,yes,2e5,InstructionDB,10008424,10008428,PUSH 0x1003a6c8,,,,,
0x1000842F,0x1003AAC8,.data,10008140,FUN_10008140,yes,2ef,InstructionDB,1000842e,10008432,MOV EAX,,,,,
0x10008439,0x10024AF0,.rdata,10008140,FUN_10008140,yes,2f9,InstructionDB,10008438,1000843c,PUSH 0x10024af0,,,,,
0x1000843E,0x10024330,.rdata,10008140,FUN_10008140,yes,2fe,InstructionDB,1000843d,10008441,PUSH 0x10024330,,,,,
0x10008443,0x1003AAC8,.data,10008140,FUN_10008140,yes,303,InstructionDB,10008442,10008446,MOV [0x1003aac8],,,,,
0x1000844D,0x1003A6C8,.data,10008140,FUN_10008140,yes,30d,InstructionDB,1000844c,10008450,PUSH 0x1003a6c8,,,,,
0x100084AC,0x10024AF0,.rdata,10008140,FUN_10008140,yes,36c,InstructionDB,100084ab,100084af,PUSH 0x10024af0,,,,,
0x100084BC,0x1003A8C8,.data,10008140,FUN_10008140,yes,37c,InstructionDB,100084bb,100084bf,PUSH 0x1003a8c8,,,,,
0x100084C6,0x1003A6C8,.data,10008140,FUN_10008140,yes,386,InstructionDB,100084c5,100084c9,PUSH 0x1003a6c8,,,,,
0x100084CC,0x1003BC7C,.data,10008140,FUN_10008140,yes,38c,InstructionDB,100084ca,100084cf,MOV dword ptr [0x1003bc7c],,,,,
0x100084D6,0x10024B38,.rdata,10008140,FUN_10008140,yes,396,InstructionDB,100084d5,100084d9,PUSH 0x10024b38,,,,,
0x100084E0,0x1003A6C8,.data,10008140,FUN_10008140,yes,3a0,InstructionDB,100084df,100084e3,PUSH 0x1003a6c8,,,,,
0x100084EA,0x1003AAC8,.data,10008140,FUN_10008140,yes,3aa,InstructionDB,100084e9,100084ed,MOV EAX,,,,,
0x100084F1,0x10024B24,.rdata,10008140,FUN_10008140,yes,3b1,InstructionDB,100084f0,100084f4,PUSH 0x10024b24,,,,,
0x100084F6,0x10024330,.rdata,10008140,FUN_10008140,yes,3b6,InstructionDB,100084f5,100084f9,PUSH 0x10024330,,,,,
0x100084FB,0x1003AAC8,.data,10008140,FUN_10008140,yes,3bb,InstructionDB,100084fa,100084fe,MOV [0x1003aac8],,,,,
0x10008505,0x1003A6C8,.data,10008140,FUN_10008140,yes,3c5,InstructionDB,10008504,10008508,PUSH 0x1003a6c8,,,,,
0x10008564,0x10024B24,.rdata,10008140,FUN_10008140,yes,424,InstructionDB,10008563,10008567,PUSH 0x10024b24,,,,,
0x10008574,0x1003A8C8,.data,10008140,FUN_10008140,yes,434,InstructionDB,10008573,10008577,PUSH 0x1003a8c8,,,,,
0x1000857E,0x1003A6C8,.data,10008140,FUN_10008140,yes,43e,InstructionDB,1000857d,10008581,PUSH 0x1003a6c8,,,,,
0x10008584,0x1003BC1C,.data,10008140,FUN_10008140,yes,444,InstructionDB,10008582,10008587,MOV dword ptr [0x1003bc1c],,,,,
0x1000858E,0x10024B68,.rdata,10008140,FUN_10008140,yes,44e,InstructionDB,1000858d,10008591,PUSH 0x10024b68,,,,,
0x10008598,0x1003A6C8,.data,10008140,FUN_10008140,yes,458,InstructionDB,10008597,1000859b,PUSH 0x1003a6c8,,,,,
0x100085A2,0x1003AAC8,.data,10008140,FUN_10008140,yes,462,InstructionDB,100085a1,100085a5,MOV EAX,,,,,
0x100085AC,0x10024B58,.rdata,10008140,FUN_10008140,yes,46c,InstructionDB,100085ab,100085af,PUSH 0x10024b58,,,,,
0x100085B1,0x10024330,.rdata,10008140,FUN_10008140,yes,471,InstructionDB,100085b0,100085b4,PUSH 0x10024330,,,,,
0x100085B6,0x1003AAC8,.data,10008140,FUN_10008140,yes,476,InstructionDB,100085b5,100085b9,MOV [0x1003aac8],,,,,
0x100085C0,0x1003A6C8,.data,10008140,FUN_10008140,yes,480,InstructionDB,100085bf,100085c3,PUSH 0x1003a6c8,,,,,
0x1000861F,0x10024B58,.rdata,10008140,FUN_10008140,yes,4df,InstructionDB,1000861e,10008622,PUSH 0x10024b58,,,,,
0x10008630,0x1003BC08,.data,10008140,FUN_10008140,yes,4f0,InstructionDB,1000862e,10008633,MOV dword ptr [0x1003bc08],,,,,
0x10008635,0x1003A8C8,.data,10008140,FUN_10008140,yes,4f5,InstructionDB,10008634,10008638,PUSH 0x1003a8c8,,,,,
0x1000863F,0x1003A6C8,.data,10008140,FUN_10008140,yes,4ff,InstructionDB,1000863e,10008642,PUSH 0x1003a6c8,,,,,
0x10008649,0x10024B9C,.rdata,10008140,FUN_10008140,yes,509,InstructionDB,10008648,1000864c,PUSH 0x10024b9c,,,,,
0x10008653,0x1003A6C8,.data,10008140,FUN_10008140,yes,513,InstructionDB,10008652,10008656,PUSH 0x1003a6c8,,,,,
0x1000865D,0x1003AAC8,.data,10008140,FUN_10008140,yes,51d,InstructionDB,1000865c,10008660,MOV EAX,,,,,
0x10008664,0x10024B88,.rdata,10008140,FUN_10008140,yes,524,InstructionDB,10008663,10008667,PUSH 0x10024b88,,,,,
0x10008669,0x10024330,.rdata,10008140,FUN_10008140,yes,529,InstructionDB,10008668,1000866c,PUSH 0x10024330,,,,,
0x1000866E,0x1003AAC8,.data,10008140,FUN_10008140,yes,52e,InstructionDB,1000866d,10008671,MOV [0x1003aac8],,,,,
0x10008678,0x1003A6C8,.data,10008140,FUN_10008140,yes,538,InstructionDB,10008677,1000867b,PUSH 0x1003a6c8,,,,,
0x100086D7,0x10024B88,.rdata,10008140,FUN_10008140,yes,597,InstructionDB,100086d6,100086da,PUSH 0x10024b88,,,,,
0x100086E7,0x1003A8C8,.data,10008140,FUN_10008140,yes,5a7,InstructionDB,100086e6,100086ea,PUSH 0x1003a8c8,,,,,
0x100086F3,0x1003A6C8,.data,10008140,FUN_10008140,yes,5b3,InstructionDB,100086f2,100086f6,PUSH 0x1003a6c8,,,,,
0x100086F9,0x1003C1F8,.data,10008140,FUN_10008140,yes,5b9,InstructionDB,100086f7,100086fc,MOV dword ptr [0x1003c1f8],,,,,
0x100086FF,0x1003BD8C,.data,10008140,FUN_10008140,yes,5bf,InstructionDB,100086fd,10008702,MOV [0x1003bd8c],,,,,
0x10008709,0x10024654,.rdata,10008140,FUN_10008140,yes,5c9,InstructionDB,10008708,1000870c,PUSH 0x10024654,,,,,
0x10008713,0x1003A6C8,.data,10008140,FUN_10008140,yes,5d3,InstructionDB,10008712,10008716,PUSH 0x1003a6c8,,,,,
0x10008722,0x10003810,.text,10008140,FUN_10008140,yes,5e2,InstructionDB,10008721,10008725,PUSH 0x10003810,,,10003810,FUN_10003810,FUN_10003810
0x10008727,0x1003A6C8,.data,10008140,FUN_10008140,yes,5e7,InstructionDB,10008726,1000872a,PUSH 0x1003a6c8,,,,,
0x10008731,0x1003A8C8,.data,10008140,FUN_10008140,yes,5f1,InstructionDB,10008730,10008734,PUSH 0x1003a8c8,,,,,
0x1000873B,0x1003A6C8,.data,10008140,FUN_10008140,yes,5fb,InstructionDB,1000873a,1000873e,PUSH 0x1003a6c8,,,,,
0x10008745,0x10024220,.rdata,10008140,FUN_10008140,yes,605,InstructionDB,10008744,10008748,PUSH 0x10024220,,,,,
0x1000874F,0x1003A6C8,.data,10008140,FUN_10008140,yes,60f,InstructionDB,1000874e,10008752,PUSH 0x1003a6c8,,,,,
0x1000875B,0x10001040,.text,10008140,FUN_10008140,yes,61b,InstructionDB,1000875a,1000875e,PUSH 0x10001040,,,10001040,FUN_10001040,FUN_10001040
0x10008760,0x1003A6C8,.data,10008140,FUN_10008140,yes,620,InstructionDB,1000875f,10008763,PUSH 0x1003a6c8,,,,,
0x10008782,0x1003BC80,.data,,,no,,InstructionDB,10008781,10008785,PUSH 0x1003bc80,,,,,
0x10008791,0x1003C200,.data,,,no,,InstructionDB,10008790,10008794,MOV [0x1003c200],,,,,
0x10008796,0x1003BC10,.data,,,no,,InstructionDB,10008795,10008799,PUSH 0x1003bc10,,,,,
0x1000879B,0x1003BC28,.data,,,no,,InstructionDB,1000879a,1000879e,PUSH 0x1003bc28,,,,,
0x100087A0,0x1003C204,.data,,,no,,InstructionDB,1000879f,100087a3,PUSH 0x1003c204,,,,,
0x100087A5,0x1003BBB8,.data,,,no,,InstructionDB,100087a4,100087a8,PUSH 0x1003bbb8,,,,,
0x100087AD,0x1003C200,.data,,,no,,InstructionDB,100087ab,100087b0,MOV ECX,,,,,
0x100087BD,0x1003BC10,.data,,,no,,InstructionDB,100087bc,100087c0,MOV EAX,,,,,
0x100087C4,0x1003BC28,.data,,,no,,InstructionDB,100087c2,100087c7,MOV ECX,,,,,
0x100087CB,0x1003C204,.data,,,no,,InstructionDB,100087c9,100087ce,MOV EDX,,,,,
0x100087D1,0x1003BBB8,.data,,,no,,InstructionDB,100087d0,100087d4,MOV EAX,,,,,
0x100087E1,0x1003BD94,.data,,,no,,InstructionDB,100087e0,100087e4,MOV [0x1003bd94],,,,,
0x100087E7,0x1003C200,.data,,,no,,InstructionDB,100087e5,100087ea,MOV EDX,,,,,
0x100087ED,0x1003BD94,.data,,,no,,InstructionDB,100087ec,100087f0,MOV EAX,,,,,
0x100087FE,0x1003C200,.data,,,no,,InstructionDB,100087fc,10008801,MOV EDX,,,,,
0x1000880F,0x1003BD94,.data,,,no,,InstructionDB,1000880d,10008812,MOV ECX,,,,,
0x1000881F,0x1003C1F0,.data,,,no,,InstructionDB,1000881e,10008822,MOV [0x1003c1f0],,,,,
0x10008825,0x1003C1F0,.data,,,no,,InstructionDB,10008824,10008828,MOV EAX,,,,,
0x10008831,0x1003C1F0,.data,,,no,,InstructionDB,10008830,10008834,MOV [0x1003c1f0],,,,,
0x10008837,0x1003BC18,.data,,,no,,InstructionDB,10008835,1000883a,MOV dword ptr [0x1003bc18],,,,,
0x1000883E,0x1003C1F4,.data,,,no,,InstructionDB,1000883c,10008842,CMP dword ptr [0x1003c1f4],,,,,
0x10008846,0x1003C1F0,.data,,,no,,InstructionDB,10008845,10008849,MOV EAX,,,,,
0x1000884F,0x1002496C,.rdata,,,no,,InstructionDB,1000884d,10008852,MOV ECX,,,,,
0x10008857,0x10024970,.rdata,,,no,,InstructionDB,10008855,1000885a,MOV EDX,,,,,
0x10008860,0x10024974,.rdata,,,no,,InstructionDB,1000885e,10008863,MOV ECX,,,,,
0x10008869,0x10024978,.rdata,,,no,,InstructionDB,10008867,1000886c,MOV EDX,,,,,
0x10008872,0x1002497C,.rdata,,,no,,InstructionDB,10008870,10008875,MOV CL,,,,,
0x1000887B,0x1003BC18,.data,,,no,,InstructionDB,10008879,1000887e,MOV EDX,,,,,
0x10008880,0x1003C1F0,.data,,,no,,InstructionDB,1000887f,10008883,MOV EAX,,,,,
0x10008887,0x1003C1A8,.data,,,no,,InstructionDB,10008884,1000888a,MOV dword ptr [EDX*0x4 + 0x1003c1a8],,,,,
0x10008892,0x1003C1F4,.data,,,no,,InstructionDB,10008890,10008896,CMP dword ptr [0x1003c1f4],,,,,
0x1000889B,0x1003C1F0,.data,,,no,,InstructionDB,10008899,1000889e,MOV ECX,,,,,
0x100088A4,0x10024980,.rdata,,,no,,InstructionDB,100088a2,100088a7,MOV EDX,,,,,
0x100088AB,0x10024984,.rdata,,,no,,InstructionDB,100088aa,100088ae,MOV EAX,,,,,
0x100088B4,0x10024988,.rdata,,,no,,InstructionDB,100088b2,100088b7,MOV EDX,,,,,
0x100088BC,0x1002498C,.rdata,,,no,,InstructionDB,100088bb,100088bf,MOV EAX,,,,,
0x100088C5,0x10024990,.rdata,,,no,,InstructionDB,100088c3,100088c8,MOV DL,,,,,
0x100088CD,0x1003BC18,.data,,,no,,InstructionDB,100088cc,100088d0,MOV EAX,,,,,
0x100088D3,0x1003C1F0,.data,,,no,,InstructionDB,100088d1,100088d6,MOV ECX,,,,,
0x100088DA,0x1003BBC0,.data,,,no,,InstructionDB,100088d7,100088dd,MOV dword ptr [EAX*0x4 + 0x1003bbc0],,,,,
0x100088E2,0x1003C1F4,.data,,,no,,InstructionDB,100088e0,100088e6,CMP dword ptr [0x1003c1f4],,,,,
0x100088EB,0x1003C1F0,.data,,,no,,InstructionDB,100088e9,100088ee,MOV EDX,,,,,
0x100088F3,0x10024994,.rdata,,,no,,InstructionDB,100088f2,100088f6,MOV EAX,,,,,
0x100088FB,0x10024998,.rdata,,,no,,InstructionDB,100088f9,100088fe,MOV ECX,,,,,
0x10008903,0x1002499C,.rdata,,,no,,InstructionDB,10008902,10008906,MOV EAX,,,,,
0x1000890C,0x100249A0,.rdata,,,no,,InstructionDB,1000890a,1000890f,MOV ECX,,,,,
0x10008914,0x100249A4,.rdata,,,no,,InstructionDB,10008913,10008917,MOV AL,,,,,
0x1000891D,0x1003BC18,.data,,,no,,InstructionDB,1000891b,10008920,MOV ECX,,,,,
0x10008923,0x1003C1F0,.data,,,no,,InstructionDB,10008921,10008926,MOV EDX,,,,,
0x1000892A,0x1003BC30,.data,,,no,,InstructionDB,10008927,1000892d,MOV dword ptr [ECX*0x4 + 0x1003bc30],,,,,
0x10008934,0x1003C1F0,.data,,,no,,InstructionDB,10008932,10008937,MOV ECX,,,,,
0x10008942,0x1003BC18,.data,,,no,,InstructionDB,10008940,10008949,MOV dword ptr [0x1003bc18],,,,,
0x1000894D,0x1003BC18,.data,,,no,,InstructionDB,1000894c,10008950,MOV EAX,,,,,
0x10008955,0x1003BC18,.data,,,no,,InstructionDB,10008954,10008958,MOV [0x1003bc18],,,,,
0x1000895B,0x1003BC18,.data,,,no,,InstructionDB,10008959,1000895f,CMP dword ptr [0x1003bc18],,,,,
0x10008968,0x1003BC18,.data,,,no,,InstructionDB,10008966,1000896b,MOV ECX,,,,,
0x1000896F,0x1003C1A8,.data,,,no,,InstructionDB,1000896c,10008973,CMP dword ptr [ECX*0x4 + 0x1003c1a8],,,,,
0x10008978,0x1003BC18,.data,,,no,,InstructionDB,10008976,1000897b,MOV EDX,,,,,
0x1000897F,0x1003C1A8,.data,,,no,,InstructionDB,1000897c,10008982,MOV EAX,,,,,
0x10008990,0x1003BC18,.data,,,no,,InstructionDB,1000898e,10008993,MOV EDX,,,,,
0x10008997,0x1003BBC0,.data,,,no,,InstructionDB,10008994,1000899b,CMP dword ptr [EDX*0x4 + 0x1003bbc0],,,,,
0x1000899F,0x1003BC18,.data,,,no,,InstructionDB,1000899e,100089a2,MOV EAX,,,,,
0x100089A6,0x1003BBC0,.data,,,no,,InstructionDB,100089a3,100089a9,MOV ECX,,,,,
0x100089B6,0x1003BC18,.data,,,no,,InstructionDB,100089b5,100089b9,MOV EAX,,,,,
0x100089BD,0x1003BC30,.data,,,no,,InstructionDB,100089ba,100089c1,CMP dword ptr [EAX*0x4 + 0x1003bc30],,,,,
0x100089C6,0x1003BC18,.data,,,no,,InstructionDB,100089c4,100089c9,MOV ECX,,,,,
0x100089CD,0x1003BC30,.data,,,no,,InstructionDB,100089ca,100089d0,MOV EDX,,,,,
0x100089DE,0x1003BC18,.data,,,no,,InstructionDB,100089dc,100089e1,MOV ECX,,,,,
0x100089E5,0x1003C208,.data,,,no,,InstructionDB,100089e2,100089e9,CMP dword ptr [ECX*0x4 + 0x1003c208],,,,,
0x100089EE,0x1003BC18,.data,,,no,,InstructionDB,100089ec,100089f1,MOV EDX,,,,,
0x100089F5,0x1003C208,.data,,,no,,InstructionDB,100089f2,100089f8,MOV ESI,,,,,
0x100089FF,0x1003BC18,.data,,,no,,InstructionDB,100089fe,10008a02,MOV EAX,,,,,
0x10008A06,0x1003C1A8,.data,,,no,,InstructionDB,10008a03,10008a0d,MOV dword ptr [EAX*0x4 + 0x1003c1a8],,,,,
0x10008A10,0x1003BC18,.data,,,no,,InstructionDB,10008a0e,10008a13,MOV ECX,,,,,
0x10008A17,0x1003BBC0,.data,,,no,,InstructionDB,10008a14,10008a1e,MOV dword ptr [ECX*0x4 + 0x1003bbc0],,,,,
0x10008A21,0x1003BC18,.data,,,no,,InstructionDB,10008a1f,10008a24,MOV EDX,,,,,
0x10008A28,0x1003BC30,.data,,,no,,InstructionDB,10008a25,10008a2f,MOV dword ptr [EDX*0x4 + 0x1003bc30],,,,,
0x10008A31,0x1003BC18,.data,,,no,,InstructionDB,10008a30,10008a34,MOV EAX,,,,,
0x10008A38,0x1003C208,.data,,,no,,InstructionDB,10008a35,10008a3f,MOV dword ptr [EAX*0x4 + 0x1003c208],,,,,
0x10008A47,0x1003BD90,.data,,,no,,InstructionDB,10008a45,10008a4b,CMP dword ptr [0x1003bd90],,,,,
0x10008A50,0x1003BD90,.data,,,no,,InstructionDB,10008a4e,10008a53,MOV ESI,,,,,
0x10008A5B,0x1003BBB4,.data,,,no,,InstructionDB,10008a59,10008a5f,CMP dword ptr [0x1003bbb4],,,,,
0x10008A64,0x1003BBB4,.data,,,no,,InstructionDB,10008a62,10008a67,MOV ESI,,,,,
0x10008A6F,0x1003BC7C,.data,,,no,,InstructionDB,10008a6d,10008a73,CMP dword ptr [0x1003bc7c],,,,,
0x10008A78,0x1003BC7C,.data,,,no,,InstructionDB,10008a76,10008a7b,MOV ESI,,,,,
0x10008A83,0x1003BC1C,.data,,,no,,InstructionDB,10008a81,10008a87,CMP dword ptr [0x1003bc1c],,,,,
0x10008A8C,0x1003BC1C,.data,,,no,,InstructionDB,10008a8a,10008a8f,MOV ESI,,,,,
0x10008A97,0x1003BC08,.data,,,no,,InstructionDB,10008a95,10008a9b,CMP dword ptr [0x1003bc08],,,,,
0x10008AA0,0x1003BC08,.data,,,no,,InstructionDB,10008a9e,10008aa3,MOV ESI,,,,,
0x10008AAB,0x1003C1F8,.data,,,no,,InstructionDB,10008aa9,10008aaf,CMP dword ptr [0x1003c1f8],,,,,
0x10008AB4,0x1003C1F8,.data,,,no,,InstructionDB,10008ab2,10008ab7,MOV ESI,,,,,
0x10008ABF,0x1003BD90,.data,,,no,,InstructionDB,10008abd,10008ac6,MOV dword ptr [0x1003bd90],,,,,
0x10008AC9,0x1003BBB4,.data,,,no,,InstructionDB,10008ac7,10008ad0,MOV dword ptr [0x1003bbb4],,,,,
0x10008AD3,0x1003BC7C,.data,,,no,,InstructionDB,10008ad1,10008ada,MOV dword ptr [0x1003bc7c],,,,,
0x10008ADD,0x1003BC1C,.data,,,no,,InstructionDB,10008adb,10008ae4,MOV dword ptr [0x1003bc1c],,,,,
0x10008AE7,0x1003BC08,.data,,,no,,InstructionDB,10008ae5,10008aee,MOV dword ptr [0x1003bc08],,,,,
0x10008AF1,0x1003C1F8,.data,,,no,,InstructionDB,10008aef,10008af8,MOV dword ptr [0x1003c1f8],,,,,
0x10008AFB,0x1003BD9C,.data,,,no,,InstructionDB,10008af9,10008aff,CMP dword ptr [0x1003bd9c],,,,,
0x10008B04,0x1003BD9C,.data,,,no,,InstructionDB,10008b02,10008b07,MOV ECX,,,,,
0x10008B15,0x1003BDA0,.data,,,no,,InstructionDB,10008b13,10008b19,CMP dword ptr [0x1003bda0],,,,,
0x10008B1D,0x1003BDA0,.data,,,no,,InstructionDB,10008b1c,10008b20,MOV EAX,,,,,
0x10008B2E,0x1003BDA4,.data,,,no,,InstructionDB,10008b2c,10008b32,CMP dword ptr [0x1003bda4],,,,,
0x10008B37,0x1003BDA4,.data,,,no,,InstructionDB,10008b35,10008b3a,MOV EDX,,,,,
0x10008B48,0x1003BD9C,.data,,,no,,InstructionDB,10008b46,10008b4f,MOV dword ptr [0x1003bd9c],,,,,
0x10008B52,0x1003BDA0,.data,,,no,,InstructionDB,10008b50,10008b59,MOV dword ptr [0x1003bda0],,,,,
0x10008B5C,0x1003BDA4,.data,,,no,,InstructionDB,10008b5a,10008b63,MOV dword ptr [0x1003bda4],,,,,
0x10008CBA,0x100248C0,.rdata,10008cb0,FUN_10008cb0,yes,a,InstructionDB,10008cb9,10008cbd,PUSH 0x100248c0,,,,,
0x10008CD9,0x100248B4,.rdata,10008cb0,FUN_10008cb0,yes,29,InstructionDB,10008cd8,10008cdc,PUSH 0x100248b4,,,,,
0x10008CFB,0x10008CB0,.text,10008cb0,FUN_10008cb0,yes,4b,InstructionDB,10008cfa,10008cfe,PUSH 0x10008cb0,,,10008cb0,FUN_10008cb0,FUN_10008cb0
0x10008D4B,0x10024E78,.rdata,10008d20,FUN_10008d20,yes,2b,InstructionDB,10008d49,10008d4e,FMUL double ptr [0x10024e78],,,,,
0x10008D54,0x10024E70,.rdata,10008d20,FUN_10008d20,yes,34,InstructionDB,10008d52,10008d57,FSUB double ptr [0x10024e70],,,,,
0x10008D6B,0x10024E68,.rdata,10008d20,FUN_10008d20,yes,4b,InstructionDB,10008d69,10008d6e,FLD double ptr [0x10024e68],,,,,
0x10008E04,0x1003C248,.data,10008e00,FUN_10008e00,yes,4,InstructionDB,10008e02,10008e07,MOV EDI,,,,,
0x10008E49,0x1002201C,.rdata,10008e40,FUN_10008e40,yes,9,InstructionDB,10008e47,10008e4c,MOV EDI,,,,,
0x10008EBC,0x1002201C,.rdata,10008eb0,FUN_10008eb0,yes,c,InstructionDB,10008eba,10008ebf,MOV EBX,,,,,
0x10008F1E,0x1002201C,.rdata,10008f10,FUN_10008f10,yes,e,InstructionDB,10008f1c,10008f21,MOV EDI,,,,,
0x10008FBF,0x1002201C,.rdata,10008fa0,FUN_10008fa0,yes,1f,InstructionDB,10008fbd,10008fc2,MOV EBX,,,,,
0x1000907F,0x1002201C,.rdata,10009060,FUN_10009060,yes,1f,InstructionDB,1000907d,10009082,MOV EBX,,,,,
0x1000912E,0x1003C3F6,.data,10009120,FUN_10009120,yes,e,InstructionDB,1000912c,10009131,MOV dword ptr [0x1003c3f6],,,,,
0x10009135,0x1003C3F4,.data,10009120,FUN_10009120,yes,15,InstructionDB,10009132,10009138,MOV word ptr [0x1003c3f4],,,,,
0x1000913B,0x10022018,.rdata,10009120,FUN_10009120,yes,1b,InstructionDB,10009139,1000913e,CALL dword ptr [0x10022018],,,,,
0x10009186,0x1003C3F9,.data,10009120,FUN_10009120,yes,66,InstructionDB,10009184,1000918a,MOV byte ptr [0x1003c3f9],,,,,
0x1000918D,0x1003C3F4,.data,10009120,FUN_10009120,yes,6d,InstructionDB,1000918b,10009194,MOV dword ptr [0x1003c3f4],,,,,
0x100091A0,0x1003C3F9,.data,10009120,FUN_10009120,yes,80,InstructionDB,1000919e,100091a3,MOV byte ptr [0x1003c3f9],,,,,
0x100091A6,0x1003C3F4,.data,10009120,FUN_10009120,yes,86,InstructionDB,100091a4,100091ad,MOV dword ptr [0x1003c3f4],,,,,
0x100091B9,0x1003C3F4,.data,10009120,FUN_10009120,yes,99,InstructionDB,100091b7,100091c0,MOV dword ptr [0x1003c3f4],,,,,
0x100091C3,0x1003C3F9,.data,10009120,FUN_10009120,yes,a3,InstructionDB,100091c1,100091c6,MOV byte ptr [0x1003c3f9],,,,,
0x100091EF,0x1002201C,.rdata,10009120,FUN_10009120,yes,cf,InstructionDB,100091ed,100091f2,MOV EDI,,,,,
0x10009203,0x1003C3F4,.data,10009120,FUN_10009120,yes,e3,InstructionDB,10009201,1000920a,MOV dword ptr [0x1003c3f4],,,,,
0x1000920D,0x1003C3F9,.data,10009120,FUN_10009120,yes,ed,InstructionDB,1000920b,10009210,MOV byte ptr [0x1003c3f9],,,,,
0x10009253,0x1003C3F8,.data,10009120,FUN_10009120,yes,133,InstructionDB,10009251,10009256,MOV byte ptr [0x1003c3f8],,,,,
0x10009260,0x1003C3F4,.data,10009120,FUN_10009120,yes,140,InstructionDB,1000925e,10009267,MOV dword ptr [0x1003c3f4],,,,,
0x1000926A,0x1003C3F9,.data,10009120,FUN_10009120,yes,14a,InstructionDB,10009268,1000926d,MOV byte ptr [0x1003c3f9],,,,,
0x10009279,0x1003C3F4,.data,10009120,FUN_10009120,yes,159,InstructionDB,10009277,10009280,MOV dword ptr [0x1003c3f4],,,,,
0x10009283,0x1003C3F9,.data,10009120,FUN_10009120,yes,163,InstructionDB,10009281,10009286,MOV byte ptr [0x1003c3f9],,,,,
0x100092B5,0x1003C3F4,.data,10009120,FUN_10009120,yes,195,InstructionDB,100092b3,100092bc,MOV dword ptr [0x1003c3f4],,,,,
0x100092BF,0x1003C3F9,.data,10009120,FUN_10009120,yes,19f,InstructionDB,100092bd,100092c2,MOV byte ptr [0x1003c3f9],,,,,
0x100092CE,0x1003C3F4,.data,10009120,FUN_10009120,yes,1ae,InstructionDB,100092cc,100092d5,MOV dword ptr [0x1003c3f4],,,,,
0x100092D8,0x1003C3F9,.data,10009120,FUN_10009120,yes,1b8,InstructionDB,100092d6,100092db,MOV byte ptr [0x1003c3f9],,,,,
0x100092E7,0x1003C3F4,.data,10009120,FUN_10009120,yes,1c7,InstructionDB,100092e5,100092ee,MOV dword ptr [0x1003c3f4],,,,,
0x100092F1,0x1003C3F9,.data,10009120,FUN_10009120,yes,1d1,InstructionDB,100092ef,100092f4,MOV byte ptr [0x1003c3f9],,,,,
0x10009325,0x1003C3F4,.data,10009120,FUN_10009120,yes,205,InstructionDB,10009323,1000932c,MOV dword ptr [0x1003c3f4],,,,,
0x1000932F,0x1003C3F9,.data,10009120,FUN_10009120,yes,20f,InstructionDB,1000932d,10009333,MOV byte ptr [0x1003c3f9],,,,,
0x10009341,0x1003C3F4,.data,10009120,FUN_10009120,yes,221,InstructionDB,1000933f,10009348,MOV dword ptr [0x1003c3f4],,,,,
0x1000934B,0x1003C3F9,.data,10009120,FUN_10009120,yes,22b,InstructionDB,10009349,1000934f,MOV byte ptr [0x1003c3f9],,,,,
0x10009362,0x1003C3FC,.data,10009360,FUN_10009360,yes,2,InstructionDB,10009360,10009366,TEST byte ptr [0x1003c3fc],,,,,
0x1000936B,0x1003C3FC,.data,10009360,FUN_10009360,yes,b,InstructionDB,10009369,1000936f,OR dword ptr [0x1003c3fc],,,,,
0x10009371,0x10020A80,.text,10009360,FUN_10009360,yes,11,InstructionDB,10009370,10009374,PUSH 0x10020a80,,,10020a80,thunk_FUN_10009580,thunk_FUN_10009580
0x10009377,0x1003C3E8,.data,10009360,FUN_10009360,yes,17,InstructionDB,10009375,1000937e,MOV dword ptr [0x1003c3e8],,,,,
0x10009381,0x1003C3EC,.data,10009360,FUN_10009360,yes,21,InstructionDB,1000937f,10009388,MOV dword ptr [0x1003c3ec],,,,,
0x10009393,0x1003C3EC,.data,10009360,FUN_10009360,yes,33,InstructionDB,10009391,10009396,MOV ECX,,,,,
0x10009398,0x1003C3E8,.data,10009360,FUN_10009360,yes,38,InstructionDB,10009397,1000939b,MOV EAX,,,,,
0x100093AB,0x10024C18,.rdata,10009360,FUN_10009360,yes,4b,InstructionDB,100093aa,100093ae,PUSH 0x10024c18,,,,,
0x100093B8,0x10022058,.rdata,10009360,FUN_10009360,yes,58,InstructionDB,100093b6,100093bb,CALL dword ptr [0x10022058],,,,,
0x100093BE,0x1003C3EC,.data,10009360,FUN_10009360,yes,5e,InstructionDB,100093bc,100093c1,MOV ECX,,,,,
0x100093C3,0x1003C3E8,.data,10009360,FUN_10009360,yes,63,InstructionDB,100093c2,100093c6,MOV [0x1003c3e8],,,,,
0x100093DA,0x10022038,.rdata,10009360,FUN_10009360,yes,7a,InstructionDB,100093d8,100093dd,CALL dword ptr [0x10022038],,,,,
0x100093E2,0x1003C3EC,.data,10009360,FUN_10009360,yes,82,InstructionDB,100093e0,100093e5,MOV dword ptr [0x1003c3ec],,,,,
0x100093EB,0x1003C3E8,.data,10009360,FUN_10009360,yes,8b,InstructionDB,100093ea,100093ee,MOV EAX,,,,,
0x10009407,0x1003C3E8,.data,10009360,FUN_10009360,yes,a7,InstructionDB,10009406,1000940a,MOV ESI,,,,,
0x10009412,0x1003C3EC,.data,10009360,FUN_10009360,yes,b2,InstructionDB,10009410,10009415,MOV ECX,,,,,
0x10009417,0x1003C3E8,.data,10009360,FUN_10009360,yes,b7,InstructionDB,10009416,1000941a,MOV EAX,,,,,
0x10009449,0x10024C18,.rdata,10009430,FUN_10009430,yes,19,InstructionDB,10009448,1000944c,PUSH 0x10024c18,,,,,
0x10009456,0x10022058,.rdata,10009430,FUN_10009430,yes,26,InstructionDB,10009454,10009459,CALL dword ptr [0x10022058],,,,,
0x10009476,0x10022038,.rdata,10009430,FUN_10009430,yes,46,InstructionDB,10009474,10009479,CALL dword ptr [0x10022038],,,,,
0x100094D6,0x10024C18,.rdata,100094d0,FUN_100094d0,yes,6,InstructionDB,100094d5,100094d9,PUSH 0x10024c18,,,,,
0x100094EC,0x10022050,.rdata,100094d0,FUN_100094d0,yes,1c,InstructionDB,100094ea,100094ef,CALL dword ptr [0x10022050],,,,,
0x1000950C,0x10022038,.rdata,100094d0,FUN_100094d0,yes,3c,InstructionDB,1000950a,1000950f,CALL dword ptr [0x10022038],,,,,
0x1000951E,0x1002204C,.rdata,100094d0,FUN_100094d0,yes,4e,InstructionDB,1000951c,10009521,CALL dword ptr [0x1002204c],,,,,
0x10009568,0x10022040,.rdata,100094d0,FUN_100094d0,yes,98,InstructionDB,10009566,1000956b,CALL dword ptr [0x10022040],,,,,
0x10009582,0x1003C3E8,.data,10009580,FUN_10009580,yes,2,InstructionDB,10009580,10009586,CMP dword ptr [0x1003c3e8],,,,,
0x1000958A,0x1003C3EC,.data,10009580,FUN_10009580,yes,a,InstructionDB,10009589,1000958d,MOV EAX,,,,,
0x10009596,0x1002203C,.rdata,10009580,FUN_10009580,yes,16,InstructionDB,10009594,10009599,CALL dword ptr [0x1002203c],,,,,
0x1000959B,0x1003C3E8,.data,10009580,FUN_10009580,yes,1b,InstructionDB,1000959a,1000959e,MOV EAX,,,,,
0x100095A1,0x10022054,.rdata,10009580,FUN_10009580,yes,21,InstructionDB,1000959f,100095a4,MOV ESI,,,,,
0x100095A8,0x1003C3EC,.data,10009580,FUN_10009580,yes,28,InstructionDB,100095a6,100095af,MOV dword ptr [0x1003c3ec],,,,,
0x100095B3,0x10024C18,.rdata,10009580,FUN_10009580,yes,33,InstructionDB,100095b2,100095b6,PUSH 0x10024c18,,,,,
0x100095C0,0x1003C3E8,.data,10009580,FUN_10009580,yes,40,InstructionDB,100095be,100095c7,MOV dword ptr [0x1003c3e8],,,,,
0x100095CA,0x10022058,.rdata,10009580,FUN_10009580,yes,4a,InstructionDB,100095c8,100095cd,CALL dword ptr [0x10022058],,,,,
0x100095DB,0x10022048,.rdata,10009580,FUN_10009580,yes,5b,InstructionDB,100095d9,100095de,CALL dword ptr [0x10022048],,,,,
0x100095F3,0x10024C28,.rdata,100095f0,FUN_100095f0,yes,3,InstructionDB,100095f2,100095f6,PUSH 0x10024c28,,,,,
0x100095F8,0x10024C34,.rdata,100095f0,FUN_100095f0,yes,8,InstructionDB,100095f7,100095fb,PUSH 0x10024c34,,,,,
0x10009600,0x10022144,.rdata,100095f0,FUN_100095f0,yes,10,InstructionDB,100095fe,10009603,CALL dword ptr [0x10022144],,,,,
0x1000960B,0x10022034,.rdata,100095f0,FUN_100095f0,yes,1b,InstructionDB,10009609,1000960e,CALL dword ptr [0x10022034],,,,,
0x1000961E,0x1003C400,.data,10009610,FUN_10009610,yes,e,InstructionDB,1000961c,10009622,TEST byte ptr [0x1003c400],,,,,
0x1000962B,0x1003C400,.data,10009610,FUN_10009610,yes,1b,InstructionDB,10009629,1000962f,OR dword ptr [0x1003c400],,,,,
0x10009632,0x1003C3F0,.data,10009610,FUN_10009610,yes,22,InstructionDB,10009630,10009639,MOV dword ptr [0x1003c3f0],,,,,
0x10009636,0x10024C04,.rdata,10009610,FUN_10009610,yes,26,InstructionDB,10009630,10009639,MOV dword ptr [0x1003c3f0],,,,,
0x1000963C,0x1003C3F9,.data,10009610,FUN_10009610,yes,2c,InstructionDB,1000963a,1000963f,MOV byte ptr [0x1003c3f9],,,,,
0x10009642,0x1003C3F8,.data,10009610,FUN_10009610,yes,32,InstructionDB,10009640,10009645,MOV byte ptr [0x1003c3f8],,,,,
0x10009648,0x1003C3F7,.data,10009610,FUN_10009610,yes,38,InstructionDB,10009646,1000964b,MOV byte ptr [0x1003c3f7],,,,,
0x1000964E,0x1003C3F6,.data,10009610,FUN_10009610,yes,3e,InstructionDB,1000964c,10009651,MOV byte ptr [0x1003c3f6],,,,,
0x10009654,0x1003C3F5,.data,10009610,FUN_10009610,yes,44,InstructionDB,10009652,10009657,MOV byte ptr [0x1003c3f5],,,,,
0x1000965A,0x1003C3F4,.data,10009610,FUN_10009610,yes,4a,InstructionDB,10009658,1000965d,MOV byte ptr [0x1003c3f4],,,,,
0x1000967B,0x1003C400,.data,10009610,FUN_10009610,yes,6b,InstructionDB,10009679,1000967f,TEST byte ptr [0x1003c400],,,,,
0x1000968A,0x1003C400,.data,10009610,FUN_10009610,yes,7a,InstructionDB,10009688,1000968e,OR dword ptr [0x1003c400],,,,,
0x10009691,0x1003C3F0,.data,10009610,FUN_10009610,yes,81,InstructionDB,1000968f,10009698,MOV dword ptr [0x1003c3f0],,,,,
0x10009695,0x10024C04,.rdata,10009610,FUN_10009610,yes,85,InstructionDB,1000968f,10009698,MOV dword ptr [0x1003c3f0],,,,,
0x1000969B,0x1003C3F9,.data,10009610,FUN_10009610,yes,8b,InstructionDB,10009699,1000969e,MOV byte ptr [0x1003c3f9],,,,,
0x100096A1,0x1003C3F8,.data,10009610,FUN_10009610,yes,91,InstructionDB,1000969f,100096a4,MOV byte ptr [0x1003c3f8],,,,,
0x100096A7,0x1003C3F7,.data,10009610,FUN_10009610,yes,97,InstructionDB,100096a5,100096aa,MOV byte ptr [0x1003c3f7],,,,,
0x100096AD,0x1003C3F6,.data,10009610,FUN_10009610,yes,9d,InstructionDB,100096ab,100096b0,MOV byte ptr [0x1003c3f6],,,,,
0x100096B3,0x1003C3F5,.data,10009610,FUN_10009610,yes,a3,InstructionDB,100096b1,100096b6,MOV byte ptr [0x1003c3f5],,,,,
0x100096B9,0x1003C3F4,.data,10009610,FUN_10009610,yes,a9,InstructionDB,100096b7,100096bc,MOV byte ptr [0x1003c3f4],,,,,
0x100096EB,0x1003C400,.data,100096e0,FUN_100096e0,yes,b,InstructionDB,100096e9,100096ef,TEST byte ptr [0x1003c400],,,,,
0x100096F5,0x1003C400,.data,100096e0,FUN_100096e0,yes,15,InstructionDB,100096f3,100096f9,OR dword ptr [0x1003c400],,,,,
0x100096FC,0x1003C3F0,.data,100096e0,FUN_100096e0,yes,1c,InstructionDB,100096fa,10009703,MOV dword ptr [0x1003c3f0],,,,,
0x10009700,0x10024C04,.rdata,100096e0,FUN_100096e0,yes,20,InstructionDB,100096fa,10009703,MOV dword ptr [0x1003c3f0],,,,,
0x10009706,0x1003C3F6,.data,100096e0,FUN_100096e0,yes,26,InstructionDB,10009704,10009709,MOV dword ptr [0x1003c3f6],,,,,
0x1000970D,0x1003C3F4,.data,100096e0,FUN_100096e0,yes,2d,InstructionDB,1000970a,10009710,MOV word ptr [0x1003c3f4],,,,,
0x10009718,0x1003C400,.data,100096e0,FUN_100096e0,yes,38,InstructionDB,10009716,1000971c,TEST byte ptr [0x1003c400],,,,,
0x1000972E,0x1003C400,.data,100096e0,FUN_100096e0,yes,4e,InstructionDB,1000972c,10009732,OR dword ptr [0x1003c400],,,,,
0x10009735,0x1003C3F0,.data,100096e0,FUN_100096e0,yes,55,InstructionDB,10009733,1000973c,MOV dword ptr [0x1003c3f0],,,,,
0x10009739,0x10024C04,.rdata,100096e0,FUN_100096e0,yes,59,InstructionDB,10009733,1000973c,MOV dword ptr [0x1003c3f0],,,,,
0x1000973F,0x1003C3F6,.data,100096e0,FUN_100096e0,yes,5f,InstructionDB,1000973d,10009742,MOV dword ptr [0x1003c3f6],,,,,
0x10009746,0x1003C3F4,.data,100096e0,FUN_100096e0,yes,66,InstructionDB,10009743,10009749,MOV word ptr [0x1003c3f4],,,,,
0x1000979B,0x100098E0,.text,10009790,FUN_10009790,yes,b,InstructionDB,1000979a,1000979e,MOV ECX,,,,,LAB_100098e0
0x100097AF,0x100098F0,.text,10009790,FUN_10009790,yes,1f,InstructionDB,100097ae,100097b2,MOV ECX,,,,,LAB_100098f0
0x100097C3,0x10009900,.text,10009790,FUN_10009790,yes,33,InstructionDB,100097c2,100097c6,MOV ECX,,,,,LAB_10009900
0x100097D7,0x10009910,.text,10009790,FUN_10009790,yes,47,InstructionDB,100097d6,100097da,MOV ECX,,,,,LAB_10009910
0x100097EB,0x10009920,.text,10009790,FUN_10009790,yes,5b,InstructionDB,100097ea,100097ee,MOV ECX,,,,,LAB_10009920
0x100097FF,0x10009930,.text,10009790,FUN_10009790,yes,6f,InstructionDB,100097fe,10009802,MOV ECX,,,,,LAB_10009930
0x10009813,0x10009940,.text,10009790,FUN_10009790,yes,83,InstructionDB,10009812,10009816,MOV ECX,,,,,LAB_10009940
0x10009827,0x10009950,.text,10009790,FUN_10009790,yes,97,InstructionDB,10009826,1000982a,MOV ECX,,,,,LAB_10009950
0x1000983B,0x10009960,.text,10009790,FUN_10009790,yes,ab,InstructionDB,1000983a,1000983e,MOV ECX,,,,,LAB_10009960
0x1000984F,0x10009970,.text,10009790,FUN_10009790,yes,bf,InstructionDB,1000984e,10009852,MOV ECX,,,,,LAB_10009970
0x10009863,0x10009980,.text,10009790,FUN_10009790,yes,d3,InstructionDB,10009862,10009866,MOV ECX,,,,,LAB_10009980
0x10009877,0x10009990,.text,10009790,FUN_10009790,yes,e7,InstructionDB,10009876,1000987a,MOV ECX,,,,,LAB_10009990
0x1000988B,0x100099A0,.text,10009790,FUN_10009790,yes,fb,InstructionDB,1000988a,1000988e,MOV ECX,,,,,LAB_100099a0
0x1000989F,0x100099B0,.text,10009790,FUN_10009790,yes,10f,InstructionDB,1000989e,100098a2,MOV ECX,,,,,LAB_100099b0
0x100098B3,0x100099C0,.text,10009790,FUN_10009790,yes,123,InstructionDB,100098b2,100098b6,MOV ECX,,,,,LAB_100099c0
0x100098C7,0x100099D0,.text,10009790,FUN_10009790,yes,137,InstructionDB,100098c6,100098ca,MOV ECX,,,,,LAB_100099d0
0x10009AF9,0x10024C98,.rdata,10009af0,FUN_10009af0,yes,9,InstructionDB,10009af7,10009afc,MOV dword ptr [ESI],,,,,
0x10009B59,0x10024CB0,.rdata,10009b50,FUN_10009b50,yes,9,InstructionDB,10009b57,10009b5c,MOV dword ptr [ESI],,,,,
0x10009BB9,0x10024CC8,.rdata,10009bb0,FUN_10009bb0,yes,9,InstructionDB,10009bb7,10009bbc,MOV dword ptr [ESI],,,,,
0x10009C19,0x10024CE0,.rdata,10009c10,FUN_10009c10,yes,9,InstructionDB,10009c17,10009c1c,MOV dword ptr [ESI],,,,,
0x10009C79,0x10024CF8,.rdata,10009c70,FUN_10009c70,yes,9,InstructionDB,10009c77,10009c7c,MOV dword ptr [ESI],,,,,
0x10009CD9,0x10024D10,.rdata,10009cd0,FUN_10009cd0,yes,9,InstructionDB,10009cd7,10009cdc,MOV dword ptr [ESI],,,,,
0x10009D39,0x10024D28,.rdata,10009d30,FUN_10009d30,yes,9,InstructionDB,10009d37,10009d3c,MOV dword ptr [ESI],,,,,
0x10009D99,0x10024D40,.rdata,10009d90,FUN_10009d90,yes,9,InstructionDB,10009d97,10009d9c,MOV dword ptr [ESI],,,,,
0x10009DF9,0x10024D58,.rdata,10009df0,FUN_10009df0,yes,9,InstructionDB,10009df7,10009dfc,MOV dword ptr [ESI],,,,,
0x10009E59,0x10024D70,.rdata,10009e50,FUN_10009e50,yes,9,InstructionDB,10009e57,10009e5c,MOV dword ptr [ESI],,,,,
0x10009EB9,0x10024D88,.rdata,10009eb0,FUN_10009eb0,yes,9,InstructionDB,10009eb7,10009ebc,MOV dword ptr [ESI],,,,,
0x10009F19,0x10024DA0,.rdata,10009f10,FUN_10009f10,yes,9,InstructionDB,10009f17,10009f1c,MOV dword ptr [ESI],,,,,
0x10009F79,0x10024DB8,.rdata,10009f70,FUN_10009f70,yes,9,InstructionDB,10009f77,10009f7c,MOV dword ptr [ESI],,,,,
0x10009FD9,0x10024DD0,.rdata,10009fd0,FUN_10009fd0,yes,9,InstructionDB,10009fd7,10009fdc,MOV dword ptr [ESI],,,,,
0x1000A039,0x10024C80,.rdata,1000a030,FUN_1000a030,yes,9,InstructionDB,1000a037,1000a03c,MOV dword ptr [ESI],,,,,
0x1000A093,0x1003C32C,.data,1000a090,FUN_1000a090,yes,3,InstructionDB,1000a092,1000a096,MOV [0x1003c32c],,,,,
0x1000A098,0x1003C330,.data,1000a090,FUN_1000a090,yes,8,InstructionDB,1000a097,1000a09b,MOV [0x1003c330],,,,,
0x1000A09D,0x1003C334,.data,1000a090,FUN_1000a090,yes,d,InstructionDB,1000a09c,1000a0a0,MOV [0x1003c334],,,,,
0x1000A0A2,0x1003C338,.data,1000a090,FUN_1000a090,yes,12,InstructionDB,1000a0a1,1000a0a5,MOV [0x1003c338],,,,,
0x1000A0A7,0x1003C33C,.data,1000a090,FUN_1000a090,yes,17,InstructionDB,1000a0a6,1000a0aa,MOV [0x1003c33c],,,,,
0x1000A0AC,0x1003C340,.data,1000a090,FUN_1000a090,yes,1c,InstructionDB,1000a0ab,1000a0af,MOV [0x1003c340],,,,,
0x1000A0B1,0x1003C344,.data,1000a090,FUN_1000a090,yes,21,InstructionDB,1000a0b0,1000a0b4,MOV [0x1003c344],,,,,
0x1000A0B6,0x1003C348,.data,1000a090,FUN_1000a090,yes,26,InstructionDB,1000a0b5,1000a0b9,MOV [0x1003c348],,,,,
0x1000A0BB,0x1003C34C,.data,1000a090,FUN_1000a090,yes,2b,InstructionDB,1000a0ba,1000a0be,MOV [0x1003c34c],,,,,
0x1000A0C0,0x1003C350,.data,1000a090,FUN_1000a090,yes,30,InstructionDB,1000a0bf,1000a0c3,MOV [0x1003c350],,,,,
0x1000A0C5,0x1003C354,.data,1000a090,FUN_1000a090,yes,35,InstructionDB,1000a0c4,1000a0c8,MOV [0x1003c354],,,,,
0x1000A0CA,0x1003C358,.data,1000a090,FUN_1000a090,yes,3a,InstructionDB,1000a0c9,1000a0cd,MOV [0x1003c358],,,,,
0x1000A0CF,0x1003C35C,.data,1000a090,FUN_1000a090,yes,3f,InstructionDB,1000a0ce,1000a0d2,MOV [0x1003c35c],,,,,
0x1000A0D4,0x1003C360,.data,1000a090,FUN_1000a090,yes,44,InstructionDB,1000a0d3,1000a0d7,MOV [0x1003c360],,,,,
0x1000A0D9,0x1003C364,.data,1000a090,FUN_1000a090,yes,49,InstructionDB,1000a0d8,1000a0dc,MOV [0x1003c364],,,,,
0x1000A0DE,0x1003C368,.data,1000a090,FUN_1000a090,yes,4e,InstructionDB,1000a0dd,1000a0e1,MOV [0x1003c368],,,,,
0x1000A0E3,0x1003C36C,.data,1000a090,FUN_1000a090,yes,53,InstructionDB,1000a0e2,1000a0e6,MOV [0x1003c36c],,,,,
0x1000A0E8,0x1003C370,.data,1000a090,FUN_1000a090,yes,58,InstructionDB,1000a0e7,1000a0eb,MOV [0x1003c370],,,,,
0x1000A0ED,0x1003C374,.data,1000a090,FUN_1000a090,yes,5d,InstructionDB,1000a0ec,1000a0f0,MOV [0x1003c374],,,,,
0x1000A0F2,0x1003C37C,.data,1000a090,FUN_1000a090,yes,62,InstructionDB,1000a0f1,1000a0f5,MOV [0x1003c37c],,,,,
0x1000A0F7,0x1003C380,.data,1000a090,FUN_1000a090,yes,67,InstructionDB,1000a0f6,1000a0fa,MOV [0x1003c380],,,,,
0x1000A0FC,0x1003C384,.data,1000a090,FUN_1000a090,yes,6c,InstructionDB,1000a0fb,1000a0ff,MOV [0x1003c384],,,,,
0x1000A102,0x1003C328,.data,1000a090,FUN_1000a090,yes,72,InstructionDB,1000a100,1000a109,MOV dword ptr [0x1003c328],,,,,
0x1000A106,0x10024C80,.rdata,1000a090,FUN_1000a090,yes,76,InstructionDB,1000a100,1000a109,MOV dword ptr [0x1003c328],,,,,
0x1000A10B,0x1003C328,.data,1000a090,FUN_1000a090,yes,7b,InstructionDB,1000a10a,1000a10e,MOV EAX,,,,,
0x1000A119,0x10024DE8,.rdata,1000a110,FUN_1000a110,yes,9,InstructionDB,1000a117,1000a11c,MOV dword ptr [ESI],,,,,
0x1000A179,0x10024E00,.rdata,1000a170,FUN_1000a170,yes,9,InstructionDB,1000a177,1000a17c,MOV dword ptr [ESI],,,,,
0x1000A1D9,0x10024E18,.rdata,1000a1d0,FUN_1000a1d0,yes,9,InstructionDB,1000a1d7,1000a1dc,MOV dword ptr [ESI],,,,,
0x1000A239,0x10024E30,.rdata,1000a230,FUN_1000a230,yes,9,InstructionDB,1000a237,1000a23c,MOV dword ptr [ESI],,,,,
0x1000A299,0x10024E48,.rdata,1000a290,FUN_1000a290,yes,9,InstructionDB,1000a297,1000a29c,MOV dword ptr [ESI],,,,,
0x1000A2F9,0x10024E60,.rdata,1000a2f0,FUN_1000a2f0,yes,9,InstructionDB,1000a2f7,1000a2fc,MOV dword ptr [ESI],,,,,
0x1000A352,0x1003C3FC,.data,1000a350,FUN_1000a350,yes,2,InstructionDB,1000a350,1000a356,TEST byte ptr [0x1003c3fc],,,,,
0x1000A35B,0x1003C3FC,.data,1000a350,FUN_1000a350,yes,b,InstructionDB,1000a359,1000a35f,OR dword ptr [0x1003c3fc],,,,,
0x1000A361,0x10020A80,.text,1000a350,FUN_1000a350,yes,11,InstructionDB,1000a360,1000a364,PUSH 0x10020a80,,,10020a80,thunk_FUN_10009580,thunk_FUN_10009580
0x1000A367,0x1003C3E8,.data,1000a350,FUN_1000a350,yes,17,InstructionDB,1000a365,1000a36e,MOV dword ptr [0x1003c3e8],,,,,
0x1000A371,0x1003C3EC,.data,1000a350,FUN_1000a350,yes,21,InstructionDB,1000a36f,1000a378,MOV dword ptr [0x1003c3ec],,,,,
0x1000A382,0x1003C3EC,.data,1000a350,FUN_1000a350,yes,32,InstructionDB,1000a381,1000a385,MOV EAX,,,,,
0x1000A388,0x1003C3E8,.data,1000a350,FUN_1000a350,yes,38,InstructionDB,1000a386,1000a38b,MOV ECX,,,,,
0x1000A39D,0x10024C18,.rdata,1000a350,FUN_1000a350,yes,4d,InstructionDB,1000a39c,1000a3a0,PUSH 0x10024c18,,,,,
0x1000A3AA,0x10022058,.rdata,1000a350,FUN_1000a350,yes,5a,InstructionDB,1000a3a8,1000a3ad,CALL dword ptr [0x10022058],,,,,
0x1000A3B1,0x1003C3EC,.data,1000a350,FUN_1000a350,yes,61,InstructionDB,1000a3b0,1000a3b4,MOV EAX,,,,,
0x1000A3B7,0x1003C3E8,.data,1000a350,FUN_1000a350,yes,67,InstructionDB,1000a3b5,1000a3ba,MOV dword ptr [0x1003c3e8],,,,,
0x1000A3CE,0x10022038,.rdata,1000a350,FUN_1000a350,yes,7e,InstructionDB,1000a3cc,1000a3d1,CALL dword ptr [0x10022038],,,,,
0x1000A3D3,0x1003C3EC,.data,1000a350,FUN_1000a350,yes,83,InstructionDB,1000a3d2,1000a3d6,MOV [0x1003c3ec],,,,,
0x1000A3DD,0x1003C3E8,.data,1000a350,FUN_1000a350,yes,8d,InstructionDB,1000a3db,1000a3e0,MOV ECX,,,,,
0x1000A3F8,0x1003C3E8,.data,1000a350,FUN_1000a350,yes,a8,InstructionDB,1000a3f7,1000a3fb,MOV ESI,,,,,
0x1000A402,0x1003C3EC,.data,1000a350,FUN_1000a350,yes,b2,InstructionDB,1000a401,1000a405,MOV EAX,,,,,
0x1000A408,0x1003C3E8,.data,1000a350,FUN_1000a350,yes,b8,InstructionDB,1000a406,1000a40b,MOV ECX,,,,,
0x1000A423,0x10022040,.rdata,1000a350,FUN_1000a350,yes,d3,InstructionDB,1000a421,1000a426,CALL dword ptr [0x10022040],,,,,
0x1000A42A,0x10024400,.rdata,1000a350,FUN_1000a350,yes,da,InstructionDB,1000a429,1000a42d,MOV EAX,,,,,
0x1000A43E,0x100243E0,.rdata,1000a350,FUN_1000a350,yes,ee,InstructionDB,1000a43d,1000a441,MOV EAX,,,,,
0x1000A452,0x10024408,.rdata,1000a350,FUN_1000a350,yes,102,InstructionDB,1000a451,1000a455,MOV EAX,,,,,
0x1000A46B,0x100243F8,.rdata,1000a350,FUN_1000a350,yes,11b,InstructionDB,1000a46a,1000a46e,MOV EAX,,,,,
0x1000A518,0x10024394,.rdata,1000a4f0,FUN_1000a4f0,yes,28,InstructionDB,1000a517,1000a51b,MOV EDX,,,,,
0x1000A563,0x1000A618,.text,1000a560,FUN_1000a560,yes,3,InstructionDB,1000a560,1000a566,JMP dword ptr [ECX*0x4 + 0x1000a618],,,,,PTR_LAB_1000a618
0x1000A618,0x1000A567,.text,,,no,,DataDB,1000a618,1000a61b,,PTR_LAB_1000a618,1000a560:DATA@1000a560:FUN_1000a560,,,LAB_1000a567
0x1000A61C,0x1000A56E,.text,,,no,,DataDB,1000a61c,1000a61f,,,,,,LAB_1000a56e
0x1000A620,0x1000A575,.text,,,no,,DataDB,1000a620,1000a623,,,,,,LAB_1000a575
0x1000A624,0x1000A57C,.text,,,no,,DataDB,1000a624,1000a627,,,,,,LAB_1000a57c
0x1000A628,0x1000A615,.text,,,no,,DataDB,1000a628,1000a62b,,,,,,LAB_1000a615
0x1000A62C,0x1000A583,.text,,,no,,DataDB,1000a62c,1000a62f,,,,,,LAB_1000a583
0x1000A630,0x1000A58A,.text,,,no,,DataDB,1000a630,1000a633,,,,,,LAB_1000a58a
0x1000A634,0x1000A591,.text,,,no,,DataDB,1000a634,1000a637,,,,,,LAB_1000a591
0x1000A638,0x1000A598,.text,,,no,,DataDB,1000a638,1000a63b,,,,,,LAB_1000a598
0x1000A63C,0x1000A59F,.text,,,no,,DataDB,1000a63c,1000a63f,,,,,,LAB_1000a59f
0x1000A640,0x1000A5A6,.text,,,no,,DataDB,1000a640,1000a643,,,,,,LAB_1000a5a6
0x1000A644,0x1000A5AD,.text,,,no,,DataDB,1000a644,1000a647,,,,,,LAB_1000a5ad
0x1000A648,0x1000A5B4,.text,,,no,,DataDB,1000a648,1000a64b,,,,,,LAB_1000a5b4
0x1000A64C,0x1000A5BB,.text,,,no,,DataDB,1000a64c,1000a64f,,,,,,LAB_1000a5bb
0x1000A650,0x1000A5C2,.text,,,no,,DataDB,1000a650,1000a653,,,,,,LAB_1000a5c2
0x1000A654,0x1000A5C9,.text,,,no,,DataDB,1000a654,1000a657,,,,,,LAB_1000a5c9
0x1000A658,0x1000A5D0,.text,,,no,,DataDB,1000a658,1000a65b,,,,,,LAB_1000a5d0
0x1000A65C,0x1000A5D7,.text,,,no,,DataDB,1000a65c,1000a65f,,,,,,LAB_1000a5d7
0x1000A660,0x1000A5DE,.text,,,no,,DataDB,1000a660,1000a663,,,,,,LAB_1000a5de
0x1000A664,0x1000A60F,.text,,,no,,DataDB,1000a664,1000a667,,,,,,LAB_1000a60f
0x1000A668,0x1000A5E5,.text,,,no,,DataDB,1000a668,1000a66b,,,,,,LAB_1000a5e5
0x1000A66C,0x1000A5EC,.text,,,no,,DataDB,1000a66c,1000a66f,,,,,,LAB_1000a5ec
0x1000A670,0x1000A5F3,.text,,,no,,DataDB,1000a670,1000a673,,,,,,LAB_1000a5f3
0x1000A674,0x1000A5FA,.text,,,no,,DataDB,1000a674,1000a677,,,,,,LAB_1000a5fa
0x1000A678,0x1000A601,.text,,,no,,DataDB,1000a678,1000a67b,,,,,,LAB_1000a601
0x1000A67C,0x1000A608,.text,,,no,,DataDB,1000a67c,1000a67f,,,,,,LAB_1000a608
0x1000A685,0x1003C390,.data,1000a680,FUN_1000a680,yes,5,InstructionDB,1000a683,1000a689,CMP dword ptr [0x1003c390],,,,,
0x1000A68D,0x1003C328,.data,1000a680,FUN_1000a680,yes,d,InstructionDB,1000a68c,1000a690,MOV EAX,,,,,
0x1000A69D,0x1003C328,.data,1000a680,FUN_1000a680,yes,1d,InstructionDB,1000a69c,1000a6a0,MOV ECX,,,,,
0x1000A6A5,0x1003C390,.data,1000a680,FUN_1000a680,yes,25,InstructionDB,1000a6a3,1000a6a8,MOV dword ptr [0x1003c390],,,,,
0x1000A6AC,0x1003C370,.data,1000a680,FUN_1000a680,yes,2c,InstructionDB,1000a6ab,1000a6af,MOV EAX,,,,,
0x1000A6BB,0x1003C36C,.data,1000a680,FUN_1000a680,yes,3b,InstructionDB,1000a6b9,1000a6be,MOV ECX,,,,,
0x1000A6CD,0x1003C374,.data,1000a680,FUN_1000a680,yes,4d,InstructionDB,1000a6cb,1000a6d0,CMP EAX,,,,,
0x1000A6D4,0x1003C36C,.data,1000a680,FUN_1000a680,yes,54,InstructionDB,1000a6d3,1000a6d7,MOV EAX,,,,,
0x1000A6DE,0x1003C370,.data,1000a680,FUN_1000a680,yes,5e,InstructionDB,1000a6dd,1000a6e1,MOV EAX,,,,,
0x1000A6E4,0x1003C36C,.data,1000a680,FUN_1000a680,yes,64,InstructionDB,1000a6e2,1000a6e7,MOV ECX,,,,,
0x1000A6F2,0x1003C370,.data,1000a680,FUN_1000a680,yes,72,InstructionDB,1000a6f1,1000a6f5,MOV EAX,,,,,
0x1000A6FB,0x1003C370,.data,1000a680,FUN_1000a680,yes,7b,InstructionDB,1000a6fa,1000a6fe,MOV [0x1003c370],,,,,
0x1000A705,0x1003C374,.data,1000a680,FUN_1000a680,yes,85,InstructionDB,1000a703,1000a708,CMP EAX,,,,,
0x1000A70C,0x1003C36C,.data,1000a680,FUN_1000a680,yes,8c,InstructionDB,1000a70b,1000a70f,MOV EAX,,,,,
0x1000A716,0x1003C370,.data,1000a680,FUN_1000a680,yes,96,InstructionDB,1000a715,1000a719,MOV EAX,,,,,
0x1000A724,0x1003C370,.data,1000a680,FUN_1000a680,yes,a4,InstructionDB,1000a723,1000a727,MOV EAX,,,,,
0x1000A72C,0x1003C370,.data,1000a680,FUN_1000a680,yes,ac,InstructionDB,1000a72b,1000a72f,MOV [0x1003c370],,,,,
0x1000A745,0x1003C390,.data,1000a740,FUN_1000a740,yes,5,InstructionDB,1000a743,1000a749,CMP dword ptr [0x1003c390],,,,,
0x1000A74D,0x1003C328,.data,1000a740,FUN_1000a740,yes,d,InstructionDB,1000a74c,1000a750,MOV EAX,,,,,
0x1000A75D,0x1003C328,.data,1000a740,FUN_1000a740,yes,1d,InstructionDB,1000a75c,1000a760,MOV ECX,,,,,
0x1000A765,0x1003C390,.data,1000a740,FUN_1000a740,yes,25,InstructionDB,1000a763,1000a768,MOV dword ptr [0x1003c390],,,,,
0x1000A76C,0x1003C380,.data,1000a740,FUN_1000a740,yes,2c,InstructionDB,1000a76b,1000a76f,MOV EAX,,,,,
0x1000A77B,0x1003C37C,.data,1000a740,FUN_1000a740,yes,3b,InstructionDB,1000a779,1000a77e,MOV ECX,,,,,
0x1000A78D,0x1003C384,.data,1000a740,FUN_1000a740,yes,4d,InstructionDB,1000a78b,1000a790,CMP EAX,,,,,
0x1000A794,0x1003C37C,.data,1000a740,FUN_1000a740,yes,54,InstructionDB,1000a793,1000a797,MOV EAX,,,,,
0x1000A79E,0x1003C380,.data,1000a740,FUN_1000a740,yes,5e,InstructionDB,1000a79d,1000a7a1,MOV EAX,,,,,
0x1000A7A4,0x1003C37C,.data,1000a740,FUN_1000a740,yes,64,InstructionDB,1000a7a2,1000a7a7,MOV ECX,,,,,
0x1000A7B2,0x1003C380,.data,1000a740,FUN_1000a740,yes,72,InstructionDB,1000a7b1,1000a7b5,MOV EAX,,,,,
0x1000A7BB,0x1003C380,.data,1000a740,FUN_1000a740,yes,7b,InstructionDB,1000a7ba,1000a7be,MOV [0x1003c380],,,,,
0x1000A7C5,0x1003C384,.data,1000a740,FUN_1000a740,yes,85,InstructionDB,1000a7c3,1000a7c8,CMP EAX,,,,,
0x1000A7CC,0x1003C37C,.data,1000a740,FUN_1000a740,yes,8c,InstructionDB,1000a7cb,1000a7cf,MOV EAX,,,,,
0x1000A7D6,0x1003C380,.data,1000a740,FUN_1000a740,yes,96,InstructionDB,1000a7d5,1000a7d9,MOV EAX,,,,,
0x1000A7E4,0x1003C380,.data,1000a740,FUN_1000a740,yes,a4,InstructionDB,1000a7e3,1000a7e7,MOV EAX,,,,,
0x1000A7EC,0x1003C380,.data,1000a740,FUN_1000a740,yes,ac,InstructionDB,1000a7eb,1000a7ef,MOV [0x1003c380],,,,,
0x1000A80C,0x1003C394,.data,1000a800,FUN_1000a800,yes,c,InstructionDB,1000a80a,1000a810,CMP dword ptr [0x1003c394],,,,,
0x1000A81B,0x1000D250,.text,1000a800,FUN_1000a800,yes,1b,InstructionDB,1000a81a,1000a81e,MOV EAX,,,1000d250,FUN_1000d250,FUN_1000d250
0x1000A821,0x1003C394,.data,1000a800,FUN_1000a800,yes,21,InstructionDB,1000a81f,1000a828,MOV dword ptr [0x1003c394],,,,,
0x1000A825,0x1003AEF3,.data,1000a800,FUN_1000a800,yes,25,InstructionDB,1000a81f,1000a828,MOV dword ptr [0x1003c394],,,,,
0x1000A834,0x1000D300,.text,1000a800,FUN_1000a800,yes,34,InstructionDB,1000a833,1000a837,MOV EAX,,,1000d300,FUN_1000d300,FUN_1000d300
0x1000A843,0x1000D030,.text,1000a800,FUN_1000a800,yes,43,InstructionDB,1000a842,1000a846,MOV EAX,,,1000d030,FUN_1000d030,FUN_1000d030
0x1000A852,0x1000D140,.text,1000a800,FUN_1000a800,yes,52,InstructionDB,1000a851,1000a855,MOV EAX,,,1000d140,FUN_1000d140,FUN_1000d140
0x1000A90A,0x1000C680,.text,1000a8c0,FUN_1000a8c0,yes,4a,InstructionDB,1000a906,1000a90d,MOV dword ptr [ESP + 0x18],,,,,LAB_1000c680
0x1000A912,0x1000C670,.text,1000a8c0,FUN_1000a8c0,yes,52,InstructionDB,1000a90e,1000a915,MOV dword ptr [ESP + 0x20],,,,,LAB_1000c670
0x1000A91A,0x1000C660,.text,1000a8c0,FUN_1000a8c0,yes,5a,InstructionDB,1000a916,1000a91d,MOV dword ptr [ESP + 0x28],,,,,LAB_1000c660
0x1000A922,0x1000C650,.text,1000a8c0,FUN_1000a8c0,yes,62,InstructionDB,1000a91e,1000a925,MOV dword ptr [ESP + 0x30],,,,,LAB_1000c650
0x1000A92A,0x1000C640,.text,1000a8c0,FUN_1000a8c0,yes,6a,InstructionDB,1000a926,1000a92d,MOV dword ptr [ESP + 0x38],,,,,LAB_1000c640
0x1000A945,0x1003C398,.data,1000a940,FUN_1000a940,yes,5,InstructionDB,1000a943,1000a949,CMP dword ptr [0x1003c398],,,,,
0x1000A94D,0x100375A0,.data,1000a940,FUN_1000a940,yes,d,InstructionDB,1000a94c,1000a950,MOV EAX,,,,,
0x1000A969,0x100375A0,.data,1000a940,FUN_1000a940,yes,29,InstructionDB,1000a968,1000a96c,MOV ECX,,,,,
0x1000A974,0x1003C398,.data,1000a940,FUN_1000a940,yes,34,InstructionDB,1000a972,1000a977,MOV dword ptr [0x1003c398],,,,,
0x1000A97B,0x100375BC,.data,1000a940,FUN_1000a940,yes,3b,InstructionDB,1000a97a,1000a97e,MOV EAX,,,,,
0x1000A98A,0x100375B8,.data,1000a940,FUN_1000a940,yes,4a,InstructionDB,1000a988,1000a98d,MOV ECX,,,,,
0x1000A99C,0x100375C0,.data,1000a940,FUN_1000a940,yes,5c,InstructionDB,1000a99a,1000a99f,CMP EAX,,,,,
0x1000A9A3,0x100375B8,.data,1000a940,FUN_1000a940,yes,63,InstructionDB,1000a9a2,1000a9a6,MOV EAX,,,,,
0x1000A9AD,0x100375BC,.data,1000a940,FUN_1000a940,yes,6d,InstructionDB,1000a9ac,1000a9b0,MOV EAX,,,,,
0x1000A9B3,0x100375B8,.data,1000a940,FUN_1000a940,yes,73,InstructionDB,1000a9b1,1000a9b6,MOV ECX,,,,,
0x1000A9C1,0x100375BC,.data,1000a940,FUN_1000a940,yes,81,InstructionDB,1000a9c0,1000a9c4,MOV EAX,,,,,
0x1000A9CA,0x100375BC,.data,1000a940,FUN_1000a940,yes,8a,InstructionDB,1000a9c9,1000a9cd,MOV [0x100375bc],,,,,
0x1000A9D4,0x100375C0,.data,1000a940,FUN_1000a940,yes,94,InstructionDB,1000a9d2,1000a9d7,CMP EAX,,,,,
0x1000A9DB,0x100375B8,.data,1000a940,FUN_1000a940,yes,9b,InstructionDB,1000a9da,1000a9de,MOV EAX,,,,,
0x1000A9E5,0x100375BC,.data,1000a940,FUN_1000a940,yes,a5,InstructionDB,1000a9e4,1000a9e8,MOV EAX,,,,,
0x1000A9F3,0x100375BC,.data,1000a940,FUN_1000a940,yes,b3,InstructionDB,1000a9f2,1000a9f6,MOV EAX,,,,,
0x1000A9FB,0x100375BC,.data,1000a940,FUN_1000a940,yes,bb,InstructionDB,1000a9fa,1000a9fe,MOV [0x100375bc],,,,,
0x1000AA15,0x1003C398,.data,1000aa10,FUN_1000aa10,yes,5,InstructionDB,1000aa13,1000aa19,CMP dword ptr [0x1003c398],,,,,
0x1000AA1D,0x100375A0,.data,1000aa10,FUN_1000aa10,yes,d,InstructionDB,1000aa1c,1000aa20,MOV EAX,,,,,
0x1000AA39,0x100375A0,.data,1000aa10,FUN_1000aa10,yes,29,InstructionDB,1000aa38,1000aa3c,MOV ECX,,,,,
0x1000AA44,0x1003C398,.data,1000aa10,FUN_1000aa10,yes,34,InstructionDB,1000aa42,1000aa47,MOV dword ptr [0x1003c398],,,,,
0x1000AA4B,0x100375CC,.data,1000aa10,FUN_1000aa10,yes,3b,InstructionDB,1000aa4a,1000aa4e,MOV EAX,,,,,
0x1000AA5A,0x100375C8,.data,1000aa10,FUN_1000aa10,yes,4a,InstructionDB,1000aa58,1000aa5d,MOV ECX,,,,,
0x1000AA6C,0x100375D0,.data,1000aa10,FUN_1000aa10,yes,5c,InstructionDB,1000aa6a,1000aa6f,CMP EAX,,,,,
0x1000AA73,0x100375C8,.data,1000aa10,FUN_1000aa10,yes,63,InstructionDB,1000aa72,1000aa76,MOV EAX,,,,,
0x1000AA7D,0x100375CC,.data,1000aa10,FUN_1000aa10,yes,6d,InstructionDB,1000aa7c,1000aa80,MOV EAX,,,,,
0x1000AA83,0x100375C8,.data,1000aa10,FUN_1000aa10,yes,73,InstructionDB,1000aa81,1000aa86,MOV ECX,,,,,
0x1000AA91,0x100375CC,.data,1000aa10,FUN_1000aa10,yes,81,InstructionDB,1000aa90,1000aa94,MOV EAX,,,,,
0x1000AA9A,0x100375CC,.data,1000aa10,FUN_1000aa10,yes,8a,InstructionDB,1000aa99,1000aa9d,MOV [0x100375cc],,,,,
0x1000AAA4,0x100375D0,.data,1000aa10,FUN_1000aa10,yes,94,InstructionDB,1000aaa2,1000aaa7,CMP EAX,,,,,
0x1000AAAB,0x100375C8,.data,1000aa10,FUN_1000aa10,yes,9b,InstructionDB,1000aaaa,1000aaae,MOV EAX,,,,,
0x1000AAB5,0x100375CC,.data,1000aa10,FUN_1000aa10,yes,a5,InstructionDB,1000aab4,1000aab8,MOV EAX,,,,,
0x1000AAC3,0x100375CC,.data,1000aa10,FUN_1000aa10,yes,b3,InstructionDB,1000aac2,1000aac6,MOV EAX,,,,,
0x1000AACB,0x100375CC,.data,1000aa10,FUN_1000aa10,yes,bb,InstructionDB,1000aaca,1000aace,MOV [0x100375cc],,,,,
0x1000AB2A,0x1000C6D0,.text,1000aae0,FUN_1000aae0,yes,4a,InstructionDB,1000ab26,1000ab2d,MOV dword ptr [ESP + 0x18],,,,,LAB_1000c6d0
0x1000AB32,0x1000C6C0,.text,1000aae0,FUN_1000aae0,yes,52,InstructionDB,1000ab2e,1000ab35,MOV dword ptr [ESP + 0x20],,,,,LAB_1000c6c0
0x1000AB3A,0x1000C6B0,.text,1000aae0,FUN_1000aae0,yes,5a,InstructionDB,1000ab36,1000ab3d,MOV dword ptr [ESP + 0x28],,,,,LAB_1000c6b0
0x1000AB42,0x1000C6A0,.text,1000aae0,FUN_1000aae0,yes,62,InstructionDB,1000ab3e,1000ab45,MOV dword ptr [ESP + 0x30],,,,,LAB_1000c6a0
0x1000AB4A,0x1000C690,.text,1000aae0,FUN_1000aae0,yes,6a,InstructionDB,1000ab46,1000ab4d,MOV dword ptr [ESP + 0x38],,,,,LAB_1000c690
0x1000AB65,0x1003C39C,.data,1000ab60,FUN_1000ab60,yes,5,InstructionDB,1000ab63,1000ab69,CMP dword ptr [0x1003c39c],,,,,
0x1000AB6D,0x100375D8,.data,1000ab60,FUN_1000ab60,yes,d,InstructionDB,1000ab6c,1000ab70,MOV EAX,,,,,
0x1000AB7D,0x100375D8,.data,1000ab60,FUN_1000ab60,yes,1d,InstructionDB,1000ab7c,1000ab80,MOV ECX,,,,,
0x1000AB88,0x1003C39C,.data,1000ab60,FUN_1000ab60,yes,28,InstructionDB,1000ab86,1000ab8b,MOV dword ptr [0x1003c39c],,,,,
0x1000AB8F,0x10037604,.data,1000ab60,FUN_1000ab60,yes,2f,InstructionDB,1000ab8e,1000ab92,MOV EAX,,,,,
0x1000AB9E,0x10037600,.data,1000ab60,FUN_1000ab60,yes,3e,InstructionDB,1000ab9c,1000aba1,MOV ECX,,,,,
0x1000ABB0,0x10037608,.data,1000ab60,FUN_1000ab60,yes,50,InstructionDB,1000abae,1000abb3,CMP EAX,,,,,
0x1000ABB7,0x10037600,.data,1000ab60,FUN_1000ab60,yes,57,InstructionDB,1000abb6,1000abba,MOV EAX,,,,,
0x1000ABC1,0x10037604,.data,1000ab60,FUN_1000ab60,yes,61,InstructionDB,1000abc0,1000abc4,MOV EAX,,,,,
0x1000ABC7,0x10037600,.data,1000ab60,FUN_1000ab60,yes,67,InstructionDB,1000abc5,1000abca,MOV ECX,,,,,
0x1000ABD5,0x10037604,.data,1000ab60,FUN_1000ab60,yes,75,InstructionDB,1000abd4,1000abd8,MOV EAX,,,,,
0x1000ABDE,0x10037604,.data,1000ab60,FUN_1000ab60,yes,7e,InstructionDB,1000abdd,1000abe1,MOV [0x10037604],,,,,
0x1000ABE8,0x10037608,.data,1000ab60,FUN_1000ab60,yes,88,InstructionDB,1000abe6,1000abeb,CMP EAX,,,,,
0x1000ABEF,0x10037600,.data,1000ab60,FUN_1000ab60,yes,8f,InstructionDB,1000abee,1000abf2,MOV EAX,,,,,
0x1000ABF9,0x10037604,.data,1000ab60,FUN_1000ab60,yes,99,InstructionDB,1000abf8,1000abfc,MOV EAX,,,,,
0x1000AC07,0x10037604,.data,1000ab60,FUN_1000ab60,yes,a7,InstructionDB,1000ac06,1000ac0a,MOV EAX,,,,,
0x1000AC0F,0x10037604,.data,1000ab60,FUN_1000ab60,yes,af,InstructionDB,1000ac0e,1000ac12,MOV [0x10037604],,,,,
0x1000AC6A,0x1000C720,.text,1000ac20,FUN_1000ac20,yes,4a,InstructionDB,1000ac66,1000ac6d,MOV dword ptr [ESP + 0x18],,,,,LAB_1000c720
0x1000AC72,0x1000C710,.text,1000ac20,FUN_1000ac20,yes,52,InstructionDB,1000ac6e,1000ac75,MOV dword ptr [ESP + 0x20],,,,,LAB_1000c710
0x1000AC7A,0x1000C700,.text,1000ac20,FUN_1000ac20,yes,5a,InstructionDB,1000ac76,1000ac7d,MOV dword ptr [ESP + 0x28],,,,,LAB_1000c700
0x1000AC82,0x1000C6F0,.text,1000ac20,FUN_1000ac20,yes,62,InstructionDB,1000ac7e,1000ac85,MOV dword ptr [ESP + 0x30],,,,,LAB_1000c6f0
0x1000AC8A,0x1000C6E0,.text,1000ac20,FUN_1000ac20,yes,6a,InstructionDB,1000ac86,1000ac8d,MOV dword ptr [ESP + 0x38],,,,,LAB_1000c6e0
0x1000ACA5,0x1003C3A0,.data,1000aca0,FUN_1000aca0,yes,5,InstructionDB,1000aca3,1000aca9,CMP dword ptr [0x1003c3a0],,,,,
0x1000ACAD,0x10037610,.data,1000aca0,FUN_1000aca0,yes,d,InstructionDB,1000acac,1000acb0,MOV EAX,,,,,
0x1000ACBD,0x10037610,.data,1000aca0,FUN_1000aca0,yes,1d,InstructionDB,1000acbc,1000acc0,MOV ECX,,,,,
0x1000ACC8,0x1003C3A0,.data,1000aca0,FUN_1000aca0,yes,28,InstructionDB,1000acc6,1000accb,MOV dword ptr [0x1003c3a0],,,,,
0x1000ACCF,0x1003763C,.data,1000aca0,FUN_1000aca0,yes,2f,InstructionDB,1000acce,1000acd2,MOV EAX,,,,,
0x1000ACDE,0x10037638,.data,1000aca0,FUN_1000aca0,yes,3e,InstructionDB,1000acdc,1000ace1,MOV ECX,,,,,
0x1000ACF0,0x10037640,.data,1000aca0,FUN_1000aca0,yes,50,InstructionDB,1000acee,1000acf3,CMP EAX,,,,,
0x1000ACF7,0x10037638,.data,1000aca0,FUN_1000aca0,yes,57,InstructionDB,1000acf6,1000acfa,MOV EAX,,,,,
0x1000AD01,0x1003763C,.data,1000aca0,FUN_1000aca0,yes,61,InstructionDB,1000ad00,1000ad04,MOV EAX,,,,,
0x1000AD07,0x10037638,.data,1000aca0,FUN_1000aca0,yes,67,InstructionDB,1000ad05,1000ad0a,MOV ECX,,,,,
0x1000AD15,0x1003763C,.data,1000aca0,FUN_1000aca0,yes,75,InstructionDB,1000ad14,1000ad18,MOV EAX,,,,,
0x1000AD1E,0x1003763C,.data,1000aca0,FUN_1000aca0,yes,7e,InstructionDB,1000ad1d,1000ad21,MOV [0x1003763c],,,,,
0x1000AD28,0x10037640,.data,1000aca0,FUN_1000aca0,yes,88,InstructionDB,1000ad26,1000ad2b,CMP EAX,,,,,
0x1000AD2F,0x10037638,.data,1000aca0,FUN_1000aca0,yes,8f,InstructionDB,1000ad2e,1000ad32,MOV EAX,,,,,
0x1000AD39,0x1003763C,.data,1000aca0,FUN_1000aca0,yes,99,InstructionDB,1000ad38,1000ad3c,MOV EAX,,,,,
0x1000AD47,0x1003763C,.data,1000aca0,FUN_1000aca0,yes,a7,InstructionDB,1000ad46,1000ad4a,MOV EAX,,,,,
0x1000AD4F,0x1003763C,.data,1000aca0,FUN_1000aca0,yes,af,InstructionDB,1000ad4e,1000ad52,MOV [0x1003763c],,,,,
0x1000ADAA,0x1000C770,.text,1000ad60,FUN_1000ad60,yes,4a,InstructionDB,1000ada6,1000adad,MOV dword ptr [ESP + 0x18],,,,,LAB_1000c770
0x1000ADB2,0x1000C760,.text,1000ad60,FUN_1000ad60,yes,52,InstructionDB,1000adae,1000adb5,MOV dword ptr [ESP + 0x20],,,,,LAB_1000c760
0x1000ADBA,0x1000C750,.text,1000ad60,FUN_1000ad60,yes,5a,InstructionDB,1000adb6,1000adbd,MOV dword ptr [ESP + 0x28],,,,,LAB_1000c750
0x1000ADC2,0x1000C740,.text,1000ad60,FUN_1000ad60,yes,62,InstructionDB,1000adbe,1000adc5,MOV dword ptr [ESP + 0x30],,,,,LAB_1000c740
0x1000ADCA,0x1000C730,.text,1000ad60,FUN_1000ad60,yes,6a,InstructionDB,1000adc6,1000adcd,MOV dword ptr [ESP + 0x38],,,,,LAB_1000c730
0x1000ADE5,0x1003C3A4,.data,1000ade0,FUN_1000ade0,yes,5,InstructionDB,1000ade3,1000ade9,CMP dword ptr [0x1003c3a4],,,,,
0x1000ADED,0x10037648,.data,1000ade0,FUN_1000ade0,yes,d,InstructionDB,1000adec,1000adf0,MOV EAX,,,,,
0x1000ADFD,0x10037648,.data,1000ade0,FUN_1000ade0,yes,1d,InstructionDB,1000adfc,1000ae00,MOV ECX,,,,,
0x1000AE08,0x1003C3A4,.data,1000ade0,FUN_1000ade0,yes,28,InstructionDB,1000ae06,1000ae0b,MOV dword ptr [0x1003c3a4],,,,,
0x1000AE0F,0x10037674,.data,1000ade0,FUN_1000ade0,yes,2f,InstructionDB,1000ae0e,1000ae12,MOV EAX,,,,,
0x1000AE1E,0x10037670,.data,1000ade0,FUN_1000ade0,yes,3e,InstructionDB,1000ae1c,1000ae21,MOV ECX,,,,,
0x1000AE30,0x10037678,.data,1000ade0,FUN_1000ade0,yes,50,InstructionDB,1000ae2e,1000ae33,CMP EAX,,,,,
0x1000AE37,0x10037670,.data,1000ade0,FUN_1000ade0,yes,57,InstructionDB,1000ae36,1000ae3a,MOV EAX,,,,,
0x1000AE41,0x10037674,.data,1000ade0,FUN_1000ade0,yes,61,InstructionDB,1000ae40,1000ae44,MOV EAX,,,,,
0x1000AE47,0x10037670,.data,1000ade0,FUN_1000ade0,yes,67,InstructionDB,1000ae45,1000ae4a,MOV ECX,,,,,
0x1000AE55,0x10037674,.data,1000ade0,FUN_1000ade0,yes,75,InstructionDB,1000ae54,1000ae58,MOV EAX,,,,,
0x1000AE5E,0x10037674,.data,1000ade0,FUN_1000ade0,yes,7e,InstructionDB,1000ae5d,1000ae61,MOV [0x10037674],,,,,
0x1000AE68,0x10037678,.data,1000ade0,FUN_1000ade0,yes,88,InstructionDB,1000ae66,1000ae6b,CMP EAX,,,,,
0x1000AE6F,0x10037670,.data,1000ade0,FUN_1000ade0,yes,8f,InstructionDB,1000ae6e,1000ae72,MOV EAX,,,,,
0x1000AE79,0x10037674,.data,1000ade0,FUN_1000ade0,yes,99,InstructionDB,1000ae78,1000ae7c,MOV EAX,,,,,
0x1000AE87,0x10037674,.data,1000ade0,FUN_1000ade0,yes,a7,InstructionDB,1000ae86,1000ae8a,MOV EAX,,,,,
0x1000AE8F,0x10037674,.data,1000ade0,FUN_1000ade0,yes,af,InstructionDB,1000ae8e,1000ae92,MOV [0x10037674],,,,,
0x1000AEEA,0x1000C7C0,.text,1000aea0,FUN_1000aea0,yes,4a,InstructionDB,1000aee6,1000aeed,MOV dword ptr [ESP + 0x18],,,,,LAB_1000c7c0
0x1000AEF2,0x1000C7B0,.text,1000aea0,FUN_1000aea0,yes,52,InstructionDB,1000aeee,1000aef5,MOV dword ptr [ESP + 0x20],,,,,LAB_1000c7b0
0x1000AEFA,0x1000C7A0,.text,1000aea0,FUN_1000aea0,yes,5a,InstructionDB,1000aef6,1000aefd,MOV dword ptr [ESP + 0x28],,,,,LAB_1000c7a0
0x1000AF02,0x1000C790,.text,1000aea0,FUN_1000aea0,yes,62,InstructionDB,1000aefe,1000af05,MOV dword ptr [ESP + 0x30],,,,,LAB_1000c790
0x1000AF0A,0x1000C780,.text,1000aea0,FUN_1000aea0,yes,6a,InstructionDB,1000af06,1000af0d,MOV dword ptr [ESP + 0x38],,,,,LAB_1000c780
0x1000AF25,0x1003C3A8,.data,1000af20,FUN_1000af20,yes,5,InstructionDB,1000af23,1000af29,CMP dword ptr [0x1003c3a8],,,,,
0x1000AF2D,0x10037680,.data,1000af20,FUN_1000af20,yes,d,InstructionDB,1000af2c,1000af30,MOV EAX,,,,,
0x1000AF3D,0x10037680,.data,1000af20,FUN_1000af20,yes,1d,InstructionDB,1000af3c,1000af40,MOV ECX,,,,,
0x1000AF48,0x1003C3A8,.data,1000af20,FUN_1000af20,yes,28,InstructionDB,1000af46,1000af4b,MOV dword ptr [0x1003c3a8],,,,,
0x1000AF4F,0x100376AC,.data,1000af20,FUN_1000af20,yes,2f,InstructionDB,1000af4e,1000af52,MOV EAX,,,,,
0x1000AF5E,0x100376A8,.data,1000af20,FUN_1000af20,yes,3e,InstructionDB,1000af5c,1000af61,MOV ECX,,,,,
0x1000AF70,0x100376B0,.data,1000af20,FUN_1000af20,yes,50,InstructionDB,1000af6e,1000af73,CMP EAX,,,,,
0x1000AF77,0x100376A8,.data,1000af20,FUN_1000af20,yes,57,InstructionDB,1000af76,1000af7a,MOV EAX,,,,,
0x1000AF81,0x100376AC,.data,1000af20,FUN_1000af20,yes,61,InstructionDB,1000af80,1000af84,MOV EAX,,,,,
0x1000AF87,0x100376A8,.data,1000af20,FUN_1000af20,yes,67,InstructionDB,1000af85,1000af8a,MOV ECX,,,,,
0x1000AF95,0x100376AC,.data,1000af20,FUN_1000af20,yes,75,InstructionDB,1000af94,1000af98,MOV EAX,,,,,
0x1000AF9E,0x100376AC,.data,1000af20,FUN_1000af20,yes,7e,InstructionDB,1000af9d,1000afa1,MOV [0x100376ac],,,,,
0x1000AFA8,0x100376B0,.data,1000af20,FUN_1000af20,yes,88,InstructionDB,1000afa6,1000afab,CMP EAX,,,,,
0x1000AFAF,0x100376A8,.data,1000af20,FUN_1000af20,yes,8f,InstructionDB,1000afae,1000afb2,MOV EAX,,,,,
0x1000AFB9,0x100376AC,.data,1000af20,FUN_1000af20,yes,99,InstructionDB,1000afb8,1000afbc,MOV EAX,,,,,
0x1000AFC7,0x100376AC,.data,1000af20,FUN_1000af20,yes,a7,InstructionDB,1000afc6,1000afca,MOV EAX,,,,,
0x1000AFCF,0x100376AC,.data,1000af20,FUN_1000af20,yes,af,InstructionDB,1000afce,1000afd2,MOV [0x100376ac],,,,,
0x1000B02A,0x1000C810,.text,1000afe0,FUN_1000afe0,yes,4a,InstructionDB,1000b026,1000b02d,MOV dword ptr [ESP + 0x18],,,,,LAB_1000c810
0x1000B032,0x1000C800,.text,1000afe0,FUN_1000afe0,yes,52,InstructionDB,1000b02e,1000b035,MOV dword ptr [ESP + 0x20],,,,,LAB_1000c800
0x1000B03A,0x1000C7F0,.text,1000afe0,FUN_1000afe0,yes,5a,InstructionDB,1000b036,1000b03d,MOV dword ptr [ESP + 0x28],,,,,LAB_1000c7f0
0x1000B042,0x1000C7E0,.text,1000afe0,FUN_1000afe0,yes,62,InstructionDB,1000b03e,1000b045,MOV dword ptr [ESP + 0x30],,,,,LAB_1000c7e0
0x1000B04A,0x1000C7D0,.text,1000afe0,FUN_1000afe0,yes,6a,InstructionDB,1000b046,1000b04d,MOV dword ptr [ESP + 0x38],,,,,LAB_1000c7d0
0x1000B065,0x1003C3AC,.data,1000b060,FUN_1000b060,yes,5,InstructionDB,1000b063,1000b069,CMP dword ptr [0x1003c3ac],,,,,
0x1000B06D,0x100376B8,.data,1000b060,FUN_1000b060,yes,d,InstructionDB,1000b06c,1000b070,MOV EAX,,,,,
0x1000B080,0x100376B8,.data,1000b060,FUN_1000b060,yes,20,InstructionDB,1000b07f,1000b083,MOV ECX,,,,,
0x1000B08B,0x1003C3AC,.data,1000b060,FUN_1000b060,yes,2b,InstructionDB,1000b089,1000b08e,MOV dword ptr [0x1003c3ac],,,,,
0x1000B092,0x100376E4,.data,1000b060,FUN_1000b060,yes,32,InstructionDB,1000b091,1000b095,MOV EAX,,,,,
0x1000B0A1,0x100376E0,.data,1000b060,FUN_1000b060,yes,41,InstructionDB,1000b09f,1000b0a4,MOV ECX,,,,,
0x1000B0B3,0x100376E8,.data,1000b060,FUN_1000b060,yes,53,InstructionDB,1000b0b1,1000b0b6,CMP EAX,,,,,
0x1000B0BA,0x100376E0,.data,1000b060,FUN_1000b060,yes,5a,InstructionDB,1000b0b9,1000b0bd,MOV EAX,,,,,
0x1000B0C4,0x100376E4,.data,1000b060,FUN_1000b060,yes,64,InstructionDB,1000b0c3,1000b0c7,MOV EAX,,,,,
0x1000B0CA,0x100376E0,.data,1000b060,FUN_1000b060,yes,6a,InstructionDB,1000b0c8,1000b0cd,MOV ECX,,,,,
0x1000B0D8,0x100376E4,.data,1000b060,FUN_1000b060,yes,78,InstructionDB,1000b0d7,1000b0db,MOV EAX,,,,,
0x1000B0E1,0x100376E4,.data,1000b060,FUN_1000b060,yes,81,InstructionDB,1000b0e0,1000b0e4,MOV [0x100376e4],,,,,
0x1000B0EB,0x100376E8,.data,1000b060,FUN_1000b060,yes,8b,InstructionDB,1000b0e9,1000b0ee,CMP EAX,,,,,
0x1000B0F2,0x100376E0,.data,1000b060,FUN_1000b060,yes,92,InstructionDB,1000b0f1,1000b0f5,MOV EAX,,,,,
0x1000B0FC,0x100376E4,.data,1000b060,FUN_1000b060,yes,9c,InstructionDB,1000b0fb,1000b0ff,MOV EAX,,,,,
0x1000B10A,0x100376E4,.data,1000b060,FUN_1000b060,yes,aa,InstructionDB,1000b109,1000b10d,MOV EAX,,,,,
0x1000B112,0x100376E4,.data,1000b060,FUN_1000b060,yes,b2,InstructionDB,1000b111,1000b115,MOV [0x100376e4],,,,,
0x1000B16A,0x1000C860,.text,1000b120,FUN_1000b120,yes,4a,InstructionDB,1000b166,1000b16d,MOV dword ptr [ESP + 0x18],,,,,LAB_1000c860
0x1000B172,0x1000C850,.text,1000b120,FUN_1000b120,yes,52,InstructionDB,1000b16e,1000b175,MOV dword ptr [ESP + 0x20],,,,,LAB_1000c850
0x1000B17A,0x1000C840,.text,1000b120,FUN_1000b120,yes,5a,InstructionDB,1000b176,1000b17d,MOV dword ptr [ESP + 0x28],,,,,LAB_1000c840
0x1000B182,0x1000C830,.text,1000b120,FUN_1000b120,yes,62,InstructionDB,1000b17e,1000b185,MOV dword ptr [ESP + 0x30],,,,,LAB_1000c830
0x1000B18A,0x1000C820,.text,1000b120,FUN_1000b120,yes,6a,InstructionDB,1000b186,1000b18d,MOV dword ptr [ESP + 0x38],,,,,LAB_1000c820
0x1000B1A5,0x1003C3B0,.data,1000b1a0,FUN_1000b1a0,yes,5,InstructionDB,1000b1a3,1000b1a9,CMP dword ptr [0x1003c3b0],,,,,
0x1000B1AD,0x100376F0,.data,1000b1a0,FUN_1000b1a0,yes,d,InstructionDB,1000b1ac,1000b1b0,MOV EAX,,,,,
0x1000B1BD,0x100376F0,.data,1000b1a0,FUN_1000b1a0,yes,1d,InstructionDB,1000b1bc,1000b1c0,MOV ECX,,,,,
0x1000B1C8,0x1003C3B0,.data,1000b1a0,FUN_1000b1a0,yes,28,InstructionDB,1000b1c6,1000b1cb,MOV dword ptr [0x1003c3b0],,,,,
0x1000B1CF,0x1003771C,.data,1000b1a0,FUN_1000b1a0,yes,2f,InstructionDB,1000b1ce,1000b1d2,MOV EAX,,,,,
0x1000B1DE,0x10037718,.data,1000b1a0,FUN_1000b1a0,yes,3e,InstructionDB,1000b1dc,1000b1e1,MOV ECX,,,,,
0x1000B1F0,0x10037720,.data,1000b1a0,FUN_1000b1a0,yes,50,InstructionDB,1000b1ee,1000b1f3,CMP EAX,,,,,
0x1000B1F7,0x10037718,.data,1000b1a0,FUN_1000b1a0,yes,57,InstructionDB,1000b1f6,1000b1fa,MOV EAX,,,,,
0x1000B201,0x1003771C,.data,1000b1a0,FUN_1000b1a0,yes,61,InstructionDB,1000b200,1000b204,MOV EAX,,,,,
0x1000B207,0x10037718,.data,1000b1a0,FUN_1000b1a0,yes,67,InstructionDB,1000b205,1000b20a,MOV ECX,,,,,
0x1000B215,0x1003771C,.data,1000b1a0,FUN_1000b1a0,yes,75,InstructionDB,1000b214,1000b218,MOV EAX,,,,,
0x1000B21E,0x1003771C,.data,1000b1a0,FUN_1000b1a0,yes,7e,InstructionDB,1000b21d,1000b221,MOV [0x1003771c],,,,,
0x1000B228,0x10037720,.data,1000b1a0,FUN_1000b1a0,yes,88,InstructionDB,1000b226,1000b22b,CMP EAX,,,,,
0x1000B22F,0x10037718,.data,1000b1a0,FUN_1000b1a0,yes,8f,InstructionDB,1000b22e,1000b232,MOV EAX,,,,,
0x1000B239,0x1003771C,.data,1000b1a0,FUN_1000b1a0,yes,99,InstructionDB,1000b238,1000b23c,MOV EAX,,,,,
0x1000B247,0x1003771C,.data,1000b1a0,FUN_1000b1a0,yes,a7,InstructionDB,1000b246,1000b24a,MOV EAX,,,,,
0x1000B24F,0x1003771C,.data,1000b1a0,FUN_1000b1a0,yes,af,InstructionDB,1000b24e,1000b252,MOV [0x1003771c],,,,,
0x1000B2AA,0x1000C8B0,.text,1000b260,FUN_1000b260,yes,4a,InstructionDB,1000b2a6,1000b2ad,MOV dword ptr [ESP + 0x18],,,,,LAB_1000c8b0
0x1000B2B2,0x1000C8A0,.text,1000b260,FUN_1000b260,yes,52,InstructionDB,1000b2ae,1000b2b5,MOV dword ptr [ESP + 0x20],,,,,LAB_1000c8a0
0x1000B2BA,0x1000C890,.text,1000b260,FUN_1000b260,yes,5a,InstructionDB,1000b2b6,1000b2bd,MOV dword ptr [ESP + 0x28],,,,,LAB_1000c890
0x1000B2C2,0x1000C880,.text,1000b260,FUN_1000b260,yes,62,InstructionDB,1000b2be,1000b2c5,MOV dword ptr [ESP + 0x30],,,,,LAB_1000c880
0x1000B2CA,0x1000C870,.text,1000b260,FUN_1000b260,yes,6a,InstructionDB,1000b2c6,1000b2cd,MOV dword ptr [ESP + 0x38],,,,,LAB_1000c870
0x1000B2E5,0x1003C3B4,.data,1000b2e0,FUN_1000b2e0,yes,5,InstructionDB,1000b2e3,1000b2e9,CMP dword ptr [0x1003c3b4],,,,,
0x1000B2ED,0x10037728,.data,1000b2e0,FUN_1000b2e0,yes,d,InstructionDB,1000b2ec,1000b2f0,MOV EAX,,,,,
0x1000B2FD,0x10037728,.data,1000b2e0,FUN_1000b2e0,yes,1d,InstructionDB,1000b2fc,1000b300,MOV ECX,,,,,
0x1000B308,0x1003C3B4,.data,1000b2e0,FUN_1000b2e0,yes,28,InstructionDB,1000b306,1000b30b,MOV dword ptr [0x1003c3b4],,,,,
0x1000B30F,0x10037744,.data,1000b2e0,FUN_1000b2e0,yes,2f,InstructionDB,1000b30e,1000b312,MOV EAX,,,,,
0x1000B31E,0x10037740,.data,1000b2e0,FUN_1000b2e0,yes,3e,InstructionDB,1000b31c,1000b321,MOV ECX,,,,,
0x1000B330,0x10037748,.data,1000b2e0,FUN_1000b2e0,yes,50,InstructionDB,1000b32e,1000b333,CMP EAX,,,,,
0x1000B337,0x10037740,.data,1000b2e0,FUN_1000b2e0,yes,57,InstructionDB,1000b336,1000b33a,MOV EAX,,,,,
0x1000B341,0x10037744,.data,1000b2e0,FUN_1000b2e0,yes,61,InstructionDB,1000b340,1000b344,MOV EAX,,,,,
0x1000B347,0x10037740,.data,1000b2e0,FUN_1000b2e0,yes,67,InstructionDB,1000b345,1000b34a,MOV ECX,,,,,
0x1000B355,0x10037744,.data,1000b2e0,FUN_1000b2e0,yes,75,InstructionDB,1000b354,1000b358,MOV EAX,,,,,
0x1000B35E,0x10037744,.data,1000b2e0,FUN_1000b2e0,yes,7e,InstructionDB,1000b35d,1000b361,MOV [0x10037744],,,,,
0x1000B368,0x10037748,.data,1000b2e0,FUN_1000b2e0,yes,88,InstructionDB,1000b366,1000b36b,CMP EAX,,,,,
0x1000B36F,0x10037740,.data,1000b2e0,FUN_1000b2e0,yes,8f,InstructionDB,1000b36e,1000b372,MOV EAX,,,,,
0x1000B379,0x10037744,.data,1000b2e0,FUN_1000b2e0,yes,99,InstructionDB,1000b378,1000b37c,MOV EAX,,,,,
0x1000B387,0x10037744,.data,1000b2e0,FUN_1000b2e0,yes,a7,InstructionDB,1000b386,1000b38a,MOV EAX,,,,,
0x1000B38F,0x10037744,.data,1000b2e0,FUN_1000b2e0,yes,af,InstructionDB,1000b38e,1000b392,MOV [0x10037744],,,,,
0x1000B3A5,0x1003C3B4,.data,1000b3a0,FUN_1000b3a0,yes,5,InstructionDB,1000b3a3,1000b3a9,CMP dword ptr [0x1003c3b4],,,,,
0x1000B3AD,0x10037728,.data,1000b3a0,FUN_1000b3a0,yes,d,InstructionDB,1000b3ac,1000b3b0,MOV EAX,,,,,
0x1000B3BD,0x10037728,.data,1000b3a0,FUN_1000b3a0,yes,1d,InstructionDB,1000b3bc,1000b3c0,MOV ECX,,,,,
0x1000B3C8,0x1003C3B4,.data,1000b3a0,FUN_1000b3a0,yes,28,InstructionDB,1000b3c6,1000b3cb,MOV dword ptr [0x1003c3b4],,,,,
0x1000B3CF,0x10037754,.data,1000b3a0,FUN_1000b3a0,yes,2f,InstructionDB,1000b3ce,1000b3d2,MOV EAX,,,,,
0x1000B3DE,0x10037750,.data,1000b3a0,FUN_1000b3a0,yes,3e,InstructionDB,1000b3dc,1000b3e1,MOV ECX,,,,,
0x1000B3F0,0x10037758,.data,1000b3a0,FUN_1000b3a0,yes,50,InstructionDB,1000b3ee,1000b3f3,CMP EAX,,,,,
0x1000B3F7,0x10037750,.data,1000b3a0,FUN_1000b3a0,yes,57,InstructionDB,1000b3f6,1000b3fa,MOV EAX,,,,,
0x1000B401,0x10037754,.data,1000b3a0,FUN_1000b3a0,yes,61,InstructionDB,1000b400,1000b404,MOV EAX,,,,,
0x1000B407,0x10037750,.data,1000b3a0,FUN_1000b3a0,yes,67,InstructionDB,1000b405,1000b40a,MOV ECX,,,,,
0x1000B415,0x10037754,.data,1000b3a0,FUN_1000b3a0,yes,75,InstructionDB,1000b414,1000b418,MOV EAX,,,,,
0x1000B41E,0x10037754,.data,1000b3a0,FUN_1000b3a0,yes,7e,InstructionDB,1000b41d,1000b421,MOV [0x10037754],,,,,
0x1000B428,0x10037758,.data,1000b3a0,FUN_1000b3a0,yes,88,InstructionDB,1000b426,1000b42b,CMP EAX,,,,,
0x1000B42F,0x10037750,.data,1000b3a0,FUN_1000b3a0,yes,8f,InstructionDB,1000b42e,1000b432,MOV EAX,,,,,
0x1000B439,0x10037754,.data,1000b3a0,FUN_1000b3a0,yes,99,InstructionDB,1000b438,1000b43c,MOV EAX,,,,,
0x1000B447,0x10037754,.data,1000b3a0,FUN_1000b3a0,yes,a7,InstructionDB,1000b446,1000b44a,MOV EAX,,,,,
0x1000B44F,0x10037754,.data,1000b3a0,FUN_1000b3a0,yes,af,InstructionDB,1000b44e,1000b452,MOV [0x10037754],,,,,
0x1000B4AA,0x1000C900,.text,1000b460,FUN_1000b460,yes,4a,InstructionDB,1000b4a6,1000b4ad,MOV dword ptr [ESP + 0x18],,,,,LAB_1000c900
0x1000B4B2,0x1000C8F0,.text,1000b460,FUN_1000b460,yes,52,InstructionDB,1000b4ae,1000b4b5,MOV dword ptr [ESP + 0x20],,,,,LAB_1000c8f0
0x1000B4BA,0x1000C8E0,.text,1000b460,FUN_1000b460,yes,5a,InstructionDB,1000b4b6,1000b4bd,MOV dword ptr [ESP + 0x28],,,,,LAB_1000c8e0
0x1000B4C2,0x1000C8D0,.text,1000b460,FUN_1000b460,yes,62,InstructionDB,1000b4be,1000b4c5,MOV dword ptr [ESP + 0x30],,,,,LAB_1000c8d0
0x1000B4CA,0x1000C8C0,.text,1000b460,FUN_1000b460,yes,6a,InstructionDB,1000b4c6,1000b4cd,MOV dword ptr [ESP + 0x38],,,,,LAB_1000c8c0
0x1000B4E5,0x1003C3B8,.data,1000b4e0,FUN_1000b4e0,yes,5,InstructionDB,1000b4e3,1000b4e9,CMP dword ptr [0x1003c3b8],,,,,
0x1000B4ED,0x10037760,.data,1000b4e0,FUN_1000b4e0,yes,d,InstructionDB,1000b4ec,1000b4f0,MOV EAX,,,,,
0x1000B4FD,0x10037760,.data,1000b4e0,FUN_1000b4e0,yes,1d,InstructionDB,1000b4fc,1000b500,MOV ECX,,,,,
0x1000B508,0x1003C3B8,.data,1000b4e0,FUN_1000b4e0,yes,28,InstructionDB,1000b506,1000b50b,MOV dword ptr [0x1003c3b8],,,,,
0x1000B50F,0x1003778C,.data,1000b4e0,FUN_1000b4e0,yes,2f,InstructionDB,1000b50e,1000b512,MOV EAX,,,,,
0x1000B51E,0x10037788,.data,1000b4e0,FUN_1000b4e0,yes,3e,InstructionDB,1000b51c,1000b521,MOV ECX,,,,,
0x1000B530,0x10037790,.data,1000b4e0,FUN_1000b4e0,yes,50,InstructionDB,1000b52e,1000b533,CMP EAX,,,,,
0x1000B537,0x10037788,.data,1000b4e0,FUN_1000b4e0,yes,57,InstructionDB,1000b536,1000b53a,MOV EAX,,,,,
0x1000B541,0x1003778C,.data,1000b4e0,FUN_1000b4e0,yes,61,InstructionDB,1000b540,1000b544,MOV EAX,,,,,
0x1000B547,0x10037788,.data,1000b4e0,FUN_1000b4e0,yes,67,InstructionDB,1000b545,1000b54a,MOV ECX,,,,,
0x1000B555,0x1003778C,.data,1000b4e0,FUN_1000b4e0,yes,75,InstructionDB,1000b554,1000b558,MOV EAX,,,,,
0x1000B55E,0x1003778C,.data,1000b4e0,FUN_1000b4e0,yes,7e,InstructionDB,1000b55d,1000b561,MOV [0x1003778c],,,,,
0x1000B568,0x10037790,.data,1000b4e0,FUN_1000b4e0,yes,88,InstructionDB,1000b566,1000b56b,CMP EAX,,,,,
0x1000B56F,0x10037788,.data,1000b4e0,FUN_1000b4e0,yes,8f,InstructionDB,1000b56e,1000b572,MOV EAX,,,,,
0x1000B579,0x1003778C,.data,1000b4e0,FUN_1000b4e0,yes,99,InstructionDB,1000b578,1000b57c,MOV EAX,,,,,
0x1000B587,0x1003778C,.data,1000b4e0,FUN_1000b4e0,yes,a7,InstructionDB,1000b586,1000b58a,MOV EAX,,,,,
0x1000B58F,0x1003778C,.data,1000b4e0,FUN_1000b4e0,yes,af,InstructionDB,1000b58e,1000b592,MOV [0x1003778c],,,,,
0x1000B5EA,0x1000C950,.text,1000b5a0,FUN_1000b5a0,yes,4a,InstructionDB,1000b5e6,1000b5ed,MOV dword ptr [ESP + 0x18],,,,,LAB_1000c950
0x1000B5F2,0x1000C940,.text,1000b5a0,FUN_1000b5a0,yes,52,InstructionDB,1000b5ee,1000b5f5,MOV dword ptr [ESP + 0x20],,,,,LAB_1000c940
0x1000B5FA,0x1000C930,.text,1000b5a0,FUN_1000b5a0,yes,5a,InstructionDB,1000b5f6,1000b5fd,MOV dword ptr [ESP + 0x28],,,,,LAB_1000c930
0x1000B602,0x1000C920,.text,1000b5a0,FUN_1000b5a0,yes,62,InstructionDB,1000b5fe,1000b605,MOV dword ptr [ESP + 0x30],,,,,LAB_1000c920
0x1000B60A,0x1000C910,.text,1000b5a0,FUN_1000b5a0,yes,6a,InstructionDB,1000b606,1000b60d,MOV dword ptr [ESP + 0x38],,,,,LAB_1000c910
0x1000B625,0x1003C3BC,.data,1000b620,FUN_1000b620,yes,5,InstructionDB,1000b623,1000b629,CMP dword ptr [0x1003c3bc],,,,,
0x1000B62D,0x10037798,.data,1000b620,FUN_1000b620,yes,d,InstructionDB,1000b62c,1000b630,MOV EAX,,,,,
0x1000B63D,0x10037798,.data,1000b620,FUN_1000b620,yes,1d,InstructionDB,1000b63c,1000b640,MOV ECX,,,,,
0x1000B648,0x1003C3BC,.data,1000b620,FUN_1000b620,yes,28,InstructionDB,1000b646,1000b64b,MOV dword ptr [0x1003c3bc],,,,,
0x1000B64F,0x100377C4,.data,1000b620,FUN_1000b620,yes,2f,InstructionDB,1000b64e,1000b652,MOV EAX,,,,,
0x1000B65E,0x100377C0,.data,1000b620,FUN_1000b620,yes,3e,InstructionDB,1000b65c,1000b661,MOV ECX,,,,,
0x1000B670,0x100377C8,.data,1000b620,FUN_1000b620,yes,50,InstructionDB,1000b66e,1000b673,CMP EAX,,,,,
0x1000B677,0x100377C0,.data,1000b620,FUN_1000b620,yes,57,InstructionDB,1000b676,1000b67a,MOV EAX,,,,,
0x1000B681,0x100377C4,.data,1000b620,FUN_1000b620,yes,61,InstructionDB,1000b680,1000b684,MOV EAX,,,,,
0x1000B687,0x100377C0,.data,1000b620,FUN_1000b620,yes,67,InstructionDB,1000b685,1000b68a,MOV ECX,,,,,
0x1000B695,0x100377C4,.data,1000b620,FUN_1000b620,yes,75,InstructionDB,1000b694,1000b698,MOV EAX,,,,,
0x1000B69E,0x100377C4,.data,1000b620,FUN_1000b620,yes,7e,InstructionDB,1000b69d,1000b6a1,MOV [0x100377c4],,,,,
0x1000B6A8,0x100377C8,.data,1000b620,FUN_1000b620,yes,88,InstructionDB,1000b6a6,1000b6ab,CMP EAX,,,,,
0x1000B6AF,0x100377C0,.data,1000b620,FUN_1000b620,yes,8f,InstructionDB,1000b6ae,1000b6b2,MOV EAX,,,,,
0x1000B6B9,0x100377C4,.data,1000b620,FUN_1000b620,yes,99,InstructionDB,1000b6b8,1000b6bc,MOV EAX,,,,,
0x1000B6C7,0x100377C4,.data,1000b620,FUN_1000b620,yes,a7,InstructionDB,1000b6c6,1000b6ca,MOV EAX,,,,,
0x1000B6CF,0x100377C4,.data,1000b620,FUN_1000b620,yes,af,InstructionDB,1000b6ce,1000b6d2,MOV [0x100377c4],,,,,
0x1000B72A,0x1000C9A0,.text,1000b6e0,FUN_1000b6e0,yes,4a,InstructionDB,1000b726,1000b72d,MOV dword ptr [ESP + 0x18],,,,,LAB_1000c9a0
0x1000B732,0x1000C990,.text,1000b6e0,FUN_1000b6e0,yes,52,InstructionDB,1000b72e,1000b735,MOV dword ptr [ESP + 0x20],,,,,LAB_1000c990
0x1000B73A,0x1000C980,.text,1000b6e0,FUN_1000b6e0,yes,5a,InstructionDB,1000b736,1000b73d,MOV dword ptr [ESP + 0x28],,,,,LAB_1000c980
0x1000B742,0x1000C970,.text,1000b6e0,FUN_1000b6e0,yes,62,InstructionDB,1000b73e,1000b745,MOV dword ptr [ESP + 0x30],,,,,LAB_1000c970
0x1000B74A,0x1000C960,.text,1000b6e0,FUN_1000b6e0,yes,6a,InstructionDB,1000b746,1000b74d,MOV dword ptr [ESP + 0x38],,,,,LAB_1000c960
0x1000B765,0x1003C3C0,.data,1000b760,FUN_1000b760,yes,5,InstructionDB,1000b763,1000b769,CMP dword ptr [0x1003c3c0],,,,,
0x1000B76D,0x100377D0,.data,1000b760,FUN_1000b760,yes,d,InstructionDB,1000b76c,1000b770,MOV EAX,,,,,
0x1000B77D,0x100377D0,.data,1000b760,FUN_1000b760,yes,1d,InstructionDB,1000b77c,1000b780,MOV ECX,,,,,
0x1000B788,0x1003C3C0,.data,1000b760,FUN_1000b760,yes,28,InstructionDB,1000b786,1000b78b,MOV dword ptr [0x1003c3c0],,,,,
0x1000B78F,0x100377EC,.data,1000b760,FUN_1000b760,yes,2f,InstructionDB,1000b78e,1000b792,MOV EAX,,,,,
0x1000B79E,0x100377E8,.data,1000b760,FUN_1000b760,yes,3e,InstructionDB,1000b79c,1000b7a1,MOV ECX,,,,,
0x1000B7B0,0x100377F0,.data,1000b760,FUN_1000b760,yes,50,InstructionDB,1000b7ae,1000b7b3,CMP EAX,,,,,
0x1000B7B7,0x100377E8,.data,1000b760,FUN_1000b760,yes,57,InstructionDB,1000b7b6,1000b7ba,MOV EAX,,,,,
0x1000B7C1,0x100377EC,.data,1000b760,FUN_1000b760,yes,61,InstructionDB,1000b7c0,1000b7c4,MOV EAX,,,,,
0x1000B7C7,0x100377E8,.data,1000b760,FUN_1000b760,yes,67,InstructionDB,1000b7c5,1000b7ca,MOV ECX,,,,,
0x1000B7D5,0x100377EC,.data,1000b760,FUN_1000b760,yes,75,InstructionDB,1000b7d4,1000b7d8,MOV EAX,,,,,
0x1000B7DE,0x100377EC,.data,1000b760,FUN_1000b760,yes,7e,InstructionDB,1000b7dd,1000b7e1,MOV [0x100377ec],,,,,
0x1000B7E8,0x100377F0,.data,1000b760,FUN_1000b760,yes,88,InstructionDB,1000b7e6,1000b7eb,CMP EAX,,,,,
0x1000B7EF,0x100377E8,.data,1000b760,FUN_1000b760,yes,8f,InstructionDB,1000b7ee,1000b7f2,MOV EAX,,,,,
0x1000B7F9,0x100377EC,.data,1000b760,FUN_1000b760,yes,99,InstructionDB,1000b7f8,1000b7fc,MOV EAX,,,,,
0x1000B807,0x100377EC,.data,1000b760,FUN_1000b760,yes,a7,InstructionDB,1000b806,1000b80a,MOV EAX,,,,,
0x1000B80F,0x100377EC,.data,1000b760,FUN_1000b760,yes,af,InstructionDB,1000b80e,1000b812,MOV [0x100377ec],,,,,
0x1000B825,0x1003C3C0,.data,1000b820,FUN_1000b820,yes,5,InstructionDB,1000b823,1000b829,CMP dword ptr [0x1003c3c0],,,,,
0x1000B82D,0x100377D0,.data,1000b820,FUN_1000b820,yes,d,InstructionDB,1000b82c,1000b830,MOV EAX,,,,,
0x1000B83D,0x100377D0,.data,1000b820,FUN_1000b820,yes,1d,InstructionDB,1000b83c,1000b840,MOV ECX,,,,,
0x1000B848,0x1003C3C0,.data,1000b820,FUN_1000b820,yes,28,InstructionDB,1000b846,1000b84b,MOV dword ptr [0x1003c3c0],,,,,
0x1000B84F,0x100377FC,.data,1000b820,FUN_1000b820,yes,2f,InstructionDB,1000b84e,1000b852,MOV EAX,,,,,
0x1000B85E,0x100377F8,.data,1000b820,FUN_1000b820,yes,3e,InstructionDB,1000b85c,1000b861,MOV ECX,,,,,
0x1000B870,0x10037800,.data,1000b820,FUN_1000b820,yes,50,InstructionDB,1000b86e,1000b873,CMP EAX,,,,,
0x1000B877,0x100377F8,.data,1000b820,FUN_1000b820,yes,57,InstructionDB,1000b876,1000b87a,MOV EAX,,,,,
0x1000B881,0x100377FC,.data,1000b820,FUN_1000b820,yes,61,InstructionDB,1000b880,1000b884,MOV EAX,,,,,
0x1000B887,0x100377F8,.data,1000b820,FUN_1000b820,yes,67,InstructionDB,1000b885,1000b88a,MOV ECX,,,,,
0x1000B895,0x100377FC,.data,1000b820,FUN_1000b820,yes,75,InstructionDB,1000b894,1000b898,MOV EAX,,,,,
0x1000B89E,0x100377FC,.data,1000b820,FUN_1000b820,yes,7e,InstructionDB,1000b89d,1000b8a1,MOV [0x100377fc],,,,,
0x1000B8A8,0x10037800,.data,1000b820,FUN_1000b820,yes,88,InstructionDB,1000b8a6,1000b8ab,CMP EAX,,,,,
0x1000B8AF,0x100377F8,.data,1000b820,FUN_1000b820,yes,8f,InstructionDB,1000b8ae,1000b8b2,MOV EAX,,,,,
0x1000B8B9,0x100377FC,.data,1000b820,FUN_1000b820,yes,99,InstructionDB,1000b8b8,1000b8bc,MOV EAX,,,,,
0x1000B8C7,0x100377FC,.data,1000b820,FUN_1000b820,yes,a7,InstructionDB,1000b8c6,1000b8ca,MOV EAX,,,,,
0x1000B8CF,0x100377FC,.data,1000b820,FUN_1000b820,yes,af,InstructionDB,1000b8ce,1000b8d2,MOV [0x100377fc],,,,,
0x1000B92A,0x1000C9F0,.text,1000b8e0,FUN_1000b8e0,yes,4a,InstructionDB,1000b926,1000b92d,MOV dword ptr [ESP + 0x18],,,,,LAB_1000c9f0
0x1000B932,0x1000C9E0,.text,1000b8e0,FUN_1000b8e0,yes,52,InstructionDB,1000b92e,1000b935,MOV dword ptr [ESP + 0x20],,,,,LAB_1000c9e0
0x1000B93A,0x1000C9D0,.text,1000b8e0,FUN_1000b8e0,yes,5a,InstructionDB,1000b936,1000b93d,MOV dword ptr [ESP + 0x28],,,,,LAB_1000c9d0
0x1000B942,0x1000C9C0,.text,1000b8e0,FUN_1000b8e0,yes,62,InstructionDB,1000b93e,1000b945,MOV dword ptr [ESP + 0x30],,,,,LAB_1000c9c0
0x1000B94A,0x1000C9B0,.text,1000b8e0,FUN_1000b8e0,yes,6a,InstructionDB,1000b946,1000b94d,MOV dword ptr [ESP + 0x38],,,,,LAB_1000c9b0
0x1000B965,0x1003C3C4,.data,1000b960,FUN_1000b960,yes,5,InstructionDB,1000b963,1000b969,CMP dword ptr [0x1003c3c4],,,,,
0x1000B96D,0x10037808,.data,1000b960,FUN_1000b960,yes,d,InstructionDB,1000b96c,1000b970,MOV EAX,,,,,
0x1000B97D,0x10037808,.data,1000b960,FUN_1000b960,yes,1d,InstructionDB,1000b97c,1000b980,MOV ECX,,,,,
0x1000B988,0x1003C3C4,.data,1000b960,FUN_1000b960,yes,28,InstructionDB,1000b986,1000b98b,MOV dword ptr [0x1003c3c4],,,,,
0x1000B98F,0x10037824,.data,1000b960,FUN_1000b960,yes,2f,InstructionDB,1000b98e,1000b992,MOV EAX,,,,,
0x1000B99E,0x10037820,.data,1000b960,FUN_1000b960,yes,3e,InstructionDB,1000b99c,1000b9a1,MOV ECX,,,,,
0x1000B9B0,0x10037828,.data,1000b960,FUN_1000b960,yes,50,InstructionDB,1000b9ae,1000b9b3,CMP EAX,,,,,
0x1000B9B7,0x10037820,.data,1000b960,FUN_1000b960,yes,57,InstructionDB,1000b9b6,1000b9ba,MOV EAX,,,,,
0x1000B9C1,0x10037824,.data,1000b960,FUN_1000b960,yes,61,InstructionDB,1000b9c0,1000b9c4,MOV EAX,,,,,
0x1000B9C7,0x10037820,.data,1000b960,FUN_1000b960,yes,67,InstructionDB,1000b9c5,1000b9ca,MOV ECX,,,,,
0x1000B9D5,0x10037824,.data,1000b960,FUN_1000b960,yes,75,InstructionDB,1000b9d4,1000b9d8,MOV EAX,,,,,
0x1000B9DE,0x10037824,.data,1000b960,FUN_1000b960,yes,7e,InstructionDB,1000b9dd,1000b9e1,MOV [0x10037824],,,,,
0x1000B9E8,0x10037828,.data,1000b960,FUN_1000b960,yes,88,InstructionDB,1000b9e6,1000b9eb,CMP EAX,,,,,
0x1000B9EF,0x10037820,.data,1000b960,FUN_1000b960,yes,8f,InstructionDB,1000b9ee,1000b9f2,MOV EAX,,,,,
0x1000B9F9,0x10037824,.data,1000b960,FUN_1000b960,yes,99,InstructionDB,1000b9f8,1000b9fc,MOV EAX,,,,,
0x1000BA07,0x10037824,.data,1000b960,FUN_1000b960,yes,a7,InstructionDB,1000ba06,1000ba0a,MOV EAX,,,,,
0x1000BA0F,0x10037824,.data,1000b960,FUN_1000b960,yes,af,InstructionDB,1000ba0e,1000ba12,MOV [0x10037824],,,,,
0x1000BA25,0x1003C3C4,.data,1000ba20,FUN_1000ba20,yes,5,InstructionDB,1000ba23,1000ba29,CMP dword ptr [0x1003c3c4],,,,,
0x1000BA2D,0x10037808,.data,1000ba20,FUN_1000ba20,yes,d,InstructionDB,1000ba2c,1000ba30,MOV EAX,,,,,
0x1000BA3D,0x10037808,.data,1000ba20,FUN_1000ba20,yes,1d,InstructionDB,1000ba3c,1000ba40,MOV ECX,,,,,
0x1000BA48,0x1003C3C4,.data,1000ba20,FUN_1000ba20,yes,28,InstructionDB,1000ba46,1000ba4b,MOV dword ptr [0x1003c3c4],,,,,
0x1000BA4F,0x10037834,.data,1000ba20,FUN_1000ba20,yes,2f,InstructionDB,1000ba4e,1000ba52,MOV EAX,,,,,
0x1000BA5E,0x10037830,.data,1000ba20,FUN_1000ba20,yes,3e,InstructionDB,1000ba5c,1000ba61,MOV ECX,,,,,
0x1000BA70,0x10037838,.data,1000ba20,FUN_1000ba20,yes,50,InstructionDB,1000ba6e,1000ba73,CMP EAX,,,,,
0x1000BA77,0x10037830,.data,1000ba20,FUN_1000ba20,yes,57,InstructionDB,1000ba76,1000ba7a,MOV EAX,,,,,
0x1000BA81,0x10037834,.data,1000ba20,FUN_1000ba20,yes,61,InstructionDB,1000ba80,1000ba84,MOV EAX,,,,,
0x1000BA87,0x10037830,.data,1000ba20,FUN_1000ba20,yes,67,InstructionDB,1000ba85,1000ba8a,MOV ECX,,,,,
0x1000BA95,0x10037834,.data,1000ba20,FUN_1000ba20,yes,75,InstructionDB,1000ba94,1000ba98,MOV EAX,,,,,
0x1000BA9E,0x10037834,.data,1000ba20,FUN_1000ba20,yes,7e,InstructionDB,1000ba9d,1000baa1,MOV [0x10037834],,,,,
0x1000BAA8,0x10037838,.data,1000ba20,FUN_1000ba20,yes,88,InstructionDB,1000baa6,1000baab,CMP EAX,,,,,
0x1000BAAF,0x10037830,.data,1000ba20,FUN_1000ba20,yes,8f,InstructionDB,1000baae,1000bab2,MOV EAX,,,,,
0x1000BAB9,0x10037834,.data,1000ba20,FUN_1000ba20,yes,99,InstructionDB,1000bab8,1000babc,MOV EAX,,,,,
0x1000BAC7,0x10037834,.data,1000ba20,FUN_1000ba20,yes,a7,InstructionDB,1000bac6,1000baca,MOV EAX,,,,,
0x1000BACF,0x10037834,.data,1000ba20,FUN_1000ba20,yes,af,InstructionDB,1000bace,1000bad2,MOV [0x10037834],,,,,
0x1000BB2A,0x1000CA40,.text,1000bae0,FUN_1000bae0,yes,4a,InstructionDB,1000bb26,1000bb2d,MOV dword ptr [ESP + 0x18],,,,,LAB_1000ca40
0x1000BB32,0x1000CA30,.text,1000bae0,FUN_1000bae0,yes,52,InstructionDB,1000bb2e,1000bb35,MOV dword ptr [ESP + 0x20],,,,,LAB_1000ca30
0x1000BB3A,0x1000CA20,.text,1000bae0,FUN_1000bae0,yes,5a,InstructionDB,1000bb36,1000bb3d,MOV dword ptr [ESP + 0x28],,,,,LAB_1000ca20
0x1000BB42,0x1000CA10,.text,1000bae0,FUN_1000bae0,yes,62,InstructionDB,1000bb3e,1000bb45,MOV dword ptr [ESP + 0x30],,,,,LAB_1000ca10
0x1000BB4A,0x1000CA00,.text,1000bae0,FUN_1000bae0,yes,6a,InstructionDB,1000bb46,1000bb4d,MOV dword ptr [ESP + 0x38],,,,,LAB_1000ca00
0x1000BBAA,0x1000CA90,.text,1000bb60,FUN_1000bb60,yes,4a,InstructionDB,1000bba6,1000bbad,MOV dword ptr [ESP + 0x18],,,,,LAB_1000ca90
0x1000BBB2,0x1000CA80,.text,1000bb60,FUN_1000bb60,yes,52,InstructionDB,1000bbae,1000bbb5,MOV dword ptr [ESP + 0x20],,,,,LAB_1000ca80
0x1000BBBA,0x1000CA70,.text,1000bb60,FUN_1000bb60,yes,5a,InstructionDB,1000bbb6,1000bbbd,MOV dword ptr [ESP + 0x28],,,,,LAB_1000ca70
0x1000BBC2,0x1000CA60,.text,1000bb60,FUN_1000bb60,yes,62,InstructionDB,1000bbbe,1000bbc5,MOV dword ptr [ESP + 0x30],,,,,LAB_1000ca60
0x1000BBCA,0x1000CA50,.text,1000bb60,FUN_1000bb60,yes,6a,InstructionDB,1000bbc6,1000bbcd,MOV dword ptr [ESP + 0x38],,,,,LAB_1000ca50
0x1000BBE5,0x1003C3C8,.data,1000bbe0,FUN_1000bbe0,yes,5,InstructionDB,1000bbe3,1000bbe9,CMP dword ptr [0x1003c3c8],,,,,
0x1000BBED,0x10037878,.data,1000bbe0,FUN_1000bbe0,yes,d,InstructionDB,1000bbec,1000bbf0,MOV EAX,,,,,
0x1000BBFD,0x10037878,.data,1000bbe0,FUN_1000bbe0,yes,1d,InstructionDB,1000bbfc,1000bc00,MOV ECX,,,,,
0x1000BC08,0x1003C3C8,.data,1000bbe0,FUN_1000bbe0,yes,28,InstructionDB,1000bc06,1000bc0b,MOV dword ptr [0x1003c3c8],,,,,
0x1000BC0F,0x100378A4,.data,1000bbe0,FUN_1000bbe0,yes,2f,InstructionDB,1000bc0e,1000bc12,MOV EAX,,,,,
0x1000BC1E,0x100378A0,.data,1000bbe0,FUN_1000bbe0,yes,3e,InstructionDB,1000bc1c,1000bc21,MOV ECX,,,,,
0x1000BC30,0x100378A8,.data,1000bbe0,FUN_1000bbe0,yes,50,InstructionDB,1000bc2e,1000bc33,CMP EAX,,,,,
0x1000BC37,0x100378A0,.data,1000bbe0,FUN_1000bbe0,yes,57,InstructionDB,1000bc36,1000bc3a,MOV EAX,,,,,
0x1000BC41,0x100378A4,.data,1000bbe0,FUN_1000bbe0,yes,61,InstructionDB,1000bc40,1000bc44,MOV EAX,,,,,
0x1000BC47,0x100378A0,.data,1000bbe0,FUN_1000bbe0,yes,67,InstructionDB,1000bc45,1000bc4a,MOV ECX,,,,,
0x1000BC55,0x100378A4,.data,1000bbe0,FUN_1000bbe0,yes,75,InstructionDB,1000bc54,1000bc58,MOV EAX,,,,,
0x1000BC5E,0x100378A4,.data,1000bbe0,FUN_1000bbe0,yes,7e,InstructionDB,1000bc5d,1000bc61,MOV [0x100378a4],,,,,
0x1000BC68,0x100378A8,.data,1000bbe0,FUN_1000bbe0,yes,88,InstructionDB,1000bc66,1000bc6b,CMP EAX,,,,,
0x1000BC6F,0x100378A0,.data,1000bbe0,FUN_1000bbe0,yes,8f,InstructionDB,1000bc6e,1000bc72,MOV EAX,,,,,
0x1000BC79,0x100378A4,.data,1000bbe0,FUN_1000bbe0,yes,99,InstructionDB,1000bc78,1000bc7c,MOV EAX,,,,,
0x1000BC87,0x100378A4,.data,1000bbe0,FUN_1000bbe0,yes,a7,InstructionDB,1000bc86,1000bc8a,MOV EAX,,,,,
0x1000BC8F,0x100378A4,.data,1000bbe0,FUN_1000bbe0,yes,af,InstructionDB,1000bc8e,1000bc92,MOV [0x100378a4],,,,,
0x1000BCEA,0x1000CBE0,.text,1000bca0,FUN_1000bca0,yes,4a,InstructionDB,1000bce6,1000bced,MOV dword ptr [ESP + 0x18],,,,,LAB_1000cbe0
0x1000BCF2,0x1000CB90,.text,1000bca0,FUN_1000bca0,yes,52,InstructionDB,1000bcee,1000bcf5,MOV dword ptr [ESP + 0x20],,,,,LAB_1000cb90
0x1000BCFA,0x1000CB40,.text,1000bca0,FUN_1000bca0,yes,5a,InstructionDB,1000bcf6,1000bcfd,MOV dword ptr [ESP + 0x28],,,,,LAB_1000cb40
0x1000BD02,0x1000CAF0,.text,1000bca0,FUN_1000bca0,yes,62,InstructionDB,1000bcfe,1000bd05,MOV dword ptr [ESP + 0x30],,,,,LAB_1000caf0
0x1000BD0A,0x1000CAA0,.text,1000bca0,FUN_1000bca0,yes,6a,InstructionDB,1000bd06,1000bd0d,MOV dword ptr [ESP + 0x38],,,,,LAB_1000caa0
0x1000BD25,0x1003C3CC,.data,1000bd20,FUN_1000bd20,yes,5,InstructionDB,1000bd23,1000bd29,CMP dword ptr [0x1003c3cc],,,,,
0x1000BD2D,0x100378B0,.data,1000bd20,FUN_1000bd20,yes,d,InstructionDB,1000bd2c,1000bd30,MOV EAX,,,,,
0x1000BD3D,0x100378B0,.data,1000bd20,FUN_1000bd20,yes,1d,InstructionDB,1000bd3c,1000bd40,MOV ECX,,,,,
0x1000BD48,0x1003C3CC,.data,1000bd20,FUN_1000bd20,yes,28,InstructionDB,1000bd46,1000bd4b,MOV dword ptr [0x1003c3cc],,,,,
0x1000BD4F,0x100378DC,.data,1000bd20,FUN_1000bd20,yes,2f,InstructionDB,1000bd4e,1000bd52,MOV EAX,,,,,
0x1000BD5E,0x100378D8,.data,1000bd20,FUN_1000bd20,yes,3e,InstructionDB,1000bd5c,1000bd61,MOV ECX,,,,,
0x1000BD70,0x100378E0,.data,1000bd20,FUN_1000bd20,yes,50,InstructionDB,1000bd6e,1000bd73,CMP EAX,,,,,
0x1000BD77,0x100378D8,.data,1000bd20,FUN_1000bd20,yes,57,InstructionDB,1000bd76,1000bd7a,MOV EAX,,,,,
0x1000BD81,0x100378DC,.data,1000bd20,FUN_1000bd20,yes,61,InstructionDB,1000bd80,1000bd84,MOV EAX,,,,,
0x1000BD87,0x100378D8,.data,1000bd20,FUN_1000bd20,yes,67,InstructionDB,1000bd85,1000bd8a,MOV ECX,,,,,
0x1000BD95,0x100378DC,.data,1000bd20,FUN_1000bd20,yes,75,InstructionDB,1000bd94,1000bd98,MOV EAX,,,,,
0x1000BD9E,0x100378DC,.data,1000bd20,FUN_1000bd20,yes,7e,InstructionDB,1000bd9d,1000bda1,MOV [0x100378dc],,,,,
0x1000BDA8,0x100378E0,.data,1000bd20,FUN_1000bd20,yes,88,InstructionDB,1000bda6,1000bdab,CMP EAX,,,,,
0x1000BDAF,0x100378D8,.data,1000bd20,FUN_1000bd20,yes,8f,InstructionDB,1000bdae,1000bdb2,MOV EAX,,,,,
0x1000BDB9,0x100378DC,.data,1000bd20,FUN_1000bd20,yes,99,InstructionDB,1000bdb8,1000bdbc,MOV EAX,,,,,
0x1000BDC7,0x100378DC,.data,1000bd20,FUN_1000bd20,yes,a7,InstructionDB,1000bdc6,1000bdca,MOV EAX,,,,,
0x1000BDCF,0x100378DC,.data,1000bd20,FUN_1000bd20,yes,af,InstructionDB,1000bdce,1000bdd2,MOV [0x100378dc],,,,,
0x1000BE2A,0x1000CC70,.text,1000bde0,FUN_1000bde0,yes,4a,InstructionDB,1000be26,1000be2d,MOV dword ptr [ESP + 0x18],,,,,LAB_1000cc70
0x1000BE32,0x1000CC60,.text,1000bde0,FUN_1000bde0,yes,52,InstructionDB,1000be2e,1000be35,MOV dword ptr [ESP + 0x20],,,,,LAB_1000cc60
0x1000BE3A,0x1000CC50,.text,1000bde0,FUN_1000bde0,yes,5a,InstructionDB,1000be36,1000be3d,MOV dword ptr [ESP + 0x28],,,,,LAB_1000cc50
0x1000BE42,0x1000CC40,.text,1000bde0,FUN_1000bde0,yes,62,InstructionDB,1000be3e,1000be45,MOV dword ptr [ESP + 0x30],,,,,LAB_1000cc40
0x1000BE4A,0x1000CC30,.text,1000bde0,FUN_1000bde0,yes,6a,InstructionDB,1000be46,1000be4d,MOV dword ptr [ESP + 0x38],,,,,LAB_1000cc30
0x1000BE65,0x1003C3D0,.data,1000be60,FUN_1000be60,yes,5,InstructionDB,1000be63,1000be69,CMP dword ptr [0x1003c3d0],,,,,
0x1000BE6D,0x100378E8,.data,1000be60,FUN_1000be60,yes,d,InstructionDB,1000be6c,1000be70,MOV EAX,,,,,
0x1000BE7D,0x100378E8,.data,1000be60,FUN_1000be60,yes,1d,InstructionDB,1000be7c,1000be80,MOV ECX,,,,,
0x1000BE88,0x1003C3D0,.data,1000be60,FUN_1000be60,yes,28,InstructionDB,1000be86,1000be8b,MOV dword ptr [0x1003c3d0],,,,,
0x1000BE8F,0x10037914,.data,1000be60,FUN_1000be60,yes,2f,InstructionDB,1000be8e,1000be92,MOV EAX,,,,,
0x1000BE9E,0x10037910,.data,1000be60,FUN_1000be60,yes,3e,InstructionDB,1000be9c,1000bea1,MOV ECX,,,,,
0x1000BEB0,0x10037918,.data,1000be60,FUN_1000be60,yes,50,InstructionDB,1000beae,1000beb3,CMP EAX,,,,,
0x1000BEB7,0x10037910,.data,1000be60,FUN_1000be60,yes,57,InstructionDB,1000beb6,1000beba,MOV EAX,,,,,
0x1000BEC1,0x10037914,.data,1000be60,FUN_1000be60,yes,61,InstructionDB,1000bec0,1000bec4,MOV EAX,,,,,
0x1000BEC7,0x10037910,.data,1000be60,FUN_1000be60,yes,67,InstructionDB,1000bec5,1000beca,MOV ECX,,,,,
0x1000BED5,0x10037914,.data,1000be60,FUN_1000be60,yes,75,InstructionDB,1000bed4,1000bed8,MOV EAX,,,,,
0x1000BEDE,0x10037914,.data,1000be60,FUN_1000be60,yes,7e,InstructionDB,1000bedd,1000bee1,MOV [0x10037914],,,,,
0x1000BEE8,0x10037918,.data,1000be60,FUN_1000be60,yes,88,InstructionDB,1000bee6,1000beeb,CMP EAX,,,,,
0x1000BEEF,0x10037910,.data,1000be60,FUN_1000be60,yes,8f,InstructionDB,1000beee,1000bef2,MOV EAX,,,,,
0x1000BEF9,0x10037914,.data,1000be60,FUN_1000be60,yes,99,InstructionDB,1000bef8,1000befc,MOV EAX,,,,,
0x1000BF07,0x10037914,.data,1000be60,FUN_1000be60,yes,a7,InstructionDB,1000bf06,1000bf0a,MOV EAX,,,,,
0x1000BF0F,0x10037914,.data,1000be60,FUN_1000be60,yes,af,InstructionDB,1000bf0e,1000bf12,MOV [0x10037914],,,,,
0x1000BF6A,0x1000CCC0,.text,1000bf20,FUN_1000bf20,yes,4a,InstructionDB,1000bf66,1000bf6d,MOV dword ptr [ESP + 0x18],,,,,LAB_1000ccc0
0x1000BF72,0x1000CCB0,.text,1000bf20,FUN_1000bf20,yes,52,InstructionDB,1000bf6e,1000bf75,MOV dword ptr [ESP + 0x20],,,,,LAB_1000ccb0
0x1000BF7A,0x1000CCA0,.text,1000bf20,FUN_1000bf20,yes,5a,InstructionDB,1000bf76,1000bf7d,MOV dword ptr [ESP + 0x28],,,,,LAB_1000cca0
0x1000BF82,0x1000CC90,.text,1000bf20,FUN_1000bf20,yes,62,InstructionDB,1000bf7e,1000bf85,MOV dword ptr [ESP + 0x30],,,,,LAB_1000cc90
0x1000BF8A,0x1000CC80,.text,1000bf20,FUN_1000bf20,yes,6a,InstructionDB,1000bf86,1000bf8d,MOV dword ptr [ESP + 0x38],,,,,LAB_1000cc80
0x1000BFA5,0x1003C3D4,.data,1000bfa0,FUN_1000bfa0,yes,5,InstructionDB,1000bfa3,1000bfa9,CMP dword ptr [0x1003c3d4],,,,,
0x1000BFAD,0x10037920,.data,1000bfa0,FUN_1000bfa0,yes,d,InstructionDB,1000bfac,1000bfb0,MOV EAX,,,,,
0x1000BFBD,0x10037920,.data,1000bfa0,FUN_1000bfa0,yes,1d,InstructionDB,1000bfbc,1000bfc0,MOV ECX,,,,,
0x1000BFC8,0x1003C3D4,.data,1000bfa0,FUN_1000bfa0,yes,28,InstructionDB,1000bfc6,1000bfcb,MOV dword ptr [0x1003c3d4],,,,,
0x1000BFCF,0x1003794C,.data,1000bfa0,FUN_1000bfa0,yes,2f,InstructionDB,1000bfce,1000bfd2,MOV EAX,,,,,
0x1000BFDE,0x10037948,.data,1000bfa0,FUN_1000bfa0,yes,3e,InstructionDB,1000bfdc,1000bfe1,MOV ECX,,,,,
0x1000BFF0,0x10037950,.data,1000bfa0,FUN_1000bfa0,yes,50,InstructionDB,1000bfee,1000bff3,CMP EAX,,,,,
0x1000BFF7,0x10037948,.data,1000bfa0,FUN_1000bfa0,yes,57,InstructionDB,1000bff6,1000bffa,MOV EAX,,,,,
0x1000C001,0x1003794C,.data,1000bfa0,FUN_1000bfa0,yes,61,InstructionDB,1000c000,1000c004,MOV EAX,,,,,
0x1000C007,0x10037948,.data,1000bfa0,FUN_1000bfa0,yes,67,InstructionDB,1000c005,1000c00a,MOV ECX,,,,,
0x1000C015,0x1003794C,.data,1000bfa0,FUN_1000bfa0,yes,75,InstructionDB,1000c014,1000c018,MOV EAX,,,,,
0x1000C01E,0x1003794C,.data,1000bfa0,FUN_1000bfa0,yes,7e,InstructionDB,1000c01d,1000c021,MOV [0x1003794c],,,,,
0x1000C028,0x10037950,.data,1000bfa0,FUN_1000bfa0,yes,88,InstructionDB,1000c026,1000c02b,CMP EAX,,,,,
0x1000C02F,0x10037948,.data,1000bfa0,FUN_1000bfa0,yes,8f,InstructionDB,1000c02e,1000c032,MOV EAX,,,,,
0x1000C039,0x1003794C,.data,1000bfa0,FUN_1000bfa0,yes,99,InstructionDB,1000c038,1000c03c,MOV EAX,,,,,
0x1000C047,0x1003794C,.data,1000bfa0,FUN_1000bfa0,yes,a7,InstructionDB,1000c046,1000c04a,MOV EAX,,,,,
0x1000C04F,0x1003794C,.data,1000bfa0,FUN_1000bfa0,yes,af,InstructionDB,1000c04e,1000c052,MOV [0x1003794c],,,,,
0x1000C0AA,0x1000CD10,.text,1000c060,FUN_1000c060,yes,4a,InstructionDB,1000c0a6,1000c0ad,MOV dword ptr [ESP + 0x18],,,,,LAB_1000cd10
0x1000C0B2,0x1000CD00,.text,1000c060,FUN_1000c060,yes,52,InstructionDB,1000c0ae,1000c0b5,MOV dword ptr [ESP + 0x20],,,,,LAB_1000cd00
0x1000C0BA,0x1000CCF0,.text,1000c060,FUN_1000c060,yes,5a,InstructionDB,1000c0b6,1000c0bd,MOV dword ptr [ESP + 0x28],,,,,LAB_1000ccf0
0x1000C0C2,0x1000CCE0,.text,1000c060,FUN_1000c060,yes,62,InstructionDB,1000c0be,1000c0c5,MOV dword ptr [ESP + 0x30],,,,,LAB_1000cce0
0x1000C0CA,0x1000CCD0,.text,1000c060,FUN_1000c060,yes,6a,InstructionDB,1000c0c6,1000c0cd,MOV dword ptr [ESP + 0x38],,,,,LAB_1000ccd0
0x1000C0E5,0x1003C3D8,.data,1000c0e0,FUN_1000c0e0,yes,5,InstructionDB,1000c0e3,1000c0e9,CMP dword ptr [0x1003c3d8],,,,,
0x1000C0ED,0x10037958,.data,1000c0e0,FUN_1000c0e0,yes,d,InstructionDB,1000c0ec,1000c0f0,MOV EAX,,,,,
0x1000C0FD,0x10037958,.data,1000c0e0,FUN_1000c0e0,yes,1d,InstructionDB,1000c0fc,1000c100,MOV ECX,,,,,
0x1000C108,0x1003C3D8,.data,1000c0e0,FUN_1000c0e0,yes,28,InstructionDB,1000c106,1000c10b,MOV dword ptr [0x1003c3d8],,,,,
0x1000C10F,0x10037984,.data,1000c0e0,FUN_1000c0e0,yes,2f,InstructionDB,1000c10e,1000c112,MOV EAX,,,,,
0x1000C11E,0x10037980,.data,1000c0e0,FUN_1000c0e0,yes,3e,InstructionDB,1000c11c,1000c121,MOV ECX,,,,,
0x1000C130,0x10037988,.data,1000c0e0,FUN_1000c0e0,yes,50,InstructionDB,1000c12e,1000c133,CMP EAX,,,,,
0x1000C137,0x10037980,.data,1000c0e0,FUN_1000c0e0,yes,57,InstructionDB,1000c136,1000c13a,MOV EAX,,,,,
0x1000C141,0x10037984,.data,1000c0e0,FUN_1000c0e0,yes,61,InstructionDB,1000c140,1000c144,MOV EAX,,,,,
0x1000C147,0x10037980,.data,1000c0e0,FUN_1000c0e0,yes,67,InstructionDB,1000c145,1000c14a,MOV ECX,,,,,
0x1000C155,0x10037984,.data,1000c0e0,FUN_1000c0e0,yes,75,InstructionDB,1000c154,1000c158,MOV EAX,,,,,
0x1000C15E,0x10037984,.data,1000c0e0,FUN_1000c0e0,yes,7e,InstructionDB,1000c15d,1000c161,MOV [0x10037984],,,,,
0x1000C168,0x10037988,.data,1000c0e0,FUN_1000c0e0,yes,88,InstructionDB,1000c166,1000c16b,CMP EAX,,,,,
0x1000C16F,0x10037980,.data,1000c0e0,FUN_1000c0e0,yes,8f,InstructionDB,1000c16e,1000c172,MOV EAX,,,,,
0x1000C179,0x10037984,.data,1000c0e0,FUN_1000c0e0,yes,99,InstructionDB,1000c178,1000c17c,MOV EAX,,,,,
0x1000C187,0x10037984,.data,1000c0e0,FUN_1000c0e0,yes,a7,InstructionDB,1000c186,1000c18a,MOV EAX,,,,,
0x1000C18F,0x10037984,.data,1000c0e0,FUN_1000c0e0,yes,af,InstructionDB,1000c18e,1000c192,MOV [0x10037984],,,,,
0x1000C1EA,0x1000CD60,.text,1000c1a0,FUN_1000c1a0,yes,4a,InstructionDB,1000c1e6,1000c1ed,MOV dword ptr [ESP + 0x18],,,,,LAB_1000cd60
0x1000C1F2,0x1000CD50,.text,1000c1a0,FUN_1000c1a0,yes,52,InstructionDB,1000c1ee,1000c1f5,MOV dword ptr [ESP + 0x20],,,,,LAB_1000cd50
0x1000C1FA,0x1000CD40,.text,1000c1a0,FUN_1000c1a0,yes,5a,InstructionDB,1000c1f6,1000c1fd,MOV dword ptr [ESP + 0x28],,,,,LAB_1000cd40
0x1000C202,0x1000CD30,.text,1000c1a0,FUN_1000c1a0,yes,62,InstructionDB,1000c1fe,1000c205,MOV dword ptr [ESP + 0x30],,,,,LAB_1000cd30
0x1000C20A,0x1000CD20,.text,1000c1a0,FUN_1000c1a0,yes,6a,InstructionDB,1000c206,1000c20d,MOV dword ptr [ESP + 0x38],,,,,LAB_1000cd20
0x1000C225,0x1003C3DC,.data,1000c220,FUN_1000c220,yes,5,InstructionDB,1000c223,1000c229,CMP dword ptr [0x1003c3dc],,,,,
0x1000C22D,0x10037990,.data,1000c220,FUN_1000c220,yes,d,InstructionDB,1000c22c,1000c230,MOV EAX,,,,,
0x1000C23D,0x10037990,.data,1000c220,FUN_1000c220,yes,1d,InstructionDB,1000c23c,1000c240,MOV ECX,,,,,
0x1000C248,0x1003C3DC,.data,1000c220,FUN_1000c220,yes,28,InstructionDB,1000c246,1000c24b,MOV dword ptr [0x1003c3dc],,,,,
0x1000C24F,0x100379BC,.data,1000c220,FUN_1000c220,yes,2f,InstructionDB,1000c24e,1000c252,MOV EAX,,,,,
0x1000C25E,0x100379B8,.data,1000c220,FUN_1000c220,yes,3e,InstructionDB,1000c25c,1000c261,MOV ECX,,,,,
0x1000C270,0x100379C0,.data,1000c220,FUN_1000c220,yes,50,InstructionDB,1000c26e,1000c273,CMP EAX,,,,,
0x1000C277,0x100379B8,.data,1000c220,FUN_1000c220,yes,57,InstructionDB,1000c276,1000c27a,MOV EAX,,,,,
0x1000C281,0x100379BC,.data,1000c220,FUN_1000c220,yes,61,InstructionDB,1000c280,1000c284,MOV EAX,,,,,
0x1000C287,0x100379B8,.data,1000c220,FUN_1000c220,yes,67,InstructionDB,1000c285,1000c28a,MOV ECX,,,,,
0x1000C295,0x100379BC,.data,1000c220,FUN_1000c220,yes,75,InstructionDB,1000c294,1000c298,MOV EAX,,,,,
0x1000C29E,0x100379BC,.data,1000c220,FUN_1000c220,yes,7e,InstructionDB,1000c29d,1000c2a1,MOV [0x100379bc],,,,,
0x1000C2A8,0x100379C0,.data,1000c220,FUN_1000c220,yes,88,InstructionDB,1000c2a6,1000c2ab,CMP EAX,,,,,
0x1000C2AF,0x100379B8,.data,1000c220,FUN_1000c220,yes,8f,InstructionDB,1000c2ae,1000c2b2,MOV EAX,,,,,
0x1000C2B9,0x100379BC,.data,1000c220,FUN_1000c220,yes,99,InstructionDB,1000c2b8,1000c2bc,MOV EAX,,,,,
0x1000C2C7,0x100379BC,.data,1000c220,FUN_1000c220,yes,a7,InstructionDB,1000c2c6,1000c2ca,MOV EAX,,,,,
0x1000C2CF,0x100379BC,.data,1000c220,FUN_1000c220,yes,af,InstructionDB,1000c2ce,1000c2d2,MOV [0x100379bc],,,,,
0x1000C32A,0x1000CDB0,.text,1000c2e0,FUN_1000c2e0,yes,4a,InstructionDB,1000c326,1000c32d,MOV dword ptr [ESP + 0x18],,,,,LAB_1000cdb0
0x1000C332,0x1000CDA0,.text,1000c2e0,FUN_1000c2e0,yes,52,InstructionDB,1000c32e,1000c335,MOV dword ptr [ESP + 0x20],,,,,LAB_1000cda0
0x1000C33A,0x1000CD90,.text,1000c2e0,FUN_1000c2e0,yes,5a,InstructionDB,1000c336,1000c33d,MOV dword ptr [ESP + 0x28],,,,,LAB_1000cd90
0x1000C342,0x1000CD80,.text,1000c2e0,FUN_1000c2e0,yes,62,InstructionDB,1000c33e,1000c345,MOV dword ptr [ESP + 0x30],,,,,LAB_1000cd80
0x1000C34A,0x1000CD70,.text,1000c2e0,FUN_1000c2e0,yes,6a,InstructionDB,1000c346,1000c34d,MOV dword ptr [ESP + 0x38],,,,,LAB_1000cd70
0x1000C365,0x1003C3E0,.data,1000c360,FUN_1000c360,yes,5,InstructionDB,1000c363,1000c369,CMP dword ptr [0x1003c3e0],,,,,
0x1000C36D,0x100379C8,.data,1000c360,FUN_1000c360,yes,d,InstructionDB,1000c36c,1000c370,MOV EAX,,,,,
0x1000C37D,0x100379C8,.data,1000c360,FUN_1000c360,yes,1d,InstructionDB,1000c37c,1000c380,MOV ECX,,,,,
0x1000C388,0x1003C3E0,.data,1000c360,FUN_1000c360,yes,28,InstructionDB,1000c386,1000c38b,MOV dword ptr [0x1003c3e0],,,,,
0x1000C38F,0x100379F4,.data,1000c360,FUN_1000c360,yes,2f,InstructionDB,1000c38e,1000c392,MOV EAX,,,,,
0x1000C39E,0x100379F0,.data,1000c360,FUN_1000c360,yes,3e,InstructionDB,1000c39c,1000c3a1,MOV ECX,,,,,
0x1000C3B0,0x100379F8,.data,1000c360,FUN_1000c360,yes,50,InstructionDB,1000c3ae,1000c3b3,CMP EAX,,,,,
0x1000C3B7,0x100379F0,.data,1000c360,FUN_1000c360,yes,57,InstructionDB,1000c3b6,1000c3ba,MOV EAX,,,,,
0x1000C3C1,0x100379F4,.data,1000c360,FUN_1000c360,yes,61,InstructionDB,1000c3c0,1000c3c4,MOV EAX,,,,,
0x1000C3C7,0x100379F0,.data,1000c360,FUN_1000c360,yes,67,InstructionDB,1000c3c5,1000c3ca,MOV ECX,,,,,
0x1000C3D5,0x100379F4,.data,1000c360,FUN_1000c360,yes,75,InstructionDB,1000c3d4,1000c3d8,MOV EAX,,,,,
0x1000C3DE,0x100379F4,.data,1000c360,FUN_1000c360,yes,7e,InstructionDB,1000c3dd,1000c3e1,MOV [0x100379f4],,,,,
0x1000C3E8,0x100379F8,.data,1000c360,FUN_1000c360,yes,88,InstructionDB,1000c3e6,1000c3eb,CMP EAX,,,,,
0x1000C3EF,0x100379F0,.data,1000c360,FUN_1000c360,yes,8f,InstructionDB,1000c3ee,1000c3f2,MOV EAX,,,,,
0x1000C3F9,0x100379F4,.data,1000c360,FUN_1000c360,yes,99,InstructionDB,1000c3f8,1000c3fc,MOV EAX,,,,,
0x1000C407,0x100379F4,.data,1000c360,FUN_1000c360,yes,a7,InstructionDB,1000c406,1000c40a,MOV EAX,,,,,
0x1000C40F,0x100379F4,.data,1000c360,FUN_1000c360,yes,af,InstructionDB,1000c40e,1000c412,MOV [0x100379f4],,,,,
0x1000C427,0x1003C3FC,.data,1000c420,FUN_1000c420,yes,7,InstructionDB,1000c425,1000c42a,TEST byte ptr [0x1003c3fc],,,,,
0x1000C42F,0x1003C3FC,.data,1000c420,FUN_1000c420,yes,f,InstructionDB,1000c42d,1000c432,OR dword ptr [0x1003c3fc],,,,,
0x1000C434,0x10020A80,.text,1000c420,FUN_1000c420,yes,14,InstructionDB,1000c433,1000c437,PUSH 0x10020a80,,,10020a80,thunk_FUN_10009580,thunk_FUN_10009580
0x1000C43A,0x1003C3E8,.data,1000c420,FUN_1000c420,yes,1a,InstructionDB,1000c438,1000c441,MOV dword ptr [0x1003c3e8],,,,,
0x1000C444,0x1003C3EC,.data,1000c420,FUN_1000c420,yes,24,InstructionDB,1000c442,1000c44b,MOV dword ptr [0x1003c3ec],,,,,
0x1000C457,0x1003C3E8,.data,1000c420,FUN_1000c420,yes,37,InstructionDB,1000c456,1000c45a,MOV ECX,,,,,
0x1000C46A,0x1003C3EC,.data,1000c420,FUN_1000c420,yes,4a,InstructionDB,1000c469,1000c46d,MOV EAX,,,,,
0x1000C478,0x10022040,.rdata,1000c420,FUN_1000c420,yes,58,InstructionDB,1000c476,1000c47b,CALL dword ptr [0x10022040],,,,,
0x1000C491,0x1003C400,.data,1000c480,FUN_1000c480,yes,11,InstructionDB,1000c48f,1000c495,TEST byte ptr [0x1003c400],,,,,
0x1000C4A7,0x1003C400,.data,1000c480,FUN_1000c480,yes,27,InstructionDB,1000c4a5,1000c4ab,OR dword ptr [0x1003c400],,,,,
0x1000C4AE,0x1003C3F0,.data,1000c480,FUN_1000c480,yes,2e,InstructionDB,1000c4ac,1000c4b5,MOV dword ptr [0x1003c3f0],,,,,
0x1000C4B2,0x10024C04,.rdata,1000c480,FUN_1000c480,yes,32,InstructionDB,1000c4ac,1000c4b5,MOV dword ptr [0x1003c3f0],,,,,
0x1000C4B8,0x1003C3F6,.data,1000c480,FUN_1000c480,yes,38,InstructionDB,1000c4b6,1000c4bb,MOV dword ptr [0x1003c3f6],,,,,
0x1000C4BF,0x1003C3F4,.data,1000c480,FUN_1000c480,yes,3f,InstructionDB,1000c4bc,1000c4c2,MOV word ptr [0x1003c3f4],,,,,
0x1000C4E6,0x1003C400,.data,1000c480,FUN_1000c480,yes,66,InstructionDB,1000c4e4,1000c4ea,TEST byte ptr [0x1003c400],,,,,
0x1000C4FC,0x1003C400,.data,1000c480,FUN_1000c480,yes,7c,InstructionDB,1000c4fa,1000c500,OR dword ptr [0x1003c400],,,,,
0x1000C503,0x1003C3F0,.data,1000c480,FUN_1000c480,yes,83,InstructionDB,1000c501,1000c50a,MOV dword ptr [0x1003c3f0],,,,,
0x1000C507,0x10024C04,.rdata,1000c480,FUN_1000c480,yes,87,InstructionDB,1000c501,1000c50a,MOV dword ptr [0x1003c3f0],,,,,
0x1000C50D,0x1003C3F6,.data,1000c480,FUN_1000c480,yes,8d,InstructionDB,1000c50b,1000c510,MOV dword ptr [0x1003c3f6],,,,,
0x1000C514,0x1003C3F4,.data,1000c480,FUN_1000c480,yes,94,InstructionDB,1000c511,1000c517,MOV word ptr [0x1003c3f4],,,,,
0x1000C53C,0x1003C400,.data,1000c480,FUN_1000c480,yes,bc,InstructionDB,1000c53a,1000c540,TEST byte ptr [0x1003c400],,,,,
0x1000C552,0x1003C400,.data,1000c480,FUN_1000c480,yes,d2,InstructionDB,1000c550,1000c556,OR dword ptr [0x1003c400],,,,,
0x1000C559,0x1003C3F0,.data,1000c480,FUN_1000c480,yes,d9,InstructionDB,1000c557,1000c560,MOV dword ptr [0x1003c3f0],,,,,
0x1000C55D,0x10024C04,.rdata,1000c480,FUN_1000c480,yes,dd,InstructionDB,1000c557,1000c560,MOV dword ptr [0x1003c3f0],,,,,
0x1000C563,0x1003C3F6,.data,1000c480,FUN_1000c480,yes,e3,InstructionDB,1000c561,1000c566,MOV dword ptr [0x1003c3f6],,,,,
0x1000C56A,0x1003C3F4,.data,1000c480,FUN_1000c480,yes,ea,InstructionDB,1000c567,1000c56d,MOV word ptr [0x1003c3f4],,,,,
0x1000C592,0x1003C400,.data,1000c480,FUN_1000c480,yes,112,InstructionDB,1000c590,1000c596,TEST byte ptr [0x1003c400],,,,,
0x1000C5A8,0x1003C400,.data,1000c480,FUN_1000c480,yes,128,InstructionDB,1000c5a6,1000c5ac,OR dword ptr [0x1003c400],,,,,
0x1000C5AF,0x1003C3F0,.data,1000c480,FUN_1000c480,yes,12f,InstructionDB,1000c5ad,1000c5b6,MOV dword ptr [0x1003c3f0],,,,,
0x1000C5B3,0x10024C04,.rdata,1000c480,FUN_1000c480,yes,133,InstructionDB,1000c5ad,1000c5b6,MOV dword ptr [0x1003c3f0],,,,,
0x1000C5B9,0x1003C3F6,.data,1000c480,FUN_1000c480,yes,139,InstructionDB,1000c5b7,1000c5bc,MOV dword ptr [0x1003c3f6],,,,,
0x1000C5C0,0x1003C3F4,.data,1000c480,FUN_1000c480,yes,140,InstructionDB,1000c5bd,1000c5c3,MOV word ptr [0x1003c3f4],,,,,
0x1000C5E8,0x1003C400,.data,1000c480,FUN_1000c480,yes,168,InstructionDB,1000c5e6,1000c5ec,TEST byte ptr [0x1003c400],,,,,
0x1000C5FE,0x1003C400,.data,1000c480,FUN_1000c480,yes,17e,InstructionDB,1000c5fc,1000c602,OR dword ptr [0x1003c400],,,,,
0x1000C605,0x1003C3F0,.data,1000c480,FUN_1000c480,yes,185,InstructionDB,1000c603,1000c60c,MOV dword ptr [0x1003c3f0],,,,,
0x1000C609,0x10024C04,.rdata,1000c480,FUN_1000c480,yes,189,InstructionDB,1000c603,1000c60c,MOV dword ptr [0x1003c3f0],,,,,
0x1000C60F,0x1003C3F6,.data,1000c480,FUN_1000c480,yes,18f,InstructionDB,1000c60d,1000c612,MOV dword ptr [0x1003c3f6],,,,,
0x1000C616,0x1003C3F4,.data,1000c480,FUN_1000c480,yes,196,InstructionDB,1000c613,1000c619,MOV word ptr [0x1003c3f4],,,,,
0x1000CAA3,0x1003C3CC,.data,,,no,,InstructionDB,1000caa1,1000caa6,MOV EBX,,,,,
0x1000CAF3,0x1003C3CC,.data,,,no,,InstructionDB,1000caf1,1000caf6,MOV EBX,,,,,
0x1000CB43,0x1003C3CC,.data,,,no,,InstructionDB,1000cb41,1000cb46,MOV EBX,,,,,
0x1000CB93,0x1003C3CC,.data,,,no,,InstructionDB,1000cb91,1000cb96,MOV EBX,,,,,
0x1000CBE3,0x1003C3CC,.data,,,no,,InstructionDB,1000cbe1,1000cbe6,MOV EBX,,,,,
0x1000CDD1,0x1003C400,.data,1000cdc0,FUN_1000cdc0,yes,11,InstructionDB,1000cdcf,1000cdd5,TEST byte ptr [0x1003c400],,,,,
0x1000CDE7,0x1003C400,.data,1000cdc0,FUN_1000cdc0,yes,27,InstructionDB,1000cde5,1000cdeb,OR dword ptr [0x1003c400],,,,,
0x1000CDEE,0x1003C3F0,.data,1000cdc0,FUN_1000cdc0,yes,2e,InstructionDB,1000cdec,1000cdf5,MOV dword ptr [0x1003c3f0],,,,,
0x1000CDF2,0x10024C04,.rdata,1000cdc0,FUN_1000cdc0,yes,32,InstructionDB,1000cdec,1000cdf5,MOV dword ptr [0x1003c3f0],,,,,
0x1000CDF8,0x1003C3F6,.data,1000cdc0,FUN_1000cdc0,yes,38,InstructionDB,1000cdf6,1000cdfb,MOV dword ptr [0x1003c3f6],,,,,
0x1000CDFF,0x1003C3F4,.data,1000cdc0,FUN_1000cdc0,yes,3f,InstructionDB,1000cdfc,1000ce02,MOV word ptr [0x1003c3f4],,,,,
0x1000CE26,0x1003C400,.data,1000cdc0,FUN_1000cdc0,yes,66,InstructionDB,1000ce24,1000ce2a,TEST byte ptr [0x1003c400],,,,,
0x1000CE3C,0x1003C400,.data,1000cdc0,FUN_1000cdc0,yes,7c,InstructionDB,1000ce3a,1000ce40,OR dword ptr [0x1003c400],,,,,
0x1000CE43,0x1003C3F0,.data,1000cdc0,FUN_1000cdc0,yes,83,InstructionDB,1000ce41,1000ce4a,MOV dword ptr [0x1003c3f0],,,,,
0x1000CE47,0x10024C04,.rdata,1000cdc0,FUN_1000cdc0,yes,87,InstructionDB,1000ce41,1000ce4a,MOV dword ptr [0x1003c3f0],,,,,
0x1000CE4D,0x1003C3F6,.data,1000cdc0,FUN_1000cdc0,yes,8d,InstructionDB,1000ce4b,1000ce50,MOV dword ptr [0x1003c3f6],,,,,
0x1000CE54,0x1003C3F4,.data,1000cdc0,FUN_1000cdc0,yes,94,InstructionDB,1000ce51,1000ce57,MOV word ptr [0x1003c3f4],,,,,
0x1000CE7C,0x1003C400,.data,1000cdc0,FUN_1000cdc0,yes,bc,InstructionDB,1000ce7a,1000ce80,TEST byte ptr [0x1003c400],,,,,
0x1000CE92,0x1003C400,.data,1000cdc0,FUN_1000cdc0,yes,d2,InstructionDB,1000ce90,1000ce96,OR dword ptr [0x1003c400],,,,,
0x1000CE99,0x1003C3F0,.data,1000cdc0,FUN_1000cdc0,yes,d9,InstructionDB,1000ce97,1000cea0,MOV dword ptr [0x1003c3f0],,,,,
0x1000CE9D,0x10024C04,.rdata,1000cdc0,FUN_1000cdc0,yes,dd,InstructionDB,1000ce97,1000cea0,MOV dword ptr [0x1003c3f0],,,,,
0x1000CEA3,0x1003C3F6,.data,1000cdc0,FUN_1000cdc0,yes,e3,InstructionDB,1000cea1,1000cea6,MOV dword ptr [0x1003c3f6],,,,,
0x1000CEAA,0x1003C3F4,.data,1000cdc0,FUN_1000cdc0,yes,ea,InstructionDB,1000cea7,1000cead,MOV word ptr [0x1003c3f4],,,,,
0x1000CED2,0x1003C400,.data,1000cdc0,FUN_1000cdc0,yes,112,InstructionDB,1000ced0,1000ced6,TEST byte ptr [0x1003c400],,,,,
0x1000CEE8,0x1003C400,.data,1000cdc0,FUN_1000cdc0,yes,128,InstructionDB,1000cee6,1000ceec,OR dword ptr [0x1003c400],,,,,
0x1000CEEF,0x1003C3F0,.data,1000cdc0,FUN_1000cdc0,yes,12f,InstructionDB,1000ceed,1000cef6,MOV dword ptr [0x1003c3f0],,,,,
0x1000CEF3,0x10024C04,.rdata,1000cdc0,FUN_1000cdc0,yes,133,InstructionDB,1000ceed,1000cef6,MOV dword ptr [0x1003c3f0],,,,,
0x1000CEF9,0x1003C3F6,.data,1000cdc0,FUN_1000cdc0,yes,139,InstructionDB,1000cef7,1000cefc,MOV dword ptr [0x1003c3f6],,,,,
0x1000CF00,0x1003C3F4,.data,1000cdc0,FUN_1000cdc0,yes,140,InstructionDB,1000cefd,1000cf03,MOV word ptr [0x1003c3f4],,,,,
0x1000CF28,0x1003C400,.data,1000cdc0,FUN_1000cdc0,yes,168,InstructionDB,1000cf26,1000cf2c,TEST byte ptr [0x1003c400],,,,,
0x1000CF3E,0x1003C400,.data,1000cdc0,FUN_1000cdc0,yes,17e,InstructionDB,1000cf3c,1000cf42,OR dword ptr [0x1003c400],,,,,
0x1000CF45,0x1003C3F0,.data,1000cdc0,FUN_1000cdc0,yes,185,InstructionDB,1000cf43,1000cf4c,MOV dword ptr [0x1003c3f0],,,,,
0x1000CF49,0x10024C04,.rdata,1000cdc0,FUN_1000cdc0,yes,189,InstructionDB,1000cf43,1000cf4c,MOV dword ptr [0x1003c3f0],,,,,
0x1000CF4F,0x1003C3F6,.data,1000cdc0,FUN_1000cdc0,yes,18f,InstructionDB,1000cf4d,1000cf52,MOV dword ptr [0x1003c3f6],,,,,
0x1000CF56,0x1003C3F4,.data,1000cdc0,FUN_1000cdc0,yes,196,InstructionDB,1000cf53,1000cf59,MOV word ptr [0x1003c3f4],,,,,
0x1000CF87,0x1003C3FC,.data,1000cf80,FUN_1000cf80,yes,7,InstructionDB,1000cf85,1000cf8a,TEST byte ptr [0x1003c3fc],,,,,
0x1000CF8F,0x1003C3FC,.data,1000cf80,FUN_1000cf80,yes,f,InstructionDB,1000cf8d,1000cf92,OR dword ptr [0x1003c3fc],,,,,
0x1000CF94,0x10020A80,.text,1000cf80,FUN_1000cf80,yes,14,InstructionDB,1000cf93,1000cf97,PUSH 0x10020a80,,,10020a80,thunk_FUN_10009580,thunk_FUN_10009580
0x1000CF9A,0x1003C3E8,.data,1000cf80,FUN_1000cf80,yes,1a,InstructionDB,1000cf98,1000cfa1,MOV dword ptr [0x1003c3e8],,,,,
0x1000CFA4,0x1003C3EC,.data,1000cf80,FUN_1000cf80,yes,24,InstructionDB,1000cfa2,1000cfab,MOV dword ptr [0x1003c3ec],,,,,
0x1000CFB7,0x1003C3E8,.data,1000cf80,FUN_1000cf80,yes,37,InstructionDB,1000cfb6,1000cfba,MOV ECX,,,,,
0x1000CFCA,0x1003C3EC,.data,1000cf80,FUN_1000cf80,yes,4a,InstructionDB,1000cfc9,1000cfcd,MOV EAX,,,,,
0x1000CFD8,0x10022040,.rdata,1000cf80,FUN_1000cf80,yes,58,InstructionDB,1000cfd6,1000cfdb,CALL dword ptr [0x10022040],,,,,
0x1000CFF5,0x10024C5C,.rdata,1000cfe0,FUN_1000cfe0,yes,15,InstructionDB,1000cff4,1000cff8,PUSH 0x10024c5c,,,,,
0x1000D05A,0x1003C3FC,.data,1000d030,FUN_1000d030,yes,2a,InstructionDB,1000d058,1000d05e,TEST byte ptr [0x1003c3fc],,,,,
0x1000D066,0x1003C3FC,.data,1000d030,FUN_1000d030,yes,36,InstructionDB,1000d064,1000d06a,OR dword ptr [0x1003c3fc],,,,,
0x1000D06C,0x10020A80,.text,1000d030,FUN_1000d030,yes,3c,InstructionDB,1000d06b,1000d06f,PUSH 0x10020a80,,,10020a80,thunk_FUN_10009580,thunk_FUN_10009580
0x1000D071,0x1003C3E8,.data,1000d030,FUN_1000d030,yes,41,InstructionDB,1000d070,1000d074,MOV [0x1003c3e8],,,,,
0x1000D076,0x1003C3EC,.data,1000d030,FUN_1000d030,yes,46,InstructionDB,1000d075,1000d079,MOV [0x1003c3ec],,,,,
0x1000D083,0x1003C3EC,.data,1000d030,FUN_1000d030,yes,53,InstructionDB,1000d082,1000d086,MOV EAX,,,,,
0x1000D089,0x1003C3E8,.data,1000d030,FUN_1000d030,yes,59,InstructionDB,1000d087,1000d08c,MOV ECX,,,,,
0x1000D09C,0x10024C18,.rdata,1000d030,FUN_1000d030,yes,6c,InstructionDB,1000d09b,1000d09f,PUSH 0x10024c18,,,,,
0x1000D0A9,0x10022058,.rdata,1000d030,FUN_1000d030,yes,79,InstructionDB,1000d0a7,1000d0ac,CALL dword ptr [0x10022058],,,,,
0x1000D0B0,0x1003C3EC,.data,1000d030,FUN_1000d030,yes,80,InstructionDB,1000d0af,1000d0b3,MOV EAX,,,,,
0x1000D0B6,0x1003C3E8,.data,1000d030,FUN_1000d030,yes,86,InstructionDB,1000d0b4,1000d0b9,MOV dword ptr [0x1003c3e8],,,,,
0x1000D0CD,0x10022038,.rdata,1000d030,FUN_1000d030,yes,9d,InstructionDB,1000d0cb,1000d0d0,CALL dword ptr [0x10022038],,,,,
0x1000D0D2,0x1003C3EC,.data,1000d030,FUN_1000d030,yes,a2,InstructionDB,1000d0d1,1000d0d5,MOV [0x1003c3ec],,,,,
0x1000D0DC,0x1003C3E8,.data,1000d030,FUN_1000d030,yes,ac,InstructionDB,1000d0da,1000d0df,MOV ECX,,,,,
0x1000D0F7,0x1003C3E8,.data,1000d030,FUN_1000d030,yes,c7,InstructionDB,1000d0f6,1000d0fa,MOV ESI,,,,,
0x1000D101,0x1003C3EC,.data,1000d030,FUN_1000d030,yes,d1,InstructionDB,1000d100,1000d104,MOV EAX,,,,,
0x1000D107,0x1003C3E8,.data,1000d030,FUN_1000d030,yes,d7,InstructionDB,1000d105,1000d10a,MOV ECX,,,,,
0x1000D127,0x10022040,.rdata,1000d030,FUN_1000d030,yes,f7,InstructionDB,1000d125,1000d12a,CALL dword ptr [0x10022040],,,,,
0x1000D158,0x1003C3FC,.data,1000d140,FUN_1000d140,yes,18,InstructionDB,1000d156,1000d15c,TEST byte ptr [0x1003c3fc],,,,,
0x1000D161,0x1003C3FC,.data,1000d140,FUN_1000d140,yes,21,InstructionDB,1000d15f,1000d165,OR dword ptr [0x1003c3fc],,,,,
0x1000D167,0x10020A80,.text,1000d140,FUN_1000d140,yes,27,InstructionDB,1000d166,1000d16a,PUSH 0x10020a80,,,10020a80,thunk_FUN_10009580,thunk_FUN_10009580
0x1000D16D,0x1003C3E8,.data,1000d140,FUN_1000d140,yes,2d,InstructionDB,1000d16b,1000d174,MOV dword ptr [0x1003c3e8],,,,,
0x1000D177,0x1003C3EC,.data,1000d140,FUN_1000d140,yes,37,InstructionDB,1000d175,1000d17e,MOV dword ptr [0x1003c3ec],,,,,
0x1000D18C,0x1003C3E8,.data,1000d140,FUN_1000d140,yes,4c,InstructionDB,1000d18a,1000d18f,MOV ECX,,,,,
0x1000D194,0x1003C3EC,.data,1000d140,FUN_1000d140,yes,54,InstructionDB,1000d193,1000d197,MOV EAX,,,,,
0x1000D1A7,0x10024C18,.rdata,1000d140,FUN_1000d140,yes,67,InstructionDB,1000d1a6,1000d1aa,PUSH 0x10024c18,,,,,
0x1000D1B4,0x10022058,.rdata,1000d140,FUN_1000d140,yes,74,InstructionDB,1000d1b2,1000d1b7,CALL dword ptr [0x10022058],,,,,
0x1000D1BB,0x1003C3EC,.data,1000d140,FUN_1000d140,yes,7b,InstructionDB,1000d1ba,1000d1be,MOV EAX,,,,,
0x1000D1C1,0x1003C3E8,.data,1000d140,FUN_1000d140,yes,81,InstructionDB,1000d1bf,1000d1c4,MOV dword ptr [0x1003c3e8],,,,,
0x1000D1D8,0x10022038,.rdata,1000d140,FUN_1000d140,yes,98,InstructionDB,1000d1d6,1000d1db,CALL dword ptr [0x10022038],,,,,
0x1000D1DD,0x1003C3EC,.data,1000d140,FUN_1000d140,yes,9d,InstructionDB,1000d1dc,1000d1e0,MOV [0x1003c3ec],,,,,
0x1000D1E7,0x1003C3E8,.data,1000d140,FUN_1000d140,yes,a7,InstructionDB,1000d1e5,1000d1ea,MOV ECX,,,,,
0x1000D203,0x1003C3E8,.data,1000d140,FUN_1000d140,yes,c3,InstructionDB,1000d202,1000d206,MOV ESI,,,,,
0x1000D20D,0x1003C3EC,.data,1000d140,FUN_1000d140,yes,cd,InstructionDB,1000d20c,1000d210,MOV EAX,,,,,
0x1000D213,0x1003C3E8,.data,1000d140,FUN_1000d140,yes,d3,InstructionDB,1000d211,1000d216,MOV ECX,,,,,
0x1000D231,0x10022044,.rdata,1000d140,FUN_1000d140,yes,f1,InstructionDB,1000d22f,1000d234,CALL dword ptr [0x10022044],,,,,
0x1000D25A,0x1003C24C,.data,1000d250,FUN_1000d250,yes,a,InstructionDB,1000d258,1000d25d,MOV dword ptr [0x1003c24c],,,,,
0x1000D38F,0x10024C5C,.rdata,1000d380,FUN_1000d380,yes,f,InstructionDB,1000d38e,1000d392,PUSH 0x10024c5c,,,,,
0x1000D43C,0x10028608,.rdata,1000d400,FUN_1000d400,yes,3c,InstructionDB,1000d43b,1000d43f,PUSH 0x10028608,,,,,
0x1000D447,0x10022250,.rdata,1000d400,FUN_1000d400,yes,47,InstructionDB,1000d444,1000d44a,MOV dword ptr [EBP + -0x10],,,,,
0x1000D469,0x1003C390,.data,1000d460,FUN_1000d460,yes,9,InstructionDB,1000d467,1000d46c,MOV EDI,,,,,
0x1000D4C9,0x1003C390,.data,1000d4c0,FUN_1000d4c0,yes,9,InstructionDB,1000d4c7,1000d4cc,MOV EDI,,,,,
0x1000D529,0x1003C390,.data,1000d520,FUN_1000d520,yes,9,InstructionDB,1000d527,1000d52c,MOV EDI,,,,,
0x1000D589,0x1003C390,.data,1000d580,FUN_1000d580,yes,9,InstructionDB,1000d587,1000d58c,MOV EDI,,,,,
0x1000D5E9,0x1003C390,.data,1000d5e0,FUN_1000d5e0,yes,9,InstructionDB,1000d5e7,1000d5ec,MOV EDI,,,,,
0x1000D649,0x1003C390,.data,1000d640,FUN_1000d640,yes,9,InstructionDB,1000d647,1000d64c,MOV EDI,,,,,
0x1000D6A9,0x1003C390,.data,1000d6a0,FUN_1000d6a0,yes,9,InstructionDB,1000d6a7,1000d6ac,MOV EDI,,,,,
0x1000D709,0x1003C390,.data,1000d700,FUN_1000d700,yes,9,InstructionDB,1000d707,1000d70c,MOV EDI,,,,,
0x1000D769,0x1003C390,.data,1000d760,FUN_1000d760,yes,9,InstructionDB,1000d767,1000d76c,MOV EDI,,,,,
0x1000D7C9,0x1003C390,.data,1000d7c0,FUN_1000d7c0,yes,9,InstructionDB,1000d7c7,1000d7cc,MOV EDI,,,,,
0x1000D829,0x1003C390,.data,1000d820,FUN_1000d820,yes,9,InstructionDB,1000d827,1000d82c,MOV EDI,,,,,
0x1000D889,0x1003C390,.data,1000d880,FUN_1000d880,yes,9,InstructionDB,1000d887,1000d88c,MOV EDI,,,,,
0x1000D8E9,0x1003C390,.data,1000d8e0,FUN_1000d8e0,yes,9,InstructionDB,1000d8e7,1000d8ec,MOV EDI,,,,,
0x1000D949,0x1003C390,.data,1000d940,FUN_1000d940,yes,9,InstructionDB,1000d947,1000d94c,MOV EDI,,,,,
0x1000D9A9,0x1003C390,.data,1000d9a0,FUN_1000d9a0,yes,9,InstructionDB,1000d9a7,1000d9ac,MOV EDI,,,,,
0x1000DA09,0x1003C390,.data,1000da00,FUN_1000da00,yes,9,InstructionDB,1000da07,1000da0c,MOV EDI,,,,,
0x1000DA69,0x1003C398,.data,1000da60,FUN_1000da60,yes,9,InstructionDB,1000da67,1000da6c,MOV EDI,,,,,
0x1000DAC9,0x1003C398,.data,1000dac0,FUN_1000dac0,yes,9,InstructionDB,1000dac7,1000dacc,MOV EDI,,,,,
0x1000DB29,0x1003C398,.data,1000db20,FUN_1000db20,yes,9,InstructionDB,1000db27,1000db2c,MOV EDI,,,,,
0x1000DB89,0x1003C398,.data,1000db80,FUN_1000db80,yes,9,InstructionDB,1000db87,1000db8c,MOV EDI,,,,,
0x1000DBE9,0x1003C398,.data,1000dbe0,FUN_1000dbe0,yes,9,InstructionDB,1000dbe7,1000dbec,MOV EDI,,,,,
0x1000DC49,0x1003C39C,.data,1000dc40,FUN_1000dc40,yes,9,InstructionDB,1000dc47,1000dc4c,MOV EDI,,,,,
0x1000DCA9,0x1003C39C,.data,1000dca0,FUN_1000dca0,yes,9,InstructionDB,1000dca7,1000dcac,MOV EDI,,,,,
0x1000DD09,0x1003C39C,.data,1000dd00,FUN_1000dd00,yes,9,InstructionDB,1000dd07,1000dd0c,MOV EDI,,,,,
0x1000DD69,0x1003C39C,.data,1000dd60,FUN_1000dd60,yes,9,InstructionDB,1000dd67,1000dd6c,MOV EDI,,,,,
0x1000DDC9,0x1003C39C,.data,1000ddc0,FUN_1000ddc0,yes,9,InstructionDB,1000ddc7,1000ddcc,MOV EDI,,,,,
0x1000DE29,0x1003C3A0,.data,1000de20,FUN_1000de20,yes,9,InstructionDB,1000de27,1000de2c,MOV EDI,,,,,
0x1000DE89,0x1003C3A0,.data,1000de80,FUN_1000de80,yes,9,InstructionDB,1000de87,1000de8c,MOV EDI,,,,,
0x1000DEE9,0x1003C3A0,.data,1000dee0,FUN_1000dee0,yes,9,InstructionDB,1000dee7,1000deec,MOV EDI,,,,,
0x1000DF49,0x1003C3A0,.data,1000df40,FUN_1000df40,yes,9,InstructionDB,1000df47,1000df4c,MOV EDI,,,,,
0x1000DFA9,0x1003C3A0,.data,1000dfa0,FUN_1000dfa0,yes,9,InstructionDB,1000dfa7,1000dfac,MOV EDI,,,,,
0x1000E009,0x1003C3A4,.data,1000e000,FUN_1000e000,yes,9,InstructionDB,1000e007,1000e00c,MOV EDI,,,,,
0x1000E069,0x1003C3A4,.data,1000e060,FUN_1000e060,yes,9,InstructionDB,1000e067,1000e06c,MOV EDI,,,,,
0x1000E0C9,0x1003C3A4,.data,1000e0c0,FUN_1000e0c0,yes,9,InstructionDB,1000e0c7,1000e0cc,MOV EDI,,,,,
0x1000E129,0x1003C3A4,.data,1000e120,FUN_1000e120,yes,9,InstructionDB,1000e127,1000e12c,MOV EDI,,,,,
0x1000E189,0x1003C3A4,.data,1000e180,FUN_1000e180,yes,9,InstructionDB,1000e187,1000e18c,MOV EDI,,,,,
0x1000E1E9,0x1003C3A8,.data,1000e1e0,FUN_1000e1e0,yes,9,InstructionDB,1000e1e7,1000e1ec,MOV EDI,,,,,
0x1000E249,0x1003C3A8,.data,1000e240,FUN_1000e240,yes,9,InstructionDB,1000e247,1000e24c,MOV EDI,,,,,
0x1000E2A9,0x1003C3A8,.data,1000e2a0,FUN_1000e2a0,yes,9,InstructionDB,1000e2a7,1000e2ac,MOV EDI,,,,,
0x1000E309,0x1003C3A8,.data,1000e300,FUN_1000e300,yes,9,InstructionDB,1000e307,1000e30c,MOV EDI,,,,,
0x1000E369,0x1003C3A8,.data,1000e360,FUN_1000e360,yes,9,InstructionDB,1000e367,1000e36c,MOV EDI,,,,,
0x1000E3C9,0x1003C3AC,.data,1000e3c0,FUN_1000e3c0,yes,9,InstructionDB,1000e3c7,1000e3cc,MOV EDI,,,,,
0x1000E429,0x1003C3AC,.data,1000e420,FUN_1000e420,yes,9,InstructionDB,1000e427,1000e42c,MOV EDI,,,,,
0x1000E489,0x1003C3AC,.data,1000e480,FUN_1000e480,yes,9,InstructionDB,1000e487,1000e48c,MOV EDI,,,,,
0x1000E4E9,0x1003C3AC,.data,1000e4e0,FUN_1000e4e0,yes,9,InstructionDB,1000e4e7,1000e4ec,MOV EDI,,,,,
0x1000E549,0x1003C3AC,.data,1000e540,FUN_1000e540,yes,9,InstructionDB,1000e547,1000e54c,MOV EDI,,,,,
0x1000E5A9,0x1003C3B0,.data,1000e5a0,FUN_1000e5a0,yes,9,InstructionDB,1000e5a7,1000e5ac,MOV EDI,,,,,
0x1000E609,0x1003C3B0,.data,1000e600,FUN_1000e600,yes,9,InstructionDB,1000e607,1000e60c,MOV EDI,,,,,
0x1000E669,0x1003C3B0,.data,1000e660,FUN_1000e660,yes,9,InstructionDB,1000e667,1000e66c,MOV EDI,,,,,
0x1000E6C9,0x1003C3B0,.data,1000e6c0,FUN_1000e6c0,yes,9,InstructionDB,1000e6c7,1000e6cc,MOV EDI,,,,,
0x1000E729,0x1003C3B0,.data,1000e720,FUN_1000e720,yes,9,InstructionDB,1000e727,1000e72c,MOV EDI,,,,,
0x1000E789,0x1003C3B4,.data,1000e780,FUN_1000e780,yes,9,InstructionDB,1000e787,1000e78c,MOV EDI,,,,,
0x1000E7E9,0x1003C3B4,.data,1000e7e0,FUN_1000e7e0,yes,9,InstructionDB,1000e7e7,1000e7ec,MOV EDI,,,,,
0x1000E849,0x1003C3B4,.data,1000e840,FUN_1000e840,yes,9,InstructionDB,1000e847,1000e84c,MOV EDI,,,,,
0x1000E8A9,0x1003C3B4,.data,1000e8a0,FUN_1000e8a0,yes,9,InstructionDB,1000e8a7,1000e8ac,MOV EDI,,,,,
0x1000E909,0x1003C3B4,.data,1000e900,FUN_1000e900,yes,9,InstructionDB,1000e907,1000e90c,MOV EDI,,,,,
0x1000E969,0x1003C3B8,.data,1000e960,FUN_1000e960,yes,9,InstructionDB,1000e967,1000e96c,MOV EDI,,,,,
0x1000E9C9,0x1003C3B8,.data,1000e9c0,FUN_1000e9c0,yes,9,InstructionDB,1000e9c7,1000e9cc,MOV EDI,,,,,
0x1000EA29,0x1003C3B8,.data,1000ea20,FUN_1000ea20,yes,9,InstructionDB,1000ea27,1000ea2c,MOV EDI,,,,,
0x1000EA89,0x1003C3B8,.data,1000ea80,FUN_1000ea80,yes,9,InstructionDB,1000ea87,1000ea8c,MOV EDI,,,,,
0x1000EAE9,0x1003C3B8,.data,1000eae0,FUN_1000eae0,yes,9,InstructionDB,1000eae7,1000eaec,MOV EDI,,,,,
0x1000EB49,0x1003C3BC,.data,1000eb40,FUN_1000eb40,yes,9,InstructionDB,1000eb47,1000eb4c,MOV EDI,,,,,
0x1000EBA9,0x1003C3BC,.data,1000eba0,FUN_1000eba0,yes,9,InstructionDB,1000eba7,1000ebac,MOV EDI,,,,,
0x1000EC09,0x1003C3BC,.data,1000ec00,FUN_1000ec00,yes,9,InstructionDB,1000ec07,1000ec0c,MOV EDI,,,,,
0x1000EC69,0x1003C3BC,.data,1000ec60,FUN_1000ec60,yes,9,InstructionDB,1000ec67,1000ec6c,MOV EDI,,,,,
0x1000ECC9,0x1003C3BC,.data,1000ecc0,FUN_1000ecc0,yes,9,InstructionDB,1000ecc7,1000eccc,MOV EDI,,,,,
0x1000ED29,0x1003C3C0,.data,1000ed20,FUN_1000ed20,yes,9,InstructionDB,1000ed27,1000ed2c,MOV EDI,,,,,
0x1000ED89,0x1003C3C0,.data,1000ed80,FUN_1000ed80,yes,9,InstructionDB,1000ed87,1000ed8c,MOV EDI,,,,,
0x1000EDE9,0x1003C3C0,.data,1000ede0,FUN_1000ede0,yes,9,InstructionDB,1000ede7,1000edec,MOV EDI,,,,,
0x1000EE49,0x1003C3C0,.data,1000ee40,FUN_1000ee40,yes,9,InstructionDB,1000ee47,1000ee4c,MOV EDI,,,,,
0x1000EEA9,0x1003C3C0,.data,1000eea0,FUN_1000eea0,yes,9,InstructionDB,1000eea7,1000eeac,MOV EDI,,,,,
0x1000EF09,0x1003C3C4,.data,1000ef00,FUN_1000ef00,yes,9,InstructionDB,1000ef07,1000ef0c,MOV EDI,,,,,
0x1000EF69,0x1003C3C4,.data,1000ef60,FUN_1000ef60,yes,9,InstructionDB,1000ef67,1000ef6c,MOV EDI,,,,,
0x1000EFC9,0x1003C3C4,.data,1000efc0,FUN_1000efc0,yes,9,InstructionDB,1000efc7,1000efcc,MOV EDI,,,,,
0x1000F029,0x1003C3C4,.data,1000f020,FUN_1000f020,yes,9,InstructionDB,1000f027,1000f02c,MOV EDI,,,,,
0x1000F089,0x1003C3C4,.data,1000f080,FUN_1000f080,yes,9,InstructionDB,1000f087,1000f08c,MOV EDI,,,,,
0x1000F0E9,0x1003C3E4,.data,1000f0e0,FUN_1000f0e0,yes,9,InstructionDB,1000f0e7,1000f0ec,MOV EDI,,,,,
0x1000F149,0x1003C3E4,.data,1000f140,FUN_1000f140,yes,9,InstructionDB,1000f147,1000f14c,MOV EDI,,,,,
0x1000F1A9,0x1003C3E4,.data,1000f1a0,FUN_1000f1a0,yes,9,InstructionDB,1000f1a7,1000f1ac,MOV EDI,,,,,
0x1000F209,0x1003C3E4,.data,1000f200,FUN_1000f200,yes,9,InstructionDB,1000f207,1000f20c,MOV EDI,,,,,
0x1000F269,0x1003C3E4,.data,1000f260,FUN_1000f260,yes,9,InstructionDB,1000f267,1000f26c,MOV EDI,,,,,
0x1000F2C9,0x1003C3C8,.data,1000f2c0,FUN_1000f2c0,yes,9,InstructionDB,1000f2c7,1000f2cc,MOV EDI,,,,,
0x1000F329,0x1003C3C8,.data,1000f320,FUN_1000f320,yes,9,InstructionDB,1000f327,1000f32c,MOV EDI,,,,,
0x1000F389,0x1003C3C8,.data,1000f380,FUN_1000f380,yes,9,InstructionDB,1000f387,1000f38c,MOV EDI,,,,,
0x1000F3E9,0x1003C3C8,.data,1000f3e0,FUN_1000f3e0,yes,9,InstructionDB,1000f3e7,1000f3ec,MOV EDI,,,,,
0x1000F449,0x1003C3C8,.data,1000f440,FUN_1000f440,yes,9,InstructionDB,1000f447,1000f44c,MOV EDI,,,,,
0x1000F4A9,0x1003C3D0,.data,1000f4a0,FUN_1000f4a0,yes,9,InstructionDB,1000f4a7,1000f4ac,MOV EDI,,,,,
0x1000F529,0x1003C3D0,.data,1000f520,FUN_1000f520,yes,9,InstructionDB,1000f527,1000f52c,MOV EDI,,,,,
0x1000F5A9,0x1003C3D0,.data,1000f5a0,FUN_1000f5a0,yes,9,InstructionDB,1000f5a7,1000f5ac,MOV EDI,,,,,
0x1000F629,0x1003C3D0,.data,1000f620,FUN_1000f620,yes,9,InstructionDB,1000f627,1000f62c,MOV EDI,,,,,
0x1000F6A9,0x1003C3D0,.data,1000f6a0,FUN_1000f6a0,yes,9,InstructionDB,1000f6a7,1000f6ac,MOV EDI,,,,,
0x1000F729,0x1003C3D4,.data,1000f720,FUN_1000f720,yes,9,InstructionDB,1000f727,1000f72c,MOV EDI,,,,,
0x1000F7A9,0x1003C3D4,.data,1000f7a0,FUN_1000f7a0,yes,9,InstructionDB,1000f7a7,1000f7ac,MOV EDI,,,,,
0x1000F829,0x1003C3D4,.data,1000f820,FUN_1000f820,yes,9,InstructionDB,1000f827,1000f82c,MOV EDI,,,,,
0x1000F8A9,0x1003C3D4,.data,1000f8a0,FUN_1000f8a0,yes,9,InstructionDB,1000f8a7,1000f8ac,MOV EDI,,,,,
0x1000F929,0x1003C3D4,.data,1000f920,FUN_1000f920,yes,9,InstructionDB,1000f927,1000f92c,MOV EDI,,,,,
0x1000F9A9,0x1003C3D8,.data,1000f9a0,FUN_1000f9a0,yes,9,InstructionDB,1000f9a7,1000f9ac,MOV EDI,,,,,
0x1000FA29,0x1003C3D8,.data,1000fa20,FUN_1000fa20,yes,9,InstructionDB,1000fa27,1000fa2c,MOV EDI,,,,,
0x1000FAA9,0x1003C3D8,.data,1000faa0,FUN_1000faa0,yes,9,InstructionDB,1000faa7,1000faac,MOV EDI,,,,,
0x1000FB29,0x1003C3D8,.data,1000fb20,FUN_1000fb20,yes,9,InstructionDB,1000fb27,1000fb2c,MOV EDI,,,,,
0x1000FBA9,0x1003C3D8,.data,1000fba0,FUN_1000fba0,yes,9,InstructionDB,1000fba7,1000fbac,MOV EDI,,,,,
0x1000FC29,0x1003C3DC,.data,1000fc20,FUN_1000fc20,yes,9,InstructionDB,1000fc27,1000fc2c,MOV EDI,,,,,
0x1000FCA9,0x1003C3DC,.data,1000fca0,FUN_1000fca0,yes,9,InstructionDB,1000fca7,1000fcac,MOV EDI,,,,,
0x1000FD29,0x1003C3DC,.data,1000fd20,FUN_1000fd20,yes,9,InstructionDB,1000fd27,1000fd2c,MOV EDI,,,,,
0x1000FDA9,0x1003C3DC,.data,1000fda0,FUN_1000fda0,yes,9,InstructionDB,1000fda7,1000fdac,MOV EDI,,,,,
0x1000FE29,0x1003C3DC,.data,1000fe20,FUN_1000fe20,yes,9,InstructionDB,1000fe27,1000fe2c,MOV EDI,,,,,
0x1000FEA9,0x1003C3E0,.data,1000fea0,FUN_1000fea0,yes,9,InstructionDB,1000fea7,1000feac,MOV EDI,,,,,
0x1000FF29,0x1003C3E0,.data,1000ff20,FUN_1000ff20,yes,9,InstructionDB,1000ff27,1000ff2c,MOV EDI,,,,,
0x1000FFA9,0x1003C3E0,.data,1000ffa0,FUN_1000ffa0,yes,9,InstructionDB,1000ffa7,1000ffac,MOV EDI,,,,,
0x10010029,0x1003C3E0,.data,10010020,FUN_10010020,yes,9,InstructionDB,10010027,1001002c,MOV EDI,,,,,
0x100100A9,0x1003C3E0,.data,100100a0,FUN_100100a0,yes,9,InstructionDB,100100a7,100100ac,MOV EDI,,,,,
0x100101B7,0x10022210,.rdata,100101a5,FUN_100101a5,yes,12,InstructionDB,100101b5,100101ba,MOV dword ptr [ESI],,,,,
0x100101DD,0x100281AC,.rdata,100101c2,FUN_100101c2,yes,1b,InstructionDB,100101dc,100101e0,PUSH 0x100281ac,,,,,
0x100101E8,0x1002221C,.rdata,100101c2,FUN_100101c2,yes,26,InstructionDB,100101e5,100101eb,MOV dword ptr [EBP + -0xc],,,,,
0x10010204,0x1002221C,.rdata,100101f2,FUN_100101f2,yes,12,InstructionDB,10010202,10010207,MOV dword ptr [ESI],,,,,
0x10010247,0x10022228,.rdata,1001023b,FUN_1001023b,yes,c,InstructionDB,10010245,1001024a,MOV dword ptr [EAX],,,,,
0x10010260,0x10022230,.rdata,10010258,FUN_10010258,yes,8,InstructionDB,1001025f,10010263,MOV EAX,,,,,
0x100102D4,0x10022228,.rdata,100102c3,exception,yes,11,InstructionDB,100102d2,100102d7,MOV dword ptr [ESI],,,,,
0x10010321,0x10022228,.rdata,1001031f,FUN_1001031f,yes,2,InstructionDB,1001031f,10010324,MOV dword ptr [ECX],,,,,
0x10010334,0x10022228,.rdata,1001032a,FUN_1001032a,yes,a,InstructionDB,10010332,10010337,MOV dword ptr [ESI],,,,,
0x10010362,0x10022228,.rdata,10010351,exception,yes,11,InstructionDB,10010360,10010365,MOV dword ptr [ESI],,,,,
0x100103F7,0x100119F1,.text,100103e4,FID_conflict:_sscanf,yes,13,InstructionDB,100103f6,100103fa,PUSH 0x100119f1,,,100119f1,__input_l,__input_l
0x10010410,0x10022060,.rdata,10010406,__onexit_nolock,yes,a,InstructionDB,1001040e,10010413,MOV ESI,,,,,
0x10010417,0x1003D54C,.data,10010406,__onexit_nolock,yes,11,InstructionDB,10010415,1001041a,PUSH dword ptr [0x1003d54c],,,,,
0x1001041F,0x1003D548,.data,10010406,__onexit_nolock,yes,19,InstructionDB,1001041d,10010422,PUSH dword ptr [0x1003d548],,,,,
0x1001048F,0x1002205C,.rdata,10010406,__onexit_nolock,yes,89,InstructionDB,1001048d,10010492,CALL dword ptr [0x1002205c],,,,,
0x10010494,0x1003D54C,.data,10010406,__onexit_nolock,yes,8e,InstructionDB,10010493,10010497,MOV [0x1003d54c],,,,,
0x1001049D,0x1002205C,.rdata,10010406,__onexit_nolock,yes,97,InstructionDB,1001049b,100104a0,MOV EDI,,,,,
0x100104AC,0x1003D548,.data,10010406,__onexit_nolock,yes,a6,InstructionDB,100104ab,100104af,MOV [0x1003d548],,,,,
0x100104CF,0x1002205C,.rdata,,,no,,InstructionDB,100104cd,100104d2,CALL dword ptr [0x1002205c],,,,,
0x100104D4,0x1003D54C,.data,,,no,,InstructionDB,100104d3,100104d7,MOV [0x1003d54c],,,,,
0x100104D9,0x1003D548,.data,,,no,,InstructionDB,100104d8,100104dc,MOV [0x1003d548],,,,,
0x100104F0,0x100281E8,.rdata,100104ed,__onexit,yes,3,InstructionDB,100104ef,100104f3,PUSH 0x100281e8,,,,,
0x10010543,0x10028208,.rdata,10010540,_fgets,yes,3,InstructionDB,10010542,10010546,PUSH 0x10028208,,,,,
0x100105CA,0x1003C420,.data,10010540,_fgets,yes,8a,InstructionDB,100105c7,100105cd,ADD ECX,,,,,
0x100105D1,0x10029450,.data,10010540,_fgets,yes,91,InstructionDB,100105d0,100105d4,MOV ECX,,,,,
0x100105F3,0x1003C420,.data,10010540,_fgets,yes,b3,InstructionDB,100105f0,100105f6,ADD EAX,,,,,
0x100105FA,0x10029450,.data,10010540,_fgets,yes,ba,InstructionDB,100105f9,100105fd,MOV EAX,,,,,
0x1001067B,0x10028228,.rdata,10010678,__fsopen,yes,3,InstructionDB,1001067a,1001067e,PUSH 0x10028228,,,,,
0x100106F6,0x10029490,.data,10010678,__fsopen,yes,7e,InstructionDB,100106f5,100106f9,PUSH 0x10029490,,,,,
0x10010766,0x10022248,.rdata,10010761,~type_info,yes,5,InstructionDB,10010764,10010769,MOV dword ptr [ECX],,,,,
0x10010822,0x10028248,.rdata,1001081f,_fclose,yes,3,InstructionDB,10010821,10010825,PUSH 0x10028248,,,,,
0x100108BB,0x100399EC,.data,10010893,FUN_10010893,yes,28,InstructionDB,100108b9,100108bf,TEST byte ptr [0x100399ec],,,,,
0x100108C1,0x100399E0,.data,10010893,FUN_10010893,yes,2e,InstructionDB,100108c0,100108c4,MOV EDI,,,,,
0x100108C6,0x10022250,.rdata,10010893,FUN_10010893,yes,33,InstructionDB,100108c5,100108c9,MOV ESI,,,,,
0x100108CE,0x100399EC,.data,10010893,FUN_10010893,yes,3b,InstructionDB,100108cc,100108d2,OR dword ptr [0x100399ec],,,,,
0x100108DE,0x10022258,.rdata,10010893,FUN_10010893,yes,4b,InstructionDB,100108db,100108e1,MOV dword ptr [EBP + -0x4],,,,,
0x100108E8,0x10021267,.text,10010893,FUN_10010893,yes,55,InstructionDB,100108e7,100108eb,PUSH 0x10021267,,,10021267,FUN_10021267,FUN_10021267
0x100108EE,0x100399E0,.data,10010893,FUN_10010893,yes,5b,InstructionDB,100108ec,100108f1,MOV dword ptr [0x100399e0],,,,,
0x10010902,0x10028608,.rdata,10010893,FUN_10010893,yes,6f,InstructionDB,10010901,10010905,PUSH 0x10028608,,,,,
0x10010916,0x10028268,.rdata,10010913,_fputs,yes,3,InstructionDB,10010915,10010919,PUSH 0x10028268,,,,,
0x10010978,0x1003C420,.data,10010913,_fputs,yes,65,InstructionDB,10010975,1001097b,ADD ECX,,,,,
0x1001097F,0x10029450,.data,10010913,_fputs,yes,6c,InstructionDB,1001097e,10010982,MOV ECX,,,,,
0x100109A1,0x1003C420,.data,10010913,_fputs,yes,8e,InstructionDB,1001099e,100109a4,ADD EAX,,,,,
0x100109A8,0x10029450,.data,10010913,_fputs,yes,95,InstructionDB,100109a7,100109ab,MOV EAX,,,,,
0x10010B44,0x10029C08,.data,10010b1a,_LocaleUpdate,yes,2a,InstructionDB,10010b42,10010b47,CMP ECX,,,,,
0x10010B4C,0x100299C0,.data,10010b1a,_LocaleUpdate,yes,32,InstructionDB,10010b4a,10010b4f,MOV ECX,,,,,
0x10010B61,0x100298C8,.data,10010b1a,_LocaleUpdate,yes,47,InstructionDB,10010b5f,10010b64,CMP EAX,,,,,
0x10010B6C,0x100299C0,.data,10010b1a,_LocaleUpdate,yes,52,InstructionDB,10010b6a,10010b6f,MOV ECX,,,,,
0x10010C8C,0x10039A84,.data,10010c83,__strnicmp,yes,9,InstructionDB,10010c8a,10010c8f,CMP dword ptr [0x10039a84],,,,,
0x10010F5C,0x10028288,.rdata,10010f59,__CRT_INIT@12,yes,3,InstructionDB,10010f5b,10010f5f,PUSH 0x10028288,,,,,
0x10010F94,0x10022068,.rdata,10010f59,__CRT_INIT@12,yes,3b,InstructionDB,10010f92,10010f97,CALL dword ptr [0x10022068],,,,,
0x10010F99,0x1003D558,.data,10010f59,__CRT_INIT@12,yes,40,InstructionDB,10010f98,10010f9c,MOV [0x1003d558],,,,,
0x10010FA3,0x100399F4,.data,10010f59,__CRT_INIT@12,yes,4a,InstructionDB,10010fa2,10010fa6,MOV [0x100399f4],,,,,
0x10010FD7,0x100399F0,.data,10010f59,__CRT_INIT@12,yes,7e,InstructionDB,10010fd5,10010fda,INC dword ptr [0x100399f0],,,,,
0x10010FEF,0x100399F0,.data,10010f59,__CRT_INIT@12,yes,96,InstructionDB,10010fed,10010ff2,CMP dword ptr [0x100399f0],,,,,
0x10010FF7,0x100399F0,.data,10010f59,__CRT_INIT@12,yes,9e,InstructionDB,10010ff5,10010ffa,DEC dword ptr [0x100399f0],,,,,
0x10011000,0x10039A38,.data,10010f59,__CRT_INIT@12,yes,a7,InstructionDB,10010ffe,10011003,CMP dword ptr [0x10039a38],,,,,
0x10011039,0x10029C0C,.data,10011032,FUN_10011032,yes,7,InstructionDB,10011037,1001103d,CMP dword ptr [0x10029c0c],,,,,
0x1001106D,0x10029C0C,.data,10010f59,__CRT_INIT@12,yes,114,InstructionDB,1001106b,10011070,PUSH dword ptr [0x10029c0c],,,,,
0x10011073,0x10039A7C,.data,10010f59,__CRT_INIT@12,yes,11a,InstructionDB,10011071,10011076,PUSH dword ptr [0x10039a7c],,,,,
0x10011079,0x10022060,.rdata,10010f59,__CRT_INIT@12,yes,120,InstructionDB,10011077,1001107c,CALL dword ptr [0x10022060],,,,,
0x1001108E,0x10022064,.rdata,10010f59,__CRT_INIT@12,yes,135,InstructionDB,1001108c,10011091,CALL dword ptr [0x10022064],,,,,
0x100110C0,0x100282A8,.rdata,100110bd,___DllMainCRTStartup,yes,3,InstructionDB,100110bf,100110c3,PUSH 0x100282a8,,,,,
0x100110DC,0x100399F0,.data,100110bd,___DllMainCRTStartup,yes,1f,InstructionDB,100110da,100110df,CMP dword ptr [0x100399f0],,,,,
0x100110F4,0x10022268,.rdata,100110bd,___DllMainCRTStartup,yes,37,InstructionDB,100110f3,100110f7,MOV EAX,,,,,
0x10011147,0x10022268,.rdata,100110bd,___DllMainCRTStartup,yes,8a,InstructionDB,10011146,1001114a,MOV EAX,,,,,
0x10011174,0x10022268,.rdata,100110bd,___DllMainCRTStartup,yes,b7,InstructionDB,10011173,10011177,MOV EAX,,,,,
0x1001120A,0x1003C414,.data,100111e0,FID_conflict:_memcpy,yes,2a,InstructionDB,10011208,1001120e,CMP dword ptr [0x1003c414],,,,,
0x1001123C,0x10011350,.text,100111e0,FID_conflict:_memcpy,yes,5c,InstructionDB,10011239,1001123f,JMP dword ptr [EDX*0x4 + 0x10011350],,,,,switchdataD_10011350
0x10011254,0x10011264,.text,100111e0,FID_conflict:_memcpy,yes,74,InstructionDB,10011251,10011257,JMP dword ptr [EAX*0x4 + 0x10011264],,,100111e0,FID_conflict:_memcpy,
0x1001125B,0x10011360,.text,100111e0,FID_conflict:_memcpy,yes,7b,InstructionDB,10011258,1001125e,JMP dword ptr [ECX*0x4 + 0x10011360],,,100111e0,FID_conflict:_memcpy,caseD_0|caseD_0|caseD_0|caseD_0|caseD_0|caseD_0
0x10011263,0x100112E4,.text,100111e0,FID_conflict:_memcpy,yes,83,InstructionDB,10011260,10011266,JMP dword ptr [ECX*0x4 + 0x100112e4],,,,,switchdataD_100112e4
0x10011268,0x10011274,.text,,,no,,DataDB,10011268,1001126b,,switchdataD_10011268,10011251:DATA@100111e0:FID_conflict:_memcpy,100111e0,FID_conflict:_memcpy,caseD_1
0x1001126C,0x100112A0,.text,,,no,,DataDB,1001126c,1001126f,,,,100111e0,FID_conflict:_memcpy,caseD_2
0x10011270,0x100112C4,.text,,,no,,DataDB,10011270,10011273,,,,100111e0,FID_conflict:_memcpy,caseD_3
0x10011299,0x10011350,.text,100111e0,FID_conflict:_memcpy,yes,b9,InstructionDB,10011296,1001129c,JMP dword ptr [EDX*0x4 + 0x10011350],,,,,switchdataD_10011350
0x100112BF,0x10011350,.text,100111e0,FID_conflict:_memcpy,yes,df,InstructionDB,100112bc,100112c2,JMP dword ptr [EDX*0x4 + 0x10011350],,,,,switchdataD_10011350
0x100112DD,0x10011350,.text,100111e0,FID_conflict:_memcpy,yes,fd,InstructionDB,100112da,100112e0,JMP dword ptr [EDX*0x4 + 0x10011350],,,,,switchdataD_10011350
0x100112E4,0x10011347,.text,,,no,,DataDB,100112e4,100112e7,,switchdataD_100112e4,10011260:DATA@100111e0:FID_conflict:_memcpy,100111e0,FID_conflict:_memcpy,caseD_0|switchD
0x100112E8,0x10011334,.text,,,no,,DataDB,100112e8,100112eb,,,,100111e0,FID_conflict:_memcpy,caseD_1
0x100112EC,0x1001132C,.text,,,no,,DataDB,100112ec,100112ef,,,,100111e0,FID_conflict:_memcpy,caseD_2
0x100112F0,0x10011324,.text,,,no,,DataDB,100112f0,100112f3,,,,100111e0,FID_conflict:_memcpy,caseD_3
0x100112F4,0x1001131C,.text,,,no,,DataDB,100112f4,100112f7,,,,100111e0,FID_conflict:_memcpy,caseD_4
0x100112F8,0x10011314,.text,,,no,,DataDB,100112f8,100112fb,,,,100111e0,FID_conflict:_memcpy,caseD_5
0x100112FC,0x1001130C,.text,,,no,,DataDB,100112fc,100112ff,,,,100111e0,FID_conflict:_memcpy,caseD_6
0x10011300,0x10011304,.text,,,no,,DataDB,10011300,10011303,,,,100111e0,FID_conflict:_memcpy,caseD_7
0x1001134A,0x10011350,.text,100111e0,FID_conflict:_memcpy,yes,16a,InstructionDB,10011347,1001134d,JMP dword ptr [EDX*0x4 + 0x10011350],,,,,switchdataD_10011350
0x10011350,0x10011360,.text,,,no,,DataDB,10011350,10011353,,switchdataD_10011350,10011239:DATA@100111e0:FID_conflict:_memcpy|10011347:DATA@100111e0:FID_conflict:_memcpy|100112da:DATA@100111e0:FID_conflict:_memcpy|100112bc:DATA@100111e0:FID_conflict:_memcpy|10011296:DATA@100111e0:FID_conflict:_memcpy,100111e0,FID_conflict:_memcpy,caseD_0|caseD_0|caseD_0|caseD_0|caseD_0|caseD_0
0x10011354,0x10011368,.text,,,no,,DataDB,10011354,10011357,,,,100111e0,FID_conflict:_memcpy,caseD_1|caseD_1|caseD_1|caseD_1|caseD_1|caseD_1
0x10011358,0x10011374,.text,,,no,,DataDB,10011358,1001135b,,,,100111e0,FID_conflict:_memcpy,caseD_2|caseD_2|caseD_2|caseD_2|caseD_2|caseD_2
0x1001135C,0x10011388,.text,,,no,,DataDB,1001135c,1001135f,,,,100111e0,FID_conflict:_memcpy,caseD_3|caseD_3|caseD_3|caseD_3|caseD_3|caseD_3
0x100113C2,0x100114EC,.text,100111e0,FID_conflict:_memcpy,yes,1e2,InstructionDB,100113bf,100113c5,JMP dword ptr [EDX*0x4 + 0x100114ec],,,,,switchdataD_100114ec
0x100113CD,0x1001149C,.text,100111e0,FID_conflict:_memcpy,yes,1ed,InstructionDB,100113ca,100113d0,JMP dword ptr [ECX*0x4 + 0x1001149c],,,,,PTR_caseD_0_1001149c
0x100113E8,0x100113F0,.text,100111e0,FID_conflict:_memcpy,yes,208,InstructionDB,100113e5,100113eb,JMP dword ptr [EAX*0x4 + 0x100113f0],,,100111e0,FID_conflict:_memcpy,
0x100113EF,0x100114EC,.text,100111e0,FID_conflict:_memcpy,yes,20f,InstructionDB,100113ec,100113f2,JMP dword ptr [ECX*0x4 + 0x100114ec],,,,,switchdataD_100114ec
0x100113F4,0x10011400,.text,,,no,,DataDB,100113f4,100113f7,,switchdataD_100113f4,100113e5:DATA@100111e0:FID_conflict:_memcpy,100111e0,FID_conflict:_memcpy,caseD_1
0x100113F8,0x10011424,.text,,,no,,DataDB,100113f8,100113fb,,,,100111e0,FID_conflict:_memcpy,caseD_2
0x100113FC,0x1001144C,.text,,,no,,DataDB,100113fc,100113ff,,,,100111e0,FID_conflict:_memcpy,caseD_3
0x1001141D,0x100114EC,.text,100111e0,FID_conflict:_memcpy,yes,23d,InstructionDB,1001141a,10011420,JMP dword ptr [EDX*0x4 + 0x100114ec],,,,,switchdataD_100114ec
0x10011447,0x100114EC,.text,100111e0,FID_conflict:_memcpy,yes,267,InstructionDB,10011444,1001144a,JMP dword ptr [EDX*0x4 + 0x100114ec],,,,,switchdataD_100114ec
0x10011479,0x100114EC,.text,100111e0,FID_conflict:_memcpy,yes,299,InstructionDB,10011476,1001147c,JMP dword ptr [EDX*0x4 + 0x100114ec],,,,,switchdataD_100114ec
0x10011480,0x100114A0,.text,,,no,,DataDB,10011480,10011483,,switchdataD_10011480,,100111e0,FID_conflict:_memcpy,caseD_7
0x10011484,0x100114A8,.text,,,no,,DataDB,10011484,10011487,,,,100111e0,FID_conflict:_memcpy,caseD_6
0x10011488,0x100114B0,.text,,,no,,DataDB,10011488,1001148b,,,,100111e0,FID_conflict:_memcpy,caseD_5
0x1001148C,0x100114B8,.text,,,no,,DataDB,1001148c,1001148f,,,,100111e0,FID_conflict:_memcpy,caseD_4
0x10011490,0x100114C0,.text,,,no,,DataDB,10011490,10011493,,,,100111e0,FID_conflict:_memcpy,caseD_3
0x10011494,0x100114C8,.text,,,no,,DataDB,10011494,10011497,,,,100111e0,FID_conflict:_memcpy,caseD_2
0x10011498,0x100114D0,.text,,,no,,DataDB,10011498,1001149b,,,,100111e0,FID_conflict:_memcpy,caseD_1
0x1001149C,0x100114E3,.text,,,no,,DataDB,1001149c,1001149f,,PTR_caseD_0_1001149c,100113ca:DATA@100111e0:FID_conflict:_memcpy,100111e0,FID_conflict:_memcpy,caseD_0|switchD
0x100114E6,0x100114EC,.text,100111e0,FID_conflict:_memcpy,yes,306,InstructionDB,100114e3,100114e9,JMP dword ptr [EDX*0x4 + 0x100114ec],,,,,switchdataD_100114ec
0x100114EC,0x100114FC,.text,,,no,,DataDB,100114ec,100114ef,,switchdataD_100114ec,100113bf:DATA@100111e0:FID_conflict:_memcpy|100114e3:DATA@100111e0:FID_conflict:_memcpy|10011476:DATA@100111e0:FID_conflict:_memcpy|10011444:DATA@100111e0:FID_conflict:_memcpy|1001141a:DATA@100111e0:FID_conflict:_memcpy|100113ec:DATA@100111e0:FID_conflict:_memcpy,100111e0,FID_conflict:_memcpy,caseD_0|caseD_0|caseD_0|caseD_0|caseD_0|caseD_0
0x100114F0,0x10011504,.text,,,no,,DataDB,100114f0,100114f3,,,,100111e0,FID_conflict:_memcpy,caseD_1|caseD_1|caseD_1|caseD_1|caseD_1|caseD_1
0x100114F4,0x10011514,.text,,,no,,DataDB,100114f4,100114f7,,,,100111e0,FID_conflict:_memcpy,caseD_2|caseD_2|caseD_2|caseD_2|caseD_2|caseD_2
0x100114F8,0x10011528,.text,,,no,,DataDB,100114f8,100114fb,,,,100111e0,FID_conflict:_memcpy,caseD_3|caseD_3|caseD_3|caseD_3|caseD_3|caseD_3
0x10011543,0x1003A1C0,.data,10011541,__purecall,yes,2,InstructionDB,10011541,10011546,PUSH dword ptr [0x1003a1c0],,,,,
0x10011549,0x10022060,.rdata,10011541,__purecall,yes,8,InstructionDB,10011547,1001154c,CALL dword ptr [0x10022060],,,,,
0x1001157C,0x1002226C,.rdata,1001156b,__CxxThrowException@8,yes,11,InstructionDB,1001157b,1001157f,MOV ESI,,,,,
0x100115AF,0x1002206C,.rdata,1001156b,__CxxThrowException@8,yes,44,InstructionDB,100115ad,100115b2,CALL dword ptr [0x1002206c],,,,,
0x100115C9,0x10039B90,.data,100115b7,_malloc,yes,12,InstructionDB,100115c7,100115cd,CMP dword ptr [0x10039b90],,,,,
0x100115F8,0x10039B90,.data,100115b7,_malloc,yes,41,InstructionDB,100115f6,100115fb,PUSH dword ptr [0x10039b90],,,,,
0x100115FE,0x10022040,.rdata,100115b7,_malloc,yes,47,InstructionDB,100115fc,10011601,CALL dword ptr [0x10022040],,,,,
0x1001160D,0x1003A1C4,.data,100115b7,_malloc,yes,56,InstructionDB,1001160b,10011610,CMP dword ptr [0x1003a1c4],,,,,
0x100116ED,0x10039B90,.data,100116db,_free,yes,12,InstructionDB,100116eb,100116f0,PUSH dword ptr [0x10039b90],,,,,
0x100116F3,0x10022044,.rdata,100116db,_free,yes,18,InstructionDB,100116f1,100116f6,CALL dword ptr [0x10022044],,,,,
0x10011705,0x10022070,.rdata,100116db,_free,yes,2a,InstructionDB,10011703,10011708,CALL dword ptr [0x10022070],,,,,
0x1001171E,0x10039A04,.data,10011715,FUN_10011715,yes,9,InstructionDB,1001171d,10011721,MOV [0x10039a04],,,,,
0x10011730,0x10029490,.data,10011724,__call_reportfault,yes,c,InstructionDB,1001172f,10011733,MOV EAX,,,,,
0x10011810,0x1002207C,.rdata,10011724,__call_reportfault,yes,ec,InstructionDB,1001180e,10011813,CALL dword ptr [0x1002207c],,,,,
0x1001181A,0x10022078,.rdata,10011724,__call_reportfault,yes,f6,InstructionDB,10011818,1001181d,CALL dword ptr [0x10022078],,,,,
0x10011827,0x10022074,.rdata,10011724,__call_reportfault,yes,103,InstructionDB,10011825,1001182a,CALL dword ptr [0x10022074],,,,,
0x10011865,0x10022084,.rdata,1001184d,__invoke_watson,yes,18,InstructionDB,10011863,10011868,CALL dword ptr [0x10022084],,,,,
0x1001186C,0x10022080,.rdata,1001184d,__invoke_watson,yes,1f,InstructionDB,1001186a,1001186f,CALL dword ptr [0x10022080],,,,,
0x10011879,0x10039A04,.data,10011872,FUN_10011872,yes,7,InstructionDB,10011877,1001187c,PUSH dword ptr [0x10039a04],,,,,
0x1001187F,0x10022060,.rdata,10011872,FUN_10011872,yes,d,InstructionDB,1001187d,10011882,CALL dword ptr [0x10022060],,,,,
0x100118BC,0x10029060,.data,100118af,__get_errno_from_oserr,yes,d,InstructionDB,100118b9,100118bf,CMP EAX,,,,,
0x100118D8,0x10029064,.data,100118af,__get_errno_from_oserr,yes,29,InstructionDB,100118d5,100118db,MOV EAX,,,,,
0x100118FB,0x100291C8,.data,100118f1,__errno,yes,a,InstructionDB,100118fa,100118fe,MOV EAX,,,,,
0x1001190E,0x100291CC,.data,10011904,___doserrno,yes,a,InstructionDB,1001190d,10011911,MOV EAX,,,,,
0x100119FD,0x10029490,.data,100119f1,__input_l,yes,c,InstructionDB,100119fc,10011a00,MOV EAX,,,,,
0x10011A76,0x10029450,.data,100119f1,__input_l,yes,85,InstructionDB,10011a75,10011a79,MOV EDX,,,,,
0x10011A94,0x1003C420,.data,100119f1,__input_l,yes,a3,InstructionDB,10011a91,10011a97,ADD ECX,,,,,
0x10011ABA,0x1003C420,.data,100119f1,__input_l,yes,c9,InstructionDB,10011ab7,10011abd,ADD EAX,,,,,
0x100121A5,0x10029D5C,.data,100119f1,__input_l,yes,7b4,InstructionDB,100121a3,100121a8,PUSH dword ptr [0x10029d5c],,,,,
0x100121AB,0x10022060,.rdata,100119f1,__input_l,yes,7ba,InstructionDB,100121a9,100121ae,CALL dword ptr [0x10022060],,,,,
0x10012A0F,0x10039A08,.data,100129f5,__malloc_crt,yes,1a,InstructionDB,10012a0d,10012a12,CMP dword ptr [0x10039a08],,,,,
0x10012A18,0x10022088,.rdata,100129f5,__malloc_crt,yes,23,InstructionDB,10012a16,10012a1b,CALL dword ptr [0x10022088],,,,,
0x10012A24,0x10039A08,.data,100129f5,__malloc_crt,yes,2f,InstructionDB,10012a22,10012a27,CMP EAX,,,,,
0x10012A5B,0x10039A08,.data,10012a3a,__calloc_crt,yes,21,InstructionDB,10012a59,10012a5e,CMP dword ptr [0x10039a08],,,,,
0x10012A64,0x10022088,.rdata,10012a3a,__calloc_crt,yes,2a,InstructionDB,10012a62,10012a67,CALL dword ptr [0x10022088],,,,,
0x10012A70,0x10039A08,.data,10012a3a,__calloc_crt,yes,36,InstructionDB,10012a6e,10012a73,CMP EAX,,,,,
0x10012AA9,0x10039A08,.data,10012a86,__realloc_crt,yes,23,InstructionDB,10012aa7,10012aac,CMP dword ptr [0x10039a08],,,,,
0x10012AB2,0x10022088,.rdata,10012a86,__realloc_crt,yes,2c,InstructionDB,10012ab0,10012ab5,CALL dword ptr [0x10022088],,,,,
0x10012ABE,0x10039A08,.data,10012a86,__realloc_crt,yes,38,InstructionDB,10012abc,10012ac1,CMP EAX,,,,,
0x10012AFB,0x10039A08,.data,10012ad4,__recalloc_crt,yes,27,InstructionDB,10012af9,10012afe,CMP dword ptr [0x10039a08],,,,,
0x10012B04,0x10022088,.rdata,10012ad4,__recalloc_crt,yes,30,InstructionDB,10012b02,10012b07,CALL dword ptr [0x10022088],,,,,
0x10012B10,0x10039A08,.data,10012ad4,__recalloc_crt,yes,3c,InstructionDB,10012b0e,10012b13,CMP EAX,,,,,
0x10012B4D,0x10039B90,.data,10012b26,__msize,yes,27,InstructionDB,10012b4b,10012b50,PUSH dword ptr [0x10039b90],,,,,
0x10012B53,0x1002208C,.rdata,10012b26,__msize,yes,2d,InstructionDB,10012b51,10012b56,CALL dword ptr [0x1002208c],,,,,
0x10012B5F,0x1002229C,.rdata,10012b59,___crtCorExitProcess,yes,6,InstructionDB,10012b5e,10012b62,PUSH 0x1002229c,,,,,
0x10012B65,0x10022094,.rdata,10012b59,___crtCorExitProcess,yes,c,InstructionDB,10012b63,10012b68,CALL dword ptr [0x10022094],,,,,
0x10012B6E,0x1002228C,.rdata,10012b59,___crtCorExitProcess,yes,15,InstructionDB,10012b6d,10012b71,PUSH 0x1002228c,,,,,
0x10012B75,0x10022090,.rdata,10012b59,___crtCorExitProcess,yes,1c,InstructionDB,10012b73,10012b78,CALL dword ptr [0x10022090],,,,,
0x10012B97,0x10022034,.rdata,10012b84,___crtExitProcess,yes,13,InstructionDB,10012b95,10012b9a,CALL dword ptr [0x10022034],,,,,
0x10012C0C,0x10025004,.rdata,10012c05,__cinit,yes,7,InstructionDB,10012c0a,10012c10,CMP dword ptr [0x10025004],,,,,
0x10012C14,0x10025004,.rdata,10012c05,__cinit,yes,f,InstructionDB,10012c13,10012c17,PUSH 0x10025004,,,,,
0x10012C27,0x10025004,.rdata,10012c05,__cinit,yes,22,InstructionDB,10012c25,10012c2a,CALL dword ptr [0x10025004],,,,,
0x10012C32,0x100221D0,.rdata,10012c05,__cinit,yes,2d,InstructionDB,10012c31,10012c35,PUSH 0x100221d0,,,,,
0x10012C37,0x100221B8,.rdata,10012c05,__cinit,yes,32,InstructionDB,10012c36,10012c3a,PUSH 0x100221b8,,,,,
0x10012C49,0x10016CEC,.text,10012c05,__cinit,yes,44,InstructionDB,10012c48,10012c4c,PUSH 0x10016cec,,,10016cec,FUN_10016cec,FUN_10016cec
0x10012C53,0x10022154,.rdata,10012c05,__cinit,yes,4e,InstructionDB,10012c52,10012c56,MOV EAX,,,,,
0x10012C58,0x100221B4,.rdata,10012c05,__cinit,yes,53,InstructionDB,10012c57,10012c5b,MOV ESI,,,,,
0x10012C74,0x1003D554,.data,10012c05,__cinit,yes,6f,InstructionDB,10012c72,10012c78,CMP dword ptr [0x1003d554],,,,,
0x10012C7E,0x1003D554,.data,10012c05,__cinit,yes,79,InstructionDB,10012c7d,10012c81,PUSH 0x1003d554,,,,,
0x10012C94,0x1003D554,.data,10012c05,__cinit,yes,8f,InstructionDB,10012c92,10012c97,CALL dword ptr [0x1003d554],,,,,
0x10012C9F,0x100282C8,.rdata,10012c9c,doexit,yes,3,InstructionDB,10012c9e,10012ca2,PUSH 0x100282c8,,,,,
0x10012CB9,0x10039A3C,.data,10012c9c,doexit,yes,1d,InstructionDB,10012cb7,10012cbc,CMP dword ptr [0x10039a3c],,,,,
0x10012CC4,0x10039A38,.data,10012c9c,doexit,yes,28,InstructionDB,10012cc3,10012cc7,MOV [0x10039a38],,,,,
0x10012CCC,0x10039A34,.data,10012c9c,doexit,yes,30,InstructionDB,10012ccb,10012ccf,MOV [0x10039a34],,,,,
0x10012CDC,0x1003D54C,.data,10012c9c,doexit,yes,40,InstructionDB,10012cda,10012cdf,PUSH dword ptr [0x1003d54c],,,,,
0x10012CE2,0x10022060,.rdata,10012c9c,doexit,yes,46,InstructionDB,10012ce0,10012ce5,MOV ESI,,,,,
0x10012CF3,0x1003D548,.data,10012c9c,doexit,yes,57,InstructionDB,10012cf1,10012cf6,PUSH dword ptr [0x1003d548],,,,,
0x10012D2C,0x1003D54C,.data,10012c9c,doexit,yes,90,InstructionDB,10012d2a,10012d2f,PUSH dword ptr [0x1003d54c],,,,,
0x10012D36,0x1003D548,.data,10012c9c,doexit,yes,9a,InstructionDB,10012d34,10012d39,PUSH dword ptr [0x1003d548],,,,,
0x10012D5C,0x100221D4,.rdata,10012c9c,doexit,yes,c0,InstructionDB,10012d59,10012d5f,MOV dword ptr [EBP + -0x1c],,,,,
0x10012D63,0x100221E0,.rdata,10012c9c,doexit,yes,c7,InstructionDB,10012d60,10012d66,CMP dword ptr [EBP + -0x1c],,,,,
0x10012D7D,0x100221E4,.rdata,10012c9c,doexit,yes,e1,InstructionDB,10012d7a,10012d80,MOV dword ptr [EBP + -0x20],,,,,
0x10012D84,0x100221E8,.rdata,10012c9c,doexit,yes,e8,InstructionDB,10012d81,10012d87,CMP dword ptr [EBP + -0x20],,,,,
0x10012DAF,0x10039A3C,.data,10012c9c,doexit,yes,113,InstructionDB,10012dad,10012db6,MOV dword ptr [0x10039a3c],,,,,
0x10012E21,0x10012E90,.text,10012e20,__SEH_prolog4,yes,1,InstructionDB,10012e20,10012e24,PUSH 0x10012e90,,,10012e90,__except_handler4,__except_handler4
0x10012E3E,0x10029490,.data,10012e20,__SEH_prolog4,yes,1e,InstructionDB,10012e3d,10012e41,MOV EAX,,,,,
0x10012EA2,0x10029490,.data,10012e90,__except_handler4,yes,12,InstructionDB,10012ea0,10012ea5,XOR ESI,,,,,
0x10012F7C,0x100261E0,.rdata,10012e90,__except_handler4,yes,ec,InstructionDB,10012f7a,10012f80,CMP dword ptr [0x100261e0],,,,,
0x10012F84,0x100261E0,.rdata,10012e90,__except_handler4,yes,f4,InstructionDB,10012f83,10012f87,PUSH 0x100261e0,,,,,
0x10012F9C,0x100261E0,.rdata,10012e90,__except_handler4,yes,10c,InstructionDB,10012f9a,10012f9f,CALL dword ptr [0x100261e0],,,,,
0x10012FB7,0x10029490,.data,10012e90,__except_handler4,yes,127,InstructionDB,10012fb6,10012fba,PUSH 0x10029490,,,,,
0x1001300E,0x10029490,.data,10012e90,__except_handler4,yes,17e,InstructionDB,1001300d,10013011,PUSH 0x10029490,,,,,
0x10013020,0x100291D0,.data,1001301f,FUN_1001301f,yes,1,InstructionDB,1001301f,10013023,MOV EAX,,,,,
0x10013026,0x1003D540,.data,,,no,,InstructionDB,10013025,10013029,MOV EAX,,,,,
0x10013040,0x1003D540,.data,,,no,,InstructionDB,1001303f,10013043,MOV [0x1003d540],,,,,
0x1001304F,0x1003C520,.data,,,no,,InstructionDB,1001304e,10013052,MOV [0x1003c520],,,,,
0x1001305C,0x1003D540,.data,,,no,,InstructionDB,1001305a,1001305f,MOV dword ptr [0x1003d540],,,,,
0x10013068,0x1003C520,.data,,,no,,InstructionDB,10013067,1001306b,MOV [0x1003c520],,,,,
0x10013078,0x100291D0,.data,,,no,,InstructionDB,10013077,1001307b,MOV ECX,,,,,
0x1001307F,0x1003C520,.data,,,no,,InstructionDB,1001307e,10013082,MOV EAX,,,,,
0x1001308E,0x10029450,.data,,,no,,InstructionDB,1001308c,10013091,CMP ECX,,,,,
0x1001309A,0x100291E0,.data,,,no,,InstructionDB,10013099,1001309d,MOV ECX,,,,,
0x100130A7,0x1003C420,.data,,,no,,InstructionDB,100130a4,100130aa,MOV EAX,,,,,
0x100130CB,0x10029240,.data,,,no,,InstructionDB,100130c9,100130ce,CMP ECX,,,,,
0x100130DD,0x10039A34,.data,,,no,,InstructionDB,100130db,100130e1,CMP byte ptr [0x10039a34],,,,,
0x100130EB,0x1003C520,.data,,,no,,InstructionDB,100130e9,100130ee,PUSH dword ptr [0x1003c520],,,,,
0x10013100,0x100291D0,.data,100130f6,__lock_file,yes,a,InstructionDB,100130ff,10013103,MOV EAX,,,,,
0x1001310A,0x10029430,.data,100130f6,__lock_file,yes,14,InstructionDB,10013108,1001310d,CMP ESI,,,,,
0x10013130,0x10022098,.rdata,100130f6,__lock_file,yes,3a,InstructionDB,1001312e,10013133,CALL dword ptr [0x10022098],,,,,
0x10013163,0x10022098,.rdata,10013137,__lock_file2,yes,2c,InstructionDB,10013161,10013166,CALL dword ptr [0x10022098],,,,,
0x10013172,0x100291D0,.data,10013169,__unlock_file,yes,9,InstructionDB,10013171,10013175,MOV ECX,,,,,
0x1001317B,0x10029430,.data,10013169,__unlock_file,yes,12,InstructionDB,1001317a,1001317e,CMP EAX,,,,,
0x1001319F,0x1002209C,.rdata,10013169,__unlock_file,yes,36,InstructionDB,1001319d,100131a2,CALL dword ptr [0x1002209c],,,,,
0x100131CE,0x1002209C,.rdata,100131a5,__unlock_file2,yes,29,InstructionDB,100131cc,100131d1,CALL dword ptr [0x1002209c],,,,,
0x10013289,0x1003C420,.data,100131d4,__filbuf,yes,b5,InstructionDB,10013286,1001328c,LEA EDI,,,,,
0x100132A0,0x10029450,.data,100131d4,__filbuf,yes,cc,InstructionDB,1001329f,100132a3,MOV EAX,,,,,
0x10013305,0x100220B0,.rdata,100132f6,__ioinit,yes,f,InstructionDB,10013303,10013308,CALL dword ptr [0x100220b0],,,,,
0x1001332B,0x1003C420,.data,100132f6,__ioinit,yes,35,InstructionDB,1001332a,1001332e,MOV [0x1003c420],,,,,
0x10013331,0x1003C418,.data,100132f6,__ioinit,yes,3b,InstructionDB,1001332f,10013334,MOV dword ptr [0x1003c418],,,,,
0x1001335B,0x1003C420,.data,100132f6,__ioinit,yes,65,InstructionDB,10013359,1001335e,MOV ESI,,,,,
0x100133A0,0x1003C418,.data,100132f6,__ioinit,yes,aa,InstructionDB,1001339e,100133a3,CMP dword ptr [0x1003c418],,,,,
0x100133A7,0x1003C424,.data,100132f6,__ioinit,yes,b1,InstructionDB,100133a6,100133aa,MOV EDI,,,,,
0x100133BC,0x1003C418,.data,100132f6,__ioinit,yes,c6,InstructionDB,100133ba,100133c0,ADD dword ptr [0x1003c418],,,,,
0x10013403,0x1003C418,.data,100132f6,__ioinit,yes,10d,InstructionDB,10013401,10013406,CMP dword ptr [0x1003c418],,,,,
0x1001340D,0x1003C418,.data,100132f6,__ioinit,yes,117,InstructionDB,1001340b,10013410,MOV EBX,,,,,
0x10013438,0x100220AC,.rdata,100132f6,__ioinit,yes,142,InstructionDB,10013436,1001343b,CALL dword ptr [0x100220ac],,,,,
0x10013450,0x1003C420,.data,100132f6,__ioinit,yes,15a,InstructionDB,1001344d,10013453,ADD ESI,,,,,
0x1001346E,0x100220A8,.rdata,100132f6,__ioinit,yes,178,InstructionDB,1001346c,10013471,CALL dword ptr [0x100220a8],,,,,
0x10013492,0x1003C420,.data,100132f6,__ioinit,yes,19c,InstructionDB,10013490,10013495,ADD ESI,,,,,
0x100134C2,0x100220A4,.rdata,100132f6,__ioinit,yes,1cc,InstructionDB,100134c0,100134c5,CALL dword ptr [0x100220a4],,,,,
0x100134D4,0x100220AC,.rdata,100132f6,__ioinit,yes,1de,InstructionDB,100134d2,100134d7,CALL dword ptr [0x100220ac],,,,,
0x10013502,0x100220A8,.rdata,100132f6,__ioinit,yes,20c,InstructionDB,10013500,10013505,CALL dword ptr [0x100220a8],,,,,
0x10013525,0x1003C418,.data,100132f6,__ioinit,yes,22f,InstructionDB,10013523,10013528,PUSH dword ptr [0x1003c418],,,,,
0x1001352B,0x100220A0,.rdata,100132f6,__ioinit,yes,235,InstructionDB,10013529,1001352e,CALL dword ptr [0x100220a0],,,,,
0x10013540,0x1003C420,.data,1001353b,__ioterm,yes,5,InstructionDB,1001353f,10013543,MOV EDI,,,,,
0x10013560,0x100220B4,.rdata,1001353b,__ioterm,yes,25,InstructionDB,1001355e,10013563,CALL dword ptr [0x100220b4],,,,,
0x10013585,0x1003C520,.data,1001353b,__ioterm,yes,4a,InstructionDB,10013583,10013588,CMP EDI,,,,,
0x100135BD,0x1003A334,.data,100135b4,__openfile,yes,9,InstructionDB,100135bc,100135c0,MOV EAX,,,,,
0x10013764,0x100222B4,.rdata,100135b4,__openfile,yes,1b0,InstructionDB,10013763,10013767,PUSH 0x100222b4,,,,,
0x1001378D,0x100222B8,.rdata,100135b4,__openfile,yes,1d9,InstructionDB,1001378c,10013790,PUSH 0x100222b8,,,,,
0x100137AC,0x100222C0,.rdata,100135b4,__openfile,yes,1f8,InstructionDB,100137ab,100137af,PUSH 0x100222c0,,,,,
0x100137CB,0x100222CC,.rdata,100135b4,__openfile,yes,217,InstructionDB,100137ca,100137ce,PUSH 0x100222cc,,,,,
0x10013826,0x10039A40,.data,100135b4,__openfile,yes,272,InstructionDB,10013824,10013829,INC dword ptr [0x10039a40],,,,,
0x1001384E,0x100282E8,.rdata,1001384b,__getstream,yes,3,InstructionDB,1001384d,10013851,PUSH 0x100282e8,,,,,
0x10013870,0x1003D540,.data,1001384b,__getstream,yes,25,InstructionDB,1001386e,10013873,CMP ESI,,,,,
0x1001387B,0x1003C520,.data,1001384b,__getstream,yes,30,InstructionDB,1001387a,1001387e,MOV EAX,,,,,
0x100138B1,0x1003C520,.data,1001384b,__getstream,yes,66,InstructionDB,100138b0,100138b4,MOV EAX,,,,,
0x100138C1,0x1003C520,.data,1001384b,__getstream,yes,76,InstructionDB,100138c0,100138c4,MOV EAX,,,,,
0x100138EB,0x1003C520,.data,1001384b,__getstream,yes,a0,InstructionDB,100138e9,100138ee,MOV ECX,,,,,
0x100138FC,0x1003C520,.data,1001384b,__getstream,yes,b1,InstructionDB,100138fb,100138ff,MOV EAX,,,,,
0x10013909,0x100220A8,.rdata,1001384b,__getstream,yes,be,InstructionDB,10013907,1001390c,CALL dword ptr [0x100220a8],,,,,
0x10013910,0x1003C520,.data,1001384b,__getstream,yes,c5,InstructionDB,1001390f,10013913,MOV EAX,,,,,
0x10013920,0x1003C520,.data,1001384b,__getstream,yes,d5,InstructionDB,1001391f,10013923,MOV EAX,,,,,
0x10013932,0x10022098,.rdata,1001384b,__getstream,yes,e7,InstructionDB,10013930,10013935,CALL dword ptr [0x10022098],,,,,
0x10013937,0x1003C520,.data,1001384b,__getstream,yes,ec,InstructionDB,10013936,1001393a,MOV EAX,,,,,
0x10013995,0x10013A10,.text,10013980,__local_unwind4,yes,15,InstructionDB,10013994,10013998,PUSH 0x10013a10,,,,,LAB_10013a10
0x100139A1,0x10029490,.data,10013980,__local_unwind4,yes,21,InstructionDB,100139a0,100139a4,MOV EAX,,,,,
0x10013AAC,0x10013AB6,.text,10013aa2,_EH4_GlobalUnwind2,yes,a,InstructionDB,10013aab,10013aaf,PUSH 0x10013ab6,,,10013aa2,_EH4_GlobalUnwind2,
0x10013AD5,0x10028308,.rdata,10013ad2,_Type_info_dtor,yes,3,InstructionDB,10013ad4,10013ad8,PUSH 0x10028308,,,,,
0x10013AF5,0x10039A48,.data,10013ad2,_Type_info_dtor,yes,23,InstructionDB,10013af4,10013af8,MOV EAX,,,,,
0x10013AFA,0x10039A44,.data,10013ad2,_Type_info_dtor,yes,28,InstructionDB,10013af9,10013afd,MOV EDX,,,,,
0x10013BEF,0x1003C420,.data,10013bd8,__close_nolock,yes,17,InstructionDB,10013bee,10013bf2,MOV EAX,,,,,
0x10013C2C,0x10022054,.rdata,10013bd8,__close_nolock,yes,54,InstructionDB,10013c2a,10013c2f,CALL dword ptr [0x10022054],,,,,
0x10013C36,0x10022070,.rdata,10013bd8,__close_nolock,yes,5e,InstructionDB,10013c34,10013c39,CALL dword ptr [0x10022070],,,,,
0x10013C4E,0x1003C420,.data,10013bd8,__close_nolock,yes,76,InstructionDB,10013c4b,10013c51,MOV EAX,,,,,
0x10013C77,0x10028328,.rdata,10013c74,__close,yes,3,InstructionDB,10013c76,10013c7a,PUSH 0x10028328,,,,,
0x10013CA9,0x1003C418,.data,10013c74,__close,yes,35,InstructionDB,10013ca7,10013cac,CMP EBX,,,,,
0x10013CD1,0x1003C420,.data,10013c74,__close,yes,5d,InstructionDB,10013cce,10013cd4,LEA EDI,,,,,
0x10013E1C,0x10028348,.rdata,10013e19,flsall,yes,3,InstructionDB,10013e1b,10013e1f,PUSH 0x10028348,,,,,
0x10013E3F,0x1003D540,.data,10013e19,flsall,yes,26,InstructionDB,10013e3d,10013e42,CMP ESI,,,,,
0x10013E4A,0x1003C520,.data,10013e19,flsall,yes,31,InstructionDB,10013e49,10013e4d,MOV EAX,,,,,
0x10013E6D,0x1003C520,.data,10013e19,flsall,yes,54,InstructionDB,10013e6c,10013e70,MOV EAX,,,,,
0x10013EBC,0x1003C520,.data,10013ebb,FUN_10013ebb,yes,1,InstructionDB,10013ebb,10013ebf,MOV EAX,,,,,
0x10013F05,0x10039A4C,.data,10013efc,FUN_10013efc,yes,9,InstructionDB,10013f04,10013f08,MOV [0x10039a4c],,,,,
0x10013F12,0x10039A4C,.data,10013f0b,__callnewh,yes,7,InstructionDB,10013f10,10013f15,PUSH dword ptr [0x10039a4c],,,,,
0x10013F18,0x10022060,.rdata,10013f0b,__callnewh,yes,d,InstructionDB,10013f16,10013f1b,CALL dword ptr [0x10022060],,,,,
0x10013F6F,0x10039A40,.data,10013f33,__stbuf,yes,3c,InstructionDB,10013f6d,10013f72,INC dword ptr [0x10039a40],,,,,
0x10013F81,0x10039A50,.data,10013f33,__stbuf,yes,4e,InstructionDB,10013f7e,10013f84,LEA EDI,,,,,
0x10014285,0x100294A0,.data,10014252,setSBCS,yes,33,InstructionDB,10014284,10014288,MOV ECX,,,,,
0x100142C2,0x10029490,.data,100142b6,setSBUpLow,yes,c,InstructionDB,100142c1,100142c5,MOV EAX,,,,,
0x100142D9,0x10022000,.rdata,100142b6,setSBUpLow,yes,23,InstructionDB,100142d7,100142dc,CALL dword ptr [0x10022000],,,,,
0x10014449,0x10028370,.rdata,10014446,___updatetmbcinfo,yes,3,InstructionDB,10014448,1001444c,PUSH 0x10028370,,,,,
0x1001445A,0x100299C0,.data,10014446,___updatetmbcinfo,yes,14,InstructionDB,10014459,1001445d,MOV EAX,,,,,
0x10014494,0x100298C8,.data,10014446,___updatetmbcinfo,yes,4e,InstructionDB,10014492,10014497,CMP ESI,,,,,
0x100144A1,0x100220C0,.rdata,10014446,___updatetmbcinfo,yes,5b,InstructionDB,1001449f,100144a4,CALL dword ptr [0x100220c0],,,,,
0x100144AB,0x100294A0,.data,10014446,___updatetmbcinfo,yes,65,InstructionDB,100144a9,100144ae,CMP ESI,,,,,
0x100144B9,0x100298C8,.data,10014446,___updatetmbcinfo,yes,73,InstructionDB,100144b8,100144bc,MOV EAX,,,,,
0x100144C2,0x100298C8,.data,10014446,___updatetmbcinfo,yes,7c,InstructionDB,100144c0,100144c5,MOV ESI,,,,,
0x100144CC,0x100220BC,.rdata,10014446,___updatetmbcinfo,yes,86,InstructionDB,100144ca,100144cf,CALL dword ptr [0x100220bc],,,,,
0x10014500,0x10039A58,.data,100144ea,getSystemCP,yes,16,InstructionDB,100144fe,10014503,MOV dword ptr [0x10039a58],,,,,
0x1001450B,0x10039A58,.data,100144ea,getSystemCP,yes,21,InstructionDB,10014509,10014512,MOV dword ptr [0x10039a58],,,,,
0x10014515,0x100220C8,.rdata,100144ea,getSystemCP,yes,2b,InstructionDB,10014513,10014518,CALL dword ptr [0x100220c8],,,,,
0x1001452E,0x10039A58,.data,100144ea,getSystemCP,yes,44,InstructionDB,1001452c,10014535,MOV dword ptr [0x10039a58],,,,,
0x10014538,0x100220C4,.rdata,100144ea,getSystemCP,yes,4e,InstructionDB,10014536,1001453b,CALL dword ptr [0x100220c4],,,,,
0x1001454B,0x10039A58,.data,100144ea,getSystemCP,yes,61,InstructionDB,10014549,10014552,MOV dword ptr [0x10039a58],,,,,
0x1001456F,0x10029490,.data,10014566,__setmbcp_nolock,yes,9,InstructionDB,1001456e,10014572,MOV EAX,,,,,
0x100145A6,0x100298D0,.data,10014566,__setmbcp_nolock,yes,40,InstructionDB,100145a4,100145a9,CMP dword ptr [EAX + 0x100298d0],,,,,
0x100145DB,0x100220CC,.rdata,10014566,__setmbcp_nolock,yes,75,InstructionDB,100145d9,100145de,CALL dword ptr [0x100220cc],,,,,
0x100145EE,0x10022000,.rdata,10014566,__setmbcp_nolock,yes,88,InstructionDB,100145ec,100145f1,CALL dword ptr [0x10022000],,,,,
0x1001465E,0x100298E0,.data,10014566,__setmbcp_nolock,yes,f8,InstructionDB,1001465c,10014661,LEA ESI,,,,,
0x1001467B,0x100298CC,.data,10014566,__setmbcp_nolock,yes,115,InstructionDB,10014679,1001467e,MOV AL,,,,,
0x100146C4,0x100298D4,.data,10014566,__setmbcp_nolock,yes,15e,InstructionDB,100146c2,100146c7,LEA ECX,,,,,
0x10014733,0x10039A58,.data,10014566,__setmbcp_nolock,yes,1cd,InstructionDB,10014731,10014736,CMP dword ptr [0x10039a58],,,,,
0x10014752,0x10028390,.rdata,1001474f,__setmbcp,yes,3,InstructionDB,10014751,10014755,PUSH 0x10028390,,,,,
0x100147C7,0x100220C0,.rdata,1001474f,__setmbcp,yes,78,InstructionDB,100147c5,100147ca,CALL dword ptr [0x100220c0],,,,,
0x100147D3,0x100294A0,.data,1001474f,__setmbcp,yes,84,InstructionDB,100147d2,100147d6,CMP EAX,,,,,
0x100147E6,0x100220BC,.rdata,1001474f,__setmbcp,yes,97,InstructionDB,100147e4,100147e9,MOV EDI,,,,,
0x100147F8,0x100299C0,.data,1001474f,__setmbcp,yes,a9,InstructionDB,100147f6,100147fc,TEST byte ptr [0x100299c0],,,,,
0x10014813,0x10039A68,.data,1001474f,__setmbcp,yes,c4,InstructionDB,10014812,10014816,MOV [0x10039a68],,,,,
0x1001481B,0x10039A6C,.data,1001474f,__setmbcp,yes,cc,InstructionDB,1001481a,1001481e,MOV [0x10039a6c],,,,,
0x10014823,0x10039A70,.data,1001474f,__setmbcp,yes,d4,InstructionDB,10014822,10014826,MOV [0x10039a70],,,,,
0x1001483A,0x10039A5C,.data,1001474f,__setmbcp,yes,eb,InstructionDB,10014836,1001483d,MOV word ptr [EAX*0x2 + 0x10039a5c],,,,,
0x10014853,0x100296C0,.data,1001474f,__setmbcp,yes,104,InstructionDB,10014851,10014856,MOV byte ptr [EAX + 0x100296c0],,,,,
0x1001486F,0x100297C8,.data,1001474f,__setmbcp,yes,120,InstructionDB,1001486d,10014872,MOV byte ptr [EAX + 0x100297c8],,,,,
0x10014878,0x100298C8,.data,1001474f,__setmbcp,yes,129,InstructionDB,10014876,1001487b,PUSH dword ptr [0x100298c8],,,,,
0x1001487E,0x100220C0,.rdata,1001474f,__setmbcp,yes,12f,InstructionDB,1001487c,10014881,CALL dword ptr [0x100220c0],,,,,
0x10014887,0x100298C8,.data,1001474f,__setmbcp,yes,138,InstructionDB,10014886,1001488a,MOV EAX,,,,,
0x1001488C,0x100294A0,.data,1001474f,__setmbcp,yes,13d,InstructionDB,1001488b,1001488f,CMP EAX,,,,,
0x1001489B,0x100298C8,.data,1001474f,__setmbcp,yes,14c,InstructionDB,10014899,1001489e,MOV dword ptr [0x100298c8],,,,,
0x100148C2,0x100294A0,.data,1001474f,__setmbcp,yes,173,InstructionDB,100148c0,100148c5,CMP EBX,,,,,
0x100148EB,0x1003D550,.data,100148e9,___initmbctable,yes,2,InstructionDB,100148e9,100148ef,CMP dword ptr [0x1003d550],,,,,
0x100148FC,0x1003D550,.data,100148e9,___initmbctable,yes,13,InstructionDB,100148fa,10014903,MOV dword ptr [0x1003d550],,,,,
0x10014910,0x100220BC,.rdata,10014907,___addlocaleref,yes,9,InstructionDB,1001490e,10014913,MOV ESI,,,,,
0x1001495C,0x100299C4,.data,10014907,___addlocaleref,yes,55,InstructionDB,10014959,1001495f,CMP dword ptr [EBX + -0x8],,,,,
0x100149AB,0x100220C0,.rdata,10014996,___removelocaleref,yes,15,InstructionDB,100149a9,100149ae,MOV ESI,,,,,
0x100149F3,0x100299C4,.data,10014996,___removelocaleref,yes,5d,InstructionDB,100149f0,100149f6,CMP dword ptr [EBX + -0x8],,,,,
0x10014A47,0x10029EA8,.data,10014a2f,___freetlocinfo,yes,18,InstructionDB,10014a46,10014a4a,CMP EAX,,,,,
0x10014B0A,0x100299C8,.data,10014a2f,___freetlocinfo,yes,db,InstructionDB,10014b09,10014b0d,CMP EAX,,,,,
0x10014B38,0x100299C4,.data,10014a2f,___freetlocinfo,yes,109,InstructionDB,10014b35,10014b3b,CMP dword ptr [EDI + -0x8],,,,,
0x10014BB0,0x10029B30,.data,10014b7a,__updatetlocinfoEx_nolock,yes,36,InstructionDB,10014bae,10014bb3,CMP ESI,,,,,
0x10014BCA,0x100283B0,.rdata,10014bc7,___updatetlocinfo,yes,3,InstructionDB,10014bc9,10014bcd,PUSH 0x100283b0,,,,,
0x10014BDB,0x100299C0,.data,10014bc7,___updatetlocinfo,yes,14,InstructionDB,10014bda,10014bde,MOV EAX,,,,,
0x10014C14,0x10029C08,.data,10014bc7,___updatetlocinfo,yes,4d,InstructionDB,10014c12,10014c17,PUSH dword ptr [0x10029c08],,,,,
0x10014C44,0x1002205C,.rdata,10014c40,FUN_10014c40,yes,4,InstructionDB,10014c42,10014c47,CALL dword ptr [0x1002205c],,,,,
0x10014C4B,0x100220D0,.rdata,,,no,,InstructionDB,10014c49,10014c4e,CALL dword ptr [0x100220d0],,,,,
0x10014C57,0x10029C10,.data,10014c52,___set_flsgetvalue,yes,5,InstructionDB,10014c55,10014c5a,PUSH dword ptr [0x10029c10],,,,,
0x10014C5D,0x100220D4,.rdata,10014c52,___set_flsgetvalue,yes,b,InstructionDB,10014c5b,10014c60,CALL dword ptr [0x100220d4],,,,,
0x10014C69,0x10039A78,.data,10014c52,___set_flsgetvalue,yes,17,InstructionDB,10014c67,10014c6c,PUSH dword ptr [0x10039a78],,,,,
0x10014C6F,0x10022060,.rdata,10014c52,___set_flsgetvalue,yes,1d,InstructionDB,10014c6d,10014c72,CALL dword ptr [0x10022060],,,,,
0x10014C78,0x10029C10,.data,10014c52,___set_flsgetvalue,yes,26,InstructionDB,10014c76,10014c7b,PUSH dword ptr [0x10029c10],,,,,
0x10014C7E,0x100220D8,.rdata,10014c52,___set_flsgetvalue,yes,2c,InstructionDB,10014c7c,10014c81,CALL dword ptr [0x100220d8],,,,,
0x10014C87,0x10029C0C,.data,10014c86,__mtterm,yes,1,InstructionDB,10014c86,10014c8a,MOV EAX,,,,,
0x10014C93,0x10039A80,.data,10014c86,__mtterm,yes,d,InstructionDB,10014c91,10014c96,PUSH dword ptr [0x10039a80],,,,,
0x10014C99,0x10022060,.rdata,10014c86,__mtterm,yes,13,InstructionDB,10014c97,10014c9c,CALL dword ptr [0x10022060],,,,,
0x10014CA1,0x10029C0C,.data,10014c86,__mtterm,yes,1b,InstructionDB,10014c9f,10014ca5,OR dword ptr [0x10029c0c],,,,,
0x10014CA7,0x10029C10,.data,10014c86,__mtterm,yes,21,InstructionDB,10014ca6,10014caa,MOV EAX,,,,,
0x10014CB3,0x100220DC,.rdata,10014c86,__mtterm,yes,2d,InstructionDB,10014cb1,10014cb6,CALL dword ptr [0x100220dc],,,,,
0x10014CB9,0x10029C10,.data,10014c86,__mtterm,yes,33,InstructionDB,10014cb7,10014cbd,OR dword ptr [0x10029c10],,,,,
0x10014CC6,0x100283D0,.rdata,10014cc3,__initptd,yes,3,InstructionDB,10014cc5,10014cc9,PUSH 0x100283d0,,,,,
0x10014CD0,0x10022624,.rdata,10014cc3,__initptd,yes,d,InstructionDB,10014ccf,10014cd3,PUSH 0x10022624,,,,,
0x10014CD6,0x10022094,.rdata,10014cc3,__initptd,yes,13,InstructionDB,10014cd4,10014cd9,CALL dword ptr [0x10022094],,,,,
0x10014CE0,0x10022770,.rdata,10014cc3,__initptd,yes,1d,InstructionDB,10014cdd,10014ce3,MOV dword ptr [ESI + 0x5c],,,,,
0x10014D02,0x100294A0,.data,10014cc3,__initptd,yes,3f,InstructionDB,10014cff,10014d05,MOV dword ptr [ESI + 0x68],,,,,
0x10014D17,0x100220BC,.rdata,10014cc3,__initptd,yes,54,InstructionDB,10014d15,10014d1a,CALL dword ptr [0x100220bc],,,,,
0x10014D3D,0x10029C08,.data,10014cc3,__initptd,yes,7a,InstructionDB,10014d3c,10014d40,MOV EAX,,,,,
0x10014D7D,0x10022070,.rdata,10014d77,__getptd_noexit,yes,6,InstructionDB,10014d7b,10014d80,CALL dword ptr [0x10022070],,,,,
0x10014D83,0x10029C0C,.data,10014d77,__getptd_noexit,yes,c,InstructionDB,10014d81,10014d86,PUSH dword ptr [0x10029c0c],,,,,
0x10014DAD,0x10029C0C,.data,10014d77,__getptd_noexit,yes,36,InstructionDB,10014dab,10014db0,PUSH dword ptr [0x10029c0c],,,,,
0x10014DB3,0x10039A7C,.data,10014d77,__getptd_noexit,yes,3c,InstructionDB,10014db1,10014db6,PUSH dword ptr [0x10039a7c],,,,,
0x10014DB9,0x10022060,.rdata,10014d77,__getptd_noexit,yes,42,InstructionDB,10014db7,10014dbc,CALL dword ptr [0x10022060],,,,,
0x10014DCF,0x10022064,.rdata,10014d77,__getptd_noexit,yes,58,InstructionDB,10014dcd,10014dd2,CALL dword ptr [0x10022064],,,,,
0x10014DE7,0x100220E0,.rdata,10014d77,__getptd_noexit,yes,70,InstructionDB,10014de5,10014dea,CALL dword ptr [0x100220e0],,,,,
0x10014E0D,0x100283F8,.rdata,10014e0a,__freefls@4,yes,3,InstructionDB,10014e0c,10014e10,PUSH 0x100283f8,,,,,
0x10014E87,0x10022770,.rdata,10014e0a,__freefls@4,yes,7d,InstructionDB,10014e86,10014e8a,CMP EAX,,,,,
0x10014EAA,0x100220C0,.rdata,10014e0a,__freefls@4,yes,a0,InstructionDB,10014ea8,10014ead,CALL dword ptr [0x100220c0],,,,,
0x10014EB4,0x100294A0,.data,10014e0a,__freefls@4,yes,aa,InstructionDB,10014eb2,10014eb7,CMP EDI,,,,,
0x10014EEC,0x10029C08,.data,10014e0a,__freefls@4,yes,e2,InstructionDB,10014eea,10014eef,CMP EDI,,,,,
0x10014EF4,0x10029B30,.data,10014e0a,__freefls@4,yes,ea,InstructionDB,10014ef2,10014ef7,CMP EDI,,,,,
0x10014F40,0x10029C0C,.data,10014f39,__freeptd,yes,7,InstructionDB,10014f3e,10014f44,CMP dword ptr [0x10029c0c],,,,,
0x10014F50,0x10029C10,.data,10014f39,__freeptd,yes,17,InstructionDB,10014f4e,10014f53,PUSH dword ptr [0x10029c10],,,,,
0x10014F56,0x100220D4,.rdata,10014f39,__freeptd,yes,1d,InstructionDB,10014f54,10014f59,MOV ESI,,,,,
0x10014F62,0x10029C0C,.data,10014f39,__freeptd,yes,29,InstructionDB,10014f60,10014f65,PUSH dword ptr [0x10029c0c],,,,,
0x10014F68,0x10029C10,.data,10014f39,__freeptd,yes,2f,InstructionDB,10014f66,10014f6b,PUSH dword ptr [0x10029c10],,,,,
0x10014F78,0x10029C0C,.data,10014f39,__freeptd,yes,3f,InstructionDB,10014f76,10014f7b,PUSH dword ptr [0x10029c0c],,,,,
0x10014F7E,0x10039A7C,.data,10014f39,__freeptd,yes,45,InstructionDB,10014f7c,10014f81,PUSH dword ptr [0x10039a7c],,,,,
0x10014F84,0x10022060,.rdata,10014f39,__freeptd,yes,4b,InstructionDB,10014f82,10014f87,CALL dword ptr [0x10022060],,,,,
0x10014F93,0x10029C10,.data,10014f39,__freeptd,yes,5a,InstructionDB,10014f92,10014f96,MOV EAX,,,,,
0x10014FA1,0x100220D8,.rdata,10014f39,__freeptd,yes,68,InstructionDB,10014f9f,10014fa4,CALL dword ptr [0x100220d8],,,,,
0x10014FAB,0x10022624,.rdata,10014fa7,__mtinit,yes,4,InstructionDB,10014faa,10014fae,PUSH 0x10022624,,,,,
0x10014FB1,0x10022094,.rdata,10014fa7,__mtinit,yes,a,InstructionDB,10014faf,10014fb4,CALL dword ptr [0x10022094],,,,,
0x10014FC7,0x10022090,.rdata,10014fa7,__mtinit,yes,20,InstructionDB,10014fc5,10014fca,MOV ESI,,,,,
0x10014FCC,0x10022660,.rdata,10014fa7,__mtinit,yes,25,InstructionDB,10014fcb,10014fcf,PUSH 0x10022660,,,,,
0x10014FD4,0x10022654,.rdata,10014fa7,__mtinit,yes,2d,InstructionDB,10014fd3,10014fd7,PUSH 0x10022654,,,,,
0x10014FDA,0x10039A74,.data,10014fa7,__mtinit,yes,33,InstructionDB,10014fd9,10014fdd,MOV [0x10039a74],,,,,
0x10014FE1,0x10022648,.rdata,10014fa7,__mtinit,yes,3a,InstructionDB,10014fe0,10014fe4,PUSH 0x10022648,,,,,
0x10014FE7,0x10039A78,.data,10014fa7,__mtinit,yes,40,InstructionDB,10014fe6,10014fea,MOV [0x10039a78],,,,,
0x10014FEE,0x10022640,.rdata,10014fa7,__mtinit,yes,47,InstructionDB,10014fed,10014ff1,PUSH 0x10022640,,,,,
0x10014FF4,0x10039A7C,.data,10014fa7,__mtinit,yes,4d,InstructionDB,10014ff3,10014ff7,MOV [0x10039a7c],,,,,
0x10014FFC,0x10039A74,.data,10014fa7,__mtinit,yes,55,InstructionDB,10014ffa,10015000,CMP dword ptr [0x10039a74],,,,,
0x10015003,0x100220D8,.rdata,10014fa7,__mtinit,yes,5c,InstructionDB,10015001,10015006,MOV ESI,,,,,
0x10015008,0x10039A80,.data,10014fa7,__mtinit,yes,61,InstructionDB,10015007,1001500b,MOV [0x10039a80],,,,,
0x10015010,0x10039A78,.data,10014fa7,__mtinit,yes,69,InstructionDB,1001500e,10015014,CMP dword ptr [0x10039a78],,,,,
0x10015019,0x10039A7C,.data,10014fa7,__mtinit,yes,72,InstructionDB,10015017,1001501d,CMP dword ptr [0x10039a7c],,,,,
0x10015025,0x100220D4,.rdata,10014fa7,__mtinit,yes,7e,InstructionDB,10015024,10015028,MOV EAX,,,,,
0x1001502A,0x10039A78,.data,10014fa7,__mtinit,yes,83,InstructionDB,10015029,1001502d,MOV [0x10039a78],,,,,
0x1001502F,0x100220DC,.rdata,10014fa7,__mtinit,yes,88,InstructionDB,1001502e,10015032,MOV EAX,,,,,
0x10015035,0x10039A74,.data,10014fa7,__mtinit,yes,8e,InstructionDB,10015033,1001503c,MOV dword ptr [0x10039a74],,,,,
0x10015039,0x10014C49,.text,10014fa7,__mtinit,yes,92,InstructionDB,10015033,1001503c,MOV dword ptr [0x10039a74],,,,,LAB_10014c49
0x1001503F,0x10039A7C,.data,10014fa7,__mtinit,yes,98,InstructionDB,1001503d,10015042,MOV dword ptr [0x10039a7c],,,,,
0x10015044,0x10039A80,.data,10014fa7,__mtinit,yes,9d,InstructionDB,10015043,10015047,MOV [0x10039a80],,,,,
0x1001504A,0x100220D0,.rdata,10014fa7,__mtinit,yes,a3,InstructionDB,10015048,1001504d,CALL dword ptr [0x100220d0],,,,,
0x1001504F,0x10029C10,.data,10014fa7,__mtinit,yes,a8,InstructionDB,1001504e,10015052,MOV [0x10029c10],,,,,
0x1001505E,0x10039A78,.data,10014fa7,__mtinit,yes,b7,InstructionDB,1001505c,10015061,PUSH dword ptr [0x10039a78],,,,,
0x10015074,0x10039A74,.data,10014fa7,__mtinit,yes,cd,InstructionDB,10015072,10015077,PUSH dword ptr [0x10039a74],,,,,
0x1001507A,0x1002205C,.rdata,10014fa7,__mtinit,yes,d3,InstructionDB,10015078,1001507d,MOV ESI,,,,,
0x10015082,0x10039A78,.data,10014fa7,__mtinit,yes,db,InstructionDB,10015080,10015085,PUSH dword ptr [0x10039a78],,,,,
0x10015087,0x10039A74,.data,10014fa7,__mtinit,yes,e0,InstructionDB,10015086,1001508a,MOV [0x10039a74],,,,,
0x1001508F,0x10039A7C,.data,10014fa7,__mtinit,yes,e8,InstructionDB,1001508d,10015092,PUSH dword ptr [0x10039a7c],,,,,
0x10015094,0x10039A78,.data,10014fa7,__mtinit,yes,ed,InstructionDB,10015093,10015097,MOV [0x10039a78],,,,,
0x1001509C,0x10039A80,.data,10014fa7,__mtinit,yes,f5,InstructionDB,1001509a,1001509f,PUSH dword ptr [0x10039a80],,,,,
0x100150A1,0x10039A7C,.data,10014fa7,__mtinit,yes,fa,InstructionDB,100150a0,100150a4,MOV [0x10039a7c],,,,,
0x100150A8,0x10039A80,.data,10014fa7,__mtinit,yes,101,InstructionDB,100150a7,100150ab,MOV [0x10039a80],,,,,
0x100150B7,0x10022060,.rdata,10014fa7,__mtinit,yes,110,InstructionDB,100150b5,100150ba,MOV EDI,,,,,
0x100150BC,0x10014E0A,.text,10014fa7,__mtinit,yes,115,InstructionDB,100150bb,100150bf,PUSH 0x10014e0a,,,10014e0a,__freefls@4,__freefls@4
0x100150C2,0x10039A74,.data,10014fa7,__mtinit,yes,11b,InstructionDB,100150c0,100150c5,PUSH dword ptr [0x10039a74],,,,,
0x100150CB,0x10029C0C,.data,10014fa7,__mtinit,yes,124,InstructionDB,100150ca,100150ce,MOV [0x10029c0c],,,,,
0x100150EB,0x10029C0C,.data,10014fa7,__mtinit,yes,144,InstructionDB,100150e9,100150ee,PUSH dword ptr [0x10029c0c],,,,,
0x100150F1,0x10039A7C,.data,10014fa7,__mtinit,yes,14a,InstructionDB,100150ef,100150f4,PUSH dword ptr [0x10039a7c],,,,,
0x10015109,0x10022064,.rdata,10014fa7,__mtinit,yes,162,InstructionDB,10015107,1001510c,CALL dword ptr [0x10022064],,,,,
0x1001523E,0x10039A84,.data,10015237,_tolower,yes,7,InstructionDB,1001523c,10015242,CMP dword ptr [0x10039a84],,,,,
0x100153D5,0x1003C420,.data,100152d1,__flsbuf,yes,104,InstructionDB,100153d2,100153d8,ADD EAX,,,,,
0x100153DC,0x10029450,.data,100152d1,__flsbuf,yes,10b,InstructionDB,100153db,100153df,MOV EAX,,,,,
0x100154E8,0x10029490,.data,100154dc,__output_l,yes,c,InstructionDB,100154e7,100154eb,MOV EAX,,,,,
0x10015580,0x10029450,.data,100154dc,__output_l,yes,a4,InstructionDB,1001557f,10015583,MOV EDX,,,,,
0x1001559E,0x1003C420,.data,100154dc,__output_l,yes,c2,InstructionDB,1001559b,100155a1,ADD ECX,,,,,
0x100155C4,0x1003C420,.data,100154dc,__output_l,yes,e8,InstructionDB,100155c1,100155c7,ADD EAX,,,,,
0x10015624,0x100226F0,.rdata,100154dc,__output_l,yes,148,InstructionDB,10015621,10015627,MOVSX EAX,,,,,
0x10015633,0x10022710,.rdata,100154dc,__output_l,yes,157,InstructionDB,1001562f,10015636,MOVSX EAX,,,,,
0x1001564E,0x10016068,.text,100154dc,__output_l,yes,172,InstructionDB,1001564b,10015651,JMP dword ptr [EAX*0x4 + 0x10016068],,,,,switchdataD_10016068
0x1001599C,0x10029C28,.data,100154dc,__output_l,yes,4c0,InstructionDB,1001599b,1001599f,MOV EAX,,,,,
0x10015A8C,0x10029C24,.data,100154dc,__output_l,yes,5b0,InstructionDB,10015a8b,10015a8f,MOV EAX,,,,,
0x10015BD7,0x10022060,.rdata,100154dc,__output_l,yes,6fb,InstructionDB,10015bd5,10015bda,MOV ESI,,,,,
0x10015C1A,0x10029D58,.data,100154dc,__output_l,yes,73e,InstructionDB,10015c18,10015c1d,PUSH dword ptr [0x10029d58],,,,,
0x10015C46,0x10029D64,.data,100154dc,__output_l,yes,76a,InstructionDB,10015c44,10015c49,PUSH dword ptr [0x10029d64],,,,,
0x10015C67,0x10029D60,.data,100154dc,__output_l,yes,78b,InstructionDB,10015c65,10015c6a,PUSH dword ptr [0x10029d60],,,,,
0x10015E47,0x10029C24,.data,100154dc,__output_l,yes,96b,InstructionDB,10015e46,10015e4a,MOV EAX,,,,,
0x10016068,0x10015853,.text,,,no,,DataDB,10016068,1001606b,,switchdataD_10016068,1001564b:DATA@100154dc:__output_l,100154dc,__output_l,caseD_0
0x1001606C,0x10015652,.text,,,no,,DataDB,1001606c,1001606f,,,,100154dc,__output_l,caseD_1
0x10016070,0x10015682,.text,,,no,,DataDB,10016070,10016073,,,,100154dc,__output_l,caseD_2
0x10016074,0x100156E0,.text,,,no,,DataDB,10016074,10016077,,,,100154dc,__output_l,caseD_3
0x10016078,0x1001572C,.text,,,no,,DataDB,10016078,1001607b,,,,100154dc,__output_l,caseD_4
0x1001607C,0x10015737,.text,,,no,,DataDB,1001607c,1001607f,,,,100154dc,__output_l,caseD_5
0x10016080,0x1001577D,.text,,,no,,DataDB,10016080,10016083,,,,100154dc,__output_l,caseD_6
0x10016084,0x100158AE,.text,,,no,,DataDB,10016084,10016087,,,,100154dc,__output_l,caseD_7
0x100160C8,0x1003C418,.data,10016088,__read_nolock,yes,40,InstructionDB,100160c6,100160cb,CMP ESI,,,,,
0x100160F9,0x1003C420,.data,10016088,__read_nolock,yes,71,InstructionDB,100160f6,100160fc,LEA EDI,,,,,
0x1001627E,0x100220E8,.rdata,10016088,__read_nolock,yes,1f6,InstructionDB,1001627c,10016281,CALL dword ptr [0x100220e8],,,,,
0x10016334,0x100220E8,.rdata,10016088,__read_nolock,yes,2ac,InstructionDB,10016332,10016337,CALL dword ptr [0x100220e8],,,,,
0x1001633E,0x10022070,.rdata,10016088,__read_nolock,yes,2b6,InstructionDB,1001633c,10016341,CALL dword ptr [0x10022070],,,,,
0x100163F2,0x10029C30,.data,10016088,__read_nolock,yes,36a,InstructionDB,100163f0,100163f6,CMP byte ptr [ECX + 0x10029c30],,,,,
0x10016401,0x10029C30,.data,10016088,__read_nolock,yes,379,InstructionDB,100163fe,10016404,MOVSX ECX,,,,,
0x10016478,0x100220E4,.rdata,10016088,__read_nolock,yes,3f0,InstructionDB,10016476,1001647b,CALL dword ptr [0x100220e4],,,,,
0x10016485,0x10022070,.rdata,10016088,__read_nolock,yes,3fd,InstructionDB,10016483,10016488,CALL dword ptr [0x10022070],,,,,
0x1001655A,0x100220E8,.rdata,10016088,__read_nolock,yes,4d2,InstructionDB,10016558,1001655d,CALL dword ptr [0x100220e8],,,,,
0x10016564,0x10022070,.rdata,10016088,__read_nolock,yes,4dc,InstructionDB,10016562,10016567,CALL dword ptr [0x10022070],,,,,
0x10016604,0x10022070,.rdata,10016088,__read_nolock,yes,57c,InstructionDB,10016602,10016607,CALL dword ptr [0x10022070],,,,,
0x10016642,0x10028420,.rdata,1001663f,__read,yes,3,InstructionDB,10016641,10016645,PUSH 0x10028420,,,,,
0x10016674,0x1003C418,.data,1001663f,__read,yes,35,InstructionDB,10016672,10016677,CMP EBX,,,,,
0x1001669C,0x1003C420,.data,1001663f,__read,yes,5d,InstructionDB,10016699,1001669f,LEA EDI,,,,,
0x10016760,0x1003C414,.data,10016740,_memset,yes,20,InstructionDB,1001675e,10016764,CMP dword ptr [0x1003c414],,,,,
0x100167EB,0x100220EC,.rdata,100167ba,__lseek_nolock,yes,31,InstructionDB,100167e9,100167ee,CALL dword ptr [0x100220ec],,,,,
0x100167F8,0x10022070,.rdata,100167ba,__lseek_nolock,yes,3e,InstructionDB,100167f6,100167fb,CALL dword ptr [0x10022070],,,,,
0x10016818,0x1003C420,.data,100167ba,__lseek_nolock,yes,5e,InstructionDB,10016815,1001681b,MOV EAX,,,,,
0x10016900,0x1003D550,.data,100168fe,FUN_100168fe,yes,2,InstructionDB,100168fe,10016904,CMP dword ptr [0x1003d550],,,,,
0x1001690F,0x100399F4,.data,100168fe,FUN_100168fe,yes,11,InstructionDB,1001690d,10016912,MOV ESI,,,,,
0x10016947,0x10039A1C,.data,100168fe,FUN_100168fe,yes,49,InstructionDB,10016945,1001694a,MOV dword ptr [0x10039a1c],,,,,
0x10016951,0x100399F4,.data,100168fe,FUN_100168fe,yes,53,InstructionDB,1001694f,10016954,MOV ESI,,,,,
0x10016992,0x100399F4,.data,100168fe,FUN_100168fe,yes,94,InstructionDB,10016990,10016995,PUSH dword ptr [0x100399f4],,,,,
0x1001699D,0x100399F4,.data,100168fe,FUN_100168fe,yes,9f,InstructionDB,1001699b,100169a1,AND dword ptr [0x100399f4],,,,,
0x100169A7,0x1003D544,.data,100168fe,FUN_100168fe,yes,a9,InstructionDB,100169a5,100169ae,MOV dword ptr [0x1003d544],,,,,
0x100169B8,0x10039A1C,.data,100168fe,FUN_100168fe,yes,ba,InstructionDB,100169b6,100169bb,PUSH dword ptr [0x10039a1c],,,,,
0x100169C3,0x10039A1C,.data,100168fe,FUN_100168fe,yes,c5,InstructionDB,100169c1,100169c7,AND dword ptr [0x10039a1c],,,,,
0x10016B83,0x1003D550,.data,10016b74,__setargv,yes,f,InstructionDB,10016b81,10016b86,CMP dword ptr [0x1003d550],,,,,
0x10016B94,0x10039A88,.data,10016b74,__setargv,yes,20,InstructionDB,10016b93,10016b97,MOV ESI,,,,,
0x10016B9C,0x10039B8C,.data,10016b74,__setargv,yes,28,InstructionDB,10016b9a,10016b9f,MOV byte ptr [0x10039b8c],,,,,
0x10016BA2,0x10022014,.rdata,10016b74,__setargv,yes,2e,InstructionDB,10016ba0,10016ba5,CALL dword ptr [0x10022014],,,,,
0x10016BA7,0x1003D558,.data,10016b74,__setargv,yes,33,InstructionDB,10016ba6,10016baa,MOV EAX,,,,,
0x10016BAD,0x10039A2C,.data,10016b74,__setargv,yes,39,InstructionDB,10016bab,10016bb0,MOV dword ptr [0x10039a2c],,,,,
0x10016C19,0x10039A10,.data,10016b74,__setargv,yes,a5,InstructionDB,10016c18,10016c1c,MOV [0x10039a10],,,,,
0x10016C1F,0x10039A14,.data,10016b74,__setargv,yes,ab,InstructionDB,10016c1d,10016c22,MOV dword ptr [0x10039a14],,,,,
0x10016C3B,0x100220F8,.rdata,10016c2f,___crtGetEnvironmentStringsA,yes,c,InstructionDB,10016c39,10016c3e,CALL dword ptr [0x100220f8],,,,,
0x10016C63,0x100220F4,.rdata,10016c2f,___crtGetEnvironmentStringsA,yes,34,InstructionDB,10016c61,10016c66,MOV EDI,,,,,
0x10016CAF,0x100220F0,.rdata,10016c2f,___crtGetEnvironmentStringsA,yes,80,InstructionDB,10016cad,10016cb2,CALL dword ptr [0x100220f0],,,,,
0x10016CBB,0x100220F0,.rdata,10016c2f,___crtGetEnvironmentStringsA,yes,8c,InstructionDB,10016cb9,10016cbe,CALL dword ptr [0x100220f0],,,,,
0x10016CCA,0x10028180,.rdata,10016cc6,__RTC_Initialize,yes,4,InstructionDB,10016cc9,10016ccd,MOV EAX,,,,,
0x10016CCF,0x10028180,.rdata,10016cc6,__RTC_Initialize,yes,9,InstructionDB,10016cce,10016cd2,MOV ESI,,,,,
0x10016CF0,0x10028188,.rdata,10016cec,FUN_10016cec,yes,4,InstructionDB,10016cef,10016cf3,MOV EAX,,,,,
0x10016CF5,0x10028188,.rdata,10016cec,FUN_10016cec,yes,9,InstructionDB,10016cf4,10016cf8,MOV ESI,,,,,
0x10016D1D,0x1002204C,.rdata,10016d12,__heap_init,yes,b,InstructionDB,10016d1b,10016d20,CALL dword ptr [0x1002204c],,,,,
0x10016D29,0x10039B90,.data,10016d12,__heap_init,yes,17,InstructionDB,10016d28,10016d2c,MOV [0x10039b90],,,,,
0x10016D32,0x10039B90,.data,10016d30,__heap_term,yes,2,InstructionDB,10016d30,10016d35,PUSH dword ptr [0x10039b90],,,,,
0x10016D38,0x10022048,.rdata,10016d30,__heap_term,yes,8,InstructionDB,10016d36,10016d3b,CALL dword ptr [0x10022048],,,,,
0x10016D3E,0x10039B90,.data,10016d30,__heap_term,yes,e,InstructionDB,10016d3c,10016d42,AND dword ptr [0x10039b90],,,,,
0x10016EB7,0x10029490,.data,10016eae,___security_init_cookie,yes,9,InstructionDB,10016eb6,10016eba,MOV EAX,,,,,
0x10016EDA,0x10029494,.data,10016eae,___security_init_cookie,yes,2c,InstructionDB,10016ed9,10016edd,MOV [0x10029494],,,,,
0x10016EE7,0x10022108,.rdata,10016eae,___security_init_cookie,yes,39,InstructionDB,10016ee5,10016eea,CALL dword ptr [0x10022108],,,,,
0x10016EF3,0x10022104,.rdata,10016eae,___security_init_cookie,yes,45,InstructionDB,10016ef1,10016ef6,CALL dword ptr [0x10022104],,,,,
0x10016EFB,0x10022064,.rdata,10016eae,___security_init_cookie,yes,4d,InstructionDB,10016ef9,10016efe,CALL dword ptr [0x10022064],,,,,
0x10016F03,0x10022100,.rdata,10016eae,___security_init_cookie,yes,55,InstructionDB,10016f01,10016f06,CALL dword ptr [0x10022100],,,,,
0x10016F0F,0x100220FC,.rdata,10016eae,___security_init_cookie,yes,61,InstructionDB,10016f0d,10016f12,CALL dword ptr [0x100220fc],,,,,
0x10016F38,0x10029490,.data,10016eae,___security_init_cookie,yes,8a,InstructionDB,10016f36,10016f3b,MOV dword ptr [0x10029490],,,,,
0x10016F40,0x10029494,.data,10016eae,___security_init_cookie,yes,92,InstructionDB,10016f3e,10016f43,MOV dword ptr [0x10029494],,,,,
0x10017050,0x1002210C,.rdata,,,no,,InstructionDB,1001704e,10017053,CALL dword ptr [0x1002210c],,,,,
0x10017055,0x1003C414,.data,,,no,,InstructionDB,10017054,10017058,MOV [0x1003c414],,,,,
0x1001706F,0x10029D30,.data,1001705c,_abort,yes,13,InstructionDB,1001706d,10017073,TEST byte ptr [0x10029d30],,,,,
0x10017098,0x10029D30,.data,1001708f,__set_abort_behavior,yes,9,InstructionDB,10017097,1001709b,MOV EAX,,,,,
0x100170AA,0x10029D30,.data,1001708f,__set_abort_behavior,yes,1b,InstructionDB,100170a8,100170ad,MOV dword ptr [0x10029d30],,,,,
0x100170BD,0x10023090,.rdata,100170b0,__GET_RTERRMSG,yes,d,InstructionDB,100170ba,100170c0,CMP ECX,,,,,
0x100170D0,0x10023094,.rdata,100170b0,__GET_RTERRMSG,yes,20,InstructionDB,100170cd,100170d3,MOV EAX,,,,,
0x100170E2,0x10029490,.data,100170d6,__NMSG_WRITE,yes,c,InstructionDB,100170e1,100170e5,MOV EAX,,,,,
0x10017129,0x10039A00,.data,100170d6,__NMSG_WRITE,yes,53,InstructionDB,10017127,1001712d,CMP dword ptr [0x10039a00],,,,,
0x10017141,0x100231CC,.rdata,100170d6,__NMSG_WRITE,yes,6b,InstructionDB,10017140,10017144,PUSH 0x100231cc,,,,,
0x1001714B,0x10039B98,.data,100170d6,__NMSG_WRITE,yes,75,InstructionDB,1001714a,1001714e,MOV EDI,,,,,
0x10017166,0x10039BCA,.data,100170d6,__NMSG_WRITE,yes,90,InstructionDB,10017165,10017169,MOV ESI,,,,,
0x1001716E,0x10039DD2,.data,100170d6,__NMSG_WRITE,yes,98,InstructionDB,1001716c,10017171,MOV [0x10039dd2],,,,,
0x10017174,0x10022114,.rdata,100170d6,__NMSG_WRITE,yes,9e,InstructionDB,10017172,10017177,CALL dword ptr [0x10022114],,,,,
0x10017182,0x1002319C,.rdata,100170d6,__NMSG_WRITE,yes,ac,InstructionDB,10017181,10017185,PUSH 0x1002319c,,,,,
0x100171B6,0x10039B54,.data,100170d6,__NMSG_WRITE,yes,e0,InstructionDB,100171b3,100171b9,LEA EAX,,,,,
0x100171C3,0x10023194,.rdata,100170d6,__NMSG_WRITE,yes,ed,InstructionDB,100171c2,100171c6,PUSH 0x10023194,,,,,
0x100171D8,0x1002318C,.rdata,100170d6,__NMSG_WRITE,yes,102,InstructionDB,100171d7,100171db,PUSH 0x1002318c,,,,,
0x10017209,0x10023140,.rdata,100170d6,__NMSG_WRITE,yes,133,InstructionDB,10017208,1001720c,PUSH 0x10023140,,,,,
0x10017226,0x100220A4,.rdata,100170d6,__NMSG_WRITE,yes,150,InstructionDB,10017224,10017229,CALL dword ptr [0x100220a4],,,,,
0x10017272,0x10022110,.rdata,100170d6,__NMSG_WRITE,yes,19c,InstructionDB,10017270,10017275,CALL dword ptr [0x10022110],,,,,
0x100172A0,0x10039A00,.data,10017285,__FF_MSGBANNER,yes,1b,InstructionDB,1001729e,100172a4,CMP dword ptr [0x10039a00],,,,,
0x100172C7,0x1003A1C0,.data,100172be,FUN_100172be,yes,9,InstructionDB,100172c6,100172ca,MOV [0x1003a1c0],,,,,
0x100172CF,0x1003C410,.data,100172cd,FUN_100172cd,yes,2,InstructionDB,100172cd,100172d3,AND dword ptr [0x1003c410],,,,,
0x100172D7,0x10029490,.data,100172d5,__security_check_cookie,yes,2,InstructionDB,100172d5,100172da,CMP ECX,,,,,
0x1001731A,0x1003C414,.data,100172f0,FID_conflict:_memcpy,yes,2a,InstructionDB,10017318,1001731e,CMP dword ptr [0x1003c414],,,,,
0x1001734C,0x10017460,.text,100172f0,FID_conflict:_memcpy,yes,5c,InstructionDB,10017349,1001734f,JMP dword ptr [EDX*0x4 + 0x10017460],,,,,switchdataD_10017460
0x10017364,0x10017374,.text,100172f0,FID_conflict:_memcpy,yes,74,InstructionDB,10017361,10017367,JMP dword ptr [EAX*0x4 + 0x10017374],,,100172f0,FID_conflict:_memcpy,
0x1001736B,0x10017470,.text,100172f0,FID_conflict:_memcpy,yes,7b,InstructionDB,10017368,1001736e,JMP dword ptr [ECX*0x4 + 0x10017470],,,100172f0,FID_conflict:_memcpy,caseD_0|caseD_0|caseD_0|caseD_0|caseD_0|caseD_0
0x10017373,0x100173F4,.text,100172f0,FID_conflict:_memcpy,yes,83,InstructionDB,10017370,10017376,JMP dword ptr [ECX*0x4 + 0x100173f4],,,,,switchdataD_100173f4
0x10017378,0x10017384,.text,,,no,,DataDB,10017378,1001737b,,switchdataD_10017378,10017361:DATA@100172f0:FID_conflict:_memcpy,100172f0,FID_conflict:_memcpy,caseD_1
0x1001737C,0x100173B0,.text,,,no,,DataDB,1001737c,1001737f,,,,100172f0,FID_conflict:_memcpy,caseD_2
0x10017380,0x100173D4,.text,,,no,,DataDB,10017380,10017383,,,,100172f0,FID_conflict:_memcpy,caseD_3
0x100173A9,0x10017460,.text,100172f0,FID_conflict:_memcpy,yes,b9,InstructionDB,100173a6,100173ac,JMP dword ptr [EDX*0x4 + 0x10017460],,,,,switchdataD_10017460
0x100173CF,0x10017460,.text,100172f0,FID_conflict:_memcpy,yes,df,InstructionDB,100173cc,100173d2,JMP dword ptr [EDX*0x4 + 0x10017460],,,,,switchdataD_10017460
0x100173ED,0x10017460,.text,100172f0,FID_conflict:_memcpy,yes,fd,InstructionDB,100173ea,100173f0,JMP dword ptr [EDX*0x4 + 0x10017460],,,,,switchdataD_10017460
0x100173F4,0x10017457,.text,,,no,,DataDB,100173f4,100173f7,,switchdataD_100173f4,10017370:DATA@100172f0:FID_conflict:_memcpy,100172f0,FID_conflict:_memcpy,caseD_0|switchD
0x100173F8,0x10017444,.text,,,no,,DataDB,100173f8,100173fb,,,,100172f0,FID_conflict:_memcpy,caseD_1
0x100173FC,0x1001743C,.text,,,no,,DataDB,100173fc,100173ff,,,,100172f0,FID_conflict:_memcpy,caseD_2
0x10017400,0x10017434,.text,,,no,,DataDB,10017400,10017403,,,,100172f0,FID_conflict:_memcpy,caseD_3
0x10017404,0x1001742C,.text,,,no,,DataDB,10017404,10017407,,,,100172f0,FID_conflict:_memcpy,caseD_4
0x10017408,0x10017424,.text,,,no,,DataDB,10017408,1001740b,,,,100172f0,FID_conflict:_memcpy,caseD_5
0x1001740C,0x1001741C,.text,,,no,,DataDB,1001740c,1001740f,,,,100172f0,FID_conflict:_memcpy,caseD_6
0x10017410,0x10017414,.text,,,no,,DataDB,10017410,10017413,,,,100172f0,FID_conflict:_memcpy,caseD_7
0x1001745A,0x10017460,.text,100172f0,FID_conflict:_memcpy,yes,16a,InstructionDB,10017457,1001745d,JMP dword ptr [EDX*0x4 + 0x10017460],,,,,switchdataD_10017460
0x10017460,0x10017470,.text,,,no,,DataDB,10017460,10017463,,switchdataD_10017460,10017349:DATA@100172f0:FID_conflict:_memcpy|10017457:DATA@100172f0:FID_conflict:_memcpy|100173ea:DATA@100172f0:FID_conflict:_memcpy|100173cc:DATA@100172f0:FID_conflict:_memcpy|100173a6:DATA@100172f0:FID_conflict:_memcpy,100172f0,FID_conflict:_memcpy,caseD_0|caseD_0|caseD_0|caseD_0|caseD_0|caseD_0
0x10017464,0x10017478,.text,,,no,,DataDB,10017464,10017467,,,,100172f0,FID_conflict:_memcpy,caseD_1|caseD_1|caseD_1|caseD_1|caseD_1|caseD_1
0x10017468,0x10017484,.text,,,no,,DataDB,10017468,1001746b,,,,100172f0,FID_conflict:_memcpy,caseD_2|caseD_2|caseD_2|caseD_2|caseD_2|caseD_2
0x1001746C,0x10017498,.text,,,no,,DataDB,1001746c,1001746f,,,,100172f0,FID_conflict:_memcpy,caseD_3|caseD_3|caseD_3|caseD_3|caseD_3|caseD_3
0x100174D2,0x100175FC,.text,100172f0,FID_conflict:_memcpy,yes,1e2,InstructionDB,100174cf,100174d5,JMP dword ptr [EDX*0x4 + 0x100175fc],,,,,switchdataD_100175fc
0x100174DD,0x100175AC,.text,100172f0,FID_conflict:_memcpy,yes,1ed,InstructionDB,100174da,100174e0,JMP dword ptr [ECX*0x4 + 0x100175ac],,,,,PTR_caseD_0_100175ac
0x100174F8,0x10017500,.text,100172f0,FID_conflict:_memcpy,yes,208,InstructionDB,100174f5,100174fb,JMP dword ptr [EAX*0x4 + 0x10017500],,,100172f0,FID_conflict:_memcpy,
0x100174FF,0x100175FC,.text,100172f0,FID_conflict:_memcpy,yes,20f,InstructionDB,100174fc,10017502,JMP dword ptr [ECX*0x4 + 0x100175fc],,,,,switchdataD_100175fc
0x10017504,0x10017510,.text,,,no,,DataDB,10017504,10017507,,switchdataD_10017504,100174f5:DATA@100172f0:FID_conflict:_memcpy,100172f0,FID_conflict:_memcpy,caseD_1
0x10017508,0x10017534,.text,,,no,,DataDB,10017508,1001750b,,,,100172f0,FID_conflict:_memcpy,caseD_2
0x1001750C,0x1001755C,.text,,,no,,DataDB,1001750c,1001750f,,,,100172f0,FID_conflict:_memcpy,caseD_3
0x1001752D,0x100175FC,.text,100172f0,FID_conflict:_memcpy,yes,23d,InstructionDB,1001752a,10017530,JMP dword ptr [EDX*0x4 + 0x100175fc],,,,,switchdataD_100175fc
0x10017557,0x100175FC,.text,100172f0,FID_conflict:_memcpy,yes,267,InstructionDB,10017554,1001755a,JMP dword ptr [EDX*0x4 + 0x100175fc],,,,,switchdataD_100175fc
0x10017589,0x100175FC,.text,100172f0,FID_conflict:_memcpy,yes,299,InstructionDB,10017586,1001758c,JMP dword ptr [EDX*0x4 + 0x100175fc],,,,,switchdataD_100175fc
0x10017590,0x100175B0,.text,,,no,,DataDB,10017590,10017593,,switchdataD_10017590,,100172f0,FID_conflict:_memcpy,caseD_7
0x10017594,0x100175B8,.text,,,no,,DataDB,10017594,10017597,,,,100172f0,FID_conflict:_memcpy,caseD_6
0x10017598,0x100175C0,.text,,,no,,DataDB,10017598,1001759b,,,,100172f0,FID_conflict:_memcpy,caseD_5
0x1001759C,0x100175C8,.text,,,no,,DataDB,1001759c,1001759f,,,,100172f0,FID_conflict:_memcpy,caseD_4
0x100175A0,0x100175D0,.text,,,no,,DataDB,100175a0,100175a3,,,,100172f0,FID_conflict:_memcpy,caseD_3
0x100175A4,0x100175D8,.text,,,no,,DataDB,100175a4,100175a7,,,,100172f0,FID_conflict:_memcpy,caseD_2
0x100175A8,0x100175E0,.text,,,no,,DataDB,100175a8,100175ab,,,,100172f0,FID_conflict:_memcpy,caseD_1
0x100175AC,0x100175F3,.text,,,no,,DataDB,100175ac,100175af,,PTR_caseD_0_100175ac,100174da:DATA@100172f0:FID_conflict:_memcpy,100172f0,FID_conflict:_memcpy,caseD_0|switchD
0x100175F6,0x100175FC,.text,100172f0,FID_conflict:_memcpy,yes,306,InstructionDB,100175f3,100175f9,JMP dword ptr [EDX*0x4 + 0x100175fc],,,,,switchdataD_100175fc
0x100175FC,0x1001760C,.text,,,no,,DataDB,100175fc,100175ff,,switchdataD_100175fc,100174cf:DATA@100172f0:FID_conflict:_memcpy|100175f3:DATA@100172f0:FID_conflict:_memcpy|10017586:DATA@100172f0:FID_conflict:_memcpy|10017554:DATA@100172f0:FID_conflict:_memcpy|1001752a:DATA@100172f0:FID_conflict:_memcpy|100174fc:DATA@100172f0:FID_conflict:_memcpy,100172f0,FID_conflict:_memcpy,caseD_0|caseD_0|caseD_0|caseD_0|caseD_0|caseD_0
0x10017600,0x10017614,.text,,,no,,DataDB,10017600,10017603,,,,100172f0,FID_conflict:_memcpy,caseD_1|caseD_1|caseD_1|caseD_1|caseD_1|caseD_1
0x10017604,0x10017624,.text,,,no,,DataDB,10017604,10017607,,,,100172f0,FID_conflict:_memcpy,caseD_2|caseD_2|caseD_2|caseD_2|caseD_2|caseD_2
0x10017608,0x10017638,.text,,,no,,DataDB,10017608,1001760b,,,,100172f0,FID_conflict:_memcpy,caseD_3|caseD_3|caseD_3|caseD_3|caseD_3|caseD_3
0x100176A9,0x10039A84,.data,100176a2,_isdigit,yes,7,InstructionDB,100176a7,100176ad,CMP dword ptr [0x10039a84],,,,,
0x100176B5,0x10029BF8,.data,100176a2,_isdigit,yes,13,InstructionDB,100176b3,100176b8,MOV ECX,,,,,
0x1001772D,0x10039A84,.data,10017726,_isxdigit,yes,7,InstructionDB,1001772b,10017731,CMP dword ptr [0x10039a84],,,,,
0x10017739,0x10029BF8,.data,10017726,_isxdigit,yes,13,InstructionDB,10017737,1001773c,MOV ECX,,,,,
0x100177AE,0x10039A84,.data,100177a7,_isspace,yes,7,InstructionDB,100177ac,100177b2,CMP dword ptr [0x10039a84],,,,,
0x100177BA,0x10029BF8,.data,100177a7,_isspace,yes,13,InstructionDB,100177b8,100177bd,MOV ECX,,,,,
0x100177F1,0x10029450,.data,100177d5,__ungetc_nolock,yes,1c,InstructionDB,100177f0,100177f4,MOV EDX,,,,,
0x1001780E,0x1003C420,.data,100177d5,__ungetc_nolock,yes,39,InstructionDB,1001780b,10017811,ADD ECX,,,,,
0x10017833,0x1003C420,.data,100177d5,__ungetc_nolock,yes,5e,InstructionDB,10017830,10017836,ADD EAX,,,,,
0x10017952,0x100220E4,.rdata,100178b8,__mbtowc_l,yes,9a,InstructionDB,10017950,10017955,CALL dword ptr [0x100220e4],,,,,
0x100179C0,0x100220E4,.rdata,100178b8,__mbtowc_l,yes,108,InstructionDB,100179be,100179c3,CALL dword ptr [0x100220e4],,,,,
0x10017A3B,0x10029D40,.data,10017a33,__initp_misc_cfltcvt_tab,yes,8,InstructionDB,10017a39,10017a3e,PUSH dword ptr [EDI + 0x10029d40],,,,,
0x10017A41,0x1002205C,.rdata,10017a33,__initp_misc_cfltcvt_tab,yes,e,InstructionDB,10017a3f,10017a44,CALL dword ptr [0x1002205c],,,,,
0x10017A47,0x10029D40,.data,10017a33,__initp_misc_cfltcvt_tab,yes,14,InstructionDB,10017a45,10017a4a,MOV dword ptr [EDI + 0x10029d40],,,,,
0x10017AD3,0x10039B90,.data,10017a94,__calloc_impl,yes,3f,InstructionDB,10017ad1,10017ad6,PUSH dword ptr [0x10039b90],,,,,
0x10017AD9,0x10022040,.rdata,10017a94,__calloc_impl,yes,45,InstructionDB,10017ad7,10017adc,CALL dword ptr [0x10022040],,,,,
0x10017AE3,0x1003A1C4,.data,10017a94,__calloc_impl,yes,4f,InstructionDB,10017ae1,10017ae7,CMP dword ptr [0x1003a1c4],,,,,
0x10017B51,0x10039B90,.data,10017b16,_realloc,yes,3b,InstructionDB,10017b4f,10017b54,PUSH dword ptr [0x10039b90],,,,,
0x10017B57,0x10022118,.rdata,10017b16,_realloc,yes,41,InstructionDB,10017b55,10017b5a,CALL dword ptr [0x10022118],,,,,
0x10017B63,0x1003A1C4,.data,10017b16,_realloc,yes,4d,InstructionDB,10017b61,10017b66,CMP dword ptr [0x1003a1c4],,,,,
0x10017B9A,0x10022070,.rdata,10017b16,_realloc,yes,84,InstructionDB,10017b98,10017b9d,CALL dword ptr [0x10022070],,,,,
0x10017BB2,0x10022070,.rdata,10017b16,_realloc,yes,9c,InstructionDB,10017bb0,10017bb5,CALL dword ptr [0x10022070],,,,,
0x10017C38,0x1003A1C8,.data,10017c31,__mtinitlocks,yes,7,InstructionDB,10017c37,10017c3b,MOV EDI,,,,,
0x10017C3F,0x10029D74,.data,10017c31,__mtinitlocks,yes,e,InstructionDB,10017c3c,10017c43,CMP dword ptr [ESI*0x8 + 0x10029d74],,,,,
0x10017C49,0x10029D70,.data,10017c31,__mtinitlocks,yes,18,InstructionDB,10017c46,10017c4c,LEA EAX,,,,,
0x10017C5B,0x100220A8,.rdata,10017c31,__mtinitlocks,yes,2a,InstructionDB,10017c59,10017c5e,CALL dword ptr [0x100220a8],,,,,
0x10017C72,0x10029D70,.data,10017c31,__mtinitlocks,yes,41,InstructionDB,10017c6f,10017c76,AND dword ptr [ESI*0x8 + 0x10029d70],,,,,
0x10017C80,0x100220B4,.rdata,10017c7b,__mtdeletelocks,yes,5,InstructionDB,10017c7e,10017c83,MOV EBX,,,,,
0x10017C86,0x10029D70,.data,10017c7b,__mtdeletelocks,yes,b,InstructionDB,10017c85,10017c89,MOV ESI,,,,,
0x10017CA9,0x10029E90,.data,10017c7b,__mtdeletelocks,yes,2e,InstructionDB,10017ca7,10017cac,CMP ESI,,,,,
0x10017CB0,0x10029D70,.data,10017c7b,__mtdeletelocks,yes,35,InstructionDB,10017caf,10017cb3,MOV ESI,,,,,
0x10017CC9,0x10029E90,.data,10017c7b,__mtdeletelocks,yes,4e,InstructionDB,10017cc7,10017ccc,CMP ESI,,,,,
0x10017CDD,0x10029D70,.data,10017cd2,FUN_10017cd2,yes,b,InstructionDB,10017cda,10017ce0,PUSH dword ptr [EAX*0x8 + 0x10029d70],,,,,
0x10017CE3,0x1002209C,.rdata,10017cd2,FUN_10017cd2,yes,11,InstructionDB,10017ce1,10017ce6,CALL dword ptr [0x1002209c],,,,,
0x10017CEC,0x10028440,.rdata,10017ce9,__mtinitlocknum,yes,3,InstructionDB,10017ceb,10017cef,PUSH 0x10028440,,,,,
0x10017CFF,0x10039B90,.data,10017ce9,__mtinitlocknum,yes,16,InstructionDB,10017cfd,10017d02,CMP dword ptr [0x10039b90],,,,,
0x10017D23,0x10029D70,.data,10017ce9,__mtinitlocknum,yes,3a,InstructionDB,10017d20,10017d26,LEA ESI,,,,,
0x10017D63,0x100220A8,.rdata,10017ce9,__mtinitlocknum,yes,7a,InstructionDB,10017d61,10017d66,CALL dword ptr [0x100220a8],,,,,
0x10017DB7,0x10029D70,.data,10017dab,__lock,yes,c,InstructionDB,10017db4,10017dba,LEA ESI,,,,,
0x10017DD7,0x10022098,.rdata,10017dab,__lock,yes,2c,InstructionDB,10017dd5,10017dda,CALL dword ptr [0x10022098],,,,,
0x10017DE1,0x10028460,.rdata,10017dde,terminate,yes,3,InstructionDB,10017de0,10017de4,PUSH 0x10028460,,,,,
0x10017E2D,0x10028480,.rdata,10017e2a,_inconsistency,yes,3,InstructionDB,10017e2c,10017e30,PUSH 0x10028480,,,,,
0x10017E38,0x1003A318,.data,10017e2a,_inconsistency,yes,e,InstructionDB,10017e36,10017e3b,PUSH dword ptr [0x1003a318],,,,,
0x10017E3E,0x10022060,.rdata,10017e2a,_inconsistency,yes,14,InstructionDB,10017e3c,10017e41,CALL dword ptr [0x10022060],,,,,
0x10017E63,0x10017DDE,.text,10017e62,FUN_10017e62,yes,1,InstructionDB,10017e62,10017e66,PUSH 0x10017dde,,,10017dde,terminate,terminate|?terminate@@YAXXZ
0x10017E69,0x1002205C,.rdata,10017e62,FUN_10017e62,yes,7,InstructionDB,10017e67,10017e6c,CALL dword ptr [0x1002205c],,,,,
0x10017E6E,0x1003A318,.data,10017e62,FUN_10017e62,yes,c,InstructionDB,10017e6d,10017e71,MOV [0x1003a318],,,,,
0x10017E7C,0x1003A31C,.data,10017e73,__initp_misc_winsig,yes,9,InstructionDB,10017e7b,10017e7f,MOV [0x1003a31c],,,,,
0x10017E81,0x1003A320,.data,10017e73,__initp_misc_winsig,yes,e,InstructionDB,10017e80,10017e84,MOV [0x1003a320],,,,,
0x10017E86,0x1003A324,.data,10017e73,__initp_misc_winsig,yes,13,InstructionDB,10017e85,10017e89,MOV [0x1003a324],,,,,
0x10017E8B,0x1003A328,.data,10017e73,__initp_misc_winsig,yes,18,InstructionDB,10017e8a,10017e8e,MOV [0x1003a328],,,,,
0x10017E9B,0x1002280C,.rdata,10017e91,siglookup,yes,a,InstructionDB,10017e99,10017e9e,MOV ECX,,,,,
0x10017ECA,0x1003A324,.data,10017ec8,FUN_10017ec8,yes,2,InstructionDB,10017ec8,10017ecd,PUSH dword ptr [0x1003a324],,,,,
0x10017ED0,0x10022060,.rdata,10017ec8,FUN_10017ec8,yes,8,InstructionDB,10017ece,10017ed3,CALL dword ptr [0x10022060],,,,,
0x10017ED8,0x100284A0,.rdata,10017ed5,_raise,yes,3,InstructionDB,10017ed7,10017edb,PUSH 0x100284a0,,,,,
0x10017F1F,0x1003A31C,.data,10017ed5,_raise,yes,4a,InstructionDB,10017f1e,10017f22,MOV ESI,,,,,
0x10017F24,0x1003A31C,.data,10017ed5,_raise,yes,4f,InstructionDB,10017f23,10017f27,MOV EAX,,,,,
0x10017F5E,0x1003A324,.data,10017ed5,_raise,yes,89,InstructionDB,10017f5d,10017f61,MOV ESI,,,,,
0x10017F63,0x1003A324,.data,10017ed5,_raise,yes,8e,InstructionDB,10017f62,10017f66,MOV EAX,,,,,
0x10017F6A,0x1003A320,.data,10017ed5,_raise,yes,95,InstructionDB,10017f69,10017f6d,MOV ESI,,,,,
0x10017F6F,0x1003A320,.data,10017ed5,_raise,yes,9a,InstructionDB,10017f6e,10017f72,MOV EAX,,,,,
0x10017F76,0x1003A328,.data,10017ed5,_raise,yes,a1,InstructionDB,10017f75,10017f79,MOV ESI,,,,,
0x10017F7B,0x1003A328,.data,10017ed5,_raise,yes,a6,InstructionDB,10017f7a,10017f7e,MOV EAX,,,,,
0x10017F89,0x10022060,.rdata,10017ed5,_raise,yes,b4,InstructionDB,10017f87,10017f8c,CALL dword ptr [0x10022060],,,,,
0x10017FEA,0x10022800,.rdata,10017ed5,_raise,yes,115,InstructionDB,10017fe8,10017fed,MOV ECX,,,,,
0x10017FF3,0x10022804,.rdata,10017ed5,_raise,yes,11e,InstructionDB,10017ff1,10017ff6,MOV ECX,,,,,
0x10017FF9,0x10022800,.rdata,10017ed5,_raise,yes,124,InstructionDB,10017ff7,10017ffc,ADD ECX,,,,,
0x10018081,0x1003A330,.data,10018078,FUN_10018078,yes,9,InstructionDB,10018080,10018084,MOV [0x1003a330],,,,,
0x10018128,0x100284C0,.rdata,10018120,__IsNonwritableInCurrentImage,yes,8,InstructionDB,10018127,1001812b,PUSH 0x100284c0,,,,,
0x1001812D,0x10012E90,.text,10018120,__IsNonwritableInCurrentImage,yes,d,InstructionDB,1001812c,10018130,PUSH 0x10012e90,,,10012e90,__except_handler4,__except_handler4
0x1001813F,0x10029490,.data,10018120,__IsNonwritableInCurrentImage,yes,1f,InstructionDB,1001813e,10018142,MOV EAX,,,,,
0x1001815D,0x10000000,<external-or-unmapped>,10018120,__IsNonwritableInCurrentImage,yes,3d,InstructionDB,1001815c,10018160,PUSH 0x10000000,,,,,
0x10018171,0x10000000,<external-or-unmapped>,10018120,__IsNonwritableInCurrentImage,yes,51,InstructionDB,10018170,10018174,SUB EAX,,,,,
0x10018177,0x10000000,<external-or-unmapped>,10018120,__IsNonwritableInCurrentImage,yes,57,InstructionDB,10018176,1001817a,PUSH 0x10000000,,,,,
0x100181DF,0x100284E0,.rdata,100181dc,__fcloseall,yes,3,InstructionDB,100181de,100181e2,PUSH 0x100284e0,,,,,
0x10018200,0x1003D540,.data,100181dc,__fcloseall,yes,24,InstructionDB,100181fe,10018203,CMP EDI,,,,,
0x10018209,0x1003C520,.data,100181dc,__fcloseall,yes,2d,InstructionDB,10018208,1001820c,MOV EAX,,,,,
0x10018230,0x1003C520,.data,100181dc,__fcloseall,yes,54,InstructionDB,1001822f,10018233,MOV EAX,,,,,
0x1001823D,0x100220B4,.rdata,100181dc,__fcloseall,yes,61,InstructionDB,1001823b,10018240,CALL dword ptr [0x100220b4],,,,,
0x10018242,0x1003C520,.data,100181dc,__fcloseall,yes,66,InstructionDB,10018241,10018245,MOV EAX,,,,,
0x10018250,0x1003C520,.data,100181dc,__fcloseall,yes,74,InstructionDB,1001824f,10018253,MOV EAX,,,,,
0x1001827F,0x10039A40,.data,10018278,__getbuf,yes,7,InstructionDB,1001827d,10018282,INC dword ptr [0x10039a40],,,,,
0x10018465,0x10039A0C,.data,100182c1,FUN_100182c1,yes,1a4,InstructionDB,10018463,10018468,MOV ECX,,,,,
0x100184E5,0x10022120,.rdata,100182c1,FUN_100182c1,yes,224,InstructionDB,100184e3,100184e8,MOV EDI,,,,,
0x10018550,0x1003C420,.data,100182c1,FUN_100182c1,yes,28f,InstructionDB,1001854d,10018553,MOV EAX,,,,,
0x10018563,0x10022070,.rdata,100182c1,FUN_100182c1,yes,2a2,InstructionDB,10018561,10018566,CALL dword ptr [0x10022070],,,,,
0x10018582,0x100220AC,.rdata,100182c1,FUN_100182c1,yes,2c1,InstructionDB,10018580,10018585,CALL dword ptr [0x100220ac],,,,,
0x10018594,0x1003C420,.data,100182c1,FUN_100182c1,yes,2d3,InstructionDB,10018591,10018597,MOV EAX,,,,,
0x100185A7,0x10022070,.rdata,100182c1,FUN_100182c1,yes,2e6,InstructionDB,100185a5,100185aa,CALL dword ptr [0x10022070],,,,,
0x100185B9,0x10022054,.rdata,100182c1,FUN_100182c1,yes,2f8,InstructionDB,100185b7,100185bc,CALL dword ptr [0x10022054],,,,,
0x100185F9,0x1003C420,.data,100182c1,FUN_100182c1,yes,338,InstructionDB,100185f6,100185fc,MOV EDX,,,,,
0x10018619,0x1003C420,.data,100182c1,FUN_100182c1,yes,358,InstructionDB,10018616,1001861c,MOV EDX,,,,,
0x100188ED,0x1003C420,.data,100182c1,FUN_100182c1,yes,62c,InstructionDB,100188ea,100188f0,MOV ECX,,,,,
0x1001890F,0x1003C420,.data,100182c1,FUN_100182c1,yes,64e,InstructionDB,1001890c,10018912,MOV ECX,,,,,
0x10018948,0x1003C420,.data,100182c1,FUN_100182c1,yes,687,InstructionDB,10018945,1001894b,MOV ECX,,,,,
0x1001896F,0x10022054,.rdata,100182c1,FUN_100182c1,yes,6ae,InstructionDB,1001896d,10018972,CALL dword ptr [0x10022054],,,,,
0x1001898F,0x10022120,.rdata,100182c1,FUN_100182c1,yes,6ce,InstructionDB,1001898d,10018992,CALL dword ptr [0x10022120],,,,,
0x10018999,0x10022070,.rdata,100182c1,FUN_100182c1,yes,6d8,InstructionDB,10018997,1001899c,CALL dword ptr [0x10022070],,,,,
0x100189B0,0x1003C420,.data,100182c1,FUN_100182c1,yes,6ef,InstructionDB,100189ad,100189b3,MOV ECX,,,,,
0x100189D5,0x1003C420,.data,100182c1,FUN_100182c1,yes,714,InstructionDB,100189d2,100189d8,MOV ECX,,,,,
0x100189F8,0x10028500,.rdata,100189f5,FID_conflict:__sopen_helper,yes,3,InstructionDB,100189f7,100189fb,PUSH 0x10028500,,,,,
0x10018AA5,0x1003C420,.data,10018a8b,FUN_10018a8b,yes,1a,InstructionDB,10018aa2,10018aa8,MOV ECX,,,,,
0x10018E6C,0x10018E78,.text,10018e60,__global_unwind2,yes,c,InstructionDB,10018e6b,10018e6f,PUSH 0x10018e78,,,10018e60,__global_unwind2,
0x10018ED1,0x10018E80,.text,10018ec5,__local_unwind2,yes,c,InstructionDB,10018ed0,10018ed4,PUSH 0x10018e80,,,,,LAB_10018e80
0x10018EDD,0x10029490,.data,10018ec5,__local_unwind2,yes,18,InstructionDB,10018edc,10018ee0,MOV EAX,,,,,
0x10018F55,0x10018E80,.text,,,no,,DataDB,10018f55,10018f55,,,,,,LAB_10018e80
0x10018F6F,0x10029E90,.data,10018f6c,__NLG_Notify1,yes,3,InstructionDB,10018f6e,10018f72,MOV EBX,,,,,
0x10018F78,0x10029E90,.data,10018f75,__NLG_Notify,yes,3,InstructionDB,10018f77,10018f7b,MOV EBX,,,,,
0x10018FA7,0x1003C418,.data,10018f97,__set_osfhnd,yes,10,InstructionDB,10018fa5,10018faa,CMP EAX,,,,,
0x10018FBA,0x1003C420,.data,10018f97,__set_osfhnd,yes,23,InstructionDB,10018fb7,10018fbd,LEA EDI,,,,,
0x10018FCB,0x10039A00,.data,10018f97,__set_osfhnd,yes,34,InstructionDB,10018fc9,10018fcf,CMP dword ptr [0x10039a00],,,,,
0x10018FF0,0x10022124,.rdata,10018f97,__set_osfhnd,yes,59,InstructionDB,10018fee,10018ff3,CALL dword ptr [0x10022124],,,,,
0x1001902B,0x1003C418,.data,10019018,__free_osfhnd,yes,13,InstructionDB,10019029,1001902e,CMP ECX,,,,,
0x1001903E,0x1003C420,.data,10019018,__free_osfhnd,yes,26,InstructionDB,1001903b,10019041,LEA EDI,,,,,
0x10019056,0x10039A00,.data,10019018,__free_osfhnd,yes,3e,InstructionDB,10019054,1001905a,CMP dword ptr [0x10039a00],,,,,
0x10019076,0x10022124,.rdata,10019018,__free_osfhnd,yes,5e,InstructionDB,10019074,10019079,CALL dword ptr [0x10022124],,,,,
0x100190C9,0x1003C418,.data,1001909e,__get_osfhandle,yes,2b,InstructionDB,100190c7,100190cc,CMP EAX,,,,,
0x100190F1,0x1003C420,.data,1001909e,__get_osfhandle,yes,53,InstructionDB,100190ee,100190f4,MOV ECX,,,,,
0x1001910A,0x10028520,.rdata,10019107,___lock_fhandle,yes,3,InstructionDB,10019109,1001910d,PUSH 0x10028520,,,,,
0x10019126,0x1003C420,.data,10019107,___lock_fhandle,yes,1f,InstructionDB,10019123,10019129,ADD ESI,,,,,
0x10019153,0x100220A8,.rdata,10019107,___lock_fhandle,yes,4c,InstructionDB,10019151,10019156,CALL dword ptr [0x100220a8],,,,,
0x10019180,0x1003C420,.data,10019107,___lock_fhandle,yes,79,InstructionDB,1001917d,10019183,MOV EAX,,,,,
0x1001918B,0x10022098,.rdata,10019107,___lock_fhandle,yes,84,InstructionDB,10019189,1001918e,CALL dword ptr [0x10022098],,,,,
0x100191B9,0x1003C420,.data,100191a6,__unlock_fhandle,yes,13,InstructionDB,100191b6,100191bc,MOV ECX,,,,,
0x100191C7,0x1002209C,.rdata,100191a6,__unlock_fhandle,yes,21,InstructionDB,100191c5,100191ca,CALL dword ptr [0x1002209c],,,,,
0x100191D0,0x10028540,.rdata,100191cd,__alloc_osfhnd,yes,3,InstructionDB,100191cf,100191d3,PUSH 0x10028540,,,,,
0x10019210,0x1003C420,.data,100191cd,__alloc_osfhnd,yes,43,InstructionDB,1001920d,10019213,MOV ESI,,,,,
0x10019222,0x1003C420,.data,100191cd,__alloc_osfhnd,yes,55,InstructionDB,1001921f,10019225,MOV EAX,,,,,
0x1001925E,0x100220A8,.rdata,100191cd,__alloc_osfhnd,yes,91,InstructionDB,1001925c,10019261,CALL dword ptr [0x100220a8],,,,,
0x10019283,0x10022098,.rdata,100191cd,__alloc_osfhnd,yes,b6,InstructionDB,10019281,10019286,CALL dword ptr [0x10022098],,,,,
0x10019290,0x1002209C,.rdata,100191cd,__alloc_osfhnd,yes,c3,InstructionDB,1001928e,10019293,CALL dword ptr [0x1002209c],,,,,
0x100192B8,0x1003C420,.data,100191cd,__alloc_osfhnd,yes,eb,InstructionDB,100192b5,100192bb,SUB ESI,,,,,
0x100192EA,0x1003C420,.data,100191cd,__alloc_osfhnd,yes,11d,InstructionDB,100192e7,100192ed,LEA ECX,,,,,
0x100192F2,0x1003C418,.data,100191cd,__alloc_osfhnd,yes,125,InstructionDB,100192f0,100192f6,ADD dword ptr [0x1003c418],,,,,
0x10019330,0x1003C420,.data,100191cd,__alloc_osfhnd,yes,163,InstructionDB,1001932d,10019333,MOV EAX,,,,,
0x10019376,0x10029490,.data,10019366,__write_nolock,yes,10,InstructionDB,10019375,10019379,MOV EAX,,,,,
0x100193D5,0x1003C420,.data,10019366,__write_nolock,yes,6f,InstructionDB,100193d2,100193d8,LEA EBX,,,,,
0x10019478,0x1002212C,.rdata,10019366,__write_nolock,yes,112,InstructionDB,10019476,1001947b,CALL dword ptr [0x1002212c],,,,,
0x10019498,0x10022128,.rdata,10019366,__write_nolock,yes,132,InstructionDB,10019496,1001949b,CALL dword ptr [0x10022128],,,,,
0x10019588,0x100220F4,.rdata,10019366,__write_nolock,yes,222,InstructionDB,10019586,1001958b,CALL dword ptr [0x100220f4],,,,,
0x100195B1,0x10022110,.rdata,10019366,__write_nolock,yes,24b,InstructionDB,100195af,100195b4,CALL dword ptr [0x10022110],,,,,
0x1001960A,0x10022110,.rdata,10019366,__write_nolock,yes,2a4,InstructionDB,10019608,1001960d,CALL dword ptr [0x10022110],,,,,
0x10019778,0x10022110,.rdata,10019366,__write_nolock,yes,412,InstructionDB,10019776,1001977b,CALL dword ptr [0x10022110],,,,,
0x10019852,0x10022110,.rdata,10019366,__write_nolock,yes,4ec,InstructionDB,10019850,10019855,CALL dword ptr [0x10022110],,,,,
0x10019922,0x100220F4,.rdata,10019366,__write_nolock,yes,5bc,InstructionDB,10019920,10019925,CALL dword ptr [0x100220f4],,,,,
0x10019953,0x10022110,.rdata,10019366,__write_nolock,yes,5ed,InstructionDB,10019951,10019956,CALL dword ptr [0x10022110],,,,,
0x10019969,0x10022070,.rdata,10019366,__write_nolock,yes,603,InstructionDB,10019967,1001996c,CALL dword ptr [0x10022070],,,,,
0x100199AA,0x10022110,.rdata,10019366,__write_nolock,yes,644,InstructionDB,100199a8,100199ad,CALL dword ptr [0x10022110],,,,,
0x100199C9,0x10022070,.rdata,10019366,__write_nolock,yes,663,InstructionDB,100199c7,100199cc,CALL dword ptr [0x10022070],,,,,
0x10019A66,0x10028568,.rdata,10019a63,__write,yes,3,InstructionDB,10019a65,10019a69,PUSH 0x10028568,,,,,
0x10019A98,0x1003C418,.data,10019a63,__write,yes,35,InstructionDB,10019a96,10019a9b,CMP EBX,,,,,
0x10019AC0,0x1003C420,.data,10019a63,__write,yes,5d,InstructionDB,10019abd,10019ac3,LEA EDI,,,,,
0x10019B3A,0x10028588,.rdata,10019b37,__commit,yes,3,InstructionDB,10019b39,10019b3d,PUSH 0x10028588,,,,,
0x10019B64,0x1003C418,.data,10019b37,__commit,yes,2d,InstructionDB,10019b62,10019b67,CMP EBX,,,,,
0x10019B84,0x1003C420,.data,10019b37,__commit,yes,4d,InstructionDB,10019b81,10019b87,LEA EDI,,,,,
0x10019BBA,0x10022130,.rdata,10019b37,__commit,yes,83,InstructionDB,10019bb8,10019bbd,CALL dword ptr [0x10022130],,,,,
0x10019BC4,0x10022070,.rdata,10019b37,__commit,yes,8d,InstructionDB,10019bc2,10019bc7,CALL dword ptr [0x10022070],,,,,
0x10019C32,0x1003C418,.data,10019c10,__isatty,yes,22,InstructionDB,10019c30,10019c35,CMP EAX,,,,,
0x10019C55,0x1003C420,.data,10019c10,__isatty,yes,45,InstructionDB,10019c52,10019c58,MOV ECX,,,,,
0x10019C8F,0x10029490,.data,10019c86,__crtLCMapStringA_stat,yes,9,InstructionDB,10019c8e,10019c92,MOV EAX,,,,,
0x10019CD8,0x100220E4,.rdata,10019c86,__crtLCMapStringA_stat,yes,52,InstructionDB,10019cd6,10019cdb,MOV ESI,,,,,
0x10019D71,0x10022134,.rdata,10019c86,__crtLCMapStringA_stat,yes,eb,InstructionDB,10019d6f,10019d74,MOV ESI,,,,,
0x10019E41,0x100220F4,.rdata,10019c86,__crtLCMapStringA_stat,yes,1bb,InstructionDB,10019e3f,10019e44,CALL dword ptr [0x100220f4],,,,,
0x10019EBB,0x10029490,.data,10019eb3,__crtGetStringTypeA_stat,yes,8,InstructionDB,10019eba,10019ebe,MOV EAX,,,,,
0x10019EDE,0x100220E4,.rdata,10019eb3,__crtGetStringTypeA_stat,yes,2b,InstructionDB,10019edc,10019ee1,MOV ESI,,,,,
0x10019F77,0x10022138,.rdata,10019eb3,__crtGetStringTypeA_stat,yes,c4,InstructionDB,10019f75,10019f7a,CALL dword ptr [0x10022138],,,,,
0x1001A362,0x10029EA8,.data,1001a351,___free_lconv_num,yes,11,InstructionDB,1001a360,1001a365,CMP EAX,,,,,
0x1001A374,0x10029EAC,.data,1001a351,___free_lconv_num,yes,23,InstructionDB,1001a372,1001a377,CMP EAX,,,,,
0x1001A386,0x10029EB0,.data,1001a351,___free_lconv_num,yes,35,InstructionDB,1001a384,1001a389,CMP EAX,,,,,
0x1001A398,0x10029ED8,.data,1001a351,___free_lconv_num,yes,47,InstructionDB,1001a396,1001a39b,CMP EAX,,,,,
0x1001A3AA,0x10029EDC,.data,1001a351,___free_lconv_num,yes,59,InstructionDB,1001a3a8,1001a3ad,CMP ESI,,,,,
0x1001A3D0,0x10029EB4,.data,1001a3ba,___free_lconv_mon,yes,16,InstructionDB,1001a3ce,1001a3d3,CMP EAX,,,,,
0x1001A3E2,0x10029EB8,.data,1001a3ba,___free_lconv_mon,yes,28,InstructionDB,1001a3e0,1001a3e5,CMP EAX,,,,,
0x1001A3F4,0x10029EBC,.data,1001a3ba,___free_lconv_mon,yes,3a,InstructionDB,1001a3f2,1001a3f7,CMP EAX,,,,,
0x1001A406,0x10029EC0,.data,1001a3ba,___free_lconv_mon,yes,4c,InstructionDB,1001a404,1001a409,CMP EAX,,,,,
0x1001A418,0x10029EC4,.data,1001a3ba,___free_lconv_mon,yes,5e,InstructionDB,1001a416,1001a41b,CMP EAX,,,,,
0x1001A42A,0x10029EC8,.data,1001a3ba,___free_lconv_mon,yes,70,InstructionDB,1001a428,1001a42d,CMP EAX,,,,,
0x1001A43C,0x10029ECC,.data,1001a3ba,___free_lconv_mon,yes,82,InstructionDB,1001a43a,1001a43f,CMP EAX,,,,,
0x1001A44E,0x10029EE0,.data,1001a3ba,___free_lconv_mon,yes,94,InstructionDB,1001a44c,1001a451,CMP EAX,,,,,
0x1001A460,0x10029EE4,.data,1001a3ba,___free_lconv_mon,yes,a6,InstructionDB,1001a45e,1001a463,CMP EAX,,,,,
0x1001A472,0x10029EE8,.data,1001a3ba,___free_lconv_mon,yes,b8,InstructionDB,1001a470,1001a475,CMP EAX,,,,,
0x1001A484,0x10029EEC,.data,1001a3ba,___free_lconv_mon,yes,ca,InstructionDB,1001a482,1001a487,CMP EAX,,,,,
0x1001A496,0x10029EF0,.data,1001a3ba,___free_lconv_mon,yes,dc,InstructionDB,1001a494,1001a499,CMP EAX,,,,,
0x1001A4A8,0x10029EF4,.data,1001a3ba,___free_lconv_mon,yes,ee,InstructionDB,1001a4a6,1001a4ab,CMP ESI,,,,,
0x1001A644,0x100220EC,.rdata,1001a600,__lseeki64_nolock,yes,44,InstructionDB,1001a642,1001a647,CALL dword ptr [0x100220ec],,,,,
0x1001A651,0x10022070,.rdata,1001a600,__lseeki64_nolock,yes,51,InstructionDB,1001a64f,1001a654,CALL dword ptr [0x10022070],,,,,
0x1001A66A,0x1003C420,.data,1001a600,__lseeki64_nolock,yes,6a,InstructionDB,1001a667,1001a66d,MOV EAX,,,,,
0x1001A688,0x100285A8,.rdata,1001a685,__lseeki64,yes,3,InstructionDB,1001a687,1001a68b,PUSH 0x100285a8,,,,,
0x1001A6C4,0x1003C418,.data,1001a685,__lseeki64,yes,3f,InstructionDB,1001a6c2,1001a6c7,CMP EAX,,,,,
0x1001A6EC,0x1003C420,.data,1001a685,__lseeki64,yes,67,InstructionDB,1001a6e9,1001a6ef,LEA EDI,,,,,
0x1001A770,0x10029490,.data,1001a76f,__get_printf_count_output,yes,1,InstructionDB,1001a76f,1001a773,MOV EAX,,,,,
0x1001A77B,0x1003A37C,.data,1001a76f,__get_printf_count_output,yes,c,InstructionDB,1001a779,1001a77e,CMP dword ptr [0x1003a37c],,,,,
0x1001A88F,0x100220F4,.rdata,1001a785,__wctomb_s_l,yes,10a,InstructionDB,1001a88d,1001a892,CALL dword ptr [0x100220f4],,,,,
0x1001A8AD,0x10022070,.rdata,1001a785,__wctomb_s_l,yes,128,InstructionDB,1001a8ab,1001a8b0,CALL dword ptr [0x10022070],,,,,
0x1001AAC3,0x10029490,.data,1001aaba,___crtMessageBoxW,yes,9,InstructionDB,1001aac2,1001aac6,MOV EAX,,,,,
0x1001AAE6,0x1003A380,.data,1001aaba,___crtMessageBoxW,yes,2c,InstructionDB,1001aae4,1001aaea,CMP dword ptr [0x1003a380],,,,,
0x1001AAF1,0x100241F0,.rdata,1001aaba,___crtMessageBoxW,yes,37,InstructionDB,1001aaf0,1001aaf4,PUSH 0x100241f0,,,,,
0x1001AAF7,0x1002211C,.rdata,1001aaba,___crtMessageBoxW,yes,3d,InstructionDB,1001aaf5,1001aafa,CALL dword ptr [0x1002211c],,,,,
0x1001AB07,0x10022090,.rdata,1001aaba,___crtMessageBoxW,yes,4d,InstructionDB,1001ab05,1001ab0a,MOV EDI,,,,,
0x1001AB0C,0x100241E4,.rdata,1001aaba,___crtMessageBoxW,yes,52,InstructionDB,1001ab0b,1001ab0f,PUSH 0x100241e4,,,,,
0x1001AB1D,0x1002205C,.rdata,1001aaba,___crtMessageBoxW,yes,63,InstructionDB,1001ab1b,1001ab20,MOV ESI,,,,,
0x1001AB25,0x100241D4,.rdata,1001aaba,___crtMessageBoxW,yes,6b,InstructionDB,1001ab24,1001ab28,PUSH 0x100241d4,,,,,
0x1001AB2B,0x1003A380,.data,1001aaba,___crtMessageBoxW,yes,71,InstructionDB,1001ab2a,1001ab2e,MOV [0x1003a380],,,,,
0x1001AB35,0x100241C0,.rdata,1001aaba,___crtMessageBoxW,yes,7b,InstructionDB,1001ab34,1001ab38,PUSH 0x100241c0,,,,,
0x1001AB3B,0x1003A384,.data,1001aaba,___crtMessageBoxW,yes,81,InstructionDB,1001ab3a,1001ab3e,MOV [0x1003a384],,,,,
0x1001AB45,0x100241A4,.rdata,1001aaba,___crtMessageBoxW,yes,8b,InstructionDB,1001ab44,1001ab48,PUSH 0x100241a4,,,,,
0x1001AB4B,0x1003A388,.data,1001aaba,___crtMessageBoxW,yes,91,InstructionDB,1001ab4a,1001ab4e,MOV [0x1003a388],,,,,
0x1001AB55,0x1003A390,.data,1001aaba,___crtMessageBoxW,yes,9b,InstructionDB,1001ab54,1001ab58,MOV [0x1003a390],,,,,
0x1001AB5E,0x1002418C,.rdata,1001aaba,___crtMessageBoxW,yes,a4,InstructionDB,1001ab5d,1001ab61,PUSH 0x1002418c,,,,,
0x1001AB69,0x1003A38C,.data,1001aaba,___crtMessageBoxW,yes,af,InstructionDB,1001ab68,1001ab6c,MOV [0x1003a38c],,,,,
0x1001AB6E,0x1003A38C,.data,1001aaba,___crtMessageBoxW,yes,b4,InstructionDB,1001ab6d,1001ab71,MOV EAX,,,,,
0x1001AB77,0x10022060,.rdata,1001aaba,___crtMessageBoxW,yes,bd,InstructionDB,1001ab75,1001ab7a,MOV ESI,,,,,
0x1001AB81,0x1003A390,.data,1001aaba,___crtMessageBoxW,yes,c7,InstructionDB,1001ab7f,1001ab84,CMP dword ptr [0x1003a390],,,,,
0x1001AB8C,0x1003A390,.data,1001aaba,___crtMessageBoxW,yes,d2,InstructionDB,1001ab8a,1001ab8f,PUSH dword ptr [0x1003a390],,,,,
0x1001ABC7,0x1003A384,.data,1001aaba,___crtMessageBoxW,yes,10d,InstructionDB,1001abc6,1001abca,MOV EAX,,,,,
0x1001ABE1,0x1003A388,.data,1001aaba,___crtMessageBoxW,yes,127,InstructionDB,1001abe0,1001abe4,MOV EAX,,,,,
0x1001ABFB,0x1003A380,.data,1001aaba,___crtMessageBoxW,yes,141,InstructionDB,1001abf9,1001abfe,PUSH dword ptr [0x1003a380],,,,,
0x1001ADFD,0x100399FC,.data,1001ade6,__set_error_mode,yes,17,InstructionDB,1001adfc,1001ae00,MOV EAX,,,,,
0x1001AE04,0x100399FC,.data,1001ade6,__set_error_mode,yes,1e,InstructionDB,1001ae03,1001ae07,MOV EAX,,,,,
0x1001AE0A,0x100399FC,.data,1001ade6,__set_error_mode,yes,24,InstructionDB,1001ae08,1001ae0d,MOV dword ptr [0x100399fc],,,,,
0x1001AE31,0x1003A4A0,.data,1001ae25,___report_gsfailure,yes,c,InstructionDB,1001ae30,1001ae34,MOV [0x1003a4a0],,,,,
0x1001AE37,0x1003A49C,.data,1001ae25,___report_gsfailure,yes,12,InstructionDB,1001ae35,1001ae3a,MOV dword ptr [0x1003a49c],,,,,
0x1001AE3D,0x1003A498,.data,1001ae25,___report_gsfailure,yes,18,InstructionDB,1001ae3b,1001ae40,MOV dword ptr [0x1003a498],,,,,
0x1001AE43,0x1003A494,.data,1001ae25,___report_gsfailure,yes,1e,InstructionDB,1001ae41,1001ae46,MOV dword ptr [0x1003a494],,,,,
0x1001AE49,0x1003A490,.data,1001ae25,___report_gsfailure,yes,24,InstructionDB,1001ae47,1001ae4c,MOV dword ptr [0x1003a490],,,,,
0x1001AE4F,0x1003A48C,.data,1001ae25,___report_gsfailure,yes,2a,InstructionDB,1001ae4d,1001ae52,MOV dword ptr [0x1003a48c],,,,,
0x1001AE56,0x1003A4B8,.data,1001ae25,___report_gsfailure,yes,31,InstructionDB,1001ae53,1001ae59,MOV word ptr [0x1003a4b8],,,,,
0x1001AE5D,0x1003A4AC,.data,1001ae25,___report_gsfailure,yes,38,InstructionDB,1001ae5a,1001ae60,MOV word ptr [0x1003a4ac],,,,,
0x1001AE64,0x1003A488,.data,1001ae25,___report_gsfailure,yes,3f,InstructionDB,1001ae61,1001ae67,MOV word ptr [0x1003a488],,,,,
0x1001AE6B,0x1003A484,.data,1001ae25,___report_gsfailure,yes,46,InstructionDB,1001ae68,1001ae6e,MOV word ptr [0x1003a484],,,,,
0x1001AE72,0x1003A480,.data,1001ae25,___report_gsfailure,yes,4d,InstructionDB,1001ae6f,1001ae75,MOV word ptr [0x1003a480],,,,,
0x1001AE79,0x1003A47C,.data,1001ae25,___report_gsfailure,yes,54,InstructionDB,1001ae76,1001ae7c,MOV word ptr [0x1003a47c],,,,,
0x1001AE80,0x1003A4B0,.data,1001ae25,___report_gsfailure,yes,5b,InstructionDB,1001ae7e,1001ae83,POP dword ptr [0x1003a4b0],,,,,
0x1001AE88,0x1003A4A4,.data,1001ae25,___report_gsfailure,yes,63,InstructionDB,1001ae87,1001ae8b,MOV [0x1003a4a4],,,,,
0x1001AE90,0x1003A4A8,.data,1001ae25,___report_gsfailure,yes,6b,InstructionDB,1001ae8f,1001ae93,MOV [0x1003a4a8],,,,,
0x1001AE98,0x1003A4B4,.data,1001ae25,___report_gsfailure,yes,73,InstructionDB,1001ae97,1001ae9b,MOV [0x1003a4b4],,,,,
0x1001AEA4,0x1003A3F0,.data,1001ae25,___report_gsfailure,yes,7f,InstructionDB,1001aea2,1001aeab,MOV dword ptr [0x1003a3f0],,,,,
0x1001AEAD,0x1003A4A8,.data,1001ae25,___report_gsfailure,yes,88,InstructionDB,1001aeac,1001aeb0,MOV EAX,,,,,
0x1001AEB2,0x1003A3A4,.data,1001ae25,___report_gsfailure,yes,8d,InstructionDB,1001aeb1,1001aeb5,MOV [0x1003a3a4],,,,,
0x1001AEB8,0x1003A398,.data,1001ae25,___report_gsfailure,yes,93,InstructionDB,1001aeb6,1001aebf,MOV dword ptr [0x1003a398],,,,,
0x1001AEC2,0x1003A39C,.data,1001ae25,___report_gsfailure,yes,9d,InstructionDB,1001aec0,1001aec9,MOV dword ptr [0x1003a39c],,,,,
0x1001AECB,0x10029490,.data,1001ae25,___report_gsfailure,yes,a6,InstructionDB,1001aeca,1001aece,MOV EAX,,,,,
0x1001AED6,0x10029494,.data,1001ae25,___report_gsfailure,yes,b1,InstructionDB,1001aed5,1001aed9,MOV EAX,,,,,
0x1001AEE2,0x1002207C,.rdata,1001ae25,___report_gsfailure,yes,bd,InstructionDB,1001aee0,1001aee5,CALL dword ptr [0x1002207c],,,,,
0x1001AEE7,0x1003A3E8,.data,1001ae25,___report_gsfailure,yes,c2,InstructionDB,1001aee6,1001aeea,MOV [0x1003a3e8],,,,,
0x1001AEF7,0x10022078,.rdata,1001ae25,___report_gsfailure,yes,d2,InstructionDB,1001aef5,1001aefa,CALL dword ptr [0x10022078],,,,,
0x1001AEFC,0x10024208,.rdata,1001ae25,___report_gsfailure,yes,d7,InstructionDB,1001aefb,1001aeff,PUSH 0x10024208,,,,,
0x1001AF02,0x10022074,.rdata,1001ae25,___report_gsfailure,yes,dd,InstructionDB,1001af00,1001af05,CALL dword ptr [0x10022074],,,,,
0x1001AF08,0x1003A3E8,.data,1001ae25,___report_gsfailure,yes,e3,InstructionDB,1001af06,1001af0c,CMP dword ptr [0x1003a3e8],,,,,
0x1001AF1E,0x10022084,.rdata,1001ae25,___report_gsfailure,yes,f9,InstructionDB,1001af1c,1001af21,CALL dword ptr [0x10022084],,,,,
0x1001AF25,0x10022080,.rdata,1001ae25,___report_gsfailure,yes,100,InstructionDB,1001af23,1001af28,CALL dword ptr [0x10022080],,,,,
0x1001AF9F,0x1002200C,.rdata,1001af34,__chsize_nolock,yes,6b,InstructionDB,1001af9d,1001afa2,CALL dword ptr [0x1002200c],,,,,
0x1001AFA6,0x10022040,.rdata,1001af34,__chsize_nolock,yes,72,InstructionDB,1001afa4,1001afa9,CALL dword ptr [0x10022040],,,,,
0x1001B022,0x1002200C,.rdata,1001af34,__chsize_nolock,yes,ee,InstructionDB,1001b020,1001b025,CALL dword ptr [0x1002200c],,,,,
0x1001B029,0x10022044,.rdata,1001af34,__chsize_nolock,yes,f5,InstructionDB,1001b027,1001b02c,CALL dword ptr [0x10022044],,,,,
0x1001B084,0x10022010,.rdata,1001af34,__chsize_nolock,yes,150,InstructionDB,1001b082,1001b087,CALL dword ptr [0x10022010],,,,,
0x1001B0B1,0x10022070,.rdata,1001af34,__chsize_nolock,yes,17d,InstructionDB,1001b0af,1001b0b4,CALL dword ptr [0x10022070],,,,,
0x1001B0FF,0x1003C420,.data,1001b0ea,__setmode_nolock,yes,15,InstructionDB,1001b0fc,1001b102,LEA EDX,,,,,
0x1001B1C8,0x1003A6BC,.data,1001b1a5,FUN_1001b1a5,yes,23,InstructionDB,1001b1c6,1001b1cb,MOV ECX,,,,,
0x1001B1DA,0x10029F10,.data,1001b1d2,__putwch_nolock,yes,8,InstructionDB,1001b1d8,1001b1de,CMP dword ptr [0x10029f10],,,,,
0x1001B1E7,0x10029F10,.data,1001b1d2,__putwch_nolock,yes,15,InstructionDB,1001b1e6,1001b1ea,MOV EAX,,,,,
0x1001B206,0x10022008,.rdata,1001b1d2,__putwch_nolock,yes,34,InstructionDB,1001b204,1001b209,CALL dword ptr [0x10022008],,,,,
0x1001B28B,0x10024210,.rdata,1001b27c,___initconout,yes,f,InstructionDB,1001b28a,1001b28e,PUSH 0x10024210,,,,,
0x1001B291,0x10022004,.rdata,1001b27c,___initconout,yes,15,InstructionDB,1001b28f,1001b294,CALL dword ptr [0x10022004],,,,,
0x1001B296,0x10029F10,.data,1001b27c,___initconout,yes,1a,InstructionDB,1001b295,1001b299,MOV [0x10029f10],,,,,
0x1001B29C,0x10029F10,.data,1001b29b,FUN_1001b29b,yes,1,InstructionDB,1001b29b,1001b29f,MOV EAX,,,,,
0x1001B2AD,0x10022054,.rdata,1001b29b,FUN_1001b29b,yes,12,InstructionDB,1001b2ab,1001b2b0,CALL dword ptr [0x10022054],,,,,
0x1001B2B4,0x100220B8,.rdata,1001b2b2,RtlUnwind,yes,2,InstructionDB,1001b2b2,1001b2b7,JMP dword ptr [0x100220b8],,,,,
0x1001B2B9,0x1001C595,.text,1001b2b8,__cfltcvt_init,yes,1,InstructionDB,1001b2b8,1001b2bc,MOV EAX,,,1001c595,__cfltcvt,__cfltcvt
0x1001B2BE,0x10029D40,.data,1001b2b8,__cfltcvt_init,yes,6,InstructionDB,1001b2bd,1001b2c1,MOV [0x10029d40],,,,,
0x1001B2C4,0x10029D44,.data,1001b2b8,__cfltcvt_init,yes,c,InstructionDB,1001b2c2,1001b2cb,MOV dword ptr [0x10029d44],,,,,
0x1001B2C8,0x1001BC8B,.text,1001b2b8,__cfltcvt_init,yes,10,InstructionDB,1001b2c2,1001b2cb,MOV dword ptr [0x10029d44],,,1001bc8b,__cropzeros,__cropzeros
0x1001B2CE,0x10029D48,.data,1001b2b8,__cfltcvt_init,yes,16,InstructionDB,1001b2cc,1001b2d5,MOV dword ptr [0x10029d48],,,,,
0x1001B2D2,0x1001BC3F,.text,1001b2b8,__cfltcvt_init,yes,1a,InstructionDB,1001b2cc,1001b2d5,MOV dword ptr [0x10029d48],,,1001bc3f,__fassign,__fassign
0x1001B2D8,0x10029D4C,.data,1001b2b8,__cfltcvt_init,yes,20,InstructionDB,1001b2d6,1001b2df,MOV dword ptr [0x10029d4c],,,,,
0x1001B2DC,0x1001BC78,.text,1001b2b8,__cfltcvt_init,yes,24,InstructionDB,1001b2d6,1001b2df,MOV dword ptr [0x10029d4c],,,1001bc78,__forcdecpt,__forcdecpt
0x1001B2E2,0x10029D50,.data,1001b2b8,__cfltcvt_init,yes,2a,InstructionDB,1001b2e0,1001b2e9,MOV dword ptr [0x10029d50],,,,,
0x1001B2E6,0x1001BBE1,.text,1001b2b8,__cfltcvt_init,yes,2e,InstructionDB,1001b2e0,1001b2e9,MOV dword ptr [0x10029d50],,,1001bbe1,__positive,__positive
0x1001B2EB,0x10029D54,.data,1001b2b8,__cfltcvt_init,yes,33,InstructionDB,1001b2ea,1001b2ee,MOV [0x10029d54],,,,,
0x1001B2F1,0x10029D58,.data,1001b2b8,__cfltcvt_init,yes,39,InstructionDB,1001b2ef,1001b2f8,MOV dword ptr [0x10029d58],,,,,
0x1001B2F5,0x1001C50D,.text,1001b2b8,__cfltcvt_init,yes,3d,InstructionDB,1001b2ef,1001b2f8,MOV dword ptr [0x10029d58],,,1001c50d,__cfltcvt_l,__cfltcvt_l
0x1001B2FB,0x10029D5C,.data,1001b2b8,__cfltcvt_init,yes,43,InstructionDB,1001b2f9,1001b302,MOV dword ptr [0x10029d5c],,,,,
0x1001B2FF,0x1001BBFD,.text,1001b2b8,__cfltcvt_init,yes,47,InstructionDB,1001b2f9,1001b302,MOV dword ptr [0x10029d5c],,,1001bbfd,__fassign_l,__fassign_l
0x1001B305,0x10029D60,.data,1001b2b8,__cfltcvt_init,yes,4d,InstructionDB,1001b303,1001b30c,MOV dword ptr [0x10029d60],,,,,
0x1001B309,0x1001BB5F,.text,1001b2b8,__cfltcvt_init,yes,51,InstructionDB,1001b303,1001b30c,MOV dword ptr [0x10029d60],,,1001bb5f,__cropzeros_l,__cropzeros_l
0x1001B30F,0x10029D64,.data,1001b2b8,__cfltcvt_init,yes,57,InstructionDB,1001b30d,1001b316,MOV dword ptr [0x10029d64],,,,,
0x1001B313,0x1001BAEB,.text,1001b2b8,__cfltcvt_init,yes,5b,InstructionDB,1001b30d,1001b316,MOV dword ptr [0x10029d64],,,1001baeb,__forcdecpt_l,__forcdecpt_l
0x1001B342,0x1003C40C,.data,,,no,,DataDB,1001b342,1001b342,,,,,,
0x1001B382,0x1003C40C,.data,1001b380,FUN_1001b380,yes,2,InstructionDB,1001b380,1001b386,CMP dword ptr [0x1003c40c],,,,,
0x1001B3E9,0x100258E8,.rdata,1001b3d8,FUN_1001b3d8,yes,11,InstructionDB,1001b3e7,1001b3ec,FLDCW word ptr [0x100258e8],,,,,
0x1001B3F7,0x1003C404,.data,1001b3d8,FUN_1001b3d8,yes,1f,InstructionDB,1001b3f5,1001b3fb,CMP dword ptr [0x1003c404],,,,,
0x1001B409,0x10039570,.data,1001b3d8,FUN_1001b3d8,yes,31,InstructionDB,1001b407,1001b40c,LEA ECX,,,,,
0x1001B414,0x100258EA,.rdata,1001b3d8,FUN_1001b3d8,yes,3c,InstructionDB,1001b412,1001b417,FLD extended double ptr [0x100258ea],,,,,
0x1001B441,0x100258B0,.rdata,1001b3d8,FUN_1001b3d8,yes,69,InstructionDB,1001b43f,1001b444,FLD extended double ptr [0x100258b0],,,,,
0x1001B44C,0x1003C404,.data,1001b3d8,FUN_1001b3d8,yes,74,InstructionDB,1001b44a,1001b450,CMP dword ptr [0x1003c404],,,,,
0x1001B45E,0x10039570,.data,1001b3d8,FUN_1001b3d8,yes,86,InstructionDB,1001b45c,1001b461,LEA ECX,,,,,
0x1001B472,0x1003C40C,.data,,,no,,DataDB,1001b472,1001b472,,,,,,
0x1001B4B2,0x1003C40C,.data,1001b4b0,FUN_1001b4b0,yes,2,InstructionDB,1001b4b0,1001b4b6,CMP dword ptr [0x1003c40c],,,,,
0x1001B519,0x100258E8,.rdata,1001b508,FUN_1001b508,yes,11,InstructionDB,1001b517,1001b51c,FLDCW word ptr [0x100258e8],,,,,
0x1001B527,0x1003C404,.data,1001b508,FUN_1001b508,yes,1f,InstructionDB,1001b525,1001b52b,CMP dword ptr [0x1003c404],,,,,
0x1001B539,0x10039580,.data,1001b508,FUN_1001b508,yes,31,InstructionDB,1001b537,1001b53c,LEA ECX,,,,,
0x1001B544,0x100258EA,.rdata,1001b508,FUN_1001b508,yes,3c,InstructionDB,1001b542,1001b547,FLD extended double ptr [0x100258ea],,,,,
0x1001B571,0x100258B0,.rdata,1001b508,FUN_1001b508,yes,69,InstructionDB,1001b56f,1001b574,FLD extended double ptr [0x100258b0],,,,,
0x1001B57C,0x1003C404,.data,1001b508,FUN_1001b508,yes,74,InstructionDB,1001b57a,1001b580,CMP dword ptr [0x1003c404],,,,,
0x1001B58E,0x10039580,.data,1001b508,FUN_1001b508,yes,86,InstructionDB,1001b58c,1001b591,LEA ECX,,,,,
0x1001B5E0,0x1003C404,.data,1001b5bd,FUN_1001b5bd,yes,23,InstructionDB,1001b5de,1001b5e4,CMP dword ptr [0x1003c404],,,,,
0x1001B5F2,0x10039590,.data,1001b5bd,FUN_1001b5bd,yes,35,InstructionDB,1001b5f0,1001b5f5,LEA ECX,,,,,
0x1001B632,0x100258B0,.rdata,1001b5bd,FUN_1001b5bd,yes,75,InstructionDB,1001b630,1001b635,FLD extended double ptr [0x100258b0],,,,,
0x1001B63D,0x1003C404,.data,1001b5bd,FUN_1001b5bd,yes,80,InstructionDB,1001b63b,1001b641,CMP dword ptr [0x1003c404],,,,,
0x1001B64F,0x10039590,.data,1001b5bd,FUN_1001b5bd,yes,92,InstructionDB,1001b64d,1001b652,LEA ECX,,,,,
0x1001B6AA,0x1001B6BE,.text,1001b693,_UnwindNestedFrames,yes,17,InstructionDB,1001b6a7,1001b6ad,MOV dword ptr [EBP + -0x8],,,1001b693,_UnwindNestedFrames,
0x1001B763,0x1001B7FB,.text,1001b750,_CallSETranslator,yes,13,InstructionDB,1001b762,1001b766,MOV EAX,,,1001b750,_CallSETranslator,
0x1001B77B,0x1001B827,.text,1001b750,_CallSETranslator,yes,2b,InstructionDB,1001b778,1001b77e,MOV dword ptr [EBP + -0x24],,,1001b827,TranslatorGuardHandler,TranslatorGuardHandler|?TranslatorGuardHandler@@YA?AW4_EXCEPTION_DISPOSITION@@PAUEHExceptionRecord@@PAUTranslatorGuardRN@@PAX2@Z
0x1001B780,0x10029490,.data,1001b750,_CallSETranslator,yes,30,InstructionDB,1001b77f,1001b783,MOV EAX,,,,,
0x1001B9E7,0x10029490,.data,1001b9de,_CallCatchBlock2,yes,9,InstructionDB,1001b9e6,1001b9ea,MOV EAX,,,,,
0x1001BA07,0x1001B71D,.text,1001b9de,_CallCatchBlock2,yes,29,InstructionDB,1001ba04,1001ba0a,MOV dword ptr [EBP + -0x14],,,1001b71d,CatchGuardHandler,CatchGuardHandler|?CatchGuardHandler@@YA?AW4_EXCEPTION_DISPOSITION@@PAUEHExceptionRecord@@PAUCatchGuardRN@@PAX2@Z
0x1001BA42,0x1003C414,.data,1001ba40,FUN_1001ba40,yes,2,InstructionDB,1001ba40,1001ba46,CMP dword ptr [0x1003c414],,,,,
0x1001BA5E,0x1003C414,.data,,,no,,DataDB,1001ba5e,1001ba5e,,,,,,
0x1001BD6C,0x10025008,.rdata,1001bc9e,FUN_1001bc9e,yes,ce,InstructionDB,1001bd6b,1001bd6f,PUSH 0x10025008,,,,,
0x1001BDC2,0x1003C408,.data,1001bc9e,FUN_1001bc9e,yes,124,InstructionDB,1001bdc0,1001bdc6,TEST byte ptr [0x1003c408],,,,,
0x1001BE08,0x10029490,.data,1001bdff,__cftoe_l,yes,9,InstructionDB,1001be07,1001be0b,MOV EAX,,,,,
0x1001C368,0x10029490,.data,1001c35f,__cftof_l,yes,9,InstructionDB,1001c367,1001c36b,MOV EAX,,,,,
0x1001C429,0x10029490,.data,1001c420,__cftog_l,yes,9,InstructionDB,1001c428,1001c42c,MOV EAX,,,,,
0x1001C5E4,0x1002210C,.rdata,,,no,,InstructionDB,1001c5e2,1001c5e7,CALL dword ptr [0x1002210c],,,,,
0x1001C5E9,0x1003C40C,.data,,,no,,InstructionDB,1001c5e8,1001c5ec,MOV [0x1003c40c],,,,,
0x1001C629,0x10025850,.rdata,1001c60e,FUN_1001c60e,yes,1b,InstructionDB,1001c625,1001c62c,MOVLPD XMM1,,,,,
0x1001C635,0x10025858,.rdata,1001c60e,FUN_1001c60e,yes,27,InstructionDB,1001c631,1001c638,MOVLPD XMM2,,,,,
0x1001C645,0x10025870,.rdata,1001c60e,FUN_1001c60e,yes,37,InstructionDB,1001c641,1001c648,MOVLPD XMM3,,,,,
0x1001C651,0x10025860,.rdata,1001c60e,FUN_1001c60e,yes,43,InstructionDB,1001c64d,1001c654,MOVAPD XMM2,,,,,
0x1001C66E,0x10025840,.rdata,1001c60e,FUN_1001c60e,yes,60,InstructionDB,1001c66a,1001c671,MOVAPD XMM5,,,,,
0x1001C674,0x10025010,.rdata,1001c60e,FUN_1001c60e,yes,66,InstructionDB,1001c672,1001c677,LEA EAX,,,,,
0x1001C689,0x10025878,.rdata,1001c60e,FUN_1001c60e,yes,7b,InstructionDB,1001c685,1001c68c,MULSD XMM1,,,,,
0x1001C6AE,0x10025820,.rdata,1001c60e,FUN_1001c60e,yes,a0,InstructionDB,1001c6aa,1001c6b1,MOVAPD XMM6,,,,,
0x1001C6F3,0x10025830,.rdata,1001c60e,FUN_1001c60e,yes,e5,InstructionDB,1001c6ef,1001c6f6,ADDPD XMM5,,,,,
0x1001C6FF,0x10025810,.rdata,1001c60e,FUN_1001c60e,yes,f1,InstructionDB,1001c6fb,1001c702,ADDPD XMM6,,,,,
0x1001C77A,0x10025890,.rdata,1001c60e,FUN_1001c60e,yes,16c,InstructionDB,1001c776,1001c77d,MULSD XMM0,,,,,
0x1001C790,0x10025880,.rdata,1001c60e,FUN_1001c60e,yes,182,InstructionDB,1001c78c,1001c793,MOVLPD XMM3,,,,,
0x1001C7A0,0x10025888,.rdata,1001c60e,FUN_1001c60e,yes,192,InstructionDB,1001c79c,1001c7a3,MULSD XMM3,,,,,
0x1001C7E9,0x100258CC,.rdata,,,no,,DataDB,1001c7e9,1001c7e9,,,,,,
0x1001C850,0x100258CC,.rdata,,,no,,DataDB,1001c850,1001c850,,,,,,
0x1001C8F8,0x100258C4,.rdata,,,no,,DataDB,1001c8f8,1001c8f8,,,,,,
0x1001C96C,0x100258B0,.rdata,,,no,,DataDB,1001c96c,1001c96c,,,,,,
0x1001C9CB,0x100258E0,.rdata,1001c9bc,FUN_1001c9bc,yes,f,InstructionDB,1001c9c9,1001c9ce,FADD double ptr [0x100258e0],,,,,
0x1001CACC,0x1002590C,.rdata,,,no,,DataDB,1001cacc,1001cacc,,,,,,
0x1001CADC,0x100258FC,.rdata,,,no,,DataDB,1001cadc,1001cadc,,,,,,
0x1001CAED,0x1002591C,.rdata,,,no,,DataDB,1001caed,1001caed,,,,,,
0x1001CAF5,0x10025904,.rdata,,,no,,DataDB,1001caf5,1001caf5,,,,,,
0x1001CB05,0x100258F4,.rdata,,,no,,DataDB,1001cb05,1001cb05,,,,,,
0x1001CB16,0x10025914,.rdata,,,no,,DataDB,1001cb16,1001cb16,,,,,,
0x1001CBB9,0x10026170,.rdata,1001cb9e,FUN_1001cb9e,yes,1b,InstructionDB,1001cbb5,1001cbbc,MOVLPD XMM1,,,,,
0x1001CBC5,0x10026178,.rdata,1001cb9e,FUN_1001cb9e,yes,27,InstructionDB,1001cbc1,1001cbc8,MOVLPD XMM2,,,,,
0x1001CBD5,0x10026190,.rdata,1001cb9e,FUN_1001cb9e,yes,37,InstructionDB,1001cbd1,1001cbd8,MOVLPD XMM3,,,,,
0x1001CBE1,0x10026180,.rdata,1001cb9e,FUN_1001cb9e,yes,43,InstructionDB,1001cbdd,1001cbe4,MOVAPD XMM2,,,,,
0x1001CBFE,0x10026160,.rdata,1001cb9e,FUN_1001cb9e,yes,60,InstructionDB,1001cbfa,1001cc01,MOVAPD XMM5,,,,,
0x1001CC04,0x10025930,.rdata,1001cb9e,FUN_1001cb9e,yes,66,InstructionDB,1001cc02,1001cc07,LEA EAX,,,,,
0x1001CC19,0x10026198,.rdata,1001cb9e,FUN_1001cb9e,yes,7b,InstructionDB,1001cc15,1001cc1c,MULSD XMM1,,,,,
0x1001CC3E,0x10026140,.rdata,1001cb9e,FUN_1001cb9e,yes,a0,InstructionDB,1001cc3a,1001cc41,MOVAPD XMM6,,,,,
0x1001CC83,0x10026150,.rdata,1001cb9e,FUN_1001cb9e,yes,e5,InstructionDB,1001cc7f,1001cc86,ADDPD XMM5,,,,,
0x1001CC8F,0x10026130,.rdata,1001cb9e,FUN_1001cb9e,yes,f1,InstructionDB,1001cc8b,1001cc92,ADDPD XMM6,,,,,
0x1001CD0E,0x100261C0,.rdata,1001cb9e,FUN_1001cb9e,yes,170,InstructionDB,1001cd0a,1001cd11,MOVLPD XMM1,,,,,
0x1001CD2E,0x100261E8,.rdata,,,no,,DataDB,1001cd2e,1001cd2e,,,,,,
0x1001CD41,0x100261E8,.rdata,1001cd37,FUN_1001cd37,yes,a,InstructionDB,1001cd3f,1001cd44,MOV dword ptr [ESI],,,,,
0x1001CE0F,0x10028648,.rdata,1001ce0c,___FrameUnwindToState,yes,3,InstructionDB,1001ce0e,1001ce12,PUSH 0x10028648,,,,,
0x1001CF30,0x10028670,.rdata,1001cf2d,___DestructExceptionObject,yes,3,InstructionDB,1001cf2f,1001cf33,PUSH 0x10028670,,,,,
0x1001D029,0x10020852,.text,1001d026,FUN_1001d026,yes,3,InstructionDB,1001d028,1001d02c,MOV EAX,,,,,LAB_10020852
0x1001D072,0x100286E8,.rdata,1001d06f,CallCatchBlock,yes,3,InstructionDB,1001d071,1001d075,PUSH 0x100286e8,,,,,
0x1001D20E,0x10028710,.rdata,1001d20b,___BuildCatchObjectHelper,yes,3,InstructionDB,1001d20d,1001d211,PUSH 0x10028710,,,,,
0x1001D38D,0x10028730,.rdata,1001d38a,___BuildCatchObject,yes,3,InstructionDB,1001d38c,1001d390,PUSH 0x10028730,,,,,
0x1001D6BC,0x100395A0,.data,1001d591,FindHandler,yes,12b,InstructionDB,1001d6bb,1001d6bf,PUSH 0x100395a0,,,,,
0x1001D6EC,0x100261F0,.rdata,1001d591,FindHandler,yes,15b,InstructionDB,1001d6e9,1001d6ef,MOV dword ptr [EBP + 0x8],,,,,
0x1001D6F6,0x1002874C,.rdata,1001d591,FindHandler,yes,165,InstructionDB,1001d6f5,1001d6f9,PUSH 0x1002874c,,,,,
0x1001D701,0x100261E8,.rdata,1001d591,FindHandler,yes,170,InstructionDB,1001d6fe,1001d704,MOV dword ptr [EBP + -0x34],,,,,
0x1001D918,0x100261E8,.rdata,1001d906,FUN_1001d906,yes,12,InstructionDB,1001d916,1001d91b,MOV dword ptr [ESI],,,,,
0x1001DA65,0x10029490,.data,1001da5c,FID_conflict:__atoflt_l,yes,9,InstructionDB,1001da64,1001da68,MOV EAX,,,,,
0x1001DB0D,0x10029490,.data,1001db04,FID_conflict:__atoflt_l,yes,9,InstructionDB,1001db0c,1001db10,MOV EAX,,,,,
0x1001DD1B,0x10029490,.data,1001dd12,FUN_1001dd12,yes,9,InstructionDB,1001dd1a,1001dd1e,MOV EAX,,,,,
0x1001DF1C,0x10029490,.data,1001defe,__87except,yes,1e,InstructionDB,1001df1b,1001df1f,MOV EAX,,,,,
0x1001E010,0x100396D8,.data,1001defe,__87except,yes,112,InstructionDB,1001e00e,1001e014,CMP dword ptr [0x100396d8],,,,,
0x1001E055,0x10029490,.data,1001e03d,__EH_prolog3_catch,yes,18,InstructionDB,1001e054,1001e058,MOV EAX,,,,,
0x1001E08E,0x10029490,.data,1001e085,FID_conflict:__ld12tod,yes,9,InstructionDB,1001e08d,1001e091,MOV EAX,,,,,
0x1001E111,0x100395C8,.data,1001e085,FID_conflict:__ld12tod,yes,8c,InstructionDB,1001e10f,1001e114,MOV EDI,,,,,
0x1001E205,0x100395C4,.data,1001e085,FID_conflict:__ld12tod,yes,180,InstructionDB,1001e204,1001e208,MOV EAX,,,,,
0x1001E20D,0x100395C8,.data,1001e085,FID_conflict:__ld12tod,yes,188,InstructionDB,1001e20b,1001e210,SUB ECX,,,,,
0x1001E2BE,0x100395C8,.data,1001e085,FID_conflict:__ld12tod,yes,239,InstructionDB,1001e2bc,1001e2c1,MOV ESI,,,,,
0x1001E39F,0x100395CC,.data,1001e085,FID_conflict:__ld12tod,yes,31a,InstructionDB,1001e39d,1001e3a2,MOV ECX,,,,,
0x1001E437,0x100395CC,.data,1001e085,FID_conflict:__ld12tod,yes,3b2,InstructionDB,1001e435,1001e43a,MOV ECX,,,,,
0x1001E43D,0x100395C0,.data,1001e085,FID_conflict:__ld12tod,yes,3b8,InstructionDB,1001e43b,1001e440,CMP EBX,,,,,
0x1001E4DE,0x100395D4,.data,1001e085,FID_conflict:__ld12tod,yes,459,InstructionDB,1001e4dc,1001e4e1,MOV EBX,,,,,
0x1001E4E4,0x100395C0,.data,1001e085,FID_conflict:__ld12tod,yes,45f,InstructionDB,1001e4e2,1001e4e7,ADD EBX,,,,,
0x1001E4F2,0x100395D4,.data,1001e085,FID_conflict:__ld12tod,yes,46d,InstructionDB,1001e4f0,1001e4f5,ADD EBX,,,,,
0x1001E58E,0x100395CC,.data,1001e085,FID_conflict:__ld12tod,yes,509,InstructionDB,1001e58c,1001e591,SUB ECX,,,,,
0x1001E5A5,0x100395D0,.data,1001e085,FID_conflict:__ld12tod,yes,520,InstructionDB,1001e5a3,1001e5a8,MOV ECX,,,,,
0x1001E5DF,0x10029490,.data,1001e5d6,FID_conflict:__ld12tod,yes,9,InstructionDB,1001e5de,1001e5e2,MOV EAX,,,,,
0x1001E662,0x100395E0,.data,1001e5d6,FID_conflict:__ld12tod,yes,8c,InstructionDB,1001e660,1001e665,MOV EDI,,,,,
0x1001E756,0x100395DC,.data,1001e5d6,FID_conflict:__ld12tod,yes,180,InstructionDB,1001e755,1001e759,MOV EAX,,,,,
0x1001E75E,0x100395E0,.data,1001e5d6,FID_conflict:__ld12tod,yes,188,InstructionDB,1001e75c,1001e761,SUB ECX,,,,,
0x1001E80F,0x100395E0,.data,1001e5d6,FID_conflict:__ld12tod,yes,239,InstructionDB,1001e80d,1001e812,MOV ESI,,,,,
0x1001E8F0,0x100395E4,.data,1001e5d6,FID_conflict:__ld12tod,yes,31a,InstructionDB,1001e8ee,1001e8f3,MOV ECX,,,,,
0x1001E988,0x100395E4,.data,1001e5d6,FID_conflict:__ld12tod,yes,3b2,InstructionDB,1001e986,1001e98b,MOV ECX,,,,,
0x1001E98E,0x100395D8,.data,1001e5d6,FID_conflict:__ld12tod,yes,3b8,InstructionDB,1001e98c,1001e991,CMP EBX,,,,,
0x1001EA2F,0x100395EC,.data,1001e5d6,FID_conflict:__ld12tod,yes,459,InstructionDB,1001ea2d,1001ea32,MOV EBX,,,,,
0x1001EA35,0x100395D8,.data,1001e5d6,FID_conflict:__ld12tod,yes,45f,InstructionDB,1001ea33,1001ea38,ADD EBX,,,,,
0x1001EA43,0x100395EC,.data,1001e5d6,FID_conflict:__ld12tod,yes,46d,InstructionDB,1001ea41,1001ea46,ADD EBX,,,,,
0x1001EADF,0x100395E4,.data,1001e5d6,FID_conflict:__ld12tod,yes,509,InstructionDB,1001eadd,1001eae2,SUB ECX,,,,,
0x1001EAF6,0x100395E8,.data,1001e5d6,FID_conflict:__ld12tod,yes,520,InstructionDB,1001eaf4,1001eaf9,MOV ECX,,,,,
0x1001EB30,0x10029490,.data,1001eb27,___strgtold12_l,yes,9,InstructionDB,1001eb2f,1001eb33,MOV EAX,,,,,
0x1001EBB3,0x1001F1D3,.text,1001eb27,___strgtold12_l,yes,8c,InstructionDB,1001ebb0,1001ebb6,JMP dword ptr [ECX*0x4 + 0x1001f1d3],,,,,switchdataD_1001f1d3
0x1001EE70,0x100396F8,.data,1001eb27,___strgtold12_l,yes,349,InstructionDB,1001ee6f,1001ee73,MOV ECX,,,,,
0x1001EE87,0x10039858,.data,1001eb27,___strgtold12_l,yes,360,InstructionDB,1001ee86,1001ee8a,MOV ECX,,,,,
0x1001F1D3,0x1001EBB7,.text,,,no,,DataDB,1001f1d3,1001f1d6,,switchdataD_1001f1d3,1001ebb0:READ@1001eb27:___strgtold12_l,1001eb27,___strgtold12_l,caseD_0
0x1001F1D7,0x1001EC09,.text,,,no,,DataDB,1001f1d7,1001f1da,,PTR_caseD_1_1001f1d7,1001ebb0:READ@1001eb27:___strgtold12_l,1001eb27,___strgtold12_l,caseD_1
0x1001F1DB,0x1001EC54,.text,,,no,,DataDB,1001f1db,1001f1de,,PTR_caseD_2_1001f1db,1001ebb0:READ@1001eb27:___strgtold12_l,1001eb27,___strgtold12_l,caseD_2
0x1001F1DF,0x1001EC85,.text,,,no,,DataDB,1001f1df,1001f1e2,,,,1001eb27,___strgtold12_l,caseD_3
0x1001F1E3,0x1001ECCA,.text,,,no,,DataDB,1001f1e3,1001f1e6,,,,1001eb27,___strgtold12_l,caseD_4
0x1001F1E7,0x1001ED02,.text,,,no,,DataDB,1001f1e7,1001f1ea,,,,1001eb27,___strgtold12_l,caseD_5
0x1001F1EB,0x1001ED16,.text,,,no,,DataDB,1001f1eb,1001f1ee,,,,1001eb27,___strgtold12_l,caseD_6
0x1001F1EF,0x1001ED6F,.text,,,no,,DataDB,1001f1ef,1001f1f2,,PTR_caseD_7_1001f1ef,1001ebb0:READ@1001eb27:___strgtold12_l,1001eb27,___strgtold12_l,caseD_7
0x1001F1F3,0x1001ED5A,.text,,,no,,DataDB,1001f1f3,1001f1f6,,PTR_caseD_8_1001f1f3,1001ebb0:READ@1001eb27:___strgtold12_l,1001eb27,___strgtold12_l,caseD_8
0x1001F1F7,0x1001EDD7,.text,,,no,,DataDB,1001f1f7,1001f1fa,,PTR_caseD_9_1001f1f7,1001ebb0:READ@1001eb27:___strgtold12_l,1001eb27,___strgtold12_l,caseD_9
0x1001F1FB,0x1001EDCC,.text,,,no,,DataDB,1001f1fb,1001f1fe,,,,1001eb27,___strgtold12_l,caseD_a
0x1001F1FF,0x1001ED7B,.text,,,no,,DataDB,1001f1ff,1001f202,,,,1001eb27,___strgtold12_l,caseD_b
0x1001F20C,0x10029490,.data,1001f203,$I10_OUTPUT,yes,9,InstructionDB,1001f20b,1001f20f,MOV EAX,,,,,
0x1001F2CE,0x10026218,.rdata,1001f203,$I10_OUTPUT,yes,cb,InstructionDB,1001f2cd,1001f2d1,PUSH 0x10026218,,,,,
0x1001F2F6,0x10026210,.rdata,1001f203,$I10_OUTPUT,yes,f3,InstructionDB,1001f2f5,1001f2f9,PUSH 0x10026210,,,,,
0x1001F306,0x10026208,.rdata,1001f203,$I10_OUTPUT,yes,103,InstructionDB,1001f305,1001f309,PUSH 0x10026208,,,,,
0x1001F323,0x10026200,.rdata,1001f203,$I10_OUTPUT,yes,120,InstructionDB,1001f322,1001f326,PUSH 0x10026200,,,,,
0x1001F374,0x100396F8,.data,1001f203,$I10_OUTPUT,yes,171,InstructionDB,1001f373,1001f377,MOV ECX,,,,,
0x1001F398,0x10039858,.data,1001f203,$I10_OUTPUT,yes,195,InstructionDB,1001f397,1001f39b,MOV EAX,,,,,
0x1001FD9F,0x1003C414,.data,1001fc29,__control87,yes,176,InstructionDB,1001fd9d,1001fda2,CMP dword ptr [0x1003c414],,,,,
0x10020161,0x1002206C,.rdata,1001ff3b,__raise_exc_ex,yes,226,InstructionDB,1002015f,10020164,CALL dword ptr [0x1002206c],,,,,
0x100202C7,0x100399C8,.data,1002023a,__handle_exc,yes,8d,InstructionDB,100202c5,100202ca,FLD double ptr [0x100399c8],,,,,
0x100202E2,0x100399C8,.data,1002023a,__handle_exc,yes,a8,InstructionDB,100202e0,100202e5,FLD double ptr [0x100399c8],,,,,
0x100202F8,0x100399C8,.data,1002023a,__handle_exc,yes,be,InstructionDB,100202f6,100202fb,FLD double ptr [0x100399c8],,,,,
0x1002030E,0x100399B8,.data,1002023a,__handle_exc,yes,d4,InstructionDB,1002030c,10020311,FLD double ptr [0x100399b8],,,,,
0x10020316,0x100399B8,.data,1002023a,__handle_exc,yes,dc,InstructionDB,10020314,10020319,FLD double ptr [0x100399b8],,,,,
0x10020383,0x10024F88,.rdata,1002023a,__handle_exc,yes,149,InstructionDB,10020381,10020386,FMUL double ptr [0x10024f88],,,,,
0x100204AB,0x100396DC,.data,1002049a,FUN_1002049a,yes,11,InstructionDB,100204a9,100204ae,FLD extended double ptr [0x100396dc],,,,,
0x100204BD,0x100396DC,.data,1002049a,FUN_1002049a,yes,23,InstructionDB,100204bb,100204c0,FLD extended double ptr [0x100396dc],,,,,
0x100204CF,0x100396E8,.data,1002049a,FUN_1002049a,yes,35,InstructionDB,100204cd,100204d2,FLD extended double ptr [0x100396e8],,,,,
0x100204F5,0x10028788,.rdata,100204f2,___set_fpsr_sse2,yes,3,InstructionDB,100204f4,100204f8,PUSH 0x10028788,,,,,
0x10020502,0x1003C414,.data,100204f2,___set_fpsr_sse2,yes,10,InstructionDB,10020500,10020505,CMP dword ptr [0x1003c414],,,,,
0x10020510,0x100396F4,.data,100204f2,___set_fpsr_sse2,yes,1e,InstructionDB,1002050e,10020513,CMP dword ptr [0x100396f4],,,,,
0x10020540,0x100396F4,.data,,,no,,DataDB,10020540,10020540,,,,,,
0x10020849,0x10028620,.rdata,,,no,,InstructionDB,10020848,1002084c,MOV EAX,,,,,
0x10020864,0x100286C0,.rdata,,,no,,InstructionDB,10020863,10020867,MOV EAX,,,,,
0x10020885,0x1003C25C,.data,10020870,FUN_10020870,yes,15,InstructionDB,10020884,10020888,MOV [0x1003c25c],,,,,
0x1002088C,0x1003C25C,.data,10020870,FUN_10020870,yes,1c,InstructionDB,1002088b,1002088f,MOV EAX,,,,,
0x10020891,0x10020A70,.text,10020870,FUN_10020870,yes,21,InstructionDB,10020890,10020894,PUSH 0x10020a70,,,10020a70,thunk_FUN_100013e0,thunk_FUN_100013e0
0x100208B8,0x10028608,.rdata,10020870,FUN_10020870,yes,48,InstructionDB,100208b7,100208bb,PUSH 0x10028608,,,,,
0x100208C3,0x10022250,.rdata,10020870,FUN_10020870,yes,53,InstructionDB,100208c0,100208c6,MOV dword ptr [EBP + -0x10],,,,,
0x100208D7,0x1003C3FC,.data,,,no,,InstructionDB,100208d5,100208da,TEST byte ptr [0x1003c3fc],,,,,
0x100208DF,0x1003C3FC,.data,,,no,,InstructionDB,100208dd,100208e2,OR dword ptr [0x1003c3fc],,,,,
0x100208E6,0x10020A80,.text,,,no,,InstructionDB,100208e5,100208e9,PUSH 0x10020a80,,,10020a80,thunk_FUN_10009580,thunk_FUN_10009580
0x100208EB,0x1003C3E8,.data,,,no,,InstructionDB,100208ea,100208ee,MOV [0x1003c3e8],,,,,
0x100208F0,0x1003C3EC,.data,,,no,,InstructionDB,100208ef,100208f3,MOV [0x1003c3ec],,,,,
0x100208FE,0x1003C38C,.data,,,no,,InstructionDB,100208fc,10020905,MOV dword ptr [0x1003c38c],,,,,
0x10020902,0x1003C3E8,.data,,,no,,InstructionDB,100208fc,10020905,MOV dword ptr [0x1003c38c],,,,,
0x10020911,0x10020A90,.text,,,no,,InstructionDB,10020910,10020914,PUSH 0x10020a90,,,10020a90,FUN_10020a90,FUN_10020a90
0x10020921,0x10020AF0,.text,,,no,,InstructionDB,10020920,10020924,PUSH 0x10020af0,,,10020af0,FUN_10020af0,FUN_10020af0
0x10020931,0x10020B50,.text,,,no,,InstructionDB,10020930,10020934,PUSH 0x10020b50,,,10020b50,FUN_10020b50,FUN_10020b50
0x10020941,0x10020BB0,.text,,,no,,InstructionDB,10020940,10020944,PUSH 0x10020bb0,,,10020bb0,FUN_10020bb0,FUN_10020bb0
0x10020951,0x10020C10,.text,,,no,,InstructionDB,10020950,10020954,PUSH 0x10020c10,,,10020c10,FUN_10020c10,FUN_10020c10
0x10020961,0x10020C70,.text,,,no,,InstructionDB,10020960,10020964,PUSH 0x10020c70,,,10020c70,FUN_10020c70,FUN_10020c70
0x10020971,0x10020CD0,.text,,,no,,InstructionDB,10020970,10020974,PUSH 0x10020cd0,,,10020cd0,FUN_10020cd0,FUN_10020cd0
0x10020981,0x10020D30,.text,,,no,,InstructionDB,10020980,10020984,PUSH 0x10020d30,,,10020d30,FUN_10020d30,FUN_10020d30
0x10020991,0x10020D90,.text,,,no,,InstructionDB,10020990,10020994,PUSH 0x10020d90,,,10020d90,FUN_10020d90,FUN_10020d90
0x100209A1,0x10020DF0,.text,,,no,,InstructionDB,100209a0,100209a4,PUSH 0x10020df0,,,10020df0,FUN_10020df0,FUN_10020df0
0x100209B1,0x10020E50,.text,,,no,,InstructionDB,100209b0,100209b4,PUSH 0x10020e50,,,10020e50,FUN_10020e50,FUN_10020e50
0x100209C1,0x10020EB0,.text,,,no,,InstructionDB,100209c0,100209c4,PUSH 0x10020eb0,,,10020eb0,FUN_10020eb0,FUN_10020eb0
0x100209D1,0x10020F10,.text,,,no,,InstructionDB,100209d0,100209d4,PUSH 0x10020f10,,,10020f10,FUN_10020f10,FUN_10020f10
0x100209E1,0x10020F70,.text,,,no,,InstructionDB,100209e0,100209e4,PUSH 0x10020f70,,,10020f70,FUN_10020f70,FUN_10020f70
0x100209F6,0x10020FD0,.text,,,no,,InstructionDB,100209f5,100209f9,PUSH 0x10020fd0,,,10020fd0,FUN_10020fd0,FUN_10020fd0
0x100209FC,0x1003C328,.data,,,no,,InstructionDB,100209fa,10020a03,MOV dword ptr [0x1003c328],,,,,
0x10020A00,0x10024C74,.rdata,,,no,,InstructionDB,100209fa,10020a03,MOV dword ptr [0x1003c328],,,,,
0x10020A11,0x10021030,.text,,,no,,InstructionDB,10020a10,10020a14,PUSH 0x10021030,,,10021030,FUN_10021030,FUN_10021030
0x10020A21,0x10021090,.text,,,no,,InstructionDB,10020a20,10020a24,PUSH 0x10021090,,,10021090,FUN_10021090,FUN_10021090
0x10020A31,0x100210F0,.text,,,no,,InstructionDB,10020a30,10020a34,PUSH 0x100210f0,,,100210f0,FUN_100210f0,FUN_100210f0
0x10020A41,0x10021150,.text,,,no,,InstructionDB,10020a40,10020a44,PUSH 0x10021150,,,10021150,FUN_10021150,FUN_10021150
0x10020A51,0x100211B0,.text,,,no,,InstructionDB,10020a50,10020a54,PUSH 0x100211b0,,,100211b0,FUN_100211b0,FUN_100211b0
0x10020A61,0x10021210,.text,,,no,,InstructionDB,10020a60,10020a64,PUSH 0x10021210,,,10021210,FUN_10021210,FUN_10021210
0x10020A91,0x100375C8,.data,10020a90,FUN_10020a90,yes,1,InstructionDB,10020a90,10020a94,MOV EAX,,,,,
0x10020A9A,0x100375A0,.data,10020a90,FUN_10020a90,yes,a,InstructionDB,10020a98,10020aa1,MOV dword ptr [0x100375a0],,,,,
0x10020A9E,0x10024C98,.rdata,10020a90,FUN_10020a90,yes,e,InstructionDB,10020a98,10020aa1,MOV dword ptr [0x100375a0],,,,,
0x10020AB0,0x100375B8,.data,10020a90,FUN_10020a90,yes,20,InstructionDB,10020aaf,10020ab3,MOV EAX,,,,,
0x10020AB6,0x100375C8,.data,10020a90,FUN_10020a90,yes,26,InstructionDB,10020ab4,10020ab9,MOV dword ptr [0x100375c8],,,,,
0x10020ABC,0x100375CC,.data,10020a90,FUN_10020a90,yes,2c,InstructionDB,10020aba,10020abf,MOV dword ptr [0x100375cc],,,,,
0x10020AC2,0x100375D0,.data,10020a90,FUN_10020a90,yes,32,InstructionDB,10020ac0,10020ac5,MOV dword ptr [0x100375d0],,,,,
0x10020AD5,0x100375B8,.data,10020a90,FUN_10020a90,yes,45,InstructionDB,10020ad3,10020ad8,MOV dword ptr [0x100375b8],,,,,
0x10020ADB,0x100375BC,.data,10020a90,FUN_10020a90,yes,4b,InstructionDB,10020ad9,10020ade,MOV dword ptr [0x100375bc],,,,,
0x10020AE1,0x100375C0,.data,10020a90,FUN_10020a90,yes,51,InstructionDB,10020adf,10020ae4,MOV dword ptr [0x100375c0],,,,,
0x10020AF1,0x10037600,.data,10020af0,FUN_10020af0,yes,1,InstructionDB,10020af0,10020af4,MOV EAX,,,,,
0x10020AFA,0x100375D8,.data,10020af0,FUN_10020af0,yes,a,InstructionDB,10020af8,10020b01,MOV dword ptr [0x100375d8],,,,,
0x10020AFE,0x10024CB0,.rdata,10020af0,FUN_10020af0,yes,e,InstructionDB,10020af8,10020b01,MOV dword ptr [0x100375d8],,,,,
0x10020B10,0x100375F0,.data,10020af0,FUN_10020af0,yes,20,InstructionDB,10020b0f,10020b13,MOV EAX,,,,,
0x10020B16,0x10037600,.data,10020af0,FUN_10020af0,yes,26,InstructionDB,10020b14,10020b19,MOV dword ptr [0x10037600],,,,,
0x10020B1C,0x10037604,.data,10020af0,FUN_10020af0,yes,2c,InstructionDB,10020b1a,10020b1f,MOV dword ptr [0x10037604],,,,,
0x10020B22,0x10037608,.data,10020af0,FUN_10020af0,yes,32,InstructionDB,10020b20,10020b25,MOV dword ptr [0x10037608],,,,,
0x10020B35,0x100375F0,.data,10020af0,FUN_10020af0,yes,45,InstructionDB,10020b33,10020b38,MOV dword ptr [0x100375f0],,,,,
0x10020B3B,0x100375F4,.data,10020af0,FUN_10020af0,yes,4b,InstructionDB,10020b39,10020b3e,MOV dword ptr [0x100375f4],,,,,
0x10020B41,0x100375F8,.data,10020af0,FUN_10020af0,yes,51,InstructionDB,10020b3f,10020b44,MOV dword ptr [0x100375f8],,,,,
0x10020B51,0x10037638,.data,10020b50,FUN_10020b50,yes,1,InstructionDB,10020b50,10020b54,MOV EAX,,,,,
0x10020B5A,0x10037610,.data,10020b50,FUN_10020b50,yes,a,InstructionDB,10020b58,10020b61,MOV dword ptr [0x10037610],,,,,
0x10020B5E,0x10024CC8,.rdata,10020b50,FUN_10020b50,yes,e,InstructionDB,10020b58,10020b61,MOV dword ptr [0x10037610],,,,,
0x10020B70,0x10037628,.data,10020b50,FUN_10020b50,yes,20,InstructionDB,10020b6f,10020b73,MOV EAX,,,,,
0x10020B76,0x10037638,.data,10020b50,FUN_10020b50,yes,26,InstructionDB,10020b74,10020b79,MOV dword ptr [0x10037638],,,,,
0x10020B7C,0x1003763C,.data,10020b50,FUN_10020b50,yes,2c,InstructionDB,10020b7a,10020b7f,MOV dword ptr [0x1003763c],,,,,
0x10020B82,0x10037640,.data,10020b50,FUN_10020b50,yes,32,InstructionDB,10020b80,10020b85,MOV dword ptr [0x10037640],,,,,
0x10020B95,0x10037628,.data,10020b50,FUN_10020b50,yes,45,InstructionDB,10020b93,10020b98,MOV dword ptr [0x10037628],,,,,
0x10020B9B,0x1003762C,.data,10020b50,FUN_10020b50,yes,4b,InstructionDB,10020b99,10020b9e,MOV dword ptr [0x1003762c],,,,,
0x10020BA1,0x10037630,.data,10020b50,FUN_10020b50,yes,51,InstructionDB,10020b9f,10020ba4,MOV dword ptr [0x10037630],,,,,
0x10020BB1,0x10037670,.data,10020bb0,FUN_10020bb0,yes,1,InstructionDB,10020bb0,10020bb4,MOV EAX,,,,,
0x10020BBA,0x10037648,.data,10020bb0,FUN_10020bb0,yes,a,InstructionDB,10020bb8,10020bc1,MOV dword ptr [0x10037648],,,,,
0x10020BBE,0x10024CE0,.rdata,10020bb0,FUN_10020bb0,yes,e,InstructionDB,10020bb8,10020bc1,MOV dword ptr [0x10037648],,,,,
0x10020BD0,0x10037660,.data,10020bb0,FUN_10020bb0,yes,20,InstructionDB,10020bcf,10020bd3,MOV EAX,,,,,
0x10020BD6,0x10037670,.data,10020bb0,FUN_10020bb0,yes,26,InstructionDB,10020bd4,10020bd9,MOV dword ptr [0x10037670],,,,,
0x10020BDC,0x10037674,.data,10020bb0,FUN_10020bb0,yes,2c,InstructionDB,10020bda,10020bdf,MOV dword ptr [0x10037674],,,,,
0x10020BE2,0x10037678,.data,10020bb0,FUN_10020bb0,yes,32,InstructionDB,10020be0,10020be5,MOV dword ptr [0x10037678],,,,,
0x10020BF5,0x10037660,.data,10020bb0,FUN_10020bb0,yes,45,InstructionDB,10020bf3,10020bf8,MOV dword ptr [0x10037660],,,,,
0x10020BFB,0x10037664,.data,10020bb0,FUN_10020bb0,yes,4b,InstructionDB,10020bf9,10020bfe,MOV dword ptr [0x10037664],,,,,
0x10020C01,0x10037668,.data,10020bb0,FUN_10020bb0,yes,51,InstructionDB,10020bff,10020c04,MOV dword ptr [0x10037668],,,,,
0x10020C11,0x100376A8,.data,10020c10,FUN_10020c10,yes,1,InstructionDB,10020c10,10020c14,MOV EAX,,,,,
0x10020C1A,0x10037680,.data,10020c10,FUN_10020c10,yes,a,InstructionDB,10020c18,10020c21,MOV dword ptr [0x10037680],,,,,
0x10020C1E,0x10024CF8,.rdata,10020c10,FUN_10020c10,yes,e,InstructionDB,10020c18,10020c21,MOV dword ptr [0x10037680],,,,,
0x10020C30,0x10037698,.data,10020c10,FUN_10020c10,yes,20,InstructionDB,10020c2f,10020c33,MOV EAX,,,,,
0x10020C36,0x100376A8,.data,10020c10,FUN_10020c10,yes,26,InstructionDB,10020c34,10020c39,MOV dword ptr [0x100376a8],,,,,
0x10020C3C,0x100376AC,.data,10020c10,FUN_10020c10,yes,2c,InstructionDB,10020c3a,10020c3f,MOV dword ptr [0x100376ac],,,,,
0x10020C42,0x100376B0,.data,10020c10,FUN_10020c10,yes,32,InstructionDB,10020c40,10020c45,MOV dword ptr [0x100376b0],,,,,
0x10020C55,0x10037698,.data,10020c10,FUN_10020c10,yes,45,InstructionDB,10020c53,10020c58,MOV dword ptr [0x10037698],,,,,
0x10020C5B,0x1003769C,.data,10020c10,FUN_10020c10,yes,4b,InstructionDB,10020c59,10020c5e,MOV dword ptr [0x1003769c],,,,,
0x10020C61,0x100376A0,.data,10020c10,FUN_10020c10,yes,51,InstructionDB,10020c5f,10020c64,MOV dword ptr [0x100376a0],,,,,
0x10020C71,0x100376E0,.data,10020c70,FUN_10020c70,yes,1,InstructionDB,10020c70,10020c74,MOV EAX,,,,,
0x10020C7A,0x100376B8,.data,10020c70,FUN_10020c70,yes,a,InstructionDB,10020c78,10020c81,MOV dword ptr [0x100376b8],,,,,
0x10020C7E,0x10024D10,.rdata,10020c70,FUN_10020c70,yes,e,InstructionDB,10020c78,10020c81,MOV dword ptr [0x100376b8],,,,,
0x10020C90,0x100376D0,.data,10020c70,FUN_10020c70,yes,20,InstructionDB,10020c8f,10020c93,MOV EAX,,,,,
0x10020C96,0x100376E0,.data,10020c70,FUN_10020c70,yes,26,InstructionDB,10020c94,10020c99,MOV dword ptr [0x100376e0],,,,,
0x10020C9C,0x100376E4,.data,10020c70,FUN_10020c70,yes,2c,InstructionDB,10020c9a,10020c9f,MOV dword ptr [0x100376e4],,,,,
0x10020CA2,0x100376E8,.data,10020c70,FUN_10020c70,yes,32,InstructionDB,10020ca0,10020ca5,MOV dword ptr [0x100376e8],,,,,
0x10020CB5,0x100376D0,.data,10020c70,FUN_10020c70,yes,45,InstructionDB,10020cb3,10020cb8,MOV dword ptr [0x100376d0],,,,,
0x10020CBB,0x100376D4,.data,10020c70,FUN_10020c70,yes,4b,InstructionDB,10020cb9,10020cbe,MOV dword ptr [0x100376d4],,,,,
0x10020CC1,0x100376D8,.data,10020c70,FUN_10020c70,yes,51,InstructionDB,10020cbf,10020cc4,MOV dword ptr [0x100376d8],,,,,
0x10020CD1,0x10037718,.data,10020cd0,FUN_10020cd0,yes,1,InstructionDB,10020cd0,10020cd4,MOV EAX,,,,,
0x10020CDA,0x100376F0,.data,10020cd0,FUN_10020cd0,yes,a,InstructionDB,10020cd8,10020ce1,MOV dword ptr [0x100376f0],,,,,
0x10020CDE,0x10024D28,.rdata,10020cd0,FUN_10020cd0,yes,e,InstructionDB,10020cd8,10020ce1,MOV dword ptr [0x100376f0],,,,,
0x10020CF0,0x10037708,.data,10020cd0,FUN_10020cd0,yes,20,InstructionDB,10020cef,10020cf3,MOV EAX,,,,,
0x10020CF6,0x10037718,.data,10020cd0,FUN_10020cd0,yes,26,InstructionDB,10020cf4,10020cf9,MOV dword ptr [0x10037718],,,,,
0x10020CFC,0x1003771C,.data,10020cd0,FUN_10020cd0,yes,2c,InstructionDB,10020cfa,10020cff,MOV dword ptr [0x1003771c],,,,,
0x10020D02,0x10037720,.data,10020cd0,FUN_10020cd0,yes,32,InstructionDB,10020d00,10020d05,MOV dword ptr [0x10037720],,,,,
0x10020D15,0x10037708,.data,10020cd0,FUN_10020cd0,yes,45,InstructionDB,10020d13,10020d18,MOV dword ptr [0x10037708],,,,,
0x10020D1B,0x1003770C,.data,10020cd0,FUN_10020cd0,yes,4b,InstructionDB,10020d19,10020d1e,MOV dword ptr [0x1003770c],,,,,
0x10020D21,0x10037710,.data,10020cd0,FUN_10020cd0,yes,51,InstructionDB,10020d1f,10020d24,MOV dword ptr [0x10037710],,,,,
0x10020D31,0x10037750,.data,10020d30,FUN_10020d30,yes,1,InstructionDB,10020d30,10020d34,MOV EAX,,,,,
0x10020D3A,0x10037728,.data,10020d30,FUN_10020d30,yes,a,InstructionDB,10020d38,10020d41,MOV dword ptr [0x10037728],,,,,
0x10020D3E,0x10024D40,.rdata,10020d30,FUN_10020d30,yes,e,InstructionDB,10020d38,10020d41,MOV dword ptr [0x10037728],,,,,
0x10020D50,0x10037740,.data,10020d30,FUN_10020d30,yes,20,InstructionDB,10020d4f,10020d53,MOV EAX,,,,,
0x10020D56,0x10037750,.data,10020d30,FUN_10020d30,yes,26,InstructionDB,10020d54,10020d59,MOV dword ptr [0x10037750],,,,,
0x10020D5C,0x10037754,.data,10020d30,FUN_10020d30,yes,2c,InstructionDB,10020d5a,10020d5f,MOV dword ptr [0x10037754],,,,,
0x10020D62,0x10037758,.data,10020d30,FUN_10020d30,yes,32,InstructionDB,10020d60,10020d65,MOV dword ptr [0x10037758],,,,,
0x10020D75,0x10037740,.data,10020d30,FUN_10020d30,yes,45,InstructionDB,10020d73,10020d78,MOV dword ptr [0x10037740],,,,,
0x10020D7B,0x10037744,.data,10020d30,FUN_10020d30,yes,4b,InstructionDB,10020d79,10020d7e,MOV dword ptr [0x10037744],,,,,
0x10020D81,0x10037748,.data,10020d30,FUN_10020d30,yes,51,InstructionDB,10020d7f,10020d84,MOV dword ptr [0x10037748],,,,,
0x10020D91,0x10037788,.data,10020d90,FUN_10020d90,yes,1,InstructionDB,10020d90,10020d94,MOV EAX,,,,,
0x10020D9A,0x10037760,.data,10020d90,FUN_10020d90,yes,a,InstructionDB,10020d98,10020da1,MOV dword ptr [0x10037760],,,,,
0x10020D9E,0x10024D58,.rdata,10020d90,FUN_10020d90,yes,e,InstructionDB,10020d98,10020da1,MOV dword ptr [0x10037760],,,,,
0x10020DB0,0x10037778,.data,10020d90,FUN_10020d90,yes,20,InstructionDB,10020daf,10020db3,MOV EAX,,,,,
0x10020DB6,0x10037788,.data,10020d90,FUN_10020d90,yes,26,InstructionDB,10020db4,10020db9,MOV dword ptr [0x10037788],,,,,
0x10020DBC,0x1003778C,.data,10020d90,FUN_10020d90,yes,2c,InstructionDB,10020dba,10020dbf,MOV dword ptr [0x1003778c],,,,,
0x10020DC2,0x10037790,.data,10020d90,FUN_10020d90,yes,32,InstructionDB,10020dc0,10020dc5,MOV dword ptr [0x10037790],,,,,
0x10020DD5,0x10037778,.data,10020d90,FUN_10020d90,yes,45,InstructionDB,10020dd3,10020dd8,MOV dword ptr [0x10037778],,,,,
0x10020DDB,0x1003777C,.data,10020d90,FUN_10020d90,yes,4b,InstructionDB,10020dd9,10020dde,MOV dword ptr [0x1003777c],,,,,
0x10020DE1,0x10037780,.data,10020d90,FUN_10020d90,yes,51,InstructionDB,10020ddf,10020de4,MOV dword ptr [0x10037780],,,,,
0x10020DF1,0x100377C0,.data,10020df0,FUN_10020df0,yes,1,InstructionDB,10020df0,10020df4,MOV EAX,,,,,
0x10020DFA,0x10037798,.data,10020df0,FUN_10020df0,yes,a,InstructionDB,10020df8,10020e01,MOV dword ptr [0x10037798],,,,,
0x10020DFE,0x10024D70,.rdata,10020df0,FUN_10020df0,yes,e,InstructionDB,10020df8,10020e01,MOV dword ptr [0x10037798],,,,,
0x10020E10,0x100377B0,.data,10020df0,FUN_10020df0,yes,20,InstructionDB,10020e0f,10020e13,MOV EAX,,,,,
0x10020E16,0x100377C0,.data,10020df0,FUN_10020df0,yes,26,InstructionDB,10020e14,10020e19,MOV dword ptr [0x100377c0],,,,,
0x10020E1C,0x100377C4,.data,10020df0,FUN_10020df0,yes,2c,InstructionDB,10020e1a,10020e1f,MOV dword ptr [0x100377c4],,,,,
0x10020E22,0x100377C8,.data,10020df0,FUN_10020df0,yes,32,InstructionDB,10020e20,10020e25,MOV dword ptr [0x100377c8],,,,,
0x10020E35,0x100377B0,.data,10020df0,FUN_10020df0,yes,45,InstructionDB,10020e33,10020e38,MOV dword ptr [0x100377b0],,,,,
0x10020E3B,0x100377B4,.data,10020df0,FUN_10020df0,yes,4b,InstructionDB,10020e39,10020e3e,MOV dword ptr [0x100377b4],,,,,
0x10020E41,0x100377B8,.data,10020df0,FUN_10020df0,yes,51,InstructionDB,10020e3f,10020e44,MOV dword ptr [0x100377b8],,,,,
0x10020E51,0x100377F8,.data,10020e50,FUN_10020e50,yes,1,InstructionDB,10020e50,10020e54,MOV EAX,,,,,
0x10020E5A,0x100377D0,.data,10020e50,FUN_10020e50,yes,a,InstructionDB,10020e58,10020e61,MOV dword ptr [0x100377d0],,,,,
0x10020E5E,0x10024D88,.rdata,10020e50,FUN_10020e50,yes,e,InstructionDB,10020e58,10020e61,MOV dword ptr [0x100377d0],,,,,
0x10020E70,0x100377E8,.data,10020e50,FUN_10020e50,yes,20,InstructionDB,10020e6f,10020e73,MOV EAX,,,,,
0x10020E76,0x100377F8,.data,10020e50,FUN_10020e50,yes,26,InstructionDB,10020e74,10020e79,MOV dword ptr [0x100377f8],,,,,
0x10020E7C,0x100377FC,.data,10020e50,FUN_10020e50,yes,2c,InstructionDB,10020e7a,10020e7f,MOV dword ptr [0x100377fc],,,,,
0x10020E82,0x10037800,.data,10020e50,FUN_10020e50,yes,32,InstructionDB,10020e80,10020e85,MOV dword ptr [0x10037800],,,,,
0x10020E95,0x100377E8,.data,10020e50,FUN_10020e50,yes,45,InstructionDB,10020e93,10020e98,MOV dword ptr [0x100377e8],,,,,
0x10020E9B,0x100377EC,.data,10020e50,FUN_10020e50,yes,4b,InstructionDB,10020e99,10020e9e,MOV dword ptr [0x100377ec],,,,,
0x10020EA1,0x100377F0,.data,10020e50,FUN_10020e50,yes,51,InstructionDB,10020e9f,10020ea4,MOV dword ptr [0x100377f0],,,,,
0x10020EB1,0x10037830,.data,10020eb0,FUN_10020eb0,yes,1,InstructionDB,10020eb0,10020eb4,MOV EAX,,,,,
0x10020EBA,0x10037808,.data,10020eb0,FUN_10020eb0,yes,a,InstructionDB,10020eb8,10020ec1,MOV dword ptr [0x10037808],,,,,
0x10020EBE,0x10024DA0,.rdata,10020eb0,FUN_10020eb0,yes,e,InstructionDB,10020eb8,10020ec1,MOV dword ptr [0x10037808],,,,,
0x10020ED0,0x10037820,.data,10020eb0,FUN_10020eb0,yes,20,InstructionDB,10020ecf,10020ed3,MOV EAX,,,,,
0x10020ED6,0x10037830,.data,10020eb0,FUN_10020eb0,yes,26,InstructionDB,10020ed4,10020ed9,MOV dword ptr [0x10037830],,,,,
0x10020EDC,0x10037834,.data,10020eb0,FUN_10020eb0,yes,2c,InstructionDB,10020eda,10020edf,MOV dword ptr [0x10037834],,,,,
0x10020EE2,0x10037838,.data,10020eb0,FUN_10020eb0,yes,32,InstructionDB,10020ee0,10020ee5,MOV dword ptr [0x10037838],,,,,
0x10020EF5,0x10037820,.data,10020eb0,FUN_10020eb0,yes,45,InstructionDB,10020ef3,10020ef8,MOV dword ptr [0x10037820],,,,,
0x10020EFB,0x10037824,.data,10020eb0,FUN_10020eb0,yes,4b,InstructionDB,10020ef9,10020efe,MOV dword ptr [0x10037824],,,,,
0x10020F01,0x10037828,.data,10020eb0,FUN_10020eb0,yes,51,InstructionDB,10020eff,10020f04,MOV dword ptr [0x10037828],,,,,
0x10020F11,0x10037868,.data,10020f10,FUN_10020f10,yes,1,InstructionDB,10020f10,10020f14,MOV EAX,,,,,
0x10020F1A,0x10037840,.data,10020f10,FUN_10020f10,yes,a,InstructionDB,10020f18,10020f21,MOV dword ptr [0x10037840],,,,,
0x10020F1E,0x10024DB8,.rdata,10020f10,FUN_10020f10,yes,e,InstructionDB,10020f18,10020f21,MOV dword ptr [0x10037840],,,,,
0x10020F30,0x10037858,.data,10020f10,FUN_10020f10,yes,20,InstructionDB,10020f2f,10020f33,MOV EAX,,,,,
0x10020F36,0x10037868,.data,10020f10,FUN_10020f10,yes,26,InstructionDB,10020f34,10020f39,MOV dword ptr [0x10037868],,,,,
0x10020F3C,0x1003786C,.data,10020f10,FUN_10020f10,yes,2c,InstructionDB,10020f3a,10020f3f,MOV dword ptr [0x1003786c],,,,,
0x10020F42,0x10037870,.data,10020f10,FUN_10020f10,yes,32,InstructionDB,10020f40,10020f45,MOV dword ptr [0x10037870],,,,,
0x10020F55,0x10037858,.data,10020f10,FUN_10020f10,yes,45,InstructionDB,10020f53,10020f58,MOV dword ptr [0x10037858],,,,,
0x10020F5B,0x1003785C,.data,10020f10,FUN_10020f10,yes,4b,InstructionDB,10020f59,10020f5e,MOV dword ptr [0x1003785c],,,,,
0x10020F61,0x10037860,.data,10020f10,FUN_10020f10,yes,51,InstructionDB,10020f5f,10020f64,MOV dword ptr [0x10037860],,,,,
0x10020F71,0x100378A0,.data,10020f70,FUN_10020f70,yes,1,InstructionDB,10020f70,10020f74,MOV EAX,,,,,
0x10020F7A,0x10037878,.data,10020f70,FUN_10020f70,yes,a,InstructionDB,10020f78,10020f81,MOV dword ptr [0x10037878],,,,,
0x10020F7E,0x10024DD0,.rdata,10020f70,FUN_10020f70,yes,e,InstructionDB,10020f78,10020f81,MOV dword ptr [0x10037878],,,,,
0x10020F90,0x10037890,.data,10020f70,FUN_10020f70,yes,20,InstructionDB,10020f8f,10020f93,MOV EAX,,,,,
0x10020F96,0x100378A0,.data,10020f70,FUN_10020f70,yes,26,InstructionDB,10020f94,10020f99,MOV dword ptr [0x100378a0],,,,,
0x10020F9C,0x100378A4,.data,10020f70,FUN_10020f70,yes,2c,InstructionDB,10020f9a,10020f9f,MOV dword ptr [0x100378a4],,,,,
0x10020FA2,0x100378A8,.data,10020f70,FUN_10020f70,yes,32,InstructionDB,10020fa0,10020fa5,MOV dword ptr [0x100378a8],,,,,
0x10020FB5,0x10037890,.data,10020f70,FUN_10020f70,yes,45,InstructionDB,10020fb3,10020fb8,MOV dword ptr [0x10037890],,,,,
0x10020FBB,0x10037894,.data,10020f70,FUN_10020f70,yes,4b,InstructionDB,10020fb9,10020fbe,MOV dword ptr [0x10037894],,,,,
0x10020FC1,0x10037898,.data,10020f70,FUN_10020f70,yes,51,InstructionDB,10020fbf,10020fc4,MOV dword ptr [0x10037898],,,,,
0x10020FD1,0x1003C37C,.data,10020fd0,FUN_10020fd0,yes,1,InstructionDB,10020fd0,10020fd4,MOV EAX,,,,,
0x10020FDA,0x1003C328,.data,10020fd0,FUN_10020fd0,yes,a,InstructionDB,10020fd8,10020fe1,MOV dword ptr [0x1003c328],,,,,
0x10020FDE,0x10024C80,.rdata,10020fd0,FUN_10020fd0,yes,e,InstructionDB,10020fd8,10020fe1,MOV dword ptr [0x1003c328],,,,,
0x10020FF0,0x1003C36C,.data,10020fd0,FUN_10020fd0,yes,20,InstructionDB,10020fef,10020ff3,MOV EAX,,,,,
0x10020FF6,0x1003C37C,.data,10020fd0,FUN_10020fd0,yes,26,InstructionDB,10020ff4,10020ff9,MOV dword ptr [0x1003c37c],,,,,
0x10020FFC,0x1003C380,.data,10020fd0,FUN_10020fd0,yes,2c,InstructionDB,10020ffa,10020fff,MOV dword ptr [0x1003c380],,,,,
0x10021002,0x1003C384,.data,10020fd0,FUN_10020fd0,yes,32,InstructionDB,10021000,10021005,MOV dword ptr [0x1003c384],,,,,
0x10021015,0x1003C36C,.data,10020fd0,FUN_10020fd0,yes,45,InstructionDB,10021013,10021018,MOV dword ptr [0x1003c36c],,,,,
0x1002101B,0x1003C370,.data,10020fd0,FUN_10020fd0,yes,4b,InstructionDB,10021019,1002101e,MOV dword ptr [0x1003c370],,,,,
0x10021021,0x1003C374,.data,10020fd0,FUN_10020fd0,yes,51,InstructionDB,1002101f,10021024,MOV dword ptr [0x1003c374],,,,,
0x10021031,0x100378D8,.data,10021030,FUN_10021030,yes,1,InstructionDB,10021030,10021034,MOV EAX,,,,,
0x1002103A,0x100378B0,.data,10021030,FUN_10021030,yes,a,InstructionDB,10021038,10021041,MOV dword ptr [0x100378b0],,,,,
0x1002103E,0x10024DE8,.rdata,10021030,FUN_10021030,yes,e,InstructionDB,10021038,10021041,MOV dword ptr [0x100378b0],,,,,
0x10021050,0x100378C8,.data,10021030,FUN_10021030,yes,20,InstructionDB,1002104f,10021053,MOV EAX,,,,,
0x10021056,0x100378D8,.data,10021030,FUN_10021030,yes,26,InstructionDB,10021054,10021059,MOV dword ptr [0x100378d8],,,,,
0x1002105C,0x100378DC,.data,10021030,FUN_10021030,yes,2c,InstructionDB,1002105a,1002105f,MOV dword ptr [0x100378dc],,,,,
0x10021062,0x100378E0,.data,10021030,FUN_10021030,yes,32,InstructionDB,10021060,10021065,MOV dword ptr [0x100378e0],,,,,
0x10021075,0x100378C8,.data,10021030,FUN_10021030,yes,45,InstructionDB,10021073,10021078,MOV dword ptr [0x100378c8],,,,,
0x1002107B,0x100378CC,.data,10021030,FUN_10021030,yes,4b,InstructionDB,10021079,1002107e,MOV dword ptr [0x100378cc],,,,,
0x10021081,0x100378D0,.data,10021030,FUN_10021030,yes,51,InstructionDB,1002107f,10021084,MOV dword ptr [0x100378d0],,,,,
0x10021091,0x10037910,.data,10021090,FUN_10021090,yes,1,InstructionDB,10021090,10021094,MOV EAX,,,,,
0x1002109A,0x100378E8,.data,10021090,FUN_10021090,yes,a,InstructionDB,10021098,100210a1,MOV dword ptr [0x100378e8],,,,,
0x1002109E,0x10024E00,.rdata,10021090,FUN_10021090,yes,e,InstructionDB,10021098,100210a1,MOV dword ptr [0x100378e8],,,,,
0x100210B0,0x10037900,.data,10021090,FUN_10021090,yes,20,InstructionDB,100210af,100210b3,MOV EAX,,,,,
0x100210B6,0x10037910,.data,10021090,FUN_10021090,yes,26,InstructionDB,100210b4,100210b9,MOV dword ptr [0x10037910],,,,,
0x100210BC,0x10037914,.data,10021090,FUN_10021090,yes,2c,InstructionDB,100210ba,100210bf,MOV dword ptr [0x10037914],,,,,
0x100210C2,0x10037918,.data,10021090,FUN_10021090,yes,32,InstructionDB,100210c0,100210c5,MOV dword ptr [0x10037918],,,,,
0x100210D5,0x10037900,.data,10021090,FUN_10021090,yes,45,InstructionDB,100210d3,100210d8,MOV dword ptr [0x10037900],,,,,
0x100210DB,0x10037904,.data,10021090,FUN_10021090,yes,4b,InstructionDB,100210d9,100210de,MOV dword ptr [0x10037904],,,,,
0x100210E1,0x10037908,.data,10021090,FUN_10021090,yes,51,InstructionDB,100210df,100210e4,MOV dword ptr [0x10037908],,,,,
0x100210F1,0x10037948,.data,100210f0,FUN_100210f0,yes,1,InstructionDB,100210f0,100210f4,MOV EAX,,,,,
0x100210FA,0x10037920,.data,100210f0,FUN_100210f0,yes,a,InstructionDB,100210f8,10021101,MOV dword ptr [0x10037920],,,,,
0x100210FE,0x10024E18,.rdata,100210f0,FUN_100210f0,yes,e,InstructionDB,100210f8,10021101,MOV dword ptr [0x10037920],,,,,
0x10021110,0x10037938,.data,100210f0,FUN_100210f0,yes,20,InstructionDB,1002110f,10021113,MOV EAX,,,,,
0x10021116,0x10037948,.data,100210f0,FUN_100210f0,yes,26,InstructionDB,10021114,10021119,MOV dword ptr [0x10037948],,,,,
0x1002111C,0x1003794C,.data,100210f0,FUN_100210f0,yes,2c,InstructionDB,1002111a,1002111f,MOV dword ptr [0x1003794c],,,,,
0x10021122,0x10037950,.data,100210f0,FUN_100210f0,yes,32,InstructionDB,10021120,10021125,MOV dword ptr [0x10037950],,,,,
0x10021135,0x10037938,.data,100210f0,FUN_100210f0,yes,45,InstructionDB,10021133,10021138,MOV dword ptr [0x10037938],,,,,
0x1002113B,0x1003793C,.data,100210f0,FUN_100210f0,yes,4b,InstructionDB,10021139,1002113e,MOV dword ptr [0x1003793c],,,,,
0x10021141,0x10037940,.data,100210f0,FUN_100210f0,yes,51,InstructionDB,1002113f,10021144,MOV dword ptr [0x10037940],,,,,
0x10021151,0x10037980,.data,10021150,FUN_10021150,yes,1,InstructionDB,10021150,10021154,MOV EAX,,,,,
0x1002115A,0x10037958,.data,10021150,FUN_10021150,yes,a,InstructionDB,10021158,10021161,MOV dword ptr [0x10037958],,,,,
0x1002115E,0x10024E30,.rdata,10021150,FUN_10021150,yes,e,InstructionDB,10021158,10021161,MOV dword ptr [0x10037958],,,,,
0x10021170,0x10037970,.data,10021150,FUN_10021150,yes,20,InstructionDB,1002116f,10021173,MOV EAX,,,,,
0x10021176,0x10037980,.data,10021150,FUN_10021150,yes,26,InstructionDB,10021174,10021179,MOV dword ptr [0x10037980],,,,,
0x1002117C,0x10037984,.data,10021150,FUN_10021150,yes,2c,InstructionDB,1002117a,1002117f,MOV dword ptr [0x10037984],,,,,
0x10021182,0x10037988,.data,10021150,FUN_10021150,yes,32,InstructionDB,10021180,10021185,MOV dword ptr [0x10037988],,,,,
0x10021195,0x10037970,.data,10021150,FUN_10021150,yes,45,InstructionDB,10021193,10021198,MOV dword ptr [0x10037970],,,,,
0x1002119B,0x10037974,.data,10021150,FUN_10021150,yes,4b,InstructionDB,10021199,1002119e,MOV dword ptr [0x10037974],,,,,
0x100211A1,0x10037978,.data,10021150,FUN_10021150,yes,51,InstructionDB,1002119f,100211a4,MOV dword ptr [0x10037978],,,,,
0x100211B1,0x100379B8,.data,100211b0,FUN_100211b0,yes,1,InstructionDB,100211b0,100211b4,MOV EAX,,,,,
0x100211BA,0x10037990,.data,100211b0,FUN_100211b0,yes,a,InstructionDB,100211b8,100211c1,MOV dword ptr [0x10037990],,,,,
0x100211BE,0x10024E48,.rdata,100211b0,FUN_100211b0,yes,e,InstructionDB,100211b8,100211c1,MOV dword ptr [0x10037990],,,,,
0x100211D0,0x100379A8,.data,100211b0,FUN_100211b0,yes,20,InstructionDB,100211cf,100211d3,MOV EAX,,,,,
0x100211D6,0x100379B8,.data,100211b0,FUN_100211b0,yes,26,InstructionDB,100211d4,100211d9,MOV dword ptr [0x100379b8],,,,,
0x100211DC,0x100379BC,.data,100211b0,FUN_100211b0,yes,2c,InstructionDB,100211da,100211df,MOV dword ptr [0x100379bc],,,,,
0x100211E2,0x100379C0,.data,100211b0,FUN_100211b0,yes,32,InstructionDB,100211e0,100211e5,MOV dword ptr [0x100379c0],,,,,
0x100211F5,0x100379A8,.data,100211b0,FUN_100211b0,yes,45,InstructionDB,100211f3,100211f8,MOV dword ptr [0x100379a8],,,,,
0x100211FB,0x100379AC,.data,100211b0,FUN_100211b0,yes,4b,InstructionDB,100211f9,100211fe,MOV dword ptr [0x100379ac],,,,,
0x10021201,0x100379B0,.data,100211b0,FUN_100211b0,yes,51,InstructionDB,100211ff,10021204,MOV dword ptr [0x100379b0],,,,,
0x10021211,0x100379F0,.data,10021210,FUN_10021210,yes,1,InstructionDB,10021210,10021214,MOV EAX,,,,,
0x1002121A,0x100379C8,.data,10021210,FUN_10021210,yes,a,InstructionDB,10021218,10021221,MOV dword ptr [0x100379c8],,,,,
0x1002121E,0x10024E60,.rdata,10021210,FUN_10021210,yes,e,InstructionDB,10021218,10021221,MOV dword ptr [0x100379c8],,,,,
0x10021230,0x100379E0,.data,10021210,FUN_10021210,yes,20,InstructionDB,1002122f,10021233,MOV EAX,,,,,
0x10021236,0x100379F0,.data,10021210,FUN_10021210,yes,26,InstructionDB,10021234,10021239,MOV dword ptr [0x100379f0],,,,,
0x1002123C,0x100379F4,.data,10021210,FUN_10021210,yes,2c,InstructionDB,1002123a,1002123f,MOV dword ptr [0x100379f4],,,,,
0x10021242,0x100379F8,.data,10021210,FUN_10021210,yes,32,InstructionDB,10021240,10021245,MOV dword ptr [0x100379f8],,,,,
0x10021255,0x100379E0,.data,10021210,FUN_10021210,yes,45,InstructionDB,10021253,10021258,MOV dword ptr [0x100379e0],,,,,
0x1002125B,0x100379E4,.data,10021210,FUN_10021210,yes,4b,InstructionDB,10021259,1002125e,MOV dword ptr [0x100379e4],,,,,
0x10021261,0x100379E8,.data,10021210,FUN_10021210,yes,51,InstructionDB,1002125f,10021264,MOV dword ptr [0x100379e8],,,,,
0x10021269,0x100399E0,.data,10021267,FUN_10021267,yes,2,InstructionDB,10021267,10021270,MOV dword ptr [0x100399e0],,,,,
0x1002126D,0x10022250,.rdata,10021267,FUN_10021267,yes,6,InstructionDB,10021267,10021270,MOV dword ptr [0x100399e0],,,,,
0x10021272,0x100399E0,.data,10021267,FUN_10021267,yes,b,InstructionDB,10021271,10021275,MOV ECX,,,,,
