address,block,exact_function_entry,containing_function_entry,containing_function_name,body_min,body_max,offset_from_entry,symbols,code_unit_kind,code_unit_min,code_unit_max,instruction_text
10001002,.text,,,,,,,,InstructionDB,10001000,10001005,MOV dword ptr [ECX], 0x10022250
10001018,.text,,10001010,FUN_10001010,10001010,10001036,8,,InstructionDB,10001016,1000101b,MOV dword ptr [ESI], 0x10022250
10001051,.text,,10001040,FUN_10001040,10001040,10001341,11,,InstructionDB,10001050,10001054,PUSH 0x10024238
1000105b,.text,,10001040,FUN_10001040,10001040,10001341,1b,,InstructionDB,1000105a,1000105e,PUSH 0x10024260
100010aa,.text,,10001040,FUN_10001040,10001040,10001341,6a,,InstructionDB,100010a9,100010ad,PUSH 0x10024264
100010b9,.text,,10001040,FUN_10001040,10001040,10001341,79,,InstructionDB,100010b8,100010bc,PUSH 0x1002426c
1000110a,.text,,10001040,FUN_10001040,10001040,10001341,ca,,InstructionDB,10001109,1000110d,PUSH 0x10024264
10001119,.text,,10001040,FUN_10001040,10001040,10001341,d9,,InstructionDB,10001118,1000111c,PUSH 0x1002427c
10001195,.text,,10001040,FUN_10001040,10001040,10001341,155,,InstructionDB,10001194,10001198,PUSH 0x1002428c
100011ac,.text,,10001040,FUN_10001040,10001040,10001341,16c,,InstructionDB,100011ab,100011af,PUSH 0x10024298
1000121a,.text,,10001040,FUN_10001040,10001040,10001341,1da,,InstructionDB,10001219,1000121d,PUSH 0x10024264
10001229,.text,,10001040,FUN_10001040,10001040,10001341,1e9,,InstructionDB,10001228,1000122c,PUSH 0x100242ac
100012a4,.text,,10001040,FUN_10001040,10001040,10001341,264,,InstructionDB,100012a3,100012a7,PUSH 0x100242c0
100012bf,.text,,10001040,FUN_10001040,10001040,10001341,27f,,InstructionDB,100012be,100012c2,PUSH 0x100242cc
100012f9,.text,,10001040,FUN_10001040,10001040,10001341,2b9,,InstructionDB,100012f7,100012fc,MOV EDI, dword ptr [0x1003c25c]
10001311,.text,,10001040,FUN_10001040,10001040,10001341,2d1,,InstructionDB,1000130f,10001314,SUB ECX, dword ptr [0x1003c260]
1000131b,.text,,10001040,FUN_10001040,10001040,10001341,2db,,InstructionDB,1000131a,1000131e,PUSH 0x100242e8
10001326,.text,,10001040,FUN_10001040,10001040,10001341,2e6,,InstructionDB,10001324,10001329,INC dword ptr [0x1003c260]
10001355,.text,,10001350,FUN_10001350,10001350,100013de,5,,InstructionDB,10001354,10001358,MOV EAX, [0x1003c25c]
100013d2,.text,,10001350,FUN_10001350,10001350,100013de,82,,InstructionDB,100013d0,100013d5,CMP ESI, dword ptr [0x1003c25c]
100013e2,.text,,100013e0,FUN_100013e0,100013e0,10001427,2,,InstructionDB,100013e0,100013e5,MOV ECX, dword ptr [0x1003c25c]
100013ec,.text,,100013e0,FUN_100013e0,100013e0,10001427,c,,InstructionDB,100013ea,100013ef,MOV ECX, dword ptr [0x1003c25c]
100013f5,.text,,100013e0,FUN_100013e0,100013e0,10001427,15,,InstructionDB,100013f3,100013f8,MOV ECX, dword ptr [0x1003c25c]
100013fb,.text,,100013e0,FUN_100013e0,100013e0,10001427,1b,,InstructionDB,100013f9,10001402,MOV dword ptr [0x1003c260], 0x0
10001412,.text,,100013e0,FUN_100013e0,100013e0,10001427,32,,InstructionDB,10001410,10001415,MOV ECX, dword ptr [0x1003c25c]
10001480,.text,,10001430,FUN_10001430,10001430,10001493,50,,InstructionDB,1000147f,10001483,PUSH 0x10028608
1000148b,.text,,10001430,FUN_10001430,10001430,10001493,5b,,InstructionDB,10001488,1000148e,MOV dword ptr [EBP + -0xc], 0x10022250
100014b1,.text,,100014a0,FUN_100014a0,100014a0,100014bb,11,,InstructionDB,100014af,100014b4,MOV dword ptr [ESI], 0x10022250
100014cb,.text,,100014c0,FUN_100014c0,100014c0,10001514,b,,InstructionDB,100014c9,100014cf,CMP byte ptr [0x1003a6c4], 0x0
100014ec,.text,,100014c0,FUN_100014c0,100014c0,10001514,2c,,InstructionDB,100014eb,100014ef,MOV EAX, [0x1003a6c0]
100014ff,.text,,100014c0,FUN_100014c0,100014c0,10001514,3f,,InstructionDB,100014fd,10001502,MOV EDX, dword ptr [0x1003a6c0]
10001505,.text,,100014c0,FUN_100014c0,100014c0,10001514,45,,InstructionDB,10001504,10001508,PUSH 0x10024300
1000152b,.text,,10001520,FUN_10001520,10001520,1000158f,b,,InstructionDB,10001529,1000152f,CMP byte ptr [0x1003a6c5], 0x0
10001535,.text,,10001520,FUN_10001520,10001520,1000158f,15,,InstructionDB,10001534,10001538,PUSH 0x10024304
1000153a,.text,,10001520,FUN_10001520,10001520,1000158f,1a,,InstructionDB,10001539,1000153d,PUSH 0x10024310
10001542,.text,,10001520,FUN_10001520,10001520,1000158f,22,,InstructionDB,10001540,10001545,CALL dword ptr [0x10022144]
1000154d,.text,,10001520,FUN_10001520,10001520,1000158f,2d,,InstructionDB,1000154c,10001550,PUSH 0x1003a8c8
10001563,.text,,10001520,FUN_10001520,10001520,1000158f,43,,InstructionDB,10001562,10001566,PUSH 0x100243ec
1000157f,.text,,10001520,FUN_10001520,10001520,1000158f,5f,,InstructionDB,1000157e,10001582,PUSH 0x100242fc
10001597,.text,,10001590,FUN_10001590,10001590,10001623,7,,InstructionDB,10001596,1000159a,MOV EAX, [0x1003aac8]
100015a1,.text,,10001590,FUN_10001590,10001590,10001623,11,,InstructionDB,100015a0,100015a4,PUSH 0x10024330
100015a6,.text,,10001590,FUN_10001590,10001590,10001623,16,,InstructionDB,100015a5,100015a9,MOV [0x1003aac8], EAX
1000163a,.text,,10001630,FUN_10001630,10001630,1000172e,a,,InstructionDB,10001638,1000163d,MOV ESI, dword ptr [0x1002201c]
10001665,.text,,10001630,FUN_10001630,10001630,1000172e,35,,InstructionDB,10001664,10001668,MOV EAX, [0x1003aac8]
1000166c,.text,,10001630,FUN_10001630,10001630,1000172e,3c,,InstructionDB,1000166b,1000166f,PUSH 0x10024a18
10001671,.text,,10001630,FUN_10001630,10001630,1000172e,41,,InstructionDB,10001670,10001674,PUSH 0x10024330
10001676,.text,,10001630,FUN_10001630,10001630,1000172e,46,,InstructionDB,10001675,10001679,MOV [0x1003aac8], EAX
1000168b,.text,,10001630,FUN_10001630,10001630,1000172e,5b,,InstructionDB,10001688,1000168e,MOV dword ptr [EBP + -0x20], 0x10029f68
10001714,.text,,10001630,FUN_10001630,10001630,1000172e,e4,,InstructionDB,10001713,10001717,PUSH 0x10024a18
1000173b,.text,,10001730,FUN_10001730,10001730,10001760,b,,InstructionDB,1000173a,1000173e,MOV EAX, [0x1003aac8]
10001742,.text,,10001730,FUN_10001730,10001730,10001760,12,,InstructionDB,10001741,10001745,MOV [0x1003aac8], EAX
1000174b,.text,,10001730,FUN_10001730,10001730,10001760,1b,,InstructionDB,1000174a,1000174e,PUSH 0x1002435c
10001779,.text,,10001770,FUN_10001770,10001770,10001843,9,,InstructionDB,10001777,1000177c,MOV ESI, dword ptr [0x1002201c]
100017b9,.text,,10001770,FUN_10001770,10001770,10001843,49,,InstructionDB,100017b8,100017bc,MOV EDI, 0x100018a0
10001819,.text,,10001770,FUN_10001770,10001770,10001843,a9,,InstructionDB,10001818,1000181c,MOV EDI, 0x100018a0
1000185a,.text,,,,,,,,InstructionDB,10001859,1000185d,PUSH 0x100243a0
10001864,.text,,,,,,,,InstructionDB,10001863,10001867,PUSH 0x10001b30
10001869,.text,,,,,,,,InstructionDB,10001868,1000186c,PUSH 0x10001b00
1000186e,.text,,,,,,,,InstructionDB,1000186d,10001871,PUSH 0x10001ad0
10001882,.text,,,,,,,,InstructionDB,10001881,10001885,PUSH 0x100243c4
10001887,.text,,,,,,,,InstructionDB,10001886,1000188a,MOV [0x1003aacc], EAX
1000195a,.text,,100018a0,FUN_100018a0,100018a0,10001977,ba,,InstructionDB,10001959,1000195d,PUSH 0x10001980
10001996,.text,,10001980,FUN_10001980,10001980,10001acf,16,,InstructionDB,10001993,10001999,MOV EDI, dword ptr [EAX*0x4 + 0x10037588]
10001a11,.text,,10001980,FUN_10001980,10001980,10001acf,91,,InstructionDB,10001a0e,10001a14,MOV EAX, dword ptr [EDX*0x4 + 0x10037588]
10001a98,.text,,10001980,FUN_10001980,10001980,10001acf,118,,InstructionDB,10001a96,10001a9b,MOV EDX, dword ptr [0x1003aacc]
10001ad5,.text,,10001ad0,FUN_10001ad0,10001ad0,10001af2,5,,InstructionDB,10001ad3,10001ad8,MOV ECX, dword ptr [0x1003aacc]
10001b0c,.text,,10001b00,FUN_10001b00,10001b00,10001b27,c,,InstructionDB,10001b0b,10001b0f,MOV EAX, [0x1003aacc]
10001b34,.text,,10001b30,FUN_10001b30,10001b30,10001b8a,4,,InstructionDB,10001b33,10001b37,MOV EAX, [0x1003aacc]
10001bcb,.text,,10001b90,FUN_10001b90,10001b90,10001da8,3b,,InstructionDB,10001bc9,10001bce,CALL dword ptr [0x10022020]
10001c17,.text,,10001b90,FUN_10001b90,10001b90,10001da8,87,,InstructionDB,10001c15,10001c1a,CALL dword ptr [0x10022024]
10001c37,.text,,10001b90,FUN_10001b90,10001b90,10001da8,a7,,InstructionDB,10001c36,10001c3a,PUSH 0x100243d4
10001c53,.text,,10001b90,FUN_10001b90,10001b90,10001da8,c3,,InstructionDB,10001c52,10001c56,PUSH 0x100243d8
10001c8b,.text,,10001b90,FUN_10001b90,10001b90,10001da8,fb,,InstructionDB,10001c89,10001c8e,CALL dword ptr [0x10022020]
10001cbd,.text,,10001b90,FUN_10001b90,10001b90,10001da8,12d,,InstructionDB,10001cba,10001cc0,MOV DX, word ptr [0x100243dc]
10001d17,.text,,10001b90,FUN_10001b90,10001b90,10001da8,187,,InstructionDB,10001d15,10001d1a,CALL dword ptr [0x1002202c]
10001d25,.text,,10001b90,FUN_10001b90,10001b90,10001da8,195,,InstructionDB,10001d23,10001d28,MOV EDI, dword ptr [0x10022028]
10001d37,.text,,10001b90,FUN_10001b90,10001b90,10001da8,1a7,,InstructionDB,10001d35,10001d3a,CALL dword ptr [0x10022024]
10001d5e,.text,,10001b90,FUN_10001b90,10001b90,10001da8,1ce,,InstructionDB,10001d5c,10001d61,CALL dword ptr [0x10022020]
10001d92,.text,,10001b90,FUN_10001b90,10001b90,10001da8,202,,InstructionDB,10001d90,10001d95,CALL dword ptr [0x1002202c]
10001dc0,.text,,10001db0,FUN_10001db0,10001db0,10001e67,10,,InstructionDB,10001dbf,10001dc3,PUSH 0x100243e0
10001dc6,.text,,10001db0,FUN_10001db0,10001db0,10001e67,16,,InstructionDB,10001dc4,10001dc9,CALL dword ptr [0x10022018]
10001dd0,.text,,10001db0,FUN_10001db0,10001db0,10001e67,20,,InstructionDB,10001dcf,10001dd3,PUSH 0x1003a8c8
10001dd7,.text,,10001db0,FUN_10001db0,10001db0,10001e67,27,,InstructionDB,10001dd5,10001dda,CALL dword ptr [0x10022014]
10001dde,.text,,10001db0,FUN_10001db0,10001db0,10001e67,2e,,InstructionDB,10001ddd,10001de1,PUSH 0x1003a8c8
10001df1,.text,,10001db0,FUN_10001db0,10001db0,10001e67,41,,InstructionDB,10001df0,10001df4,PUSH 0x1003a8c8
10001e03,.text,,10001db0,FUN_10001db0,10001db0,10001e67,53,,InstructionDB,10001e01,10001e07,MOV byte ptr [0x1003a6c5], 0x1
10001e0e,.text,,10001db0,FUN_10001db0,10001db0,10001e67,5e,,InstructionDB,10001e0d,10001e11,MOV [0x1003a6c0], EAX
10001e18,.text,,10001db0,FUN_10001db0,10001db0,10001e67,68,,InstructionDB,10001e17,10001e1b,MOV EAX, 0x10001e70
10001e1e,.text,,10001db0,FUN_10001db0,10001db0,10001e67,6e,,InstructionDB,10001e1c,10001e22,MOV byte ptr [0x1003a6c4], 0x1
10001e2e,.text,,10001db0,FUN_10001db0,10001db0,10001e67,7e,,InstructionDB,10001e2d,10001e31,MOV EAX, 0x10001850
10001e46,.text,,10001db0,FUN_10001db0,10001db0,10001e67,96,,InstructionDB,10001e44,10001e49,CMP byte ptr [0x1003a6c4], AL
10001e4d,.text,,10001db0,FUN_10001db0,10001db0,10001e67,9d,,InstructionDB,10001e4c,10001e50,MOV [0x1003a6c4], AL
10001e52,.text,,10001db0,FUN_10001db0,10001db0,10001e67,a2,,InstructionDB,10001e51,10001e55,MOV EAX, [0x1003a6c0]
10001e95,.text,,10001e80,FUN_10001e80,10001e80,10001fa0,15,,InstructionDB,10001e94,10001e98,MOV [0x1003bd98], EAX
10001e9d,.text,,10001e80,FUN_10001e80,10001e80,10001fa0,1d,,InstructionDB,10001e9b,10001ea0,MOV EDX, dword ptr [0x1003bd98]
10001eac,.text,,10001e80,FUN_10001e80,10001e80,10001fa0,2c,,InstructionDB,10001eaa,10001eaf,MOV ECX, dword ptr [0x1003bd98]
10001ebb,.text,,10001e80,FUN_10001e80,10001e80,10001fa0,3b,,InstructionDB,10001eba,10001ebe,PUSH 0x1003a8c8
10001ec5,.text,,10001e80,FUN_10001e80,10001e80,10001fa0,45,,InstructionDB,10001ec4,10001ec8,PUSH 0x1003a6c8
10001ed6,.text,,10001e80,FUN_10001e80,10001e80,10001fa0,56,,InstructionDB,10001ed5,10001ed9,PUSH 0x1002442c
10001ee0,.text,,10001e80,FUN_10001e80,10001e80,10001fa0,60,,InstructionDB,10001edf,10001ee3,PUSH 0x1003a6c8
10001efb,.text,,10001e80,FUN_10001e80,10001e80,10001fa0,7b,,InstructionDB,10001efa,10001efe,PUSH 0x1002441c
10001f00,.text,,10001e80,FUN_10001e80,10001e80,10001fa0,80,,InstructionDB,10001eff,10001f03,PUSH 0x10024424
10001f09,.text,,10001e80,FUN_10001e80,10001e80,10001fa0,89,,InstructionDB,10001f08,10001f0c,PUSH 0x1003a6c8
10001f0f,.text,,10001e80,FUN_10001e80,10001e80,10001fa0,8f,,InstructionDB,10001f0d,10001f12,CALL dword ptr [0x1002214c]
10001f15,.text,,10001e80,FUN_10001e80,10001e80,10001fa0,95,,InstructionDB,10001f13,10001f18,MOV EDI, dword ptr [0x10022144]
10001f47,.text,,10001e80,FUN_10001e80,10001e80,10001fa0,c7,,InstructionDB,10001f46,10001f4a,PUSH 0x1002444c
10001f67,.text,,10001e80,FUN_10001e80,10001e80,10001fa0,e7,,InstructionDB,10001f66,10001f6a,PUSH 0x1003bbb0
10001f82,.text,,10001e80,FUN_10001e80,10001e80,10001fa0,102,,InstructionDB,10001f81,10001f85,PUSH 0x1002448c
10001fc4,.text,,10001fb0,FUN_10001fb0,10001fb0,1000220e,14,,InstructionDB,10001fc3,10001fc7,MOV EAX, [0x1003aacc]
10001fea,.text,,10001fb0,FUN_10001fb0,10001fb0,1000220e,3a,,InstructionDB,10001fe9,10001fed,MOV EAX, [0x1003bd98]
10002009,.text,,10001fb0,FUN_10001fb0,10001fb0,1000220e,59,,InstructionDB,10002007,1000200c,MOV EDX, dword ptr [0x1003bd98]
1000204d,.text,,10001fb0,FUN_10001fb0,10001fb0,1000220e,9d,,InstructionDB,1000204b,10002050,MOV ESI, dword ptr [0x1002201c]
100020b2,.text,,10001fb0,FUN_10001fb0,10001fb0,1000220e,102,,InstructionDB,100020b0,100020b5,MOV EDX, dword ptr [0x1003bbb0]
100020e0,.text,,10001fb0,FUN_10001fb0,10001fb0,1000220e,130,,InstructionDB,100020df,100020e3,MOV EAX, [0x1003bd98]
100021c2,.text,,10001fb0,FUN_10001fb0,10001fb0,1000220e,212,,InstructionDB,100021c0,100021c5,MOV EDX, dword ptr [0x1003bd98]
1000221a,.text,,10002210,FUN_10002210,10002210,1000302c,a,,InstructionDB,10002219,1000221d,PUSH 0x100244d8
10002224,.text,,10002210,FUN_10002210,10002210,1000302c,14,,InstructionDB,10002223,10002227,PUSH 0x1002451c
1000222e,.text,,10002210,FUN_10002210,10002210,1000302c,1e,,InstructionDB,1000222d,10002231,PUSH 0x1003a8c8
10002238,.text,,10002210,FUN_10002210,10002210,1000302c,28,,InstructionDB,10002237,1000223b,PUSH 0x1003a6c8
10002242,.text,,10002210,FUN_10002210,10002210,1000302c,32,,InstructionDB,10002241,10002245,PUSH 0x10024534
1000224c,.text,,10002210,FUN_10002210,10002210,1000302c,3c,,InstructionDB,1000224b,1000224f,PUSH 0x1003a6c8
10002257,.text,,10002210,FUN_10002210,10002210,1000302c,47,,InstructionDB,10002255,1000225a,MOV ESI, dword ptr [0x10022030]
1000225f,.text,,10002210,FUN_10002210,10002210,1000302c,4f,,InstructionDB,1000225e,10002262,PUSH 0x1003a6c8
10002266,.text,,10002210,FUN_10002210,10002210,1000302c,56,,InstructionDB,10002265,10002269,PUSH 0x10024548
1000226b,.text,,10002210,FUN_10002210,10002210,1000302c,5b,,InstructionDB,1000226a,1000226e,PUSH 0x10024554
10002272,.text,,10002210,FUN_10002210,10002210,1000302c,62,,InstructionDB,10002271,10002275,PUSH 0x1003a8c8
10002281,.text,,10002210,FUN_10002210,10002210,1000302c,71,,InstructionDB,10002280,10002284,PUSH 0x1003a6c8
10002286,.text,,10002210,FUN_10002210,10002210,1000302c,76,,InstructionDB,10002285,10002289,MOV [0x1003aef1], AL
10002290,.text,,10002210,FUN_10002210,10002210,1000302c,80,,InstructionDB,1000228f,10002293,PUSH 0x10024534
1000229a,.text,,10002210,FUN_10002210,10002210,1000302c,8a,,InstructionDB,10002299,1000229d,PUSH 0x1003a6c8
100022a7,.text,,10002210,FUN_10002210,10002210,1000302c,97,,InstructionDB,100022a6,100022aa,PUSH 0x1003a6c8
100022ae,.text,,10002210,FUN_10002210,10002210,1000302c,9e,,InstructionDB,100022ad,100022b1,PUSH 0x1002455c
100022b3,.text,,10002210,FUN_10002210,10002210,1000302c,a3,,InstructionDB,100022b2,100022b6,PUSH 0x10024554
100022ba,.text,,10002210,FUN_10002210,10002210,1000302c,aa,,InstructionDB,100022b9,100022bd,PUSH 0x1003a8c8
100022c9,.text,,10002210,FUN_10002210,10002210,1000302c,b9,,InstructionDB,100022c8,100022cc,PUSH 0x1003a6c8
100022cf,.text,,10002210,FUN_10002210,10002210,1000302c,bf,,InstructionDB,100022cd,100022d2,MOV byte ptr [0x1003a6c7], CL
100022d9,.text,,10002210,FUN_10002210,10002210,1000302c,c9,,InstructionDB,100022d8,100022dc,PUSH 0x10024534
100022e3,.text,,10002210,FUN_10002210,10002210,1000302c,d3,,InstructionDB,100022e2,100022e6,PUSH 0x1003a6c8
100022f0,.text,,10002210,FUN_10002210,10002210,1000302c,e0,,InstructionDB,100022ef,100022f3,PUSH 0x1003a6c8
100022fa,.text,,10002210,FUN_10002210,10002210,1000302c,ea,,InstructionDB,100022f9,100022fd,PUSH 0x10024570
100022ff,.text,,10002210,FUN_10002210,10002210,1000302c,ef,,InstructionDB,100022fe,10002302,PUSH 0x10024554
10002306,.text,,10002210,FUN_10002210,10002210,1000302c,f6,,InstructionDB,10002305,10002309,PUSH 0x1003a8c8
10002313,.text,,10002210,FUN_10002210,10002210,1000302c,103,,InstructionDB,10002312,10002316,PUSH 0x1003a6c8
10002318,.text,,10002210,FUN_10002210,10002210,1000302c,108,,InstructionDB,10002317,1000231b,MOV [0x1003aed8], EAX
1000231e,.text,,10002210,FUN_10002210,10002210,1000302c,10e,,InstructionDB,1000231c,10002321,MOV dword ptr [0x1003bc70], EDX
10002328,.text,,10002210,FUN_10002210,10002210,1000302c,118,,InstructionDB,10002327,1000232b,PUSH 0x10024534
10002332,.text,,10002210,FUN_10002210,10002210,1000302c,122,,InstructionDB,10002331,10002335,PUSH 0x1003a6c8
1000233f,.text,,10002210,FUN_10002210,10002210,1000302c,12f,,InstructionDB,1000233e,10002342,PUSH 0x1003a6c8
10002346,.text,,10002210,FUN_10002210,10002210,1000302c,136,,InstructionDB,10002345,10002349,PUSH 0x10024584
1000234b,.text,,10002210,FUN_10002210,10002210,1000302c,13b,,InstructionDB,1000234a,1000234e,PUSH 0x1002458c
10002352,.text,,10002210,FUN_10002210,10002210,1000302c,142,,InstructionDB,10002351,10002355,PUSH 0x1003a8c8
1000235c,.text,,10002210,FUN_10002210,10002210,1000302c,14c,,InstructionDB,1000235b,1000235f,PUSH 0x1003a6c8
10002361,.text,,10002210,FUN_10002210,10002210,1000302c,151,,InstructionDB,10002360,10002364,MOV [0x1003bc04], EAX
1000236b,.text,,10002210,FUN_10002210,10002210,1000302c,15b,,InstructionDB,1000236a,1000236e,PUSH 0x10024534
10002375,.text,,10002210,FUN_10002210,10002210,1000302c,165,,InstructionDB,10002374,10002378,PUSH 0x1003a6c8
10002382,.text,,10002210,FUN_10002210,10002210,1000302c,172,,InstructionDB,10002381,10002385,PUSH 0x1003a6c8
10002389,.text,,10002210,FUN_10002210,10002210,1000302c,179,,InstructionDB,10002388,1000238c,PUSH 0x10024594
1000238e,.text,,10002210,FUN_10002210,10002210,1000302c,17e,,InstructionDB,1000238d,10002391,PUSH 0x1002458c
10002395,.text,,10002210,FUN_10002210,10002210,1000302c,185,,InstructionDB,10002394,10002398,PUSH 0x1003a8c8
1000239f,.text,,10002210,FUN_10002210,10002210,1000302c,18f,,InstructionDB,1000239e,100023a2,PUSH 0x1003a6c8
100023a4,.text,,10002210,FUN_10002210,10002210,1000302c,194,,InstructionDB,100023a3,100023a7,MOV [0x1003bc24], EAX
100023ae,.text,,10002210,FUN_10002210,10002210,1000302c,19e,,InstructionDB,100023ad,100023b1,PUSH 0x10024534
100023b8,.text,,10002210,FUN_10002210,10002210,1000302c,1a8,,InstructionDB,100023b7,100023bb,PUSH 0x1003a6c8
100023c5,.text,,10002210,FUN_10002210,10002210,1000302c,1b5,,InstructionDB,100023c4,100023c8,PUSH 0x1003a6c8
100023cc,.text,,10002210,FUN_10002210,10002210,1000302c,1bc,,InstructionDB,100023cb,100023cf,PUSH 0x100245a0
100023d1,.text,,10002210,FUN_10002210,10002210,1000302c,1c1,,InstructionDB,100023d0,100023d4,PUSH 0x1002458c
100023d8,.text,,10002210,FUN_10002210,10002210,1000302c,1c8,,InstructionDB,100023d7,100023db,PUSH 0x1003a8c8
100023e2,.text,,10002210,FUN_10002210,10002210,1000302c,1d2,,InstructionDB,100023e1,100023e5,PUSH 0x1003a6c8
100023e7,.text,,10002210,FUN_10002210,10002210,1000302c,1d7,,InstructionDB,100023e6,100023ea,MOV [0x1003bc0c], EAX
100023f1,.text,,10002210,FUN_10002210,10002210,1000302c,1e1,,InstructionDB,100023f0,100023f4,PUSH 0x10024534
100023fb,.text,,10002210,FUN_10002210,10002210,1000302c,1eb,,InstructionDB,100023fa,100023fe,PUSH 0x1003a6c8
10002408,.text,,10002210,FUN_10002210,10002210,1000302c,1f8,,InstructionDB,10002407,1000240b,PUSH 0x1003a6c8
1000240f,.text,,10002210,FUN_10002210,10002210,1000302c,1ff,,InstructionDB,1000240e,10002412,PUSH 0x100245ac
10002414,.text,,10002210,FUN_10002210,10002210,1000302c,204,,InstructionDB,10002413,10002417,PUSH 0x1002458c
1000241b,.text,,10002210,FUN_10002210,10002210,1000302c,20b,,InstructionDB,1000241a,1000241e,PUSH 0x1003a8c8
10002425,.text,,10002210,FUN_10002210,10002210,1000302c,215,,InstructionDB,10002424,10002428,PUSH 0x1003a6c8
1000242a,.text,,10002210,FUN_10002210,10002210,1000302c,21a,,InstructionDB,10002429,1000242d,MOV [0x1003bbbc], EAX
10002434,.text,,10002210,FUN_10002210,10002210,1000302c,224,,InstructionDB,10002433,10002437,PUSH 0x10024534
1000243e,.text,,10002210,FUN_10002210,10002210,1000302c,22e,,InstructionDB,1000243d,10002441,PUSH 0x1003a6c8
1000244b,.text,,10002210,FUN_10002210,10002210,1000302c,23b,,InstructionDB,1000244a,1000244e,PUSH 0x1003a6c8
10002452,.text,,10002210,FUN_10002210,10002210,1000302c,242,,InstructionDB,10002451,10002455,PUSH 0x100245b8
10002457,.text,,10002210,FUN_10002210,10002210,1000302c,247,,InstructionDB,10002456,1000245a,PUSH 0x1002458c
1000245e,.text,,10002210,FUN_10002210,10002210,1000302c,24e,,InstructionDB,1000245d,10002461,PUSH 0x1003a8c8
10002468,.text,,10002210,FUN_10002210,10002210,1000302c,258,,InstructionDB,10002467,1000246b,PUSH 0x1003a6c8
1000246d,.text,,10002210,FUN_10002210,10002210,1000302c,25d,,InstructionDB,1000246c,10002470,MOV [0x1003b6fc], EAX
10002477,.text,,10002210,FUN_10002210,10002210,1000302c,267,,InstructionDB,10002476,1000247a,PUSH 0x10024534
10002481,.text,,10002210,FUN_10002210,10002210,1000302c,271,,InstructionDB,10002480,10002484,PUSH 0x1003a6c8
1000248e,.text,,10002210,FUN_10002210,10002210,1000302c,27e,,InstructionDB,1000248d,10002491,PUSH 0x1003a6c8
10002495,.text,,10002210,FUN_10002210,10002210,1000302c,285,,InstructionDB,10002494,10002498,PUSH 0x100245c4
1000249a,.text,,10002210,FUN_10002210,10002210,1000302c,28a,,InstructionDB,10002499,1000249d,PUSH 0x1002458c
100024a1,.text,,10002210,FUN_10002210,10002210,1000302c,291,,InstructionDB,100024a0,100024a4,PUSH 0x10024410
100024a6,.text,,10002210,FUN_10002210,10002210,1000302c,296,,InstructionDB,100024a5,100024a9,MOV [0x1003bc74], EAX
100024b0,.text,,10002210,FUN_10002210,10002210,1000302c,2a0,,InstructionDB,100024af,100024b3,PUSH 0x100245d4
100024bb,.text,,10002210,FUN_10002210,10002210,1000302c,2ab,,InstructionDB,100024b9,100024be,MOV ESI, dword ptr [0x1002201c]
100024d0,.text,,10002210,FUN_10002210,10002210,1000302c,2c0,,InstructionDB,100024cf,100024d3,MOV EDI, 0x100076d0
10002526,.text,,10002210,FUN_10002210,10002210,1000302c,316,,InstructionDB,10002525,10002529,MOV EBX, 0x100074d0
10002582,.text,,10002210,FUN_10002210,10002210,1000302c,372,,InstructionDB,10002581,10002585,MOV EBX, 0x10008140
100025de,.text,,10002210,FUN_10002210,10002210,1000302c,3ce,,InstructionDB,100025dd,100025e1,MOV EBX, 0x100050e0
1000263a,.text,,10002210,FUN_10002210,10002210,1000302c,42a,,InstructionDB,10002639,1000263d,MOV EBX, 0x10004b10
10002696,.text,,10002210,FUN_10002210,10002210,1000302c,486,,InstructionDB,10002695,10002699,MOV EBX, 0x100042c0
100026c1,.text,,10002210,FUN_10002210,10002210,1000302c,4b1,,InstructionDB,100026c0,100026c4,MOV EAX, 0x10008000
10002705,.text,,10002210,FUN_10002210,10002210,1000302c,4f5,,InstructionDB,10002704,10002708,MOV EBX, 0x10008780
10002765,.text,,10002210,FUN_10002210,10002210,1000302c,555,,InstructionDB,10002764,10002768,MOV EBX, 0x10008830
100027c5,.text,,10002210,FUN_10002210,10002210,1000302c,5b5,,InstructionDB,100027c4,100027c8,MOV EBX, 0x10008940
10002825,.text,,10002210,FUN_10002210,10002210,1000302c,615,,InstructionDB,10002824,10002828,MOV EBX, 0x10007f90
10002885,.text,,10002210,FUN_10002210,10002210,1000302c,675,,InstructionDB,10002884,10002888,MOV EBX, 0x10007f50
100028e5,.text,,10002210,FUN_10002210,10002210,1000302c,6d5,,InstructionDB,100028e4,100028e8,MOV EBX, 0x10007f70
10002a1a,.text,,10002210,FUN_10002210,10002210,1000302c,80a,,InstructionDB,10002a19,10002a1d,MOV EBX, 0x10008b70
10002a42,.text,,10002210,FUN_10002210,10002210,1000302c,832,,InstructionDB,10002a41,10002a45,MOV EBX, 0x10008cb0
10002a5e,.text,,10002210,FUN_10002210,10002210,1000302c,84e,,InstructionDB,10002a5c,10002a62,CMP byte ptr [0x1003aef1], 0x0
10002ac5,.text,,10002210,FUN_10002210,10002210,1000302c,8b5,,InstructionDB,10002ac4,10002ac8,MOV EBX, 0x10003e40
10002b21,.text,,10002210,FUN_10002210,10002210,1000302c,911,,InstructionDB,10002b20,10002b24,MOV EBX, 0x10003f40
10002b4c,.text,,10002210,FUN_10002210,10002210,1000302c,93c,,InstructionDB,10002b4b,10002b4f,MOV EAX, 0x10003ba0
10002b90,.text,,10002210,FUN_10002210,10002210,1000302c,980,,InstructionDB,10002b8f,10002b93,MOV EBX, 0x10003030
10002bea,.text,,10002210,FUN_10002210,10002210,1000302c,9da,,InstructionDB,10002be9,10002bed,MOV EAX, 0x100030b0
10002c2a,.text,,10002210,FUN_10002210,10002210,1000302c,a1a,,InstructionDB,10002c29,10002c2d,MOV EBX, 0x10003060
10002caa,.text,,10002210,FUN_10002210,10002210,1000302c,a9a,,InstructionDB,10002ca9,10002cad,MOV EBX, 0x10003080
10002d39,.text,,10002210,FUN_10002210,10002210,1000302c,b29,,InstructionDB,10002d38,10002d3c,MOV EBX, 0x10003400
10002d95,.text,,10002210,FUN_10002210,10002210,1000302c,b85,,InstructionDB,10002d94,10002d98,MOV EBX, 0x10003400
10002de9,.text,,10002210,FUN_10002210,10002210,1000302c,bd9,,InstructionDB,10002de8,10002dec,MOV EBX, 0x10003660
10002e4d,.text,,10002210,FUN_10002210,10002210,1000302c,c3d,,InstructionDB,10002e4c,10002e50,MOV EBX, 0x10003660
10002ead,.text,,10002210,FUN_10002210,10002210,1000302c,c9d,,InstructionDB,10002eac,10002eb0,MOV EBX, 0x100031e0
10002ed4,.text,,10002210,FUN_10002210,10002210,1000302c,cc4,,InstructionDB,10002ed2,10002ed8,CMP byte ptr [0x1003a6c7], 0x0
10002fb2,.text,,10002210,FUN_10002210,10002210,1000302c,da2,,InstructionDB,10002fb1,10002fb5,MOV EDI, 0x10003340
10002fd8,.text,,10002210,FUN_10002210,10002210,1000302c,dc8,,InstructionDB,10002fd7,10002fdb,PUSH 0x10024410
10002ffb,.text,,10002210,FUN_10002210,10002210,1000302c,deb,,InstructionDB,10002ffa,10002ffe,PUSH 0x10024bbc
10003008,.text,,10002210,FUN_10002210,10002210,1000302c,df8,,InstructionDB,10003007,1000300b,PUSH 0x10008dd0
1000300d,.text,,10002210,FUN_10002210,10002210,1000302c,dfd,,InstructionDB,1000300c,10003010,PUSH 0x10008da0
10003018,.text,,10002210,FUN_10002210,10002210,1000302c,e08,,InstructionDB,10003017,1000301b,PUSH 0x10024bdc
1000301d,.text,,10002210,FUN_10002210,10002210,1000302c,e0d,,InstructionDB,1000301c,10003020,MOV [0x1003c248], EAX
10003032,.text,,,,,,,,InstructionDB,10003030,10003035,MOV dword ptr [0x1003bc2c], ESI
10003063,.text,,,,,,,,InstructionDB,10003061,10003066,MOV dword ptr [0x1003bc2c], ESI
10003068,.text,,,,,,,,InstructionDB,10003067,1000306b,MOV EAX, [0x1003bc2c]
10003083,.text,,,,,,,,InstructionDB,10003081,10003086,MOV dword ptr [0x1003bc2c], ESI
10003088,.text,,,,,,,,InstructionDB,10003087,1000308b,MOV EAX, [0x1003bc2c]
1000309d,.text,,,,,,,,InstructionDB,1000309c,100030a0,MOV EAX, [0x1003bc2c]
100030b2,.text,,,,,,,,InstructionDB,100030b1,100030b5,PUSH 0x100245f8
100030c5,.text,,,,,,,,InstructionDB,100030c2,100030c8,CMP AX, word ptr [0x1003bd8c]
100030cd,.text,,,,,,,,InstructionDB,100030cc,100030d0,MOV EDI, 0x1003b708
100030dc,.text,,,,,,,,InstructionDB,100030d9,100030df,MOVZX EDX, word ptr [0x1003bd8c]
100030ed,.text,,,,,,,,InstructionDB,100030ec,100030f0,PUSH 0x10024410
10003104,.text,,,,,,,,InstructionDB,10003103,10003107,MOV EAX, [0x1003bd98]
10003111,.text,,,,,,,,InstructionDB,10003110,10003114,MOV EAX, [0x1003bbb0]
10003136,.text,,10003130,FUN_10003130,10003130,100031d9,6,,InstructionDB,10003134,10003139,MOV ESI, dword ptr [0x1003c248]
1000316a,.text,,10003130,FUN_10003130,10003130,100031d9,3a,,InstructionDB,10003168,1000316d,FLD float ptr [0x10025000]
100031e2,.text,,,,,,,,InstructionDB,100031e0,100031e5,MOV dword ptr [0x1003bc14], ESI
10003217,.text,,10003200,FUN_10003200,10003200,1000333f,17,,InstructionDB,10003215,1000321a,MOV EDI, dword ptr [0x1003c248]
1000324f,.text,,10003200,FUN_10003200,10003200,1000333f,4f,,InstructionDB,1000324d,10003252,MOV EDI, dword ptr [0x1003c248]
100032fe,.text,,10003200,FUN_10003200,10003200,1000333f,fe,,InstructionDB,100032fc,10003301,FMUL double ptr [0x10024ff8]
10003307,.text,,10003200,FUN_10003200,10003200,1000333f,107,,InstructionDB,10003305,1000330a,FMUL double ptr [0x10024ff0]
10003346,.text,,10003340,FUN_10003340,10003340,100033ff,6,,InstructionDB,10003344,10003349,MOV ESI, dword ptr [0x1003c248]
1000350a,.text,,10003400,FUN_10003400,10003400,10003652,10a,,InstructionDB,10003508,1000350d,FMUL double ptr [0x10024fd8]
1000351e,.text,,10003400,FUN_10003400,10003400,10003652,11e,,InstructionDB,1000351c,10003521,FLD double ptr [0x10024fe8]
10003526,.text,,10003400,FUN_10003400,10003400,10003652,126,,InstructionDB,10003524,10003529,MOV EDI, dword ptr [0x1003c248]
1000352e,.text,,10003400,FUN_10003400,10003400,10003652,12e,,InstructionDB,1000352c,10003531,FLD double ptr [0x10024fe0]
1000354e,.text,,10003400,FUN_10003400,10003400,10003652,14e,,InstructionDB,1000354c,10003551,FADD double ptr [0x10024fd0]
100035d4,.text,,10003400,FUN_10003400,10003400,10003652,1d4,,InstructionDB,100035d2,100035d7,MOV EDI, dword ptr [0x1003bc7c]
100035dc,.text,,10003400,FUN_10003400,10003400,10003652,1dc,,InstructionDB,100035da,100035df,MOV EDI, dword ptr [0x1003bbb4]
10003607,.text,,10003400,FUN_10003400,10003400,10003652,207,,InstructionDB,10003605,1000360a,FLD float ptr [0x10024fc8]
100036ec,.text,,10003660,FUN_10003660,10003660,1000380b,8c,,InstructionDB,100036ea,100036ef,MOV EDI, dword ptr [0x1003c248]
100036fe,.text,,10003660,FUN_10003660,10003660,1000380b,9e,,InstructionDB,100036fc,10003701,FMUL double ptr [0x10024fd8]
10003708,.text,,10003660,FUN_10003660,10003660,1000380b,a8,,InstructionDB,10003706,1000370b,FLD double ptr [0x10024e88]
10003734,.text,,10003660,FUN_10003660,10003660,1000380b,d4,,InstructionDB,10003732,10003737,FADD double ptr [0x10024fd0]
1000378e,.text,,10003660,FUN_10003660,10003660,1000380b,12e,,InstructionDB,1000378c,10003791,MOV EDI, dword ptr [0x1003bc7c]
10003796,.text,,10003660,FUN_10003660,10003660,1000380b,136,,InstructionDB,10003794,10003799,MOV EDI, dword ptr [0x1003bbb4]
100037c1,.text,,10003660,FUN_10003660,10003660,1000380b,161,,InstructionDB,100037bf,100037c4,FLD float ptr [0x10024fc8]
10003820,.text,,10003810,FUN_10003810,10003810,10003b9c,10,,InstructionDB,1000381f,10003823,PUSH 0x10024610
1000382a,.text,,10003810,FUN_10003810,10003810,10003b9c,1a,,InstructionDB,10003829,1000382d,PUSH 0x10024260
10003866,.text,,10003810,FUN_10003810,10003810,10003b9c,56,,InstructionDB,10003863,10003869,MOVZX EAX, word ptr [0x1003bd8c]
10003874,.text,,10003810,FUN_10003810,10003810,10003b9c,64,,InstructionDB,10003871,10003877,LEA EAX, [EDX*0x4 + 0x1003b700]
10003880,.text,,10003810,FUN_10003810,10003810,10003b9c,70,,InstructionDB,1000387f,10003883,PUSH 0x10024624
1000388d,.text,,10003810,FUN_10003810,10003810,10003b9c,7d,,InstructionDB,1000388a,10003890,MOVZX EAX, word ptr [0x1003bd8c]
1000389b,.text,,10003810,FUN_10003810,10003810,10003b9c,8b,,InstructionDB,10003897,1000389e,MOV word ptr [EDX*0x4 + 0x1003b704], AX
100038bb,.text,,10003810,FUN_10003810,10003810,10003b9c,ab,,InstructionDB,100038b8,100038be,MOVZX ECX, word ptr [0x1003bd8c]
100038c8,.text,,10003810,FUN_10003810,10003810,10003b9c,b8,,InstructionDB,100038c6,100038cb,MOV dword ptr [ECX + 0x1003b708], EAX
100038d9,.text,,10003810,FUN_10003810,10003810,10003b9c,c9,,InstructionDB,100038d6,100038dc,CMP AX, word ptr [ECX + 0x1003b704]
10003911,.text,,10003810,FUN_10003810,10003810,10003b9c,101,,InstructionDB,10003910,10003914,MOV ESI, 0x1002462c
10003965,.text,,10003810,FUN_10003810,10003810,10003b9c,155,,InstructionDB,10003962,10003968,MOVZX EAX, word ptr [0x1003bd8c]
10003975,.text,,10003810,FUN_10003810,10003810,10003b9c,165,,InstructionDB,10003972,10003978,MOV EAX, dword ptr [ECX*0x4 + 0x1003b708]
100039bd,.text,,10003810,FUN_10003810,10003810,10003b9c,1ad,,InstructionDB,100039bb,100039c0,MOV ECX, dword ptr [0x10024650]
10003b5c,.text,,10003810,FUN_10003810,10003810,10003b9c,34c,,InstructionDB,10003b59,10003b5f,MOVZX EAX, word ptr [0x1003bd8c]
10003b76,.text,,10003810,FUN_10003810,10003810,10003b9c,366,,InstructionDB,10003b72,10003b79,MOVZX EDX, word ptr [EAX*0x4 + 0x1003b704]
10003b8a,.text,,10003810,FUN_10003810,10003810,10003b9c,37a,,InstructionDB,10003b87,10003b8d,INC word ptr [0x1003bd8c]
10003ba4,.text,,10003ba0,FUN_10003ba0,10003ba0,10003e38,4,,InstructionDB,10003ba3,10003ba7,PUSH 0x10024668
10003be4,.text,,10003ba0,FUN_10003ba0,10003ba0,10003e38,44,,InstructionDB,10003be3,10003be7,PUSH 0x1003a8c8
10003bee,.text,,10003ba0,FUN_10003ba0,10003ba0,10003e38,4e,,InstructionDB,10003bed,10003bf1,PUSH 0x1003a6c8
10003bf8,.text,,10003ba0,FUN_10003ba0,10003ba0,10003e38,58,,InstructionDB,10003bf7,10003bfb,PUSH 0x1002469c
10003c02,.text,,10003ba0,FUN_10003ba0,10003ba0,10003e38,62,,InstructionDB,10003c01,10003c05,PUSH 0x1003a6c8
10003c0c,.text,,10003ba0,FUN_10003ba0,10003ba0,10003e38,6c,,InstructionDB,10003c0b,10003c0f,PUSH 0x1003a6c8
10003c11,.text,,10003ba0,FUN_10003ba0,10003ba0,10003e38,71,,InstructionDB,10003c10,10003c14,MOV EBX, 0x10024688
10003c1b,.text,,10003ba0,FUN_10003ba0,10003ba0,10003e38,7b,,InstructionDB,10003c1a,10003c1e,PUSH 0x1003a8c8
10003c31,.text,,10003ba0,FUN_10003ba0,10003ba0,10003e38,91,,InstructionDB,10003c30,10003c34,PUSH 0x1003a6c8
10003c40,.text,,10003ba0,FUN_10003ba0,10003ba0,10003e38,a0,,InstructionDB,10003c3f,10003c43,PUSH 0x100246bc
10003c4a,.text,,10003ba0,FUN_10003ba0,10003ba0,10003e38,aa,,InstructionDB,10003c49,10003c4d,PUSH 0x1003a6c8
10003c57,.text,,10003ba0,FUN_10003ba0,10003ba0,10003e38,b7,,InstructionDB,10003c56,10003c5a,PUSH 0x1003a6c8
10003c63,.text,,10003ba0,FUN_10003ba0,10003ba0,10003e38,c3,,InstructionDB,10003c62,10003c66,PUSH 0x100246d8
10003c6f,.text,,10003ba0,FUN_10003ba0,10003ba0,10003e38,cf,,InstructionDB,10003c6e,10003c72,PUSH 0x1003a8c8
10003c84,.text,,10003ba0,FUN_10003ba0,10003ba0,10003e38,e4,,InstructionDB,10003c83,10003c87,PUSH 0x1003a6c8
10003c94,.text,,10003ba0,FUN_10003ba0,10003ba0,10003e38,f4,,InstructionDB,10003c93,10003c97,PUSH 0x100246f4
10003c9e,.text,,10003ba0,FUN_10003ba0,10003ba0,10003e38,fe,,InstructionDB,10003c9d,10003ca1,PUSH 0x1003a6c8
10003ca8,.text,,10003ba0,FUN_10003ba0,10003ba0,10003e38,108,,InstructionDB,10003ca7,10003cab,PUSH 0x1003a6c8
10003cb4,.text,,10003ba0,FUN_10003ba0,10003ba0,10003e38,114,,InstructionDB,10003cb3,10003cb7,PUSH 0x10024710
10003cc0,.text,,10003ba0,FUN_10003ba0,10003ba0,10003e38,120,,InstructionDB,10003cbf,10003cc3,PUSH 0x1003a8c8
10003cd0,.text,,10003ba0,FUN_10003ba0,10003ba0,10003e38,130,,InstructionDB,10003ccf,10003cd3,PUSH 0x1003a6c8
10003ce0,.text,,10003ba0,FUN_10003ba0,10003ba0,10003e38,140,,InstructionDB,10003cdf,10003ce3,PUSH 0x1002472c
10003cea,.text,,10003ba0,FUN_10003ba0,10003ba0,10003e38,14a,,InstructionDB,10003ce9,10003ced,PUSH 0x1003a6c8
10003cf7,.text,,10003ba0,FUN_10003ba0,10003ba0,10003e38,157,,InstructionDB,10003cf6,10003cfa,PUSH 0x1003a6c8
10003d03,.text,,10003ba0,FUN_10003ba0,10003ba0,10003e38,163,,InstructionDB,10003d02,10003d06,PUSH 0x10024748
10003d2f,.text,,10003ba0,FUN_10003ba0,10003ba0,10003e38,18f,,InstructionDB,10003d2e,10003d32,PUSH 0x1003a8c8
10003d39,.text,,10003ba0,FUN_10003ba0,10003ba0,10003e38,199,,InstructionDB,10003d38,10003d3c,PUSH 0x1003a6c8
10003d48,.text,,10003ba0,FUN_10003ba0,10003ba0,10003e38,1a8,,InstructionDB,10003d47,10003d4b,PUSH 0x10024764
10003d52,.text,,10003ba0,FUN_10003ba0,10003ba0,10003e38,1b2,,InstructionDB,10003d51,10003d55,PUSH 0x1003a6c8
10003d5c,.text,,10003ba0,FUN_10003ba0,10003ba0,10003e38,1bc,,InstructionDB,10003d5b,10003d5f,PUSH 0x1003a6c8
10003d68,.text,,10003ba0,FUN_10003ba0,10003ba0,10003e38,1c8,,InstructionDB,10003d67,10003d6b,PUSH 0x10024780
10003d6d,.text,,10003ba0,FUN_10003ba0,10003ba0,10003e38,1cd,,InstructionDB,10003d6c,10003d70,MOV [0x1003bd9c], EAX
10003d77,.text,,10003ba0,FUN_10003ba0,10003ba0,10003e38,1d7,,InstructionDB,10003d76,10003d7a,MOV EAX, [0x1003bd9c]
10003d7c,.text,,10003ba0,FUN_10003ba0,10003ba0,10003e38,1dc,,InstructionDB,10003d7b,10003d7f,PUSH 0x1003a8c8
10003d85,.text,,10003ba0,FUN_10003ba0,10003ba0,10003e38,1e5,,InstructionDB,10003d83,10003d88,MOV ECX, dword ptr [0x1003bd9c]
10003d8f,.text,,10003ba0,FUN_10003ba0,10003ba0,10003e38,1ef,,InstructionDB,10003d8e,10003d92,PUSH 0x1003a6c8
10003d9f,.text,,10003ba0,FUN_10003ba0,10003ba0,10003e38,1ff,,InstructionDB,10003d9e,10003da2,PUSH 0x10024764
10003da9,.text,,10003ba0,FUN_10003ba0,10003ba0,10003e38,209,,InstructionDB,10003da8,10003dac,PUSH 0x1003a6c8
10003db3,.text,,10003ba0,FUN_10003ba0,10003ba0,10003e38,213,,InstructionDB,10003db2,10003db6,PUSH 0x1003a6c8
10003dbf,.text,,10003ba0,FUN_10003ba0,10003ba0,10003e38,21f,,InstructionDB,10003dbe,10003dc2,PUSH 0x1002479c
10003dc4,.text,,10003ba0,FUN_10003ba0,10003ba0,10003e38,224,,InstructionDB,10003dc3,10003dc7,MOV [0x1003bda0], EAX
10003dce,.text,,10003ba0,FUN_10003ba0,10003ba0,10003e38,22e,,InstructionDB,10003dcd,10003dd1,MOV EAX, [0x1003bda0]
10003dd3,.text,,10003ba0,FUN_10003ba0,10003ba0,10003e38,233,,InstructionDB,10003dd2,10003dd6,PUSH 0x1003a8c8
10003ddc,.text,,10003ba0,FUN_10003ba0,10003ba0,10003e38,23c,,InstructionDB,10003dda,10003ddf,MOV ECX, dword ptr [0x1003bda0]
10003de6,.text,,10003ba0,FUN_10003ba0,10003ba0,10003e38,246,,InstructionDB,10003de5,10003de9,PUSH 0x1003a6c8
10003df3,.text,,10003ba0,FUN_10003ba0,10003ba0,10003e38,253,,InstructionDB,10003df2,10003df6,PUSH 0x10024764
10003dfd,.text,,10003ba0,FUN_10003ba0,10003ba0,10003e38,25d,,InstructionDB,10003dfc,10003e00,PUSH 0x1003a6c8
10003e07,.text,,10003ba0,FUN_10003ba0,10003ba0,10003e38,267,,InstructionDB,10003e06,10003e0a,PUSH 0x1003a6c8
10003e13,.text,,10003ba0,FUN_10003ba0,10003ba0,10003e38,273,,InstructionDB,10003e12,10003e16,PUSH 0x100247b8
10003e18,.text,,10003ba0,FUN_10003ba0,10003ba0,10003e38,278,,InstructionDB,10003e17,10003e1b,MOV [0x1003bda4], EAX
10003e22,.text,,10003ba0,FUN_10003ba0,10003ba0,10003e38,282,,InstructionDB,10003e21,10003e25,MOV EAX, [0x1003bda4]
10003e2e,.text,,10003ba0,FUN_10003ba0,10003ba0,10003e38,28e,,InstructionDB,10003e2c,10003e31,MOV ECX, dword ptr [0x1003bda4]
10003f4a,.text,,10003f40,FUN_10003f40,10003f40,10003f77,a,,InstructionDB,10003f49,10003f4d,PUSH 0x100247d4
10003f5c,.text,,10003f40,FUN_10003f40,10003f40,10003f77,1c,,InstructionDB,10003f5b,10003f5f,MOV ESI, 0x1003757c
10003f82,.text,,10003f80,FUN_10003f80,10003f80,10003fa1,2,,InstructionDB,10003f81,10003f85,PUSH 0x10003fe0
10003f90,.text,,10003f80,FUN_10003f80,10003f80,10003fa1,10,,InstructionDB,10003f8f,10003f93,PUSH 0x10003fb0
10003fbd,.text,,10003fb0,FUN_10003fb0,10003fb0,10003fdf,d,,InstructionDB,10003fbc,10003fc0,PUSH 0x10003fe0
10003fcb,.text,,10003fb0,FUN_10003fb0,10003fb0,10003fdf,1b,,InstructionDB,10003fca,10003fce,PUSH 0x10003fb0
10004014,.text,,10004000,FUN_10004000,10004000,100042b6,14,,InstructionDB,10004013,10004017,PUSH 0x100247dc
1000403b,.text,,10004000,FUN_10004000,10004000,100042b6,3b,,InstructionDB,1000403a,1000403e,MOV ECX, 0x100247e4
10004076,.text,,10004000,FUN_10004000,10004000,100042b6,76,,InstructionDB,10004075,10004079,MOV ECX, 0x100247f4
100040b3,.text,,10004000,FUN_10004000,10004000,100042b6,b3,,InstructionDB,100040b2,100040b6,MOV ECX, 0x10024804
100040f3,.text,,10004000,FUN_10004000,10004000,100042b6,f3,,InstructionDB,100040f2,100040f6,MOV ECX, 0x10024814
10004133,.text,,10004000,FUN_10004000,10004000,100042b6,133,,InstructionDB,10004132,10004136,MOV ECX, 0x10024824
10004173,.text,,10004000,FUN_10004000,10004000,100042b6,173,,InstructionDB,10004172,10004176,MOV ECX, 0x10024834
100041b3,.text,,10004000,FUN_10004000,10004000,100042b6,1b3,,InstructionDB,100041b2,100041b6,MOV ECX, 0x10024840
100041f3,.text,,10004000,FUN_10004000,10004000,100042b6,1f3,,InstructionDB,100041f2,100041f6,MOV ECX, 0x10024854
10004233,.text,,10004000,FUN_10004000,10004000,100042b6,233,,InstructionDB,10004232,10004236,MOV ECX, 0x10024864
10004273,.text,,10004000,FUN_10004000,10004000,100042b6,273,,InstructionDB,10004272,10004276,MOV ECX, 0x10024874
100042d7,.text,,100042c0,FUN_100042c0,100042c0,1000442b,17,,InstructionDB,100042d5,100042da,MOV EBX, dword ptr [0x1003c248]
10004315,.text,,100042c0,FUN_100042c0,100042c0,1000442b,55,,InstructionDB,10004314,10004318,MOV [0x1003b6f8], EAX
1000431b,.text,,100042c0,FUN_100042c0,100042c0,1000442b,5b,,InstructionDB,10004319,1000431e,MOV dword ptr [0x1003c1e8], ESI
10004342,.text,,100042c0,FUN_100042c0,100042c0,1000442b,82,,InstructionDB,1000433f,10004345,CMP DX, word ptr [0x1003bd8c]
10004359,.text,,100042c0,FUN_100042c0,100042c0,1000442b,99,,InstructionDB,10004356,1000435c,CMP dword ptr [EDX*0x4 + 0x1003b700], EAX
10004363,.text,,100042c0,FUN_100042c0,100042c0,1000442b,a3,,InstructionDB,10004360,10004366,CMP CX, word ptr [0x1003bd8c]
10004379,.text,,100042c0,FUN_100042c0,100042c0,1000442b,b9,,InstructionDB,10004378,1000437c,PUSH 0x10004430
1000439a,.text,,100042c0,FUN_100042c0,100042c0,1000442b,da,,InstructionDB,10004398,1000439d,MOV ECX, dword ptr [0x1003c25c]
100043ce,.text,,100042c0,FUN_100042c0,100042c0,1000442b,10e,,InstructionDB,100043cb,100043d1,LEA EAX, [EAX*0x4 + 0x1003b700]
10004459,.text,,10004430,FUN_10004430,10004430,100046ed,29,,InstructionDB,10004458,1000445c,MOV ECX, 0x10024884
10004495,.text,,10004430,FUN_10004430,10004430,100046ed,65,,InstructionDB,10004494,10004498,MOV ECX, 0x1002488c
100044d5,.text,,10004430,FUN_10004430,10004430,100046ed,a5,,InstructionDB,100044d4,100044d8,MOV ECX, 0x10024894
10004515,.text,,10004430,FUN_10004430,10004430,100046ed,e5,,InstructionDB,10004514,10004518,MOV ECX, 0x1002489c
10004555,.text,,10004430,FUN_10004430,10004430,100046ed,125,,InstructionDB,10004554,10004558,MOV ECX, 0x100248a4
10004595,.text,,10004430,FUN_10004430,10004430,100046ed,165,,InstructionDB,10004594,10004598,MOV ECX, 0x100248ac
100045d7,.text,,10004430,FUN_10004430,10004430,100046ed,1a7,,InstructionDB,100045d6,100045da,PUSH 0x100248b4
1000461c,.text,,10004430,FUN_10004430,10004430,100046ed,1ec,,InstructionDB,1000461b,1000461f,PUSH 0x100248c0
1000466c,.text,,10004430,FUN_10004430,10004430,100046ed,23c,,InstructionDB,1000466b,1000466f,PUSH 0x100248c8
10004693,.text,,10004430,FUN_10004430,10004430,100046ed,263,,InstructionDB,10004692,10004696,PUSH 0x100248d4
100046b4,.text,,10004430,FUN_10004430,10004430,100046ed,284,,InstructionDB,100046b3,100046b7,PUSH 0x100248d8
100046da,.text,,10004430,FUN_10004430,10004430,100046ed,2aa,,InstructionDB,100046d9,100046dd,PUSH 0x10004430
1000472b,.text,,100046f0,FUN_100046f0,100046f0,100049f3,3b,,InstructionDB,1000472a,1000472e,PUSH 0x100248e4
10004743,.text,,100046f0,FUN_100046f0,100046f0,100049f3,53,,InstructionDB,10004742,10004746,PUSH 0x100248f0
1000475b,.text,,100046f0,FUN_100046f0,100046f0,100049f3,6b,,InstructionDB,1000475a,1000475e,PUSH 0x10024910
1000476d,.text,,100046f0,FUN_100046f0,100046f0,100049f3,7d,,InstructionDB,1000476c,10004770,PUSH 0x10024918
100047b1,.text,,100046f0,FUN_100046f0,100046f0,100049f3,c1,,InstructionDB,100047b0,100047b4,PUSH 0x1002491c
100047c8,.text,,100046f0,FUN_100046f0,100046f0,100049f3,d8,,InstructionDB,100047c7,100047cb,PUSH 0x10024918
100047fd,.text,,100046f0,FUN_100046f0,100046f0,100049f3,10d,,InstructionDB,100047fc,10004800,PUSH 0x10024924
10004811,.text,,100046f0,FUN_100046f0,100046f0,100049f3,121,,InstructionDB,10004810,10004814,PUSH 0x1002492c
10004825,.text,,100046f0,FUN_100046f0,100046f0,100049f3,135,,InstructionDB,10004824,10004828,PUSH 0x10024924
10004839,.text,,100046f0,FUN_100046f0,100046f0,100049f3,149,,InstructionDB,10004838,1000483c,PUSH 0x1002492c
1000484d,.text,,100046f0,FUN_100046f0,100046f0,100049f3,15d,,InstructionDB,1000484c,10004850,PUSH 0x10024938
10004889,.text,,100046f0,FUN_100046f0,100046f0,100049f3,199,,InstructionDB,10004888,1000488c,PUSH 0x10024918
100048b5,.text,,100046f0,FUN_100046f0,100046f0,100049f3,1c5,,InstructionDB,100048b4,100048b8,PUSH 0x100248f8
100048e6,.text,,100046f0,FUN_100046f0,100046f0,100049f3,1f6,,InstructionDB,100048e5,100048e9,PUSH 0x100248fc
100048fc,.text,,100046f0,FUN_100046f0,100046f0,100049f3,20c,,InstructionDB,100048fb,100048ff,PUSH 0x10024900
10004912,.text,,100046f0,FUN_100046f0,100046f0,100049f3,222,,InstructionDB,10004911,10004915,PUSH 0x10024904
10004928,.text,,100046f0,FUN_100046f0,100046f0,100049f3,238,,InstructionDB,10004927,1000492b,PUSH 0x10024908
1000493e,.text,,100046f0,FUN_100046f0,100046f0,100049f3,24e,,InstructionDB,1000493d,10004941,PUSH 0x1002490c
10004969,.text,,100046f0,FUN_100046f0,100046f0,100049f3,279,,InstructionDB,10004968,1000496c,PUSH 0x10024940
1000499b,.text,,100046f0,FUN_100046f0,100046f0,100049f3,2ab,,InstructionDB,1000499a,1000499e,PUSH 0x10024944
100049a0,.text,,100046f0,FUN_100046f0,100046f0,100049f3,2b0,,InstructionDB,1000499f,100049a3,PUSH 0x10024940
10004a04,.text,,10004a00,FUN_10004a00,10004a00,10004a5e,4,,InstructionDB,10004a03,10004a07,PUSH 0x1002495c
10004a26,.text,,10004a00,FUN_10004a00,10004a00,10004a5e,26,,InstructionDB,10004a25,10004a29,PUSH 0x10024960
10004a2b,.text,,10004a00,FUN_10004a00,10004a00,10004a5e,2b,,InstructionDB,10004a2a,10004a2e,PUSH 0x1002495c
10004a4a,.text,,10004a00,FUN_10004a00,10004a00,10004a5e,4a,,InstructionDB,10004a48,10004a4d,FLD float ptr [0x10024ea8]
10004a71,.text,,10004a60,FUN_10004a60,10004a60,10004aa9,11,,InstructionDB,10004a6e,10004a74,MOV DX, word ptr [0x1003bd8c]
10004a89,.text,,10004a60,FUN_10004a60,10004a60,10004aa9,29,,InstructionDB,10004a86,10004a8c,CMP dword ptr [ECX*0x4 + 0x1003b700], ESI
10004aa3,.text,,10004a60,FUN_10004a60,10004a60,10004aa9,43,,InstructionDB,10004aa0,10004aa6,LEA EAX, [EAX*0x4 + 0x1003b700]
10004ac6,.text,,10004ab0,FUN_10004ab0,10004ab0,10004b0e,16,,InstructionDB,10004ac5,10004ac9,PUSH 0x10024968
10004b12,.text,,,,,,,,InstructionDB,10004b10,10004b15,MOV AX, [0x10037508]
10004b18,.text,,,,,,,,InstructionDB,10004b16,10004b1c,MOV byte ptr [0x1003a6c6], 0x0
10004b2b,.text,,,,,,,,InstructionDB,10004b29,10004b2e,MOV [0x10037508], AX
10004b6e,.text,,,,,,,,InstructionDB,10004b6c,10004b72,MOV byte ptr [0x1003a6c6], 0x2
10004b76,.text,,,,,,,,InstructionDB,10004b73,10004b79,MOV word ptr [0x10037508], CX
10004b95,.text,,,,,,,,InstructionDB,10004b93,10004b99,MOV byte ptr [0x1003a6c6], 0x1
10004b9d,.text,,,,,,,,InstructionDB,10004b9a,10004ba0,MOV word ptr [0x10037508], CX
10004bb9,.text,,10004bb0,FUN_10004bb0,10004bb0,100050d6,9,,InstructionDB,10004bb7,10004bbc,MOV EBX, dword ptr [0x1003c248]
10004c03,.text,,10004bb0,FUN_10004bb0,10004bb0,100050d6,53,,InstructionDB,10004c02,10004c06,MOV AL, [0x1003a6c6]
10004c20,.text,,10004bb0,FUN_10004bb0,10004bb0,100050d6,70,,InstructionDB,10004c1e,10004c23,MOV EBX, dword ptr [0x10022140]
10004c31,.text,,10004bb0,FUN_10004bb0,10004bb0,100050d6,81,,InstructionDB,10004c30,10004c34,MOV EAX, [0x1003bc04]
10004c41,.text,,10004bb0,FUN_10004bb0,10004bb0,100050d6,91,,InstructionDB,10004c3f,10004c45,CMP byte ptr [0x100374bc], 0x0
10004c54,.text,,10004bb0,FUN_10004bb0,10004bb0,100050d6,a4,,InstructionDB,10004c52,10004c57,MOV EDX, dword ptr [0x1003bc04]
10004c5d,.text,,10004bb0,FUN_10004bb0,10004bb0,100050d6,ad,,InstructionDB,10004c5b,10004c60,MOV ECX, dword ptr [0x1003bc74]
10004c6b,.text,,10004bb0,FUN_10004bb0,10004bb0,100050d6,bb,,InstructionDB,10004c6a,10004c6e,MOV [0x100374bc], AL
10004c80,.text,,10004bb0,FUN_10004bb0,10004bb0,100050d6,d0,,InstructionDB,10004c7e,10004c83,SUB EDX, dword ptr [0x1003bc20]
10004cb1,.text,,10004bb0,FUN_10004bb0,10004bb0,100050d6,101,,InstructionDB,10004caf,10004cb4,MOV dword ptr [0x1003bc20], ECX
10004cee,.text,,10004bb0,FUN_10004bb0,10004bb0,100050d6,13e,,InstructionDB,10004cec,10004cf1,CMP EAX, dword ptr [0x1003bc70]
10004cfa,.text,,10004bb0,FUN_10004bb0,10004bb0,100050d6,14a,,InstructionDB,10004cf8,10004cfd,CMP EAX, dword ptr [0x1003aed8]
10004d44,.text,,10004bb0,FUN_10004bb0,10004bb0,100050d6,194,,InstructionDB,10004d42,10004d47,FLD double ptr [0x10024fc0]
10004d9d,.text,,10004bb0,FUN_10004bb0,10004bb0,100050d6,1ed,,InstructionDB,10004d9b,10004da0,FADD float ptr [0x10024e90]
10004db2,.text,,10004bb0,FUN_10004bb0,10004bb0,100050d6,202,,InstructionDB,10004db0,10004db5,FADD float ptr [0x10024e90]
10004e11,.text,,10004bb0,FUN_10004bb0,10004bb0,100050d6,261,,InstructionDB,10004e0f,10004e14,FADD float ptr [0x10024e90]
10004e26,.text,,10004bb0,FUN_10004bb0,10004bb0,100050d6,276,,InstructionDB,10004e24,10004e29,FADD float ptr [0x10024e90]
10004e85,.text,,10004bb0,FUN_10004bb0,10004bb0,100050d6,2d5,,InstructionDB,10004e83,10004e88,FADD float ptr [0x10024e90]
10004e9a,.text,,10004bb0,FUN_10004bb0,10004bb0,100050d6,2ea,,InstructionDB,10004e98,10004e9d,FADD float ptr [0x10024e90]
10004eec,.text,,10004bb0,FUN_10004bb0,10004bb0,100050d6,33c,,InstructionDB,10004eea,10004eef,FMUL double ptr [0x10024e78]
10004ef5,.text,,10004bb0,FUN_10004bb0,10004bb0,100050d6,345,,InstructionDB,10004ef3,10004ef8,FSUB double ptr [0x10024e70]
10004f07,.text,,10004bb0,FUN_10004bb0,10004bb0,100050d6,357,,InstructionDB,10004f05,10004f0a,FLD double ptr [0x10024e68]
10004f2f,.text,,10004bb0,FUN_10004bb0,10004bb0,100050d6,37f,,InstructionDB,10004f2d,10004f32,FLD float ptr [0x10024fb8]
10004f72,.text,,10004bb0,FUN_10004bb0,10004bb0,100050d6,3c2,,InstructionDB,10004f70,10004f75,FMUL double ptr [0x10024e78]
10004f7b,.text,,10004bb0,FUN_10004bb0,10004bb0,100050d6,3cb,,InstructionDB,10004f79,10004f7e,FSUB double ptr [0x10024e70]
10004f8d,.text,,10004bb0,FUN_10004bb0,10004bb0,100050d6,3dd,,InstructionDB,10004f8b,10004f90,FLD double ptr [0x10024e68]
10004f9a,.text,,10004bb0,FUN_10004bb0,10004bb0,100050d6,3ea,,InstructionDB,10004f98,10004f9d,FLD float ptr [0x10024fb8]
10004ffb,.text,,10004bb0,FUN_10004bb0,10004bb0,100050d6,44b,,InstructionDB,10004ff9,10004ffe,FCOM double ptr [0x10024fb0]
10005003,.text,,10004bb0,FUN_10004bb0,10004bb0,100050d6,453,,InstructionDB,10005001,10005006,FLD float ptr [0x10024fac]
10005026,.text,,10004bb0,FUN_10004bb0,10004bb0,100050d6,476,,InstructionDB,10005024,10005029,FLD float ptr [0x10024fa8]
10005048,.text,,10004bb0,FUN_10004bb0,10004bb0,100050d6,498,,InstructionDB,10005047,1000504b,MOV EAX, [0x1003b6fc]
10005065,.text,,10004bb0,FUN_10004bb0,10004bb0,100050d6,4b5,,InstructionDB,10005063,10005068,MOV ECX, dword ptr [0x1003bbbc]
1000508a,.text,,10004bb0,FUN_10004bb0,10004bb0,100050d6,4da,,InstructionDB,10005089,1000508d,MOV EAX, [0x1003bc0c]
100050b0,.text,,10004bb0,FUN_10004bb0,10004bb0,100050d6,500,,InstructionDB,100050ae,100050b3,MOV EDX, dword ptr [0x1003bc24]
100050f6,.text,,100050e0,FUN_100050e0,100050e0,10005665,16,,InstructionDB,100050f4,100050f9,MOV EBX, dword ptr [0x1003c248]
10005172,.text,,100050e0,FUN_100050e0,100050e0,10005665,92,,InstructionDB,10005170,10005175,MOV EBX, dword ptr [0x1003c248]
100053fe,.text,,100050e0,FUN_100050e0,100050e0,10005665,31e,,InstructionDB,100053fc,10005401,CMP EAX, dword ptr [0x1003bc70]
1000540e,.text,,100050e0,FUN_100050e0,100050e0,10005665,32e,,InstructionDB,1000540c,10005411,CMP EAX, dword ptr [0x1003aed8]
10005674,.text,,10005670,FUN_10005670,10005670,1000585f,4,,InstructionDB,10005672,10005677,MOV EDI, dword ptr [0x1003c248]
100056b8,.text,,10005670,FUN_10005670,10005670,1000585f,48,,InstructionDB,100056b7,100056bb,MOV [0x1003bc18], EAX
100056de,.text,,10005670,FUN_10005670,10005670,1000585f,6e,,InstructionDB,100056dd,100056e1,MOV EAX, [0x1003bc18]
100056e4,.text,,10005670,FUN_10005670,10005670,1000585f,74,,InstructionDB,100056e3,100056e7,MOV [0x1003bc18], EAX
1000570a,.text,,10005670,FUN_10005670,10005670,1000585f,9a,,InstructionDB,10005709,1000570d,MOV [0x1003bc18], EAX
1000572f,.text,,10005670,FUN_10005670,10005670,1000585f,bf,,InstructionDB,1000572e,10005732,MOV EAX, [0x1003bc18]
10005735,.text,,10005670,FUN_10005670,10005670,1000585f,c5,,InstructionDB,10005734,10005738,MOV [0x1003bc18], EAX
10005751,.text,,10005670,FUN_10005670,10005670,1000585f,e1,,InstructionDB,10005750,10005754,MOV [0x1003bc18], EAX
1000577e,.text,,10005670,FUN_10005670,10005670,1000585f,10e,,InstructionDB,1000577d,10005781,MOV EAX, [0x1003bc18]
10005784,.text,,10005670,FUN_10005670,10005670,1000585f,114,,InstructionDB,10005783,10005787,MOV [0x1003bc18], EAX
1000579d,.text,,10005670,FUN_10005670,10005670,1000585f,12d,,InstructionDB,1000579b,100057a0,MOV dword ptr [0x1003bc18], EDX
1000583a,.text,,10005670,FUN_10005670,10005670,1000585f,1ca,,InstructionDB,10005838,1000583d,MOV EDX, dword ptr [0x1003bc18]
10005843,.text,,10005670,FUN_10005670,10005670,1000585f,1d3,,InstructionDB,10005841,10005846,MOV dword ptr [0x1003bc18], EDX
10005882,.text,,10005860,FUN_10005860,10005860,10005b56,22,,InstructionDB,10005880,10005885,MOV EDI, dword ptr [0x1003c248]
10005b68,.text,,10005b60,FUN_10005b60,10005b60,10005d2f,8,,InstructionDB,10005b66,10005b6b,MOV ECX, dword ptr [0x1003759c]
10005baf,.text,,10005b60,FUN_10005b60,10005b60,10005d2f,4f,,InstructionDB,10005bad,10005bb2,FSUB double ptr [0x10024f58]
10005c10,.text,,10005b60,FUN_10005b60,10005b60,10005d2f,b0,,InstructionDB,10005c0e,10005c13,FLD float ptr [0x10024f28]
10005c1a,.text,,10005b60,FUN_10005b60,10005b60,10005d2f,ba,,InstructionDB,10005c18,10005c1d,FLD float ptr [0x10024f40]
10005c53,.text,,10005b60,FUN_10005b60,10005b60,10005d2f,f3,,InstructionDB,10005c51,10005c56,FSUB double ptr [0x10024f48]
10005c95,.text,,10005b60,FUN_10005b60,10005b60,10005d2f,135,,InstructionDB,10005c93,10005c98,FCOMP double ptr [0x10024ee0]
10005ca2,.text,,10005b60,FUN_10005b60,10005b60,10005d2f,142,,InstructionDB,10005ca0,10005ca5,FLD float ptr [0x10024ed8]
10005cb3,.text,,10005b60,FUN_10005b60,10005b60,10005d2f,153,,InstructionDB,10005cb1,10005cb6,MOV EDX, dword ptr [0x1003bc1c]
10005ce6,.text,,10005b60,FUN_10005b60,10005b60,10005d2f,186,,InstructionDB,10005ce4,10005ce9,FLD float ptr [0x10024ec8]
10005cfe,.text,,10005b60,FUN_10005b60,10005b60,10005d2f,19e,,InstructionDB,10005cfc,10005d01,FLD float ptr [0x10024f68]
10005d11,.text,,10005b60,FUN_10005b60,10005b60,10005d2f,1b1,,InstructionDB,10005d0f,10005d14,FADD double ptr [0x10024f60]
10005d38,.text,,10005d30,FUN_10005d30,10005d30,10005eea,8,,InstructionDB,10005d36,10005d3b,MOV ECX, dword ptr [0x1003759c]
10005d6f,.text,,10005d30,FUN_10005d30,10005d30,10005eea,3f,,InstructionDB,10005d6d,10005d72,FSUB double ptr [0x10024f58]
10005dd0,.text,,10005d30,FUN_10005d30,10005d30,10005eea,a0,,InstructionDB,10005dce,10005dd3,FLD float ptr [0x10024f28]
10005dda,.text,,10005d30,FUN_10005d30,10005d30,10005eea,aa,,InstructionDB,10005dd8,10005ddd,FLD float ptr [0x10024f50]
10005e13,.text,,10005d30,FUN_10005d30,10005d30,10005eea,e3,,InstructionDB,10005e11,10005e16,FSUB double ptr [0x10024f48]
10005e55,.text,,10005d30,FUN_10005d30,10005d30,10005eea,125,,InstructionDB,10005e53,10005e58,FCOMP double ptr [0x10024ee0]
10005e62,.text,,10005d30,FUN_10005d30,10005d30,10005eea,132,,InstructionDB,10005e60,10005e65,FLD float ptr [0x10024ed8]
10005e79,.text,,10005d30,FUN_10005d30,10005d30,10005eea,149,,InstructionDB,10005e77,10005e7c,MOV ECX, dword ptr [0x1003bc1c]
10005e9a,.text,,10005d30,FUN_10005d30,10005d30,10005eea,16a,,InstructionDB,10005e98,10005e9d,FMUL double ptr [0x10024eb0]
10005eac,.text,,10005d30,FUN_10005d30,10005d30,10005eea,17c,,InstructionDB,10005eaa,10005eaf,FLD float ptr [0x10024ec8]
10005ec4,.text,,10005d30,FUN_10005d30,10005d30,10005eea,194,,InstructionDB,10005ec2,10005ec7,FLD float ptr [0x10024f40]
10005ed2,.text,,10005d30,FUN_10005d30,10005d30,10005eea,1a2,,InstructionDB,10005ed0,10005ed5,FLD float ptr [0x10024f3c]
10005ef8,.text,,10005ef0,FUN_10005ef0,10005ef0,100060c1,8,,InstructionDB,10005ef6,10005efb,MOV ECX, dword ptr [0x1003759c]
10005f44,.text,,10005ef0,FUN_10005ef0,10005ef0,100060c1,54,,InstructionDB,10005f42,10005f47,FSUB double ptr [0x10024f58]
10005fa5,.text,,10005ef0,FUN_10005ef0,10005ef0,100060c1,b5,,InstructionDB,10005fa3,10005fa8,FLD float ptr [0x10024f28]
10005faf,.text,,10005ef0,FUN_10005ef0,10005ef0,100060c1,bf,,InstructionDB,10005fad,10005fb2,FLD float ptr [0x10024f50]
10005fee,.text,,10005ef0,FUN_10005ef0,10005ef0,100060c1,fe,,InstructionDB,10005fec,10005ff1,FSUB double ptr [0x10024f48]
1000602c,.text,,10005ef0,FUN_10005ef0,10005ef0,100060c1,13c,,InstructionDB,1000602a,1000602f,FCOMP double ptr [0x10024ee0]
10006039,.text,,10005ef0,FUN_10005ef0,10005ef0,100060c1,149,,InstructionDB,10006037,1000603c,FLD float ptr [0x10024ed8]
10006050,.text,,10005ef0,FUN_10005ef0,10005ef0,100060c1,160,,InstructionDB,1000604e,10006053,MOV ECX, dword ptr [0x1003bc1c]
10006071,.text,,10005ef0,FUN_10005ef0,10005ef0,100060c1,181,,InstructionDB,1000606f,10006074,FMUL double ptr [0x10024eb0]
10006083,.text,,10005ef0,FUN_10005ef0,10005ef0,100060c1,193,,InstructionDB,10006081,10006086,FLD float ptr [0x10024ec8]
1000609b,.text,,10005ef0,FUN_10005ef0,10005ef0,100060c1,1ab,,InstructionDB,10006099,1000609e,FLD float ptr [0x10024f40]
100060a9,.text,,10005ef0,FUN_10005ef0,10005ef0,100060c1,1b9,,InstructionDB,100060a7,100060ac,FLD float ptr [0x10024f3c]
100060d5,.text,,100060d0,FUN_100060d0,100060d0,10006321,5,,InstructionDB,100060d3,100060d8,MOV EDI, dword ptr [0x1003c248]
10006287,.text,,100060d0,FUN_100060d0,100060d0,10006321,1b7,,InstructionDB,10006284,1000628a,MOVZX EDX, byte ptr [ECX + 0x10006338]
1000628e,.text,,100060d0,FUN_100060d0,100060d0,10006321,1be,,InstructionDB,1000628b,10006291,JMP dword ptr [EDX*0x4 + 0x10006324]
10006311,.text,,100060d0,FUN_100060d0,100060d0,10006321,241,,InstructionDB,1000630e,10006314,MOVZX ECX, byte ptr [ECX + 0x10006350]
10006318,.text,,100060d0,FUN_100060d0,100060d0,10006321,248,,InstructionDB,10006315,1000631b,JMP dword ptr [ECX*0x4 + 0x10006344]
10006324,.text,,,,,,,switchdataD_10006324,DataDB,10006324,10006327,
10006328,.text,,,,,,,,DataDB,10006328,1000632b,
1000632c,.text,,,,,,,,DataDB,1000632c,1000632f,
10006330,.text,,,,,,,,DataDB,10006330,10006333,
10006334,.text,,,,,,,,DataDB,10006334,10006337,
10006344,.text,,,,,,,switchdataD_10006344,DataDB,10006344,10006347,
10006348,.text,,,,,,,,DataDB,10006348,1000634b,
1000634c,.text,,,,,,,,DataDB,1000634c,1000634f,
1000636a,.text,,10006360,FUN_10006360,10006360,10006785,a,,InstructionDB,10006368,1000636d,MOV ESI, dword ptr [0x1003c248]
10006534,.text,,10006360,FUN_10006360,10006360,10006785,1d4,,InstructionDB,10006532,10006537,FSUB double ptr [0x10024fa0]
10006638,.text,,10006360,FUN_10006360,10006360,10006785,2d8,,InstructionDB,10006636,1000663b,FSUB double ptr [0x10024fa0]
1000673c,.text,,10006360,FUN_10006360,10006360,10006785,3dc,,InstructionDB,1000673a,1000673f,FSUB double ptr [0x10024fa0]
10006834,.text,,10006790,FUN_10006790,10006790,100069c0,a4,,InstructionDB,10006833,10006837,PUSH 0x10003fe0
10006843,.text,,10006790,FUN_10006790,10006790,100069c0,b3,,InstructionDB,10006842,10006846,PUSH 0x10003fb0
10006863,.text,,10006790,FUN_10006790,10006790,100069c0,d3,,InstructionDB,10006862,10006866,PUSH 0x10003fe0
10006872,.text,,10006790,FUN_10006790,10006790,100069c0,e2,,InstructionDB,10006871,10006875,PUSH 0x10003fb0
100068a1,.text,,10006790,FUN_10006790,10006790,100069c0,111,,InstructionDB,1000689e,100068a4,JMP dword ptr [EAX*0x4 + 0x100069c4]
100068b4,.text,,10006790,FUN_10006790,10006790,100069c0,124,,InstructionDB,100068b2,100068b7,FMUL double ptr [0x10024ea0]
100068ba,.text,,10006790,FUN_10006790,10006790,100069c0,12a,,InstructionDB,100068b8,100068bd,FCOMP double ptr [0x10024e98]
100068e8,.text,,10006790,FUN_10006790,10006790,100069c0,158,,InstructionDB,100068e6,100068eb,FMUL double ptr [0x10024ea0]
100068ee,.text,,10006790,FUN_10006790,10006790,100069c0,15e,,InstructionDB,100068ec,100068f1,FCOMP double ptr [0x10024e98]
10006939,.text,,10006790,FUN_10006790,10006790,100069c0,1a9,,InstructionDB,10006937,1000693c,FADD float ptr [0x10024e90]
1000694e,.text,,10006790,FUN_10006790,10006790,100069c0,1be,,InstructionDB,1000694c,10006951,FMUL double ptr [0x10024e80]
10006975,.text,,10006790,FUN_10006790,10006790,100069c0,1e5,,InstructionDB,10006973,10006978,FMUL double ptr [0x10024e80]
10006990,.text,,10006790,FUN_10006790,10006790,100069c0,200,,InstructionDB,1000698e,10006993,FADD float ptr [0x10024e90]
100069a1,.text,,10006790,FUN_10006790,10006790,100069c0,211,,InstructionDB,1000699f,100069a4,FMUL double ptr [0x10024e80]
100069c4,.text,,,,,,,switchdataD_100069c4,DataDB,100069c4,100069c7,
100069c8,.text,,,,,,,,DataDB,100069c8,100069cb,
100069cc,.text,,,,,,,PTR_caseD_2_100069cc,DataDB,100069cc,100069cf,
100069d0,.text,,,,,,,,DataDB,100069d0,100069d3,
100069e8,.text,,100069e0,FUN_100069e0,100069e0,10006a4c,8,,InstructionDB,100069e6,100069eb,MOV EDI, dword ptr [0x1003c248]
10006a57,.text,,10006a50,FUN_10006a50,10006a50,10006ac1,7,,InstructionDB,10006a55,10006a5a,MOV ESI, dword ptr [0x1003c248]
10006aad,.text,,10006a50,FUN_10006a50,10006a50,10006ac1,5d,,InstructionDB,10006aab,10006ab0,FMUL double ptr [0x10024f98]
10006ad8,.text,,10006ad0,FUN_10006ad0,10006ad0,10006bd4,8,,InstructionDB,10006ad6,10006adb,MOV ESI, dword ptr [0x1003c248]
10006b63,.text,,10006ad0,FUN_10006ad0,10006ad0,10006bd4,93,,InstructionDB,10006b62,10006b66,PUSH 0x10003fe0
10006b72,.text,,10006ad0,FUN_10006ad0,10006ad0,10006bd4,a2,,InstructionDB,10006b71,10006b75,PUSH 0x10003fb0
10006b9d,.text,,10006ad0,FUN_10006ad0,10006ad0,10006bd4,cd,,InstructionDB,10006b9c,10006ba0,PUSH 0x10003fe0
10006bac,.text,,10006ad0,FUN_10006ad0,10006ad0,10006bd4,dc,,InstructionDB,10006bab,10006baf,PUSH 0x10003fb0
10006cd8,.text,,10006be0,FUN_10006be0,10006be0,10007021,f8,,InstructionDB,10006cd6,10006cdb,FMUL double ptr [0x10024f30]
10006cf1,.text,,10006be0,FUN_10006be0,10006be0,10007021,111,,InstructionDB,10006cef,10006cf4,FLD float ptr [0x10024f28]
10006d39,.text,,10006be0,FUN_10006be0,10006be0,10007021,159,,InstructionDB,10006d37,10006d3c,FLD float ptr [0x10024f10]
10006d98,.text,,10006be0,FUN_10006be0,10006be0,10007021,1b8,,InstructionDB,10006d96,10006d9b,FLD float ptr [0x10024f28]
10006dad,.text,,10006be0,FUN_10006be0,10006be0,10007021,1cd,,InstructionDB,10006dab,10006db0,FLD float ptr [0x10024f10]
10006df9,.text,,10006be0,FUN_10006be0,10006be0,10007021,219,,InstructionDB,10006df7,10006dfc,FLD float ptr [0x10024f28]
10006e0b,.text,,10006be0,FUN_10006be0,10006be0,10007021,22b,,InstructionDB,10006e09,10006e0e,FLD float ptr [0x10024f38]
10006e23,.text,,10006be0,FUN_10006be0,10006be0,10007021,243,,InstructionDB,10006e21,10006e26,FMUL double ptr [0x10024f30]
10006e69,.text,,10006be0,FUN_10006be0,10006be0,10007021,289,,InstructionDB,10006e67,10006e6c,FLD float ptr [0x10024f10]
10006eb5,.text,,10006be0,FUN_10006be0,10006be0,10007021,2d5,,InstructionDB,10006eb3,10006eb8,FLD float ptr [0x10024ef8]
10006ebb,.text,,10006be0,FUN_10006be0,10006be0,10007021,2db,,InstructionDB,10006eb9,10006ebe,MOV ESI, dword ptr [0x1003bc1c]
10006ec8,.text,,10006be0,FUN_10006be0,10006be0,10007021,2e8,,InstructionDB,10006ec6,10006ecb,MOV ESI, dword ptr [0x1003c1f8]
10006ed6,.text,,10006be0,FUN_10006be0,10006be0,10007021,2f6,,InstructionDB,10006ed4,10006ed9,FSUB double ptr [0x10024e88]
10006ef2,.text,,10006be0,FUN_10006be0,10006be0,10007021,312,,InstructionDB,10006ef0,10006ef5,FLD float ptr [0x10024eec]
10006f0f,.text,,10006be0,FUN_10006be0,10006be0,10007021,32f,,InstructionDB,10006f0d,10006f12,FCOMP double ptr [0x10024ee0]
10006f1c,.text,,10006be0,FUN_10006be0,10006be0,10007021,33c,,InstructionDB,10006f1a,10006f1f,FLD float ptr [0x10024ed8]
10006f4d,.text,,10006be0,FUN_10006be0,10006be0,10007021,36d,,InstructionDB,10006f4b,10006f50,FLD double ptr [0x10024ed0]
10006fc8,.text,,10006be0,FUN_10006be0,10006be0,10007021,3e8,,InstructionDB,10006fc6,10006fcb,FLD float ptr [0x10024ec8]
10006fd6,.text,,10006be0,FUN_10006be0,10006be0,10007021,3f6,,InstructionDB,10006fd4,10006fd9,FADD double ptr [0x10024ec0]
100070fd,.text,,10007030,FUN_10007030,10007030,100073e7,cd,,InstructionDB,100070fb,10007100,FMUL double ptr [0x10024f30]
10007116,.text,,10007030,FUN_10007030,10007030,100073e7,e6,,InstructionDB,10007114,10007119,FLD float ptr [0x10024f28]
10007127,.text,,10007030,FUN_10007030,10007030,100073e7,f7,,InstructionDB,10007125,1000712a,FMUL double ptr [0x10024f20]
10007131,.text,,10007030,FUN_10007030,10007030,100073e7,101,,InstructionDB,1000712f,10007134,FLD double ptr [0x10024f18]
10007137,.text,,10007030,FUN_10007030,10007030,100073e7,107,,InstructionDB,10007135,1000713a,FLD float ptr [0x10024f14]
10007157,.text,,10007030,FUN_10007030,10007030,100073e7,127,,InstructionDB,10007155,1000715a,FLD float ptr [0x10024f10]
10007178,.text,,10007030,FUN_10007030,10007030,100073e7,148,,InstructionDB,10007176,1000717b,FDIV double ptr [0x10024f08]
1000717e,.text,,10007030,FUN_10007030,10007030,100073e7,14e,,InstructionDB,1000717c,10007181,FSUB double ptr [0x10024f00]
100071c7,.text,,10007030,FUN_10007030,10007030,100073e7,197,,InstructionDB,100071c5,100071ca,FLD float ptr [0x10024f14]
100071d7,.text,,10007030,FUN_10007030,10007030,100073e7,1a7,,InstructionDB,100071d5,100071da,FLD float ptr [0x10024f28]
100071e9,.text,,10007030,FUN_10007030,10007030,100073e7,1b9,,InstructionDB,100071e7,100071ec,FLD float ptr [0x10024f10]
10007210,.text,,10007030,FUN_10007030,10007030,100073e7,1e0,,InstructionDB,1000720e,10007213,FDIV double ptr [0x10024f08]
10007216,.text,,10007030,FUN_10007030,10007030,100073e7,1e6,,InstructionDB,10007214,10007219,FSUB double ptr [0x10024f00]
10007261,.text,,10007030,FUN_10007030,10007030,100073e7,231,,InstructionDB,1000725f,10007264,MOV ESI, dword ptr [0x1003c1f8]
1000726b,.text,,10007030,FUN_10007030,10007030,100073e7,23b,,InstructionDB,10007269,1000726e,MOV ESI, dword ptr [0x1003bc1c]
10007271,.text,,10007030,FUN_10007030,10007030,100073e7,241,,InstructionDB,1000726f,10007274,FLD float ptr [0x10024ef8]
10007285,.text,,10007030,FUN_10007030,10007030,100073e7,255,,InstructionDB,10007283,10007288,FLD double ptr [0x10024ef0]
100072a1,.text,,10007030,FUN_10007030,10007030,100073e7,271,,InstructionDB,1000729f,100072a4,FLD float ptr [0x10024eec]
100072b1,.text,,10007030,FUN_10007030,10007030,100073e7,281,,InstructionDB,100072af,100072b4,FLD float ptr [0x10024ee8]
100072dd,.text,,10007030,FUN_10007030,10007030,100073e7,2ad,,InstructionDB,100072db,100072e0,FCOMP double ptr [0x10024ee0]
100072ed,.text,,10007030,FUN_10007030,10007030,100073e7,2bd,,InstructionDB,100072eb,100072f0,FLD float ptr [0x10024ed8]
10007327,.text,,10007030,FUN_10007030,10007030,100073e7,2f7,,InstructionDB,10007325,1000732a,FLD double ptr [0x10024ed0]
10007396,.text,,10007030,FUN_10007030,10007030,100073e7,366,,InstructionDB,10007394,10007399,FLD float ptr [0x10024ec8]
100073a4,.text,,10007030,FUN_10007030,10007030,100073e7,374,,InstructionDB,100073a2,100073a7,FADD double ptr [0x10024ec0]
10007401,.text,,100073f0,FUN_100073f0,100073f0,100074c8,11,,InstructionDB,100073ff,10007404,FLD double ptr [0x10024eb8]
10007411,.text,,100073f0,FUN_100073f0,100073f0,100074c8,21,,InstructionDB,1000740f,10007414,FADD double ptr [0x10024e70]
10007441,.text,,100073f0,FUN_100073f0,100073f0,100074c8,51,,InstructionDB,1000743f,10007444,FMUL double ptr [0x10024eb0]
10007462,.text,,100073f0,FUN_100073f0,100073f0,100074c8,72,,InstructionDB,10007460,10007465,FMUL double ptr [0x10024eb0]
10007483,.text,,100073f0,FUN_100073f0,100073f0,100074c8,93,,InstructionDB,10007481,10007486,FMUL double ptr [0x10024eb0]
100074af,.text,,100073f0,FUN_100073f0,100073f0,100074c8,bf,,InstructionDB,100074ad,100074b2,FMUL double ptr [0x10024eb0]
100074d7,.text,,100074d0,FUN_100074d0,100074d0,100076c6,7,,InstructionDB,100074d5,100074da,MOV ESI, dword ptr [0x1003c248]
10007512,.text,,100074d0,FUN_100074d0,100074d0,100076c6,42,,InstructionDB,10007510,10007515,MOV dword ptr [0x1003aedc], EDX
1000751b,.text,,100074d0,FUN_100074d0,100074d0,100076c6,4b,,InstructionDB,10007519,1000751e,MOV dword ptr [0x1003aee0], ECX
10007524,.text,,100074d0,FUN_100074d0,100074d0,100076c6,54,,InstructionDB,10007522,10007527,MOV dword ptr [0x1003aee4], EDX
1000752d,.text,,100074d0,FUN_100074d0,100074d0,100076c6,5d,,InstructionDB,1000752b,10007530,MOV dword ptr [0x1003aee8], ECX
10007536,.text,,100074d0,FUN_100074d0,100074d0,100076c6,66,,InstructionDB,10007534,10007539,MOV dword ptr [0x1003aeec], EDX
1000753e,.text,,100074d0,FUN_100074d0,100074d0,100076c6,6e,,InstructionDB,1000753d,10007541,MOV [0x1003aef0], AL
1000754d,.text,,100074d0,FUN_100074d0,100074d0,100076c6,7d,,InstructionDB,1000754b,10007550,MOV byte ptr [0x1003aedd], CL
1000757f,.text,,100074d0,FUN_100074d0,100074d0,100076c6,af,,InstructionDB,1000757d,10007582,MOV byte ptr [0x1003aedd], BL
10007585,.text,,100074d0,FUN_100074d0,100074d0,100076c6,b5,,InstructionDB,10007583,10007588,MOV byte ptr [0x1003aee5], BL
1000758b,.text,,100074d0,FUN_100074d0,100074d0,100076c6,bb,,InstructionDB,10007589,1000758e,MOV byte ptr [0x1003aee9], BL
1000759c,.text,,100074d0,FUN_100074d0,100074d0,100076c6,cc,,InstructionDB,1000759a,1000759f,MOV byte ptr [0x1003aedc], CL
100075c5,.text,,100074d0,FUN_100074d0,100074d0,100076c6,f5,,InstructionDB,100075c3,100075c8,MOV byte ptr [0x1003aedc], BL
100075cb,.text,,100074d0,FUN_100074d0,100074d0,100076c6,fb,,InstructionDB,100075c9,100075ce,MOV byte ptr [0x1003aee4], BL
100075d1,.text,,100074d0,FUN_100074d0,100074d0,100076c6,101,,InstructionDB,100075cf,100075d4,MOV byte ptr [0x1003aee6], BL
100075e3,.text,,100074d0,FUN_100074d0,100074d0,100076c6,113,,InstructionDB,100075e1,100075e6,MOV byte ptr [0x1003aedf], CL
1000760f,.text,,100074d0,FUN_100074d0,100074d0,100076c6,13f,,InstructionDB,1000760d,10007612,MOV byte ptr [0x1003aedf], BL
10007615,.text,,100074d0,FUN_100074d0,100074d0,100076c6,145,,InstructionDB,10007613,10007618,MOV byte ptr [0x1003aee1], BL
1000761b,.text,,100074d0,FUN_100074d0,100074d0,100076c6,14b,,InstructionDB,10007619,1000761e,MOV byte ptr [0x1003aeeb], BL
10007621,.text,,100074d0,FUN_100074d0,100074d0,100076c6,151,,InstructionDB,1000761f,10007624,MOV byte ptr [0x1003aee3], BL
10007633,.text,,100074d0,FUN_100074d0,100074d0,100076c6,163,,InstructionDB,10007631,10007636,MOV byte ptr [0x1003aede], CL
1000765c,.text,,100074d0,FUN_100074d0,100074d0,100076c6,18c,,InstructionDB,1000765a,1000765f,MOV byte ptr [0x1003aede], BL
10007662,.text,,100074d0,FUN_100074d0,100074d0,100076c6,192,,InstructionDB,10007660,10007665,MOV byte ptr [0x1003aee0], BL
10007668,.text,,100074d0,FUN_100074d0,100074d0,100076c6,198,,InstructionDB,10007666,1000766b,MOV byte ptr [0x1003aee8], BL
1000766e,.text,,100074d0,FUN_100074d0,100074d0,100076c6,19e,,InstructionDB,1000766c,10007671,MOV byte ptr [0x1003aee2], BL
1000767e,.text,,100074d0,FUN_100074d0,100074d0,100076c6,1ae,,InstructionDB,1000767c,10007681,FSTP float ptr [0x1003c1ec]
10007684,.text,,100074d0,FUN_100074d0,100074d0,100076c6,1b4,,InstructionDB,10007682,10007687,MOV dword ptr [0x1003c1fc], EDI
1000768a,.text,,100074d0,FUN_100074d0,100074d0,100076c6,1ba,,InstructionDB,10007688,1000768d,FLD float ptr [0x1003c1ec]
10007690,.text,,100074d0,FUN_100074d0,100074d0,100076c6,1c0,,InstructionDB,1000768e,10007693,MOV dword ptr [0x1003aef4], ECX
1000769e,.text,,100074d0,FUN_100074d0,100074d0,100076c6,1ce,,InstructionDB,1000769d,100076a1,MOV [0x1003bc78], EAX
100076da,.text,,100076d0,FUN_100076d0,100076d0,10007f4d,a,,InstructionDB,100076d8,100076dd,MOV ESI, dword ptr [0x1003c1fc]
100076e5,.text,,100076d0,FUN_100076d0,100076d0,10007f4d,15,,InstructionDB,100076e3,100076e8,MOV EDI, dword ptr [0x1003c248]
10007713,.text,,100076d0,FUN_100076d0,100076d0,10007f4d,43,,InstructionDB,10007711,10007716,MOV EDX, dword ptr [0x1003759c]
10007718,.text,,100076d0,FUN_100076d0,100076d0,10007f4d,48,,InstructionDB,10007717,1000771b,MOV EAX, [0x1003aef4]
10007750,.text,,100076d0,FUN_100076d0,100076d0,10007f4d,80,,InstructionDB,1000774f,10007753,MOV EAX, [0x1003aacc]
10007782,.text,,100076d0,FUN_100076d0,100076d0,10007f4d,b2,,InstructionDB,10007780,10007785,FLD float ptr [0x1003c1ec]
10007789,.text,,100076d0,FUN_100076d0,100076d0,10007f4d,b9,,InstructionDB,10007787,1000778c,FDIV double ptr [0x10024f08]
100077d3,.text,,100076d0,FUN_100076d0,100076d0,10007f4d,103,,InstructionDB,100077d1,100077da,MOV dword ptr [0x1003bc00], 0x0
100077e9,.text,,100076d0,FUN_100076d0,100076d0,10007f4d,119,,InstructionDB,100077e7,100077ec,FLD float ptr [0x1003c1ec]
100077f1,.text,,100076d0,FUN_100076d0,100076d0,10007f4d,121,,InstructionDB,100077ef,100077f4,FDIV double ptr [0x10024f08]
1000781e,.text,,100076d0,FUN_100076d0,100076d0,10007f4d,14e,,InstructionDB,1000781d,10007821,MOV EDI, 0x1002496c
1000784f,.text,,100076d0,FUN_100076d0,100076d0,10007f4d,17f,,InstructionDB,1000784e,10007852,MOV EAX, [0x1003bc78]
10007856,.text,,100076d0,FUN_100076d0,100076d0,10007f4d,186,,InstructionDB,10007853,10007859,MOV ECX, dword ptr [EAX*0x4 + 0x1003c1a8]
1000786c,.text,,100076d0,FUN_100076d0,100076d0,10007f4d,19c,,InstructionDB,1000786b,1000786f,MOV EDI, 0x10024980
1000789c,.text,,100076d0,FUN_100076d0,100076d0,10007f4d,1cc,,InstructionDB,1000789b,1000789f,MOV EAX, [0x1003bc78]
100078a3,.text,,100076d0,FUN_100076d0,100076d0,10007f4d,1d3,,InstructionDB,100078a0,100078a6,MOV ECX, dword ptr [EAX*0x4 + 0x1003bbc0]
100078b9,.text,,100076d0,FUN_100076d0,100076d0,10007f4d,1e9,,InstructionDB,100078b8,100078bc,MOV EDI, 0x10024994
100078ea,.text,,100076d0,FUN_100076d0,100076d0,10007f4d,21a,,InstructionDB,100078e9,100078ed,MOV EAX, [0x1003bc78]
100078f1,.text,,100076d0,FUN_100076d0,100076d0,10007f4d,221,,InstructionDB,100078ee,100078f4,MOV ECX, dword ptr [EAX*0x4 + 0x1003bc30]
10007907,.text,,100076d0,FUN_100076d0,100076d0,10007f4d,237,,InstructionDB,10007906,1000790a,MOV EDI, 0x100249a8
1000793a,.text,,100076d0,FUN_100076d0,100076d0,10007f4d,26a,,InstructionDB,10007939,1000793d,MOV EAX, [0x1003bc78]
10007941,.text,,100076d0,FUN_100076d0,100076d0,10007f4d,271,,InstructionDB,1000793e,10007944,MOV ECX, dword ptr [EAX*0x4 + 0x1003c208]
10007958,.text,,100076d0,FUN_100076d0,100076d0,10007f4d,288,,InstructionDB,10007956,1000795c,CMP byte ptr [0x1003aef1], 0x0
10007965,.text,,100076d0,FUN_100076d0,100076d0,10007f4d,295,,InstructionDB,10007963,10007969,CMP dword ptr [0x1003c1fc], 0x0
10007980,.text,,100076d0,FUN_100076d0,100076d0,10007f4d,2b0,,InstructionDB,1000797f,10007983,PUSH 0x100249b8
100079a0,.text,,100076d0,FUN_100076d0,100076d0,10007f4d,2d0,,InstructionDB,1000799f,100079a3,MOV EAX, [0x1003bd9c]
100079b0,.text,,100076d0,FUN_100076d0,100076d0,10007f4d,2e0,,InstructionDB,100079af,100079b3,PUSH 0x100249c4
100079c9,.text,,100076d0,FUN_100076d0,100076d0,10007f4d,2f9,,InstructionDB,100079c8,100079cc,PUSH 0x100249d0
100079ea,.text,,100076d0,FUN_100076d0,100076d0,10007f4d,31a,,InstructionDB,100079e8,100079ed,MOV EDX, dword ptr [0x1003bd9c]
10007a03,.text,,100076d0,FUN_100076d0,100076d0,10007f4d,333,,InstructionDB,10007a01,10007a06,FLD float ptr [0x10024f94]
10007a11,.text,,100076d0,FUN_100076d0,100076d0,10007f4d,341,,InstructionDB,10007a10,10007a14,PUSH 0x100249dc
10007a89,.text,,100076d0,FUN_100076d0,100076d0,10007f4d,3b9,,InstructionDB,10007a87,10007a8d,CMP byte ptr [0x1003aef0], 0x0
10007acc,.text,,100076d0,FUN_100076d0,100076d0,10007f4d,3fc,,InstructionDB,10007aca,10007ad0,CMP byte ptr [0x1003aeec], 0x0
10007afb,.text,,100076d0,FUN_100076d0,100076d0,10007f4d,42b,,InstructionDB,10007af9,10007afe,FLD float ptr [0x10024f94]
10007b2e,.text,,100076d0,FUN_100076d0,100076d0,10007f4d,45e,,InstructionDB,10007b2d,10007b31,MOV EAX, [0x1003c1fc]
10007b68,.text,,100076d0,FUN_100076d0,100076d0,10007f4d,498,,InstructionDB,10007b67,10007b6b,MOV EAX, [0x1003c1fc]
10007bde,.text,,100076d0,FUN_100076d0,100076d0,10007f4d,50e,,InstructionDB,10007bdc,10007be1,FLD float ptr [0x10024f94]
10007c10,.text,,100076d0,FUN_100076d0,100076d0,10007f4d,540,,InstructionDB,10007c0f,10007c13,MOV EAX, [0x10037594]
10007c1c,.text,,100076d0,FUN_100076d0,100076d0,10007f4d,54c,,InstructionDB,10007c1a,10007c1f,MOV ECX, dword ptr [0x10037594]
10007c28,.text,,100076d0,FUN_100076d0,100076d0,10007f4d,558,,InstructionDB,10007c26,10007c2b,MOV EDX, dword ptr [0x10037594]
10007c33,.text,,100076d0,FUN_100076d0,100076d0,10007f4d,563,,InstructionDB,10007c32,10007c36,MOV EAX, [0x10037594]
10007c4d,.text,,100076d0,FUN_100076d0,100076d0,10007f4d,57d,,InstructionDB,10007c4b,10007c51,CMP dword ptr [0x1003c1fc], 0x0
10007cca,.text,,100076d0,FUN_100076d0,100076d0,10007f4d,5fa,,InstructionDB,10007cc7,10007ccd,CMP EDX, dword ptr [EAX*0x4 + 0x100374c0]
10007cfc,.text,,100076d0,FUN_100076d0,100076d0,10007f4d,62c,,InstructionDB,10007cfa,10007cff,MOV CL, byte ptr [ECX + 0x1003aedc]
10007d5c,.text,,100076d0,FUN_100076d0,100076d0,10007f4d,68c,,InstructionDB,10007d5b,10007d5f,PUSH 0x100249ec
10007d76,.text,,100076d0,FUN_100076d0,100076d0,10007f4d,6a6,,InstructionDB,10007d74,10007d79,FLD float ptr [0x10024f94]
10007d9b,.text,,100076d0,FUN_100076d0,100076d0,10007f4d,6cb,,InstructionDB,10007d9a,10007d9e,PUSH 0x10024a00
10007dad,.text,,100076d0,FUN_100076d0,100076d0,10007f4d,6dd,,InstructionDB,10007dac,10007db0,MOV EAX, [0x1003c248]
10007db3,.text,,100076d0,FUN_100076d0,100076d0,10007f4d,6e3,,InstructionDB,10007db1,10007db6,MOV EDI, dword ptr [0x1003c1fc]
10007e18,.text,,100076d0,FUN_100076d0,100076d0,10007f4d,748,,InstructionDB,10007e16,10007e1b,MOV EDX, dword ptr [0x1003c248]
10007e1e,.text,,100076d0,FUN_100076d0,100076d0,10007f4d,74e,,InstructionDB,10007e1c,10007e21,MOV EDI, dword ptr [0x1003c1fc]
10007ebf,.text,,100076d0,FUN_100076d0,100076d0,10007f4d,7ef,,InstructionDB,10007ebd,10007ec2,FLD float ptr [0x10024f90]
10007ec6,.text,,100076d0,FUN_100076d0,100076d0,10007f4d,7f6,,InstructionDB,10007ec5,10007ec9,MOV EAX, [0x1003c250]
10007ecc,.text,,100076d0,FUN_100076d0,100076d0,10007f4d,7fc,,InstructionDB,10007eca,10007ecf,FILD dword ptr [0x1003c250]
10007ed6,.text,,100076d0,FUN_100076d0,100076d0,10007f4d,806,,InstructionDB,10007ed4,10007ed9,FADD float ptr [0x10024e90]
10007ede,.text,,100076d0,FUN_100076d0,100076d0,10007f4d,80e,,InstructionDB,10007edc,10007ee1,MOV EDX, dword ptr [0x1003c254]
10007ee4,.text,,100076d0,FUN_100076d0,100076d0,10007f4d,814,,InstructionDB,10007ee2,10007ee7,FILD dword ptr [0x1003c254]
10007eee,.text,,100076d0,FUN_100076d0,100076d0,10007f4d,81e,,InstructionDB,10007eec,10007ef1,FADD float ptr [0x10024e90]
10007f19,.text,,100076d0,FUN_100076d0,100076d0,10007f4d,849,,InstructionDB,10007f18,10007f1c,MOV EAX, [0x10024a14]
10007f52,.text,,,,,,,,InstructionDB,10007f50,10007f55,FCOMP float ptr [0x1003c258]
10007f92,.text,,,,,,,,InstructionDB,10007f90,10007f95,MOV dword ptr [0x1003bd88], ESI
10007f98,.text,,,,,,,,InstructionDB,10007f97,10007f9b,MOV EAX, [0x1003bd88]
10007fa2,.text,,,,,,,,InstructionDB,10007fa1,10007fa5,MOV [0x1003bd84], EAX
10007fa7,.text,,,,,,,,InstructionDB,10007fa6,10007faa,MOV EAX, [0x1003bd88]
10007fb3,.text,,,,,,,,InstructionDB,10007fb1,10007fb6,FCOMP double ptr [0x10024f88]
10007fc0,.text,,,,,,,,InstructionDB,10007fbe,10007fc3,MOV ECX, dword ptr [0x1003bd88]
10007fcf,.text,,,,,,,,InstructionDB,10007fcd,10007fd2,MOV EDX, dword ptr [0x1003bd84]
10008006,.text,,10008000,FUN_10008000,10008000,10008133,6,,InstructionDB,10008005,10008009,PUSH 0x10020848
10008065,.text,,10008000,FUN_10008000,10008000,10008133,65,,InstructionDB,10008064,10008068,MOV EAX, [0x1003bd90]
10008094,.text,,10008000,FUN_10008000,10008000,10008133,94,,InstructionDB,10008092,10008097,FLD double ptr [0x10024f80]
1000809c,.text,,10008000,FUN_10008000,10008000,10008133,9c,,InstructionDB,1000809a,1000809f,FLD double ptr [0x10024f78]
100080af,.text,,10008000,FUN_10008000,10008000,10008133,af,,InstructionDB,100080ad,100080b2,FMUL double ptr [0x10024f70]
1000810a,.text,,10008000,FUN_10008000,10008000,10008133,10a,,InstructionDB,10008109,1000810d,MOV [0x1003bd90], EAX
10008147,.text,,10008140,FUN_10008140,10008140,1000877c,7,,InstructionDB,10008146,1000814a,PUSH 0x1003a8c8
10008151,.text,,10008140,FUN_10008140,10008140,1000877c,11,,InstructionDB,10008150,10008154,PUSH 0x1003a6c8
10008157,.text,,10008140,FUN_10008140,10008140,1000877c,17,,InstructionDB,10008155,1000815e,MOV dword ptr [0x1003c1f4], 0x1
10008165,.text,,10008140,FUN_10008140,10008140,1000877c,25,,InstructionDB,10008164,10008168,PUSH 0x10024a24
1000816f,.text,,10008140,FUN_10008140,10008140,1000877c,2f,,InstructionDB,1000816e,10008172,PUSH 0x1003a6c8
10008182,.text,,10008140,FUN_10008140,10008140,1000877c,42,,InstructionDB,10008180,10008185,MOV CL, byte ptr [EAX + 0x1003a6c8]
10008188,.text,,10008140,FUN_10008140,10008140,1000877c,48,,InstructionDB,10008186,1000818b,MOV byte ptr [EAX + 0x1003bc80], CL
10008199,.text,,10008140,FUN_10008140,10008140,1000877c,59,,InstructionDB,10008198,1000819c,PUSH 0x1003a8c8
100081a3,.text,,10008140,FUN_10008140,10008140,1000877c,63,,InstructionDB,100081a2,100081a6,PUSH 0x1003a6c8
100081a9,.text,,10008140,FUN_10008140,10008140,1000877c,69,,InstructionDB,100081a7,100081b0,MOV dword ptr [0x1003c1f4], 0x2
100081b7,.text,,10008140,FUN_10008140,10008140,1000877c,77,,InstructionDB,100081b6,100081ba,PUSH 0x10024a48
100081c1,.text,,10008140,FUN_10008140,10008140,1000877c,81,,InstructionDB,100081c0,100081c4,PUSH 0x1003a6c8
100081d2,.text,,10008140,FUN_10008140,10008140,1000877c,92,,InstructionDB,100081d0,100081d5,MOV CL, byte ptr [EAX + 0x1003a6c8]
100081d8,.text,,10008140,FUN_10008140,10008140,1000877c,98,,InstructionDB,100081d6,100081db,MOV byte ptr [EAX + 0x1003bc80], CL
100081e9,.text,,10008140,FUN_10008140,10008140,1000877c,a9,,InstructionDB,100081e8,100081ec,PUSH 0x1003a8c8
100081f3,.text,,10008140,FUN_10008140,10008140,1000877c,b3,,InstructionDB,100081f2,100081f6,PUSH 0x1003a6c8
100081f9,.text,,10008140,FUN_10008140,10008140,1000877c,b9,,InstructionDB,100081f7,10008200,MOV dword ptr [0x1003c1f4], 0x3
10008207,.text,,10008140,FUN_10008140,10008140,1000877c,c7,,InstructionDB,10008206,1000820a,PUSH 0x10024a6c
10008211,.text,,10008140,FUN_10008140,10008140,1000877c,d1,,InstructionDB,10008210,10008214,PUSH 0x1003a6c8
10008222,.text,,10008140,FUN_10008140,10008140,1000877c,e2,,InstructionDB,10008220,10008225,MOV CL, byte ptr [EAX + 0x1003a6c8]
10008228,.text,,10008140,FUN_10008140,10008140,1000877c,e8,,InstructionDB,10008226,1000822b,MOV byte ptr [EAX + 0x1003bc80], CL
10008241,.text,,10008140,FUN_10008140,10008140,1000877c,101,,InstructionDB,10008240,10008244,PUSH 0x1003a8c8
1000824b,.text,,10008140,FUN_10008140,10008140,1000877c,10b,,InstructionDB,1000824a,1000824e,PUSH 0x1003a6c8
10008255,.text,,10008140,FUN_10008140,10008140,1000877c,115,,InstructionDB,10008254,10008258,PUSH 0x10024a90
1000825f,.text,,10008140,FUN_10008140,10008140,1000877c,11f,,InstructionDB,1000825e,10008262,PUSH 0x1003a6c8
10008270,.text,,10008140,FUN_10008140,10008140,1000877c,130,,InstructionDB,1000826f,10008273,PUSH 0x1003a6c8
1000827b,.text,,10008140,FUN_10008140,10008140,1000877c,13b,,InstructionDB,1000827a,1000827e,MOV EAX, [0x1003aac8]
10008282,.text,,10008140,FUN_10008140,10008140,1000877c,142,,InstructionDB,10008281,10008285,PUSH 0x10024ab4
10008287,.text,,10008140,FUN_10008140,10008140,1000877c,147,,InstructionDB,10008286,1000828a,PUSH 0x10024330
1000828c,.text,,10008140,FUN_10008140,10008140,1000877c,14c,,InstructionDB,1000828b,1000828f,MOV [0x1003aac8], EAX
100082f8,.text,,10008140,FUN_10008140,10008140,1000877c,1b8,,InstructionDB,100082f7,100082fb,PUSH 0x10024ab4
1000830a,.text,,10008140,FUN_10008140,10008140,1000877c,1ca,,InstructionDB,10008307,1000830d,MOV dword ptr [ESI*0x4 + 0x1003c208], EDI
10008318,.text,,10008140,FUN_10008140,10008140,1000877c,1d8,,InstructionDB,10008315,1000831b,MOV EAX, dword ptr [ESI*0x4 + 0x1003c208]
1000831e,.text,,10008140,FUN_10008140,10008140,1000877c,1de,,InstructionDB,1000831c,10008321,MOV ECX, dword ptr [0x100249a8]
10008327,.text,,10008140,FUN_10008140,10008140,1000877c,1e7,,InstructionDB,10008325,1000832a,MOV EDX, dword ptr [0x100249ac]
10008330,.text,,10008140,FUN_10008140,10008140,1000877c,1f0,,InstructionDB,1000832e,10008333,MOV ECX, dword ptr [0x100249b0]
10008339,.text,,10008140,FUN_10008140,10008140,1000877c,1f9,,InstructionDB,10008337,1000833c,MOV EDX, dword ptr [0x100249b4]
1000834f,.text,,10008140,FUN_10008140,10008140,1000877c,20f,,InstructionDB,1000834e,10008352,PUSH 0x1003a8c8
10008359,.text,,10008140,FUN_10008140,10008140,1000877c,219,,InstructionDB,10008358,1000835c,PUSH 0x1003a6c8
10008363,.text,,10008140,FUN_10008140,10008140,1000877c,223,,InstructionDB,10008362,10008366,PUSH 0x10024ad0
1000836d,.text,,10008140,FUN_10008140,10008140,1000877c,22d,,InstructionDB,1000836c,10008370,PUSH 0x1003a6c8
10008377,.text,,10008140,FUN_10008140,10008140,1000877c,237,,InstructionDB,10008376,1000837a,MOV EAX, [0x1003aac8]
1000837e,.text,,10008140,FUN_10008140,10008140,1000877c,23e,,InstructionDB,1000837d,10008381,PUSH 0x10024abc
10008383,.text,,10008140,FUN_10008140,10008140,1000877c,243,,InstructionDB,10008382,10008386,PUSH 0x10024330
10008388,.text,,10008140,FUN_10008140,10008140,1000877c,248,,InstructionDB,10008387,1000838b,MOV [0x1003aac8], EAX
10008392,.text,,10008140,FUN_10008140,10008140,1000877c,252,,InstructionDB,10008391,10008395,PUSH 0x1003a6c8
100083f1,.text,,10008140,FUN_10008140,10008140,1000877c,2b1,,InstructionDB,100083f0,100083f4,PUSH 0x10024abc
10008401,.text,,10008140,FUN_10008140,10008140,1000877c,2c1,,InstructionDB,10008400,10008404,PUSH 0x1003a8c8
1000840b,.text,,10008140,FUN_10008140,10008140,1000877c,2cb,,InstructionDB,1000840a,1000840e,PUSH 0x1003a6c8
10008411,.text,,10008140,FUN_10008140,10008140,1000877c,2d1,,InstructionDB,1000840f,10008414,MOV dword ptr [0x1003bbb4], ESI
1000841b,.text,,10008140,FUN_10008140,10008140,1000877c,2db,,InstructionDB,1000841a,1000841e,PUSH 0x10024b04
10008425,.text,,10008140,FUN_10008140,10008140,1000877c,2e5,,InstructionDB,10008424,10008428,PUSH 0x1003a6c8
1000842f,.text,,10008140,FUN_10008140,10008140,1000877c,2ef,,InstructionDB,1000842e,10008432,MOV EAX, [0x1003aac8]
10008439,.text,,10008140,FUN_10008140,10008140,1000877c,2f9,,InstructionDB,10008438,1000843c,PUSH 0x10024af0
1000843e,.text,,10008140,FUN_10008140,10008140,1000877c,2fe,,InstructionDB,1000843d,10008441,PUSH 0x10024330
10008443,.text,,10008140,FUN_10008140,10008140,1000877c,303,,InstructionDB,10008442,10008446,MOV [0x1003aac8], EAX
1000844d,.text,,10008140,FUN_10008140,10008140,1000877c,30d,,InstructionDB,1000844c,10008450,PUSH 0x1003a6c8
100084ac,.text,,10008140,FUN_10008140,10008140,1000877c,36c,,InstructionDB,100084ab,100084af,PUSH 0x10024af0
100084bc,.text,,10008140,FUN_10008140,10008140,1000877c,37c,,InstructionDB,100084bb,100084bf,PUSH 0x1003a8c8
100084c6,.text,,10008140,FUN_10008140,10008140,1000877c,386,,InstructionDB,100084c5,100084c9,PUSH 0x1003a6c8
100084cc,.text,,10008140,FUN_10008140,10008140,1000877c,38c,,InstructionDB,100084ca,100084cf,MOV dword ptr [0x1003bc7c], ESI
100084d6,.text,,10008140,FUN_10008140,10008140,1000877c,396,,InstructionDB,100084d5,100084d9,PUSH 0x10024b38
100084e0,.text,,10008140,FUN_10008140,10008140,1000877c,3a0,,InstructionDB,100084df,100084e3,PUSH 0x1003a6c8
100084ea,.text,,10008140,FUN_10008140,10008140,1000877c,3aa,,InstructionDB,100084e9,100084ed,MOV EAX, [0x1003aac8]
100084f1,.text,,10008140,FUN_10008140,10008140,1000877c,3b1,,InstructionDB,100084f0,100084f4,PUSH 0x10024b24
100084f6,.text,,10008140,FUN_10008140,10008140,1000877c,3b6,,InstructionDB,100084f5,100084f9,PUSH 0x10024330
100084fb,.text,,10008140,FUN_10008140,10008140,1000877c,3bb,,InstructionDB,100084fa,100084fe,MOV [0x1003aac8], EAX
10008505,.text,,10008140,FUN_10008140,10008140,1000877c,3c5,,InstructionDB,10008504,10008508,PUSH 0x1003a6c8
10008564,.text,,10008140,FUN_10008140,10008140,1000877c,424,,InstructionDB,10008563,10008567,PUSH 0x10024b24
10008574,.text,,10008140,FUN_10008140,10008140,1000877c,434,,InstructionDB,10008573,10008577,PUSH 0x1003a8c8
1000857e,.text,,10008140,FUN_10008140,10008140,1000877c,43e,,InstructionDB,1000857d,10008581,PUSH 0x1003a6c8
10008584,.text,,10008140,FUN_10008140,10008140,1000877c,444,,InstructionDB,10008582,10008587,MOV dword ptr [0x1003bc1c], ESI
1000858e,.text,,10008140,FUN_10008140,10008140,1000877c,44e,,InstructionDB,1000858d,10008591,PUSH 0x10024b68
10008598,.text,,10008140,FUN_10008140,10008140,1000877c,458,,InstructionDB,10008597,1000859b,PUSH 0x1003a6c8
100085a2,.text,,10008140,FUN_10008140,10008140,1000877c,462,,InstructionDB,100085a1,100085a5,MOV EAX, [0x1003aac8]
100085ac,.text,,10008140,FUN_10008140,10008140,1000877c,46c,,InstructionDB,100085ab,100085af,PUSH 0x10024b58
100085b1,.text,,10008140,FUN_10008140,10008140,1000877c,471,,InstructionDB,100085b0,100085b4,PUSH 0x10024330
100085b6,.text,,10008140,FUN_10008140,10008140,1000877c,476,,InstructionDB,100085b5,100085b9,MOV [0x1003aac8], EAX
100085c0,.text,,10008140,FUN_10008140,10008140,1000877c,480,,InstructionDB,100085bf,100085c3,PUSH 0x1003a6c8
1000861f,.text,,10008140,FUN_10008140,10008140,1000877c,4df,,InstructionDB,1000861e,10008622,PUSH 0x10024b58
10008630,.text,,10008140,FUN_10008140,10008140,1000877c,4f0,,InstructionDB,1000862e,10008633,MOV dword ptr [0x1003bc08], ESI
10008635,.text,,10008140,FUN_10008140,10008140,1000877c,4f5,,InstructionDB,10008634,10008638,PUSH 0x1003a8c8
1000863f,.text,,10008140,FUN_10008140,10008140,1000877c,4ff,,InstructionDB,1000863e,10008642,PUSH 0x1003a6c8
10008649,.text,,10008140,FUN_10008140,10008140,1000877c,509,,InstructionDB,10008648,1000864c,PUSH 0x10024b9c
10008653,.text,,10008140,FUN_10008140,10008140,1000877c,513,,InstructionDB,10008652,10008656,PUSH 0x1003a6c8
1000865d,.text,,10008140,FUN_10008140,10008140,1000877c,51d,,InstructionDB,1000865c,10008660,MOV EAX, [0x1003aac8]
10008664,.text,,10008140,FUN_10008140,10008140,1000877c,524,,InstructionDB,10008663,10008667,PUSH 0x10024b88
10008669,.text,,10008140,FUN_10008140,10008140,1000877c,529,,InstructionDB,10008668,1000866c,PUSH 0x10024330
1000866e,.text,,10008140,FUN_10008140,10008140,1000877c,52e,,InstructionDB,1000866d,10008671,MOV [0x1003aac8], EAX
10008678,.text,,10008140,FUN_10008140,10008140,1000877c,538,,InstructionDB,10008677,1000867b,PUSH 0x1003a6c8
100086d7,.text,,10008140,FUN_10008140,10008140,1000877c,597,,InstructionDB,100086d6,100086da,PUSH 0x10024b88
100086e7,.text,,10008140,FUN_10008140,10008140,1000877c,5a7,,InstructionDB,100086e6,100086ea,PUSH 0x1003a8c8
100086f3,.text,,10008140,FUN_10008140,10008140,1000877c,5b3,,InstructionDB,100086f2,100086f6,PUSH 0x1003a6c8
100086f9,.text,,10008140,FUN_10008140,10008140,1000877c,5b9,,InstructionDB,100086f7,100086fc,MOV dword ptr [0x1003c1f8], ESI
100086ff,.text,,10008140,FUN_10008140,10008140,1000877c,5bf,,InstructionDB,100086fd,10008702,MOV [0x1003bd8c], AX
10008709,.text,,10008140,FUN_10008140,10008140,1000877c,5c9,,InstructionDB,10008708,1000870c,PUSH 0x10024654
10008713,.text,,10008140,FUN_10008140,10008140,1000877c,5d3,,InstructionDB,10008712,10008716,PUSH 0x1003a6c8
10008722,.text,,10008140,FUN_10008140,10008140,1000877c,5e2,,InstructionDB,10008721,10008725,PUSH 0x10003810
10008727,.text,,10008140,FUN_10008140,10008140,1000877c,5e7,,InstructionDB,10008726,1000872a,PUSH 0x1003a6c8
10008731,.text,,10008140,FUN_10008140,10008140,1000877c,5f1,,InstructionDB,10008730,10008734,PUSH 0x1003a8c8
1000873b,.text,,10008140,FUN_10008140,10008140,1000877c,5fb,,InstructionDB,1000873a,1000873e,PUSH 0x1003a6c8
10008745,.text,,10008140,FUN_10008140,10008140,1000877c,605,,InstructionDB,10008744,10008748,PUSH 0x10024220
1000874f,.text,,10008140,FUN_10008140,10008140,1000877c,60f,,InstructionDB,1000874e,10008752,PUSH 0x1003a6c8
1000875b,.text,,10008140,FUN_10008140,10008140,1000877c,61b,,InstructionDB,1000875a,1000875e,PUSH 0x10001040
10008760,.text,,10008140,FUN_10008140,10008140,1000877c,620,,InstructionDB,1000875f,10008763,PUSH 0x1003a6c8
10008782,.text,,,,,,,,InstructionDB,10008781,10008785,PUSH 0x1003bc80
10008791,.text,,,,,,,,InstructionDB,10008790,10008794,MOV [0x1003c200], EAX
10008796,.text,,,,,,,,InstructionDB,10008795,10008799,PUSH 0x1003bc10
1000879b,.text,,,,,,,,InstructionDB,1000879a,1000879e,PUSH 0x1003bc28
100087a0,.text,,,,,,,,InstructionDB,1000879f,100087a3,PUSH 0x1003c204
100087a5,.text,,,,,,,,InstructionDB,100087a4,100087a8,PUSH 0x1003bbb8
100087ad,.text,,,,,,,,InstructionDB,100087ab,100087b0,MOV ECX, dword ptr [0x1003c200]
100087bd,.text,,,,,,,,InstructionDB,100087bc,100087c0,MOV EAX, [0x1003bc10]
100087c4,.text,,,,,,,,InstructionDB,100087c2,100087c7,MOV ECX, dword ptr [0x1003bc28]
100087cb,.text,,,,,,,,InstructionDB,100087c9,100087ce,MOV EDX, dword ptr [0x1003c204]
100087d1,.text,,,,,,,,InstructionDB,100087d0,100087d4,MOV EAX, [0x1003bbb8]
100087e1,.text,,,,,,,,InstructionDB,100087e0,100087e4,MOV [0x1003bd94], EAX
100087e7,.text,,,,,,,,InstructionDB,100087e5,100087ea,MOV EDX, dword ptr [0x1003c200]
100087ed,.text,,,,,,,,InstructionDB,100087ec,100087f0,MOV EAX, [0x1003bd94]
100087fe,.text,,,,,,,,InstructionDB,100087fc,10008801,MOV EDX, dword ptr [0x1003c200]
1000880f,.text,,,,,,,,InstructionDB,1000880d,10008812,MOV ECX, dword ptr [0x1003bd94]
1000881f,.text,,,,,,,,InstructionDB,1000881e,10008822,MOV [0x1003c1f0], EAX
10008825,.text,,,,,,,,InstructionDB,10008824,10008828,MOV EAX, [0x1003c1f0]
10008831,.text,,,,,,,,InstructionDB,10008830,10008834,MOV [0x1003c1f0], EAX
10008837,.text,,,,,,,,InstructionDB,10008835,1000883a,MOV dword ptr [0x1003bc18], EBP
1000883e,.text,,,,,,,,InstructionDB,1000883c,10008842,CMP dword ptr [0x1003c1f4], 0x1
10008846,.text,,,,,,,,InstructionDB,10008845,10008849,MOV EAX, [0x1003c1f0]
1000884f,.text,,,,,,,,InstructionDB,1000884d,10008852,MOV ECX, dword ptr [0x1002496c]
10008857,.text,,,,,,,,InstructionDB,10008855,1000885a,MOV EDX, dword ptr [0x10024970]
10008860,.text,,,,,,,,InstructionDB,1000885e,10008863,MOV ECX, dword ptr [0x10024974]
10008869,.text,,,,,,,,InstructionDB,10008867,1000886c,MOV EDX, dword ptr [0x10024978]
10008872,.text,,,,,,,,InstructionDB,10008870,10008875,MOV CL, byte ptr [0x1002497c]
1000887b,.text,,,,,,,,InstructionDB,10008879,1000887e,MOV EDX, dword ptr [0x1003bc18]
10008880,.text,,,,,,,,InstructionDB,1000887f,10008883,MOV EAX, [0x1003c1f0]
10008887,.text,,,,,,,,InstructionDB,10008884,1000888a,MOV dword ptr [EDX*0x4 + 0x1003c1a8], EAX
10008892,.text,,,,,,,,InstructionDB,10008890,10008896,CMP dword ptr [0x1003c1f4], 0x2
1000889b,.text,,,,,,,,InstructionDB,10008899,1000889e,MOV ECX, dword ptr [0x1003c1f0]
100088a4,.text,,,,,,,,InstructionDB,100088a2,100088a7,MOV EDX, dword ptr [0x10024980]
100088ab,.text,,,,,,,,InstructionDB,100088aa,100088ae,MOV EAX, [0x10024984]
100088b4,.text,,,,,,,,InstructionDB,100088b2,100088b7,MOV EDX, dword ptr [0x10024988]
100088bc,.text,,,,,,,,InstructionDB,100088bb,100088bf,MOV EAX, [0x1002498c]
100088c5,.text,,,,,,,,InstructionDB,100088c3,100088c8,MOV DL, byte ptr [0x10024990]
100088cd,.text,,,,,,,,InstructionDB,100088cc,100088d0,MOV EAX, [0x1003bc18]
100088d3,.text,,,,,,,,InstructionDB,100088d1,100088d6,MOV ECX, dword ptr [0x1003c1f0]
100088da,.text,,,,,,,,InstructionDB,100088d7,100088dd,MOV dword ptr [EAX*0x4 + 0x1003bbc0], ECX
100088e2,.text,,,,,,,,InstructionDB,100088e0,100088e6,CMP dword ptr [0x1003c1f4], 0x3
100088eb,.text,,,,,,,,InstructionDB,100088e9,100088ee,MOV EDX, dword ptr [0x1003c1f0]
100088f3,.text,,,,,,,,InstructionDB,100088f2,100088f6,MOV EAX, [0x10024994]
100088fb,.text,,,,,,,,InstructionDB,100088f9,100088fe,MOV ECX, dword ptr [0x10024998]
10008903,.text,,,,,,,,InstructionDB,10008902,10008906,MOV EAX, [0x1002499c]
1000890c,.text,,,,,,,,InstructionDB,1000890a,1000890f,MOV ECX, dword ptr [0x100249a0]
10008914,.text,,,,,,,,InstructionDB,10008913,10008917,MOV AL, [0x100249a4]
1000891d,.text,,,,,,,,InstructionDB,1000891b,10008920,MOV ECX, dword ptr [0x1003bc18]
10008923,.text,,,,,,,,InstructionDB,10008921,10008926,MOV EDX, dword ptr [0x1003c1f0]
1000892a,.text,,,,,,,,InstructionDB,10008927,1000892d,MOV dword ptr [ECX*0x4 + 0x1003bc30], EDX
10008934,.text,,,,,,,,InstructionDB,10008932,10008937,MOV ECX, dword ptr [0x1003c1f0]
10008942,.text,,,,,,,,InstructionDB,10008940,10008949,MOV dword ptr [0x1003bc18], 0x0
1000894d,.text,,,,,,,,InstructionDB,1000894c,10008950,MOV EAX, [0x1003bc18]
10008955,.text,,,,,,,,InstructionDB,10008954,10008958,MOV [0x1003bc18], EAX
1000895b,.text,,,,,,,,InstructionDB,10008959,1000895f,CMP dword ptr [0x1003bc18], 0x10
10008968,.text,,,,,,,,InstructionDB,10008966,1000896b,MOV ECX, dword ptr [0x1003bc18]
1000896f,.text,,,,,,,,InstructionDB,1000896c,10008973,CMP dword ptr [ECX*0x4 + 0x1003c1a8], 0x0
10008978,.text,,,,,,,,InstructionDB,10008976,1000897b,MOV EDX, dword ptr [0x1003bc18]
1000897f,.text,,,,,,,,InstructionDB,1000897c,10008982,MOV EAX, dword ptr [EDX*0x4 + 0x1003c1a8]
10008990,.text,,,,,,,,InstructionDB,1000898e,10008993,MOV EDX, dword ptr [0x1003bc18]
10008997,.text,,,,,,,,InstructionDB,10008994,1000899b,CMP dword ptr [EDX*0x4 + 0x1003bbc0], 0x0
1000899f,.text,,,,,,,,InstructionDB,1000899e,100089a2,MOV EAX, [0x1003bc18]
100089a6,.text,,,,,,,,InstructionDB,100089a3,100089a9,MOV ECX, dword ptr [EAX*0x4 + 0x1003bbc0]
100089b6,.text,,,,,,,,InstructionDB,100089b5,100089b9,MOV EAX, [0x1003bc18]
100089bd,.text,,,,,,,,InstructionDB,100089ba,100089c1,CMP dword ptr [EAX*0x4 + 0x1003bc30], 0x0
100089c6,.text,,,,,,,,InstructionDB,100089c4,100089c9,MOV ECX, dword ptr [0x1003bc18]
100089cd,.text,,,,,,,,InstructionDB,100089ca,100089d0,MOV EDX, dword ptr [ECX*0x4 + 0x1003bc30]
100089de,.text,,,,,,,,InstructionDB,100089dc,100089e1,MOV ECX, dword ptr [0x1003bc18]
100089e5,.text,,,,,,,,InstructionDB,100089e2,100089e9,CMP dword ptr [ECX*0x4 + 0x1003c208], 0x0
100089ee,.text,,,,,,,,InstructionDB,100089ec,100089f1,MOV EDX, dword ptr [0x1003bc18]
100089f5,.text,,,,,,,,InstructionDB,100089f2,100089f8,MOV ESI, dword ptr [EDX*0x4 + 0x1003c208]
100089ff,.text,,,,,,,,InstructionDB,100089fe,10008a02,MOV EAX, [0x1003bc18]
10008a06,.text,,,,,,,,InstructionDB,10008a03,10008a0d,MOV dword ptr [EAX*0x4 + 0x1003c1a8], 0x0
10008a10,.text,,,,,,,,InstructionDB,10008a0e,10008a13,MOV ECX, dword ptr [0x1003bc18]
10008a17,.text,,,,,,,,InstructionDB,10008a14,10008a1e,MOV dword ptr [ECX*0x4 + 0x1003bbc0], 0x0
10008a21,.text,,,,,,,,InstructionDB,10008a1f,10008a24,MOV EDX, dword ptr [0x1003bc18]
10008a28,.text,,,,,,,,InstructionDB,10008a25,10008a2f,MOV dword ptr [EDX*0x4 + 0x1003bc30], 0x0
10008a31,.text,,,,,,,,InstructionDB,10008a30,10008a34,MOV EAX, [0x1003bc18]
10008a38,.text,,,,,,,,InstructionDB,10008a35,10008a3f,MOV dword ptr [EAX*0x4 + 0x1003c208], 0x0
10008a47,.text,,,,,,,,InstructionDB,10008a45,10008a4b,CMP dword ptr [0x1003bd90], 0x0
10008a50,.text,,,,,,,,InstructionDB,10008a4e,10008a53,MOV ESI, dword ptr [0x1003bd90]
10008a5b,.text,,,,,,,,InstructionDB,10008a59,10008a5f,CMP dword ptr [0x1003bbb4], 0x0
10008a64,.text,,,,,,,,InstructionDB,10008a62,10008a67,MOV ESI, dword ptr [0x1003bbb4]
10008a6f,.text,,,,,,,,InstructionDB,10008a6d,10008a73,CMP dword ptr [0x1003bc7c], 0x0
10008a78,.text,,,,,,,,InstructionDB,10008a76,10008a7b,MOV ESI, dword ptr [0x1003bc7c]
10008a83,.text,,,,,,,,InstructionDB,10008a81,10008a87,CMP dword ptr [0x1003bc1c], 0x0
10008a8c,.text,,,,,,,,InstructionDB,10008a8a,10008a8f,MOV ESI, dword ptr [0x1003bc1c]
10008a97,.text,,,,,,,,InstructionDB,10008a95,10008a9b,CMP dword ptr [0x1003bc08], 0x0
10008aa0,.text,,,,,,,,InstructionDB,10008a9e,10008aa3,MOV ESI, dword ptr [0x1003bc08]
10008aab,.text,,,,,,,,InstructionDB,10008aa9,10008aaf,CMP dword ptr [0x1003c1f8], 0x0
10008ab4,.text,,,,,,,,InstructionDB,10008ab2,10008ab7,MOV ESI, dword ptr [0x1003c1f8]
10008abf,.text,,,,,,,,InstructionDB,10008abd,10008ac6,MOV dword ptr [0x1003bd90], 0x0
10008ac9,.text,,,,,,,,InstructionDB,10008ac7,10008ad0,MOV dword ptr [0x1003bbb4], 0x0
10008ad3,.text,,,,,,,,InstructionDB,10008ad1,10008ada,MOV dword ptr [0x1003bc7c], 0x0
10008add,.text,,,,,,,,InstructionDB,10008adb,10008ae4,MOV dword ptr [0x1003bc1c], 0x0
10008ae7,.text,,,,,,,,InstructionDB,10008ae5,10008aee,MOV dword ptr [0x1003bc08], 0x0
10008af1,.text,,,,,,,,InstructionDB,10008aef,10008af8,MOV dword ptr [0x1003c1f8], 0x0
10008afb,.text,,,,,,,,InstructionDB,10008af9,10008aff,CMP dword ptr [0x1003bd9c], 0x0
10008b04,.text,,,,,,,,InstructionDB,10008b02,10008b07,MOV ECX, dword ptr [0x1003bd9c]
10008b15,.text,,,,,,,,InstructionDB,10008b13,10008b19,CMP dword ptr [0x1003bda0], 0x0
10008b1d,.text,,,,,,,,InstructionDB,10008b1c,10008b20,MOV EAX, [0x1003bda0]
10008b2e,.text,,,,,,,,InstructionDB,10008b2c,10008b32,CMP dword ptr [0x1003bda4], 0x0
10008b37,.text,,,,,,,,InstructionDB,10008b35,10008b3a,MOV EDX, dword ptr [0x1003bda4]
10008b48,.text,,,,,,,,InstructionDB,10008b46,10008b4f,MOV dword ptr [0x1003bd9c], 0x0
10008b52,.text,,,,,,,,InstructionDB,10008b50,10008b59,MOV dword ptr [0x1003bda0], 0x0
10008b5c,.text,,,,,,,,InstructionDB,10008b5a,10008b63,MOV dword ptr [0x1003bda4], 0x0
10008cba,.text,,10008cb0,FUN_10008cb0,10008cb0,10008d1d,a,,InstructionDB,10008cb9,10008cbd,PUSH 0x100248c0
10008cd9,.text,,10008cb0,FUN_10008cb0,10008cb0,10008d1d,29,,InstructionDB,10008cd8,10008cdc,PUSH 0x100248b4
10008cfb,.text,,10008cb0,FUN_10008cb0,10008cb0,10008d1d,4b,,InstructionDB,10008cfa,10008cfe,PUSH 0x10008cb0
10008d4b,.text,,10008d20,FUN_10008d20,10008d20,10008d93,2b,,InstructionDB,10008d49,10008d4e,FMUL double ptr [0x10024e78]
10008d54,.text,,10008d20,FUN_10008d20,10008d20,10008d93,34,,InstructionDB,10008d52,10008d57,FSUB double ptr [0x10024e70]
10008d6b,.text,,10008d20,FUN_10008d20,10008d20,10008d93,4b,,InstructionDB,10008d69,10008d6e,FLD double ptr [0x10024e68]
10008e04,.text,,10008e00,FUN_10008e00,10008e00,10008e31,4,,InstructionDB,10008e02,10008e07,MOV EDI, dword ptr [0x1003c248]
10008e49,.text,,10008e40,FUN_10008e40,10008e40,10008eaa,9,,InstructionDB,10008e47,10008e4c,MOV EDI, dword ptr [0x1002201c]
10008ebc,.text,,10008eb0,FUN_10008eb0,10008eb0,10008f0c,c,,InstructionDB,10008eba,10008ebf,MOV EBX, dword ptr [0x1002201c]
10008f1e,.text,,10008f10,FUN_10008f10,10008f10,10008f93,e,,InstructionDB,10008f1c,10008f21,MOV EDI, dword ptr [0x1002201c]
10008fbf,.text,,10008fa0,FUN_10008fa0,10008fa0,10009052,1f,,InstructionDB,10008fbd,10008fc2,MOV EBX, dword ptr [0x1002201c]
1000907f,.text,,10009060,FUN_10009060,10009060,10009112,1f,,InstructionDB,1000907d,10009082,MOV EBX, dword ptr [0x1002201c]
1000912e,.text,,10009120,FUN_10009120,10009120,10009356,e,,InstructionDB,1000912c,10009131,MOV dword ptr [0x1003c3f6], EBX
10009135,.text,,10009120,FUN_10009120,10009120,10009356,15,,InstructionDB,10009132,10009138,MOV word ptr [0x1003c3f4], BX
1000913b,.text,,10009120,FUN_10009120,10009120,10009356,1b,,InstructionDB,10009139,1000913e,CALL dword ptr [0x10022018]
10009186,.text,,10009120,FUN_10009120,10009120,10009356,66,,InstructionDB,10009184,1000918a,MOV byte ptr [0x1003c3f9], 0x1
1000918d,.text,,10009120,FUN_10009120,10009120,10009356,6d,,InstructionDB,1000918b,10009194,MOV dword ptr [0x1003c3f4], 0x1010033
100091a0,.text,,10009120,FUN_10009120,10009120,10009356,80,,InstructionDB,1000919e,100091a3,MOV byte ptr [0x1003c3f9], BL
100091a6,.text,,10009120,FUN_10009120,10009120,10009356,86,,InstructionDB,100091a4,100091ad,MOV dword ptr [0x1003c3f4], 0x1010033
100091b9,.text,,10009120,FUN_10009120,10009120,10009356,99,,InstructionDB,100091b7,100091c0,MOV dword ptr [0x1003c3f4], 0x10033
100091c3,.text,,10009120,FUN_10009120,10009120,10009356,a3,,InstructionDB,100091c1,100091c6,MOV byte ptr [0x1003c3f9], BL
100091ef,.text,,10009120,FUN_10009120,10009120,10009356,cf,,InstructionDB,100091ed,100091f2,MOV EDI, dword ptr [0x1002201c]
10009203,.text,,10009120,FUN_10009120,10009120,10009356,e3,,InstructionDB,10009201,1000920a,MOV dword ptr [0x1003c3f4], 0x15553
1000920d,.text,,10009120,FUN_10009120,10009120,10009356,ed,,InstructionDB,1000920b,10009210,MOV byte ptr [0x1003c3f9], BL
10009253,.text,,10009120,FUN_10009120,10009120,10009356,133,,InstructionDB,10009251,10009256,MOV byte ptr [0x1003c3f8], DL
10009260,.text,,10009120,FUN_10009120,10009120,10009356,140,,InstructionDB,1000925e,10009267,MOV dword ptr [0x1003c3f4], 0x1010056
1000926a,.text,,10009120,FUN_10009120,10009120,10009356,14a,,InstructionDB,10009268,1000926d,MOV byte ptr [0x1003c3f9], BL
10009279,.text,,10009120,FUN_10009120,10009120,10009356,159,,InstructionDB,10009277,10009280,MOV dword ptr [0x1003c3f4], 0x10056
10009283,.text,,10009120,FUN_10009120,10009120,10009356,163,,InstructionDB,10009281,10009286,MOV byte ptr [0x1003c3f9], BL
100092b5,.text,,10009120,FUN_10009120,10009120,10009356,195,,InstructionDB,100092b3,100092bc,MOV dword ptr [0x1003c3f4], 0x1014553
100092bf,.text,,10009120,FUN_10009120,10009120,10009356,19f,,InstructionDB,100092bd,100092c2,MOV byte ptr [0x1003c3f9], BL
100092ce,.text,,10009120,FUN_10009120,10009120,10009356,1ae,,InstructionDB,100092cc,100092d5,MOV dword ptr [0x1003c3f4], 0x1015553
100092d8,.text,,10009120,FUN_10009120,10009120,10009356,1b8,,InstructionDB,100092d6,100092db,MOV byte ptr [0x1003c3f9], BL
100092e7,.text,,10009120,FUN_10009120,10009120,10009356,1c7,,InstructionDB,100092e5,100092ee,MOV dword ptr [0x1003c3f4], 0x14553
100092f1,.text,,10009120,FUN_10009120,10009120,10009356,1d1,,InstructionDB,100092ef,100092f4,MOV byte ptr [0x1003c3f9], BL
10009325,.text,,10009120,FUN_10009120,10009120,10009356,205,,InstructionDB,10009323,1000932c,MOV dword ptr [0x1003c3f4], 0x30053
1000932f,.text,,10009120,FUN_10009120,10009120,10009356,20f,,InstructionDB,1000932d,10009333,MOV byte ptr [0x1003c3f9], 0x1
10009341,.text,,10009120,FUN_10009120,10009120,10009356,221,,InstructionDB,1000933f,10009348,MOV dword ptr [0x1003c3f4], 0x1010056
1000934b,.text,,10009120,FUN_10009120,10009120,10009356,22b,,InstructionDB,10009349,1000934f,MOV byte ptr [0x1003c3f9], 0x1
10009362,.text,,10009360,FUN_10009360,10009360,1000942c,2,,InstructionDB,10009360,10009366,TEST byte ptr [0x1003c3fc], 0x1
1000936b,.text,,10009360,FUN_10009360,10009360,1000942c,b,,InstructionDB,10009369,1000936f,OR dword ptr [0x1003c3fc], 0x1
10009371,.text,,10009360,FUN_10009360,10009360,1000942c,11,,InstructionDB,10009370,10009374,PUSH 0x10020a80
10009377,.text,,10009360,FUN_10009360,10009360,1000942c,17,,InstructionDB,10009375,1000937e,MOV dword ptr [0x1003c3e8], 0x0
10009381,.text,,10009360,FUN_10009360,10009360,1000942c,21,,InstructionDB,1000937f,10009388,MOV dword ptr [0x1003c3ec], 0x0
10009393,.text,,10009360,FUN_10009360,10009360,1000942c,33,,InstructionDB,10009391,10009396,MOV ECX, dword ptr [0x1003c3ec]
10009398,.text,,10009360,FUN_10009360,10009360,1000942c,38,,InstructionDB,10009397,1000939b,MOV EAX, [0x1003c3e8]
100093ab,.text,,10009360,FUN_10009360,10009360,1000942c,4b,,InstructionDB,100093aa,100093ae,PUSH 0x10024c18
100093b8,.text,,10009360,FUN_10009360,10009360,1000942c,58,,InstructionDB,100093b6,100093bb,CALL dword ptr [0x10022058]
100093be,.text,,10009360,FUN_10009360,10009360,1000942c,5e,,InstructionDB,100093bc,100093c1,MOV ECX, dword ptr [0x1003c3ec]
100093c3,.text,,10009360,FUN_10009360,10009360,1000942c,63,,InstructionDB,100093c2,100093c6,MOV [0x1003c3e8], EAX
100093da,.text,,10009360,FUN_10009360,10009360,1000942c,7a,,InstructionDB,100093d8,100093dd,CALL dword ptr [0x10022038]
100093e2,.text,,10009360,FUN_10009360,10009360,1000942c,82,,InstructionDB,100093e0,100093e5,MOV dword ptr [0x1003c3ec], ECX
100093eb,.text,,10009360,FUN_10009360,10009360,1000942c,8b,,InstructionDB,100093ea,100093ee,MOV EAX, [0x1003c3e8]
10009407,.text,,10009360,FUN_10009360,10009360,1000942c,a7,,InstructionDB,10009406,1000940a,MOV ESI, 0x1003c3e8
10009412,.text,,10009360,FUN_10009360,10009360,1000942c,b2,,InstructionDB,10009410,10009415,MOV ECX, dword ptr [0x1003c3ec]
10009417,.text,,10009360,FUN_10009360,10009360,1000942c,b7,,InstructionDB,10009416,1000941a,MOV EAX, [0x1003c3e8]
10009449,.text,,10009430,FUN_10009430,10009430,100094c4,19,,InstructionDB,10009448,1000944c,PUSH 0x10024c18
10009456,.text,,10009430,FUN_10009430,10009430,100094c4,26,,InstructionDB,10009454,10009459,CALL dword ptr [0x10022058]
10009476,.text,,10009430,FUN_10009430,10009430,100094c4,46,,InstructionDB,10009474,10009479,CALL dword ptr [0x10022038]
100094d6,.text,,100094d0,FUN_100094d0,100094d0,10009572,6,,InstructionDB,100094d5,100094d9,PUSH 0x10024c18
100094ec,.text,,100094d0,FUN_100094d0,100094d0,10009572,1c,,InstructionDB,100094ea,100094ef,CALL dword ptr [0x10022050]
1000950c,.text,,100094d0,FUN_100094d0,100094d0,10009572,3c,,InstructionDB,1000950a,1000950f,CALL dword ptr [0x10022038]
1000951e,.text,,100094d0,FUN_100094d0,100094d0,10009572,4e,,InstructionDB,1000951c,10009521,CALL dword ptr [0x1002204c]
10009568,.text,,100094d0,FUN_100094d0,100094d0,10009572,98,,InstructionDB,10009566,1000956b,CALL dword ptr [0x10022040]
10009582,.text,,10009580,FUN_10009580,10009580,100095e1,2,,InstructionDB,10009580,10009586,CMP dword ptr [0x1003c3e8], 0x0
1000958a,.text,,10009580,FUN_10009580,10009580,100095e1,a,,InstructionDB,10009589,1000958d,MOV EAX, [0x1003c3ec]
10009596,.text,,10009580,FUN_10009580,10009580,100095e1,16,,InstructionDB,10009594,10009599,CALL dword ptr [0x1002203c]
1000959b,.text,,10009580,FUN_10009580,10009580,100095e1,1b,,InstructionDB,1000959a,1000959e,MOV EAX, [0x1003c3e8]
100095a1,.text,,10009580,FUN_10009580,10009580,100095e1,21,,InstructionDB,1000959f,100095a4,MOV ESI, dword ptr [0x10022054]
100095a8,.text,,10009580,FUN_10009580,10009580,100095e1,28,,InstructionDB,100095a6,100095af,MOV dword ptr [0x1003c3ec], 0x0
100095b3,.text,,10009580,FUN_10009580,10009580,100095e1,33,,InstructionDB,100095b2,100095b6,PUSH 0x10024c18
100095c0,.text,,10009580,FUN_10009580,10009580,100095e1,40,,InstructionDB,100095be,100095c7,MOV dword ptr [0x1003c3e8], 0x0
100095ca,.text,,10009580,FUN_10009580,10009580,100095e1,4a,,InstructionDB,100095c8,100095cd,CALL dword ptr [0x10022058]
100095db,.text,,10009580,FUN_10009580,10009580,100095e1,5b,,InstructionDB,100095d9,100095de,CALL dword ptr [0x10022048]
100095f3,.text,,100095f0,FUN_100095f0,100095f0,1000960e,3,,InstructionDB,100095f2,100095f6,PUSH 0x10024c28
100095f8,.text,,100095f0,FUN_100095f0,100095f0,1000960e,8,,InstructionDB,100095f7,100095fb,PUSH 0x10024c34
10009600,.text,,100095f0,FUN_100095f0,100095f0,1000960e,10,,InstructionDB,100095fe,10009603,CALL dword ptr [0x10022144]
1000960b,.text,,100095f0,FUN_100095f0,100095f0,1000960e,1b,,InstructionDB,10009609,1000960e,CALL dword ptr [0x10022034]
1000961e,.text,,10009610,FUN_10009610,10009610,100096d9,e,,InstructionDB,1000961c,10009622,TEST byte ptr [0x1003c400], 0x1
1000962b,.text,,10009610,FUN_10009610,10009610,100096d9,1b,,InstructionDB,10009629,1000962f,OR dword ptr [0x1003c400], 0x1
10009632,.text,,10009610,FUN_10009610,10009610,100096d9,22,,InstructionDB,10009630,10009639,MOV dword ptr [0x1003c3f0], 0x10024c04
10009636,.text,,10009610,FUN_10009610,10009610,100096d9,26,,InstructionDB,10009630,10009639,MOV dword ptr [0x1003c3f0], 0x10024c04
1000963c,.text,,10009610,FUN_10009610,10009610,100096d9,2c,,InstructionDB,1000963a,1000963f,MOV byte ptr [0x1003c3f9], BL
10009642,.text,,10009610,FUN_10009610,10009610,100096d9,32,,InstructionDB,10009640,10009645,MOV byte ptr [0x1003c3f8], BL
10009648,.text,,10009610,FUN_10009610,10009610,100096d9,38,,InstructionDB,10009646,1000964b,MOV byte ptr [0x1003c3f7], BL
1000964e,.text,,10009610,FUN_10009610,10009610,100096d9,3e,,InstructionDB,1000964c,10009651,MOV byte ptr [0x1003c3f6], BL
10009654,.text,,10009610,FUN_10009610,10009610,100096d9,44,,InstructionDB,10009652,10009657,MOV byte ptr [0x1003c3f5], BL
1000965a,.text,,10009610,FUN_10009610,10009610,100096d9,4a,,InstructionDB,10009658,1000965d,MOV byte ptr [0x1003c3f4], BL
1000967b,.text,,10009610,FUN_10009610,10009610,100096d9,6b,,InstructionDB,10009679,1000967f,TEST byte ptr [0x1003c400], 0x1
1000968a,.text,,10009610,FUN_10009610,10009610,100096d9,7a,,InstructionDB,10009688,1000968e,OR dword ptr [0x1003c400], 0x1
10009691,.text,,10009610,FUN_10009610,10009610,100096d9,81,,InstructionDB,1000968f,10009698,MOV dword ptr [0x1003c3f0], 0x10024c04
10009695,.text,,10009610,FUN_10009610,10009610,100096d9,85,,InstructionDB,1000968f,10009698,MOV dword ptr [0x1003c3f0], 0x10024c04
1000969b,.text,,10009610,FUN_10009610,10009610,100096d9,8b,,InstructionDB,10009699,1000969e,MOV byte ptr [0x1003c3f9], BL
100096a1,.text,,10009610,FUN_10009610,10009610,100096d9,91,,InstructionDB,1000969f,100096a4,MOV byte ptr [0x1003c3f8], BL
100096a7,.text,,10009610,FUN_10009610,10009610,100096d9,97,,InstructionDB,100096a5,100096aa,MOV byte ptr [0x1003c3f7], BL
100096ad,.text,,10009610,FUN_10009610,10009610,100096d9,9d,,InstructionDB,100096ab,100096b0,MOV byte ptr [0x1003c3f6], BL
100096b3,.text,,10009610,FUN_10009610,10009610,100096d9,a3,,InstructionDB,100096b1,100096b6,MOV byte ptr [0x1003c3f5], BL
100096b9,.text,,10009610,FUN_10009610,10009610,100096d9,a9,,InstructionDB,100096b7,100096bc,MOV byte ptr [0x1003c3f4], BL
100096eb,.text,,100096e0,FUN_100096e0,100096e0,10009783,b,,InstructionDB,100096e9,100096ef,TEST byte ptr [0x1003c400], 0x1
100096f5,.text,,100096e0,FUN_100096e0,100096e0,10009783,15,,InstructionDB,100096f3,100096f9,OR dword ptr [0x1003c400], 0x1
100096fc,.text,,100096e0,FUN_100096e0,100096e0,10009783,1c,,InstructionDB,100096fa,10009703,MOV dword ptr [0x1003c3f0], 0x10024c04
10009700,.text,,100096e0,FUN_100096e0,100096e0,10009783,20,,InstructionDB,100096fa,10009703,MOV dword ptr [0x1003c3f0], 0x10024c04
10009706,.text,,100096e0,FUN_100096e0,100096e0,10009783,26,,InstructionDB,10009704,10009709,MOV dword ptr [0x1003c3f6], EBX
1000970d,.text,,100096e0,FUN_100096e0,100096e0,10009783,2d,,InstructionDB,1000970a,10009710,MOV word ptr [0x1003c3f4], BX
10009718,.text,,100096e0,FUN_100096e0,100096e0,10009783,38,,InstructionDB,10009716,1000971c,TEST byte ptr [0x1003c400], 0x1
1000972e,.text,,100096e0,FUN_100096e0,100096e0,10009783,4e,,InstructionDB,1000972c,10009732,OR dword ptr [0x1003c400], 0x1
10009735,.text,,100096e0,FUN_100096e0,100096e0,10009783,55,,InstructionDB,10009733,1000973c,MOV dword ptr [0x1003c3f0], 0x10024c04
10009739,.text,,100096e0,FUN_100096e0,100096e0,10009783,59,,InstructionDB,10009733,1000973c,MOV dword ptr [0x1003c3f0], 0x10024c04
1000973f,.text,,100096e0,FUN_100096e0,100096e0,10009783,5f,,InstructionDB,1000973d,10009742,MOV dword ptr [0x1003c3f6], EBX
10009746,.text,,100096e0,FUN_100096e0,100096e0,10009783,66,,InstructionDB,10009743,10009749,MOV word ptr [0x1003c3f4], BX
1000979b,.text,,10009790,FUN_10009790,10009790,100098d9,b,,InstructionDB,1000979a,1000979e,MOV ECX, 0x100098e0
100097af,.text,,10009790,FUN_10009790,10009790,100098d9,1f,,InstructionDB,100097ae,100097b2,MOV ECX, 0x100098f0
100097c3,.text,,10009790,FUN_10009790,10009790,100098d9,33,,InstructionDB,100097c2,100097c6,MOV ECX, 0x10009900
100097d7,.text,,10009790,FUN_10009790,10009790,100098d9,47,,InstructionDB,100097d6,100097da,MOV ECX, 0x10009910
100097eb,.text,,10009790,FUN_10009790,10009790,100098d9,5b,,InstructionDB,100097ea,100097ee,MOV ECX, 0x10009920
100097ff,.text,,10009790,FUN_10009790,10009790,100098d9,6f,,InstructionDB,100097fe,10009802,MOV ECX, 0x10009930
10009813,.text,,10009790,FUN_10009790,10009790,100098d9,83,,InstructionDB,10009812,10009816,MOV ECX, 0x10009940
10009827,.text,,10009790,FUN_10009790,10009790,100098d9,97,,InstructionDB,10009826,1000982a,MOV ECX, 0x10009950
1000983b,.text,,10009790,FUN_10009790,10009790,100098d9,ab,,InstructionDB,1000983a,1000983e,MOV ECX, 0x10009960
1000984f,.text,,10009790,FUN_10009790,10009790,100098d9,bf,,InstructionDB,1000984e,10009852,MOV ECX, 0x10009970
10009863,.text,,10009790,FUN_10009790,10009790,100098d9,d3,,InstructionDB,10009862,10009866,MOV ECX, 0x10009980
10009877,.text,,10009790,FUN_10009790,10009790,100098d9,e7,,InstructionDB,10009876,1000987a,MOV ECX, 0x10009990
1000988b,.text,,10009790,FUN_10009790,10009790,100098d9,fb,,InstructionDB,1000988a,1000988e,MOV ECX, 0x100099a0
1000989f,.text,,10009790,FUN_10009790,10009790,100098d9,10f,,InstructionDB,1000989e,100098a2,MOV ECX, 0x100099b0
100098b3,.text,,10009790,FUN_10009790,10009790,100098d9,123,,InstructionDB,100098b2,100098b6,MOV ECX, 0x100099c0
100098c7,.text,,10009790,FUN_10009790,10009790,100098d9,137,,InstructionDB,100098c6,100098ca,MOV ECX, 0x100099d0
10009af9,.text,,10009af0,FUN_10009af0,10009af0,10009b47,9,,InstructionDB,10009af7,10009afc,MOV dword ptr [ESI], 0x10024c98
10009b59,.text,,10009b50,FUN_10009b50,10009b50,10009ba7,9,,InstructionDB,10009b57,10009b5c,MOV dword ptr [ESI], 0x10024cb0
10009bb9,.text,,10009bb0,FUN_10009bb0,10009bb0,10009c07,9,,InstructionDB,10009bb7,10009bbc,MOV dword ptr [ESI], 0x10024cc8
10009c19,.text,,10009c10,FUN_10009c10,10009c10,10009c67,9,,InstructionDB,10009c17,10009c1c,MOV dword ptr [ESI], 0x10024ce0
10009c79,.text,,10009c70,FUN_10009c70,10009c70,10009cc7,9,,InstructionDB,10009c77,10009c7c,MOV dword ptr [ESI], 0x10024cf8
10009cd9,.text,,10009cd0,FUN_10009cd0,10009cd0,10009d27,9,,InstructionDB,10009cd7,10009cdc,MOV dword ptr [ESI], 0x10024d10
10009d39,.text,,10009d30,FUN_10009d30,10009d30,10009d87,9,,InstructionDB,10009d37,10009d3c,MOV dword ptr [ESI], 0x10024d28
10009d99,.text,,10009d90,FUN_10009d90,10009d90,10009de7,9,,InstructionDB,10009d97,10009d9c,MOV dword ptr [ESI], 0x10024d40
10009df9,.text,,10009df0,FUN_10009df0,10009df0,10009e47,9,,InstructionDB,10009df7,10009dfc,MOV dword ptr [ESI], 0x10024d58
10009e59,.text,,10009e50,FUN_10009e50,10009e50,10009ea7,9,,InstructionDB,10009e57,10009e5c,MOV dword ptr [ESI], 0x10024d70
10009eb9,.text,,10009eb0,FUN_10009eb0,10009eb0,10009f07,9,,InstructionDB,10009eb7,10009ebc,MOV dword ptr [ESI], 0x10024d88
10009f19,.text,,10009f10,FUN_10009f10,10009f10,10009f67,9,,InstructionDB,10009f17,10009f1c,MOV dword ptr [ESI], 0x10024da0
10009f79,.text,,10009f70,FUN_10009f70,10009f70,10009fc7,9,,InstructionDB,10009f77,10009f7c,MOV dword ptr [ESI], 0x10024db8
10009fd9,.text,,10009fd0,FUN_10009fd0,10009fd0,1000a027,9,,InstructionDB,10009fd7,10009fdc,MOV dword ptr [ESI], 0x10024dd0
1000a039,.text,,1000a030,FUN_1000a030,1000a030,1000a087,9,,InstructionDB,1000a037,1000a03c,MOV dword ptr [ESI], 0x10024c80
1000a093,.text,,1000a090,FUN_1000a090,1000a090,1000a10f,3,,InstructionDB,1000a092,1000a096,MOV [0x1003c32c], EAX
1000a098,.text,,1000a090,FUN_1000a090,1000a090,1000a10f,8,,InstructionDB,1000a097,1000a09b,MOV [0x1003c330], EAX
1000a09d,.text,,1000a090,FUN_1000a090,1000a090,1000a10f,d,,InstructionDB,1000a09c,1000a0a0,MOV [0x1003c334], EAX
1000a0a2,.text,,1000a090,FUN_1000a090,1000a090,1000a10f,12,,InstructionDB,1000a0a1,1000a0a5,MOV [0x1003c338], EAX
1000a0a7,.text,,1000a090,FUN_1000a090,1000a090,1000a10f,17,,InstructionDB,1000a0a6,1000a0aa,MOV [0x1003c33c], EAX
1000a0ac,.text,,1000a090,FUN_1000a090,1000a090,1000a10f,1c,,InstructionDB,1000a0ab,1000a0af,MOV [0x1003c340], EAX
1000a0b1,.text,,1000a090,FUN_1000a090,1000a090,1000a10f,21,,InstructionDB,1000a0b0,1000a0b4,MOV [0x1003c344], EAX
1000a0b6,.text,,1000a090,FUN_1000a090,1000a090,1000a10f,26,,InstructionDB,1000a0b5,1000a0b9,MOV [0x1003c348], EAX
1000a0bb,.text,,1000a090,FUN_1000a090,1000a090,1000a10f,2b,,InstructionDB,1000a0ba,1000a0be,MOV [0x1003c34c], EAX
1000a0c0,.text,,1000a090,FUN_1000a090,1000a090,1000a10f,30,,InstructionDB,1000a0bf,1000a0c3,MOV [0x1003c350], EAX
1000a0c5,.text,,1000a090,FUN_1000a090,1000a090,1000a10f,35,,InstructionDB,1000a0c4,1000a0c8,MOV [0x1003c354], EAX
1000a0ca,.text,,1000a090,FUN_1000a090,1000a090,1000a10f,3a,,InstructionDB,1000a0c9,1000a0cd,MOV [0x1003c358], EAX
1000a0cf,.text,,1000a090,FUN_1000a090,1000a090,1000a10f,3f,,InstructionDB,1000a0ce,1000a0d2,MOV [0x1003c35c], EAX
1000a0d4,.text,,1000a090,FUN_1000a090,1000a090,1000a10f,44,,InstructionDB,1000a0d3,1000a0d7,MOV [0x1003c360], EAX
1000a0d9,.text,,1000a090,FUN_1000a090,1000a090,1000a10f,49,,InstructionDB,1000a0d8,1000a0dc,MOV [0x1003c364], EAX
1000a0de,.text,,1000a090,FUN_1000a090,1000a090,1000a10f,4e,,InstructionDB,1000a0dd,1000a0e1,MOV [0x1003c368], EAX
1000a0e3,.text,,1000a090,FUN_1000a090,1000a090,1000a10f,53,,InstructionDB,1000a0e2,1000a0e6,MOV [0x1003c36c], EAX
1000a0e8,.text,,1000a090,FUN_1000a090,1000a090,1000a10f,58,,InstructionDB,1000a0e7,1000a0eb,MOV [0x1003c370], EAX
1000a0ed,.text,,1000a090,FUN_1000a090,1000a090,1000a10f,5d,,InstructionDB,1000a0ec,1000a0f0,MOV [0x1003c374], EAX
1000a0f2,.text,,1000a090,FUN_1000a090,1000a090,1000a10f,62,,InstructionDB,1000a0f1,1000a0f5,MOV [0x1003c37c], EAX
1000a0f7,.text,,1000a090,FUN_1000a090,1000a090,1000a10f,67,,InstructionDB,1000a0f6,1000a0fa,MOV [0x1003c380], EAX
1000a0fc,.text,,1000a090,FUN_1000a090,1000a090,1000a10f,6c,,InstructionDB,1000a0fb,1000a0ff,MOV [0x1003c384], EAX
1000a102,.text,,1000a090,FUN_1000a090,1000a090,1000a10f,72,,InstructionDB,1000a100,1000a109,MOV dword ptr [0x1003c328], 0x10024c80
1000a106,.text,,1000a090,FUN_1000a090,1000a090,1000a10f,76,,InstructionDB,1000a100,1000a109,MOV dword ptr [0x1003c328], 0x10024c80
1000a10b,.text,,1000a090,FUN_1000a090,1000a090,1000a10f,7b,,InstructionDB,1000a10a,1000a10e,MOV EAX, 0x1003c328
1000a119,.text,,1000a110,FUN_1000a110,1000a110,1000a167,9,,InstructionDB,1000a117,1000a11c,MOV dword ptr [ESI], 0x10024de8
1000a179,.text,,1000a170,FUN_1000a170,1000a170,1000a1c7,9,,InstructionDB,1000a177,1000a17c,MOV dword ptr [ESI], 0x10024e00
1000a1d9,.text,,1000a1d0,FUN_1000a1d0,1000a1d0,1000a227,9,,InstructionDB,1000a1d7,1000a1dc,MOV dword ptr [ESI], 0x10024e18
1000a239,.text,,1000a230,FUN_1000a230,1000a230,1000a287,9,,InstructionDB,1000a237,1000a23c,MOV dword ptr [ESI], 0x10024e30
1000a299,.text,,1000a290,FUN_1000a290,1000a290,1000a2e7,9,,InstructionDB,1000a297,1000a29c,MOV dword ptr [ESI], 0x10024e48
1000a2f9,.text,,1000a2f0,FUN_1000a2f0,1000a2f0,1000a347,9,,InstructionDB,1000a2f7,1000a2fc,MOV dword ptr [ESI], 0x10024e60
1000a352,.text,,1000a350,FUN_1000a350,1000a350,1000a4e5,2,,InstructionDB,1000a350,1000a356,TEST byte ptr [0x1003c3fc], 0x1
1000a35b,.text,,1000a350,FUN_1000a350,1000a350,1000a4e5,b,,InstructionDB,1000a359,1000a35f,OR dword ptr [0x1003c3fc], 0x1
1000a361,.text,,1000a350,FUN_1000a350,1000a350,1000a4e5,11,,InstructionDB,1000a360,1000a364,PUSH 0x10020a80
1000a367,.text,,1000a350,FUN_1000a350,1000a350,1000a4e5,17,,InstructionDB,1000a365,1000a36e,MOV dword ptr [0x1003c3e8], 0x0
1000a371,.text,,1000a350,FUN_1000a350,1000a350,1000a4e5,21,,InstructionDB,1000a36f,1000a378,MOV dword ptr [0x1003c3ec], 0x0
1000a382,.text,,1000a350,FUN_1000a350,1000a350,1000a4e5,32,,InstructionDB,1000a381,1000a385,MOV EAX, [0x1003c3ec]
1000a388,.text,,1000a350,FUN_1000a350,1000a350,1000a4e5,38,,InstructionDB,1000a386,1000a38b,MOV ECX, dword ptr [0x1003c3e8]
1000a39d,.text,,1000a350,FUN_1000a350,1000a350,1000a4e5,4d,,InstructionDB,1000a39c,1000a3a0,PUSH 0x10024c18
1000a3aa,.text,,1000a350,FUN_1000a350,1000a350,1000a4e5,5a,,InstructionDB,1000a3a8,1000a3ad,CALL dword ptr [0x10022058]
1000a3b1,.text,,1000a350,FUN_1000a350,1000a350,1000a4e5,61,,InstructionDB,1000a3b0,1000a3b4,MOV EAX, [0x1003c3ec]
1000a3b7,.text,,1000a350,FUN_1000a350,1000a350,1000a4e5,67,,InstructionDB,1000a3b5,1000a3ba,MOV dword ptr [0x1003c3e8], ECX
1000a3ce,.text,,1000a350,FUN_1000a350,1000a350,1000a4e5,7e,,InstructionDB,1000a3cc,1000a3d1,CALL dword ptr [0x10022038]
1000a3d3,.text,,1000a350,FUN_1000a350,1000a350,1000a4e5,83,,InstructionDB,1000a3d2,1000a3d6,MOV [0x1003c3ec], EAX
1000a3dd,.text,,1000a350,FUN_1000a350,1000a350,1000a4e5,8d,,InstructionDB,1000a3db,1000a3e0,MOV ECX, dword ptr [0x1003c3e8]
1000a3f8,.text,,1000a350,FUN_1000a350,1000a350,1000a4e5,a8,,InstructionDB,1000a3f7,1000a3fb,MOV ESI, 0x1003c3e8
1000a402,.text,,1000a350,FUN_1000a350,1000a350,1000a4e5,b2,,InstructionDB,1000a401,1000a405,MOV EAX, [0x1003c3ec]
1000a408,.text,,1000a350,FUN_1000a350,1000a350,1000a4e5,b8,,InstructionDB,1000a406,1000a40b,MOV ECX, dword ptr [0x1003c3e8]
1000a423,.text,,1000a350,FUN_1000a350,1000a350,1000a4e5,d3,,InstructionDB,1000a421,1000a426,CALL dword ptr [0x10022040]
1000a42a,.text,,1000a350,FUN_1000a350,1000a350,1000a4e5,da,,InstructionDB,1000a429,1000a42d,MOV EAX, 0x10024400
1000a43e,.text,,1000a350,FUN_1000a350,1000a350,1000a4e5,ee,,InstructionDB,1000a43d,1000a441,MOV EAX, 0x100243e0
1000a452,.text,,1000a350,FUN_1000a350,1000a350,1000a4e5,102,,InstructionDB,1000a451,1000a455,MOV EAX, 0x10024408
1000a46b,.text,,1000a350,FUN_1000a350,1000a350,1000a4e5,11b,,InstructionDB,1000a46a,1000a46e,MOV EAX, 0x100243f8
1000a518,.text,,1000a4f0,FUN_1000a4f0,1000a4f0,1000a558,28,,InstructionDB,1000a517,1000a51b,MOV EDX, 0x10024394
1000a563,.text,,1000a560,FUN_1000a560,1000a560,1000a566,3,,InstructionDB,1000a560,1000a566,JMP dword ptr [ECX*0x4 + 0x1000a618]
1000a618,.text,,,,,,,PTR_LAB_1000a618,DataDB,1000a618,1000a61b,
1000a61c,.text,,,,,,,,DataDB,1000a61c,1000a61f,
1000a620,.text,,,,,,,,DataDB,1000a620,1000a623,
1000a624,.text,,,,,,,,DataDB,1000a624,1000a627,
1000a628,.text,,,,,,,,DataDB,1000a628,1000a62b,
1000a62c,.text,,,,,,,,DataDB,1000a62c,1000a62f,
1000a630,.text,,,,,,,,DataDB,1000a630,1000a633,
1000a634,.text,,,,,,,,DataDB,1000a634,1000a637,
1000a638,.text,,,,,,,,DataDB,1000a638,1000a63b,
1000a63c,.text,,,,,,,,DataDB,1000a63c,1000a63f,
1000a640,.text,,,,,,,,DataDB,1000a640,1000a643,
1000a644,.text,,,,,,,,DataDB,1000a644,1000a647,
1000a648,.text,,,,,,,,DataDB,1000a648,1000a64b,
1000a64c,.text,,,,,,,,DataDB,1000a64c,1000a64f,
1000a650,.text,,,,,,,,DataDB,1000a650,1000a653,
1000a654,.text,,,,,,,,DataDB,1000a654,1000a657,
1000a658,.text,,,,,,,,DataDB,1000a658,1000a65b,
1000a65c,.text,,,,,,,,DataDB,1000a65c,1000a65f,
1000a660,.text,,,,,,,,DataDB,1000a660,1000a663,
1000a664,.text,,,,,,,,DataDB,1000a664,1000a667,
1000a668,.text,,,,,,,,DataDB,1000a668,1000a66b,
1000a66c,.text,,,,,,,,DataDB,1000a66c,1000a66f,
1000a670,.text,,,,,,,,DataDB,1000a670,1000a673,
1000a674,.text,,,,,,,,DataDB,1000a674,1000a677,
1000a678,.text,,,,,,,,DataDB,1000a678,1000a67b,
1000a67c,.text,,,,,,,,DataDB,1000a67c,1000a67f,
1000a685,.text,,1000a680,FUN_1000a680,1000a680,1000a733,5,,InstructionDB,1000a683,1000a689,CMP dword ptr [0x1003c390], 0x0
1000a68d,.text,,1000a680,FUN_1000a680,1000a680,1000a733,d,,InstructionDB,1000a68c,1000a690,MOV EAX, [0x1003c328]
1000a69d,.text,,1000a680,FUN_1000a680,1000a680,1000a733,1d,,InstructionDB,1000a69c,1000a6a0,MOV ECX, 0x1003c328
1000a6a5,.text,,1000a680,FUN_1000a680,1000a680,1000a733,25,,InstructionDB,1000a6a3,1000a6a8,MOV dword ptr [0x1003c390], ECX
1000a6ac,.text,,1000a680,FUN_1000a680,1000a680,1000a733,2c,,InstructionDB,1000a6ab,1000a6af,MOV EAX, [0x1003c370]
1000a6bb,.text,,1000a680,FUN_1000a680,1000a680,1000a733,3b,,InstructionDB,1000a6b9,1000a6be,MOV ECX, dword ptr [0x1003c36c]
1000a6cd,.text,,1000a680,FUN_1000a680,1000a680,1000a733,4d,,InstructionDB,1000a6cb,1000a6d0,CMP EAX, dword ptr [0x1003c374]
1000a6d4,.text,,1000a680,FUN_1000a680,1000a680,1000a733,54,,InstructionDB,1000a6d3,1000a6d7,MOV EAX, 0x1003c36c
1000a6de,.text,,1000a680,FUN_1000a680,1000a680,1000a733,5e,,InstructionDB,1000a6dd,1000a6e1,MOV EAX, [0x1003c370]
1000a6e4,.text,,1000a680,FUN_1000a680,1000a680,1000a733,64,,InstructionDB,1000a6e2,1000a6e7,MOV ECX, dword ptr [0x1003c36c]
1000a6f2,.text,,1000a680,FUN_1000a680,1000a680,1000a733,72,,InstructionDB,1000a6f1,1000a6f5,MOV EAX, [0x1003c370]
1000a6fb,.text,,1000a680,FUN_1000a680,1000a680,1000a733,7b,,InstructionDB,1000a6fa,1000a6fe,MOV [0x1003c370], EAX
1000a705,.text,,1000a680,FUN_1000a680,1000a680,1000a733,85,,InstructionDB,1000a703,1000a708,CMP EAX, dword ptr [0x1003c374]
1000a70c,.text,,1000a680,FUN_1000a680,1000a680,1000a733,8c,,InstructionDB,1000a70b,1000a70f,MOV EAX, 0x1003c36c
1000a716,.text,,1000a680,FUN_1000a680,1000a680,1000a733,96,,InstructionDB,1000a715,1000a719,MOV EAX, [0x1003c370]
1000a724,.text,,1000a680,FUN_1000a680,1000a680,1000a733,a4,,InstructionDB,1000a723,1000a727,MOV EAX, [0x1003c370]
1000a72c,.text,,1000a680,FUN_1000a680,1000a680,1000a733,ac,,InstructionDB,1000a72b,1000a72f,MOV [0x1003c370], EAX
1000a745,.text,,1000a740,FUN_1000a740,1000a740,1000a7f3,5,,InstructionDB,1000a743,1000a749,CMP dword ptr [0x1003c390], 0x0
1000a74d,.text,,1000a740,FUN_1000a740,1000a740,1000a7f3,d,,InstructionDB,1000a74c,1000a750,MOV EAX, [0x1003c328]
1000a75d,.text,,1000a740,FUN_1000a740,1000a740,1000a7f3,1d,,InstructionDB,1000a75c,1000a760,MOV ECX, 0x1003c328
1000a765,.text,,1000a740,FUN_1000a740,1000a740,1000a7f3,25,,InstructionDB,1000a763,1000a768,MOV dword ptr [0x1003c390], ECX
1000a76c,.text,,1000a740,FUN_1000a740,1000a740,1000a7f3,2c,,InstructionDB,1000a76b,1000a76f,MOV EAX, [0x1003c380]
1000a77b,.text,,1000a740,FUN_1000a740,1000a740,1000a7f3,3b,,InstructionDB,1000a779,1000a77e,MOV ECX, dword ptr [0x1003c37c]
1000a78d,.text,,1000a740,FUN_1000a740,1000a740,1000a7f3,4d,,InstructionDB,1000a78b,1000a790,CMP EAX, dword ptr [0x1003c384]
1000a794,.text,,1000a740,FUN_1000a740,1000a740,1000a7f3,54,,InstructionDB,1000a793,1000a797,MOV EAX, 0x1003c37c
1000a79e,.text,,1000a740,FUN_1000a740,1000a740,1000a7f3,5e,,InstructionDB,1000a79d,1000a7a1,MOV EAX, [0x1003c380]
1000a7a4,.text,,1000a740,FUN_1000a740,1000a740,1000a7f3,64,,InstructionDB,1000a7a2,1000a7a7,MOV ECX, dword ptr [0x1003c37c]
1000a7b2,.text,,1000a740,FUN_1000a740,1000a740,1000a7f3,72,,InstructionDB,1000a7b1,1000a7b5,MOV EAX, [0x1003c380]
1000a7bb,.text,,1000a740,FUN_1000a740,1000a740,1000a7f3,7b,,InstructionDB,1000a7ba,1000a7be,MOV [0x1003c380], EAX
1000a7c5,.text,,1000a740,FUN_1000a740,1000a740,1000a7f3,85,,InstructionDB,1000a7c3,1000a7c8,CMP EAX, dword ptr [0x1003c384]
1000a7cc,.text,,1000a740,FUN_1000a740,1000a740,1000a7f3,8c,,InstructionDB,1000a7cb,1000a7cf,MOV EAX, 0x1003c37c
1000a7d6,.text,,1000a740,FUN_1000a740,1000a740,1000a7f3,96,,InstructionDB,1000a7d5,1000a7d9,MOV EAX, [0x1003c380]
1000a7e4,.text,,1000a740,FUN_1000a740,1000a740,1000a7f3,a4,,InstructionDB,1000a7e3,1000a7e7,MOV EAX, [0x1003c380]
1000a7ec,.text,,1000a740,FUN_1000a740,1000a740,1000a7f3,ac,,InstructionDB,1000a7eb,1000a7ef,MOV [0x1003c380], EAX
1000a80c,.text,,1000a800,FUN_1000a800,1000a800,1000a8be,c,,InstructionDB,1000a80a,1000a810,CMP dword ptr [0x1003c394], 0x0
1000a81b,.text,,1000a800,FUN_1000a800,1000a800,1000a8be,1b,,InstructionDB,1000a81a,1000a81e,MOV EAX, 0x1000d250
1000a821,.text,,1000a800,FUN_1000a800,1000a800,1000a8be,21,,InstructionDB,1000a81f,1000a828,MOV dword ptr [0x1003c394], 0x1003aef3
1000a825,.text,,1000a800,FUN_1000a800,1000a800,1000a8be,25,,InstructionDB,1000a81f,1000a828,MOV dword ptr [0x1003c394], 0x1003aef3
1000a834,.text,,1000a800,FUN_1000a800,1000a800,1000a8be,34,,InstructionDB,1000a833,1000a837,MOV EAX, 0x1000d300
1000a843,.text,,1000a800,FUN_1000a800,1000a800,1000a8be,43,,InstructionDB,1000a842,1000a846,MOV EAX, 0x1000d030
1000a852,.text,,1000a800,FUN_1000a800,1000a800,1000a8be,52,,InstructionDB,1000a851,1000a855,MOV EAX, 0x1000d140
1000a90a,.text,,1000a8c0,FUN_1000a8c0,1000a8c0,1000a938,4a,,InstructionDB,1000a906,1000a90d,MOV dword ptr [ESP + 0x18], 0x1000c680
1000a912,.text,,1000a8c0,FUN_1000a8c0,1000a8c0,1000a938,52,,InstructionDB,1000a90e,1000a915,MOV dword ptr [ESP + 0x20], 0x1000c670
1000a91a,.text,,1000a8c0,FUN_1000a8c0,1000a8c0,1000a938,5a,,InstructionDB,1000a916,1000a91d,MOV dword ptr [ESP + 0x28], 0x1000c660
1000a922,.text,,1000a8c0,FUN_1000a8c0,1000a8c0,1000a938,62,,InstructionDB,1000a91e,1000a925,MOV dword ptr [ESP + 0x30], 0x1000c650
1000a92a,.text,,1000a8c0,FUN_1000a8c0,1000a8c0,1000a938,6a,,InstructionDB,1000a926,1000a92d,MOV dword ptr [ESP + 0x38], 0x1000c640
1000a945,.text,,1000a940,FUN_1000a940,1000a940,1000aa02,5,,InstructionDB,1000a943,1000a949,CMP dword ptr [0x1003c398], 0x0
1000a94d,.text,,1000a940,FUN_1000a940,1000a940,1000aa02,d,,InstructionDB,1000a94c,1000a950,MOV EAX, [0x100375a0]
1000a969,.text,,1000a940,FUN_1000a940,1000a940,1000aa02,29,,InstructionDB,1000a968,1000a96c,MOV ECX, 0x100375a0
1000a974,.text,,1000a940,FUN_1000a940,1000a940,1000aa02,34,,InstructionDB,1000a972,1000a977,MOV dword ptr [0x1003c398], ECX
1000a97b,.text,,1000a940,FUN_1000a940,1000a940,1000aa02,3b,,InstructionDB,1000a97a,1000a97e,MOV EAX, [0x100375bc]
1000a98a,.text,,1000a940,FUN_1000a940,1000a940,1000aa02,4a,,InstructionDB,1000a988,1000a98d,MOV ECX, dword ptr [0x100375b8]
1000a99c,.text,,1000a940,FUN_1000a940,1000a940,1000aa02,5c,,InstructionDB,1000a99a,1000a99f,CMP EAX, dword ptr [0x100375c0]
1000a9a3,.text,,1000a940,FUN_1000a940,1000a940,1000aa02,63,,InstructionDB,1000a9a2,1000a9a6,MOV EAX, 0x100375b8
1000a9ad,.text,,1000a940,FUN_1000a940,1000a940,1000aa02,6d,,InstructionDB,1000a9ac,1000a9b0,MOV EAX, [0x100375bc]
1000a9b3,.text,,1000a940,FUN_1000a940,1000a940,1000aa02,73,,InstructionDB,1000a9b1,1000a9b6,MOV ECX, dword ptr [0x100375b8]
1000a9c1,.text,,1000a940,FUN_1000a940,1000a940,1000aa02,81,,InstructionDB,1000a9c0,1000a9c4,MOV EAX, [0x100375bc]
1000a9ca,.text,,1000a940,FUN_1000a940,1000a940,1000aa02,8a,,InstructionDB,1000a9c9,1000a9cd,MOV [0x100375bc], EAX
1000a9d4,.text,,1000a940,FUN_1000a940,1000a940,1000aa02,94,,InstructionDB,1000a9d2,1000a9d7,CMP EAX, dword ptr [0x100375c0]
1000a9db,.text,,1000a940,FUN_1000a940,1000a940,1000aa02,9b,,InstructionDB,1000a9da,1000a9de,MOV EAX, 0x100375b8
1000a9e5,.text,,1000a940,FUN_1000a940,1000a940,1000aa02,a5,,InstructionDB,1000a9e4,1000a9e8,MOV EAX, [0x100375bc]
1000a9f3,.text,,1000a940,FUN_1000a940,1000a940,1000aa02,b3,,InstructionDB,1000a9f2,1000a9f6,MOV EAX, [0x100375bc]
1000a9fb,.text,,1000a940,FUN_1000a940,1000a940,1000aa02,bb,,InstructionDB,1000a9fa,1000a9fe,MOV [0x100375bc], EAX
1000aa15,.text,,1000aa10,FUN_1000aa10,1000aa10,1000aad2,5,,InstructionDB,1000aa13,1000aa19,CMP dword ptr [0x1003c398], 0x0
1000aa1d,.text,,1000aa10,FUN_1000aa10,1000aa10,1000aad2,d,,InstructionDB,1000aa1c,1000aa20,MOV EAX, [0x100375a0]
1000aa39,.text,,1000aa10,FUN_1000aa10,1000aa10,1000aad2,29,,InstructionDB,1000aa38,1000aa3c,MOV ECX, 0x100375a0
1000aa44,.text,,1000aa10,FUN_1000aa10,1000aa10,1000aad2,34,,InstructionDB,1000aa42,1000aa47,MOV dword ptr [0x1003c398], ECX
1000aa4b,.text,,1000aa10,FUN_1000aa10,1000aa10,1000aad2,3b,,InstructionDB,1000aa4a,1000aa4e,MOV EAX, [0x100375cc]
1000aa5a,.text,,1000aa10,FUN_1000aa10,1000aa10,1000aad2,4a,,InstructionDB,1000aa58,1000aa5d,MOV ECX, dword ptr [0x100375c8]
1000aa6c,.text,,1000aa10,FUN_1000aa10,1000aa10,1000aad2,5c,,InstructionDB,1000aa6a,1000aa6f,CMP EAX, dword ptr [0x100375d0]
1000aa73,.text,,1000aa10,FUN_1000aa10,1000aa10,1000aad2,63,,InstructionDB,1000aa72,1000aa76,MOV EAX, 0x100375c8
1000aa7d,.text,,1000aa10,FUN_1000aa10,1000aa10,1000aad2,6d,,InstructionDB,1000aa7c,1000aa80,MOV EAX, [0x100375cc]
1000aa83,.text,,1000aa10,FUN_1000aa10,1000aa10,1000aad2,73,,InstructionDB,1000aa81,1000aa86,MOV ECX, dword ptr [0x100375c8]
1000aa91,.text,,1000aa10,FUN_1000aa10,1000aa10,1000aad2,81,,InstructionDB,1000aa90,1000aa94,MOV EAX, [0x100375cc]
1000aa9a,.text,,1000aa10,FUN_1000aa10,1000aa10,1000aad2,8a,,InstructionDB,1000aa99,1000aa9d,MOV [0x100375cc], EAX
1000aaa4,.text,,1000aa10,FUN_1000aa10,1000aa10,1000aad2,94,,InstructionDB,1000aaa2,1000aaa7,CMP EAX, dword ptr [0x100375d0]
1000aaab,.text,,1000aa10,FUN_1000aa10,1000aa10,1000aad2,9b,,InstructionDB,1000aaaa,1000aaae,MOV EAX, 0x100375c8
1000aab5,.text,,1000aa10,FUN_1000aa10,1000aa10,1000aad2,a5,,InstructionDB,1000aab4,1000aab8,MOV EAX, [0x100375cc]
1000aac3,.text,,1000aa10,FUN_1000aa10,1000aa10,1000aad2,b3,,InstructionDB,1000aac2,1000aac6,MOV EAX, [0x100375cc]
1000aacb,.text,,1000aa10,FUN_1000aa10,1000aa10,1000aad2,bb,,InstructionDB,1000aaca,1000aace,MOV [0x100375cc], EAX
1000ab2a,.text,,1000aae0,FUN_1000aae0,1000aae0,1000ab58,4a,,InstructionDB,1000ab26,1000ab2d,MOV dword ptr [ESP + 0x18], 0x1000c6d0
1000ab32,.text,,1000aae0,FUN_1000aae0,1000aae0,1000ab58,52,,InstructionDB,1000ab2e,1000ab35,MOV dword ptr [ESP + 0x20], 0x1000c6c0
1000ab3a,.text,,1000aae0,FUN_1000aae0,1000aae0,1000ab58,5a,,InstructionDB,1000ab36,1000ab3d,MOV dword ptr [ESP + 0x28], 0x1000c6b0
1000ab42,.text,,1000aae0,FUN_1000aae0,1000aae0,1000ab58,62,,InstructionDB,1000ab3e,1000ab45,MOV dword ptr [ESP + 0x30], 0x1000c6a0
1000ab4a,.text,,1000aae0,FUN_1000aae0,1000aae0,1000ab58,6a,,InstructionDB,1000ab46,1000ab4d,MOV dword ptr [ESP + 0x38], 0x1000c690
1000ab65,.text,,1000ab60,FUN_1000ab60,1000ab60,1000ac16,5,,InstructionDB,1000ab63,1000ab69,CMP dword ptr [0x1003c39c], 0x0
1000ab6d,.text,,1000ab60,FUN_1000ab60,1000ab60,1000ac16,d,,InstructionDB,1000ab6c,1000ab70,MOV EAX, [0x100375d8]
1000ab7d,.text,,1000ab60,FUN_1000ab60,1000ab60,1000ac16,1d,,InstructionDB,1000ab7c,1000ab80,MOV ECX, 0x100375d8
1000ab88,.text,,1000ab60,FUN_1000ab60,1000ab60,1000ac16,28,,InstructionDB,1000ab86,1000ab8b,MOV dword ptr [0x1003c39c], ECX
1000ab8f,.text,,1000ab60,FUN_1000ab60,1000ab60,1000ac16,2f,,InstructionDB,1000ab8e,1000ab92,MOV EAX, [0x10037604]
1000ab9e,.text,,1000ab60,FUN_1000ab60,1000ab60,1000ac16,3e,,InstructionDB,1000ab9c,1000aba1,MOV ECX, dword ptr [0x10037600]
1000abb0,.text,,1000ab60,FUN_1000ab60,1000ab60,1000ac16,50,,InstructionDB,1000abae,1000abb3,CMP EAX, dword ptr [0x10037608]
1000abb7,.text,,1000ab60,FUN_1000ab60,1000ab60,1000ac16,57,,InstructionDB,1000abb6,1000abba,MOV EAX, 0x10037600
1000abc1,.text,,1000ab60,FUN_1000ab60,1000ab60,1000ac16,61,,InstructionDB,1000abc0,1000abc4,MOV EAX, [0x10037604]
1000abc7,.text,,1000ab60,FUN_1000ab60,1000ab60,1000ac16,67,,InstructionDB,1000abc5,1000abca,MOV ECX, dword ptr [0x10037600]
1000abd5,.text,,1000ab60,FUN_1000ab60,1000ab60,1000ac16,75,,InstructionDB,1000abd4,1000abd8,MOV EAX, [0x10037604]
1000abde,.text,,1000ab60,FUN_1000ab60,1000ab60,1000ac16,7e,,InstructionDB,1000abdd,1000abe1,MOV [0x10037604], EAX
1000abe8,.text,,1000ab60,FUN_1000ab60,1000ab60,1000ac16,88,,InstructionDB,1000abe6,1000abeb,CMP EAX, dword ptr [0x10037608]
1000abef,.text,,1000ab60,FUN_1000ab60,1000ab60,1000ac16,8f,,InstructionDB,1000abee,1000abf2,MOV EAX, 0x10037600
1000abf9,.text,,1000ab60,FUN_1000ab60,1000ab60,1000ac16,99,,InstructionDB,1000abf8,1000abfc,MOV EAX, [0x10037604]
1000ac07,.text,,1000ab60,FUN_1000ab60,1000ab60,1000ac16,a7,,InstructionDB,1000ac06,1000ac0a,MOV EAX, [0x10037604]
1000ac0f,.text,,1000ab60,FUN_1000ab60,1000ab60,1000ac16,af,,InstructionDB,1000ac0e,1000ac12,MOV [0x10037604], EAX
1000ac6a,.text,,1000ac20,FUN_1000ac20,1000ac20,1000ac98,4a,,InstructionDB,1000ac66,1000ac6d,MOV dword ptr [ESP + 0x18], 0x1000c720
1000ac72,.text,,1000ac20,FUN_1000ac20,1000ac20,1000ac98,52,,InstructionDB,1000ac6e,1000ac75,MOV dword ptr [ESP + 0x20], 0x1000c710
1000ac7a,.text,,1000ac20,FUN_1000ac20,1000ac20,1000ac98,5a,,InstructionDB,1000ac76,1000ac7d,MOV dword ptr [ESP + 0x28], 0x1000c700
1000ac82,.text,,1000ac20,FUN_1000ac20,1000ac20,1000ac98,62,,InstructionDB,1000ac7e,1000ac85,MOV dword ptr [ESP + 0x30], 0x1000c6f0
1000ac8a,.text,,1000ac20,FUN_1000ac20,1000ac20,1000ac98,6a,,InstructionDB,1000ac86,1000ac8d,MOV dword ptr [ESP + 0x38], 0x1000c6e0
1000aca5,.text,,1000aca0,FUN_1000aca0,1000aca0,1000ad56,5,,InstructionDB,1000aca3,1000aca9,CMP dword ptr [0x1003c3a0], 0x0
1000acad,.text,,1000aca0,FUN_1000aca0,1000aca0,1000ad56,d,,InstructionDB,1000acac,1000acb0,MOV EAX, [0x10037610]
1000acbd,.text,,1000aca0,FUN_1000aca0,1000aca0,1000ad56,1d,,InstructionDB,1000acbc,1000acc0,MOV ECX, 0x10037610
1000acc8,.text,,1000aca0,FUN_1000aca0,1000aca0,1000ad56,28,,InstructionDB,1000acc6,1000accb,MOV dword ptr [0x1003c3a0], ECX
1000accf,.text,,1000aca0,FUN_1000aca0,1000aca0,1000ad56,2f,,InstructionDB,1000acce,1000acd2,MOV EAX, [0x1003763c]
1000acde,.text,,1000aca0,FUN_1000aca0,1000aca0,1000ad56,3e,,InstructionDB,1000acdc,1000ace1,MOV ECX, dword ptr [0x10037638]
1000acf0,.text,,1000aca0,FUN_1000aca0,1000aca0,1000ad56,50,,InstructionDB,1000acee,1000acf3,CMP EAX, dword ptr [0x10037640]
1000acf7,.text,,1000aca0,FUN_1000aca0,1000aca0,1000ad56,57,,InstructionDB,1000acf6,1000acfa,MOV EAX, 0x10037638
1000ad01,.text,,1000aca0,FUN_1000aca0,1000aca0,1000ad56,61,,InstructionDB,1000ad00,1000ad04,MOV EAX, [0x1003763c]
1000ad07,.text,,1000aca0,FUN_1000aca0,1000aca0,1000ad56,67,,InstructionDB,1000ad05,1000ad0a,MOV ECX, dword ptr [0x10037638]
1000ad15,.text,,1000aca0,FUN_1000aca0,1000aca0,1000ad56,75,,InstructionDB,1000ad14,1000ad18,MOV EAX, [0x1003763c]
1000ad1e,.text,,1000aca0,FUN_1000aca0,1000aca0,1000ad56,7e,,InstructionDB,1000ad1d,1000ad21,MOV [0x1003763c], EAX
1000ad28,.text,,1000aca0,FUN_1000aca0,1000aca0,1000ad56,88,,InstructionDB,1000ad26,1000ad2b,CMP EAX, dword ptr [0x10037640]
1000ad2f,.text,,1000aca0,FUN_1000aca0,1000aca0,1000ad56,8f,,InstructionDB,1000ad2e,1000ad32,MOV EAX, 0x10037638
1000ad39,.text,,1000aca0,FUN_1000aca0,1000aca0,1000ad56,99,,InstructionDB,1000ad38,1000ad3c,MOV EAX, [0x1003763c]
1000ad47,.text,,1000aca0,FUN_1000aca0,1000aca0,1000ad56,a7,,InstructionDB,1000ad46,1000ad4a,MOV EAX, [0x1003763c]
1000ad4f,.text,,1000aca0,FUN_1000aca0,1000aca0,1000ad56,af,,InstructionDB,1000ad4e,1000ad52,MOV [0x1003763c], EAX
1000adaa,.text,,1000ad60,FUN_1000ad60,1000ad60,1000add8,4a,,InstructionDB,1000ada6,1000adad,MOV dword ptr [ESP + 0x18], 0x1000c770
1000adb2,.text,,1000ad60,FUN_1000ad60,1000ad60,1000add8,52,,InstructionDB,1000adae,1000adb5,MOV dword ptr [ESP + 0x20], 0x1000c760
1000adba,.text,,1000ad60,FUN_1000ad60,1000ad60,1000add8,5a,,InstructionDB,1000adb6,1000adbd,MOV dword ptr [ESP + 0x28], 0x1000c750
1000adc2,.text,,1000ad60,FUN_1000ad60,1000ad60,1000add8,62,,InstructionDB,1000adbe,1000adc5,MOV dword ptr [ESP + 0x30], 0x1000c740
1000adca,.text,,1000ad60,FUN_1000ad60,1000ad60,1000add8,6a,,InstructionDB,1000adc6,1000adcd,MOV dword ptr [ESP + 0x38], 0x1000c730
1000ade5,.text,,1000ade0,FUN_1000ade0,1000ade0,1000ae96,5,,InstructionDB,1000ade3,1000ade9,CMP dword ptr [0x1003c3a4], 0x0
1000aded,.text,,1000ade0,FUN_1000ade0,1000ade0,1000ae96,d,,InstructionDB,1000adec,1000adf0,MOV EAX, [0x10037648]
1000adfd,.text,,1000ade0,FUN_1000ade0,1000ade0,1000ae96,1d,,InstructionDB,1000adfc,1000ae00,MOV ECX, 0x10037648
1000ae08,.text,,1000ade0,FUN_1000ade0,1000ade0,1000ae96,28,,InstructionDB,1000ae06,1000ae0b,MOV dword ptr [0x1003c3a4], ECX
1000ae0f,.text,,1000ade0,FUN_1000ade0,1000ade0,1000ae96,2f,,InstructionDB,1000ae0e,1000ae12,MOV EAX, [0x10037674]
1000ae1e,.text,,1000ade0,FUN_1000ade0,1000ade0,1000ae96,3e,,InstructionDB,1000ae1c,1000ae21,MOV ECX, dword ptr [0x10037670]
1000ae30,.text,,1000ade0,FUN_1000ade0,1000ade0,1000ae96,50,,InstructionDB,1000ae2e,1000ae33,CMP EAX, dword ptr [0x10037678]
1000ae37,.text,,1000ade0,FUN_1000ade0,1000ade0,1000ae96,57,,InstructionDB,1000ae36,1000ae3a,MOV EAX, 0x10037670
1000ae41,.text,,1000ade0,FUN_1000ade0,1000ade0,1000ae96,61,,InstructionDB,1000ae40,1000ae44,MOV EAX, [0x10037674]
1000ae47,.text,,1000ade0,FUN_1000ade0,1000ade0,1000ae96,67,,InstructionDB,1000ae45,1000ae4a,MOV ECX, dword ptr [0x10037670]
1000ae55,.text,,1000ade0,FUN_1000ade0,1000ade0,1000ae96,75,,InstructionDB,1000ae54,1000ae58,MOV EAX, [0x10037674]
1000ae5e,.text,,1000ade0,FUN_1000ade0,1000ade0,1000ae96,7e,,InstructionDB,1000ae5d,1000ae61,MOV [0x10037674], EAX
1000ae68,.text,,1000ade0,FUN_1000ade0,1000ade0,1000ae96,88,,InstructionDB,1000ae66,1000ae6b,CMP EAX, dword ptr [0x10037678]
1000ae6f,.text,,1000ade0,FUN_1000ade0,1000ade0,1000ae96,8f,,InstructionDB,1000ae6e,1000ae72,MOV EAX, 0x10037670
1000ae79,.text,,1000ade0,FUN_1000ade0,1000ade0,1000ae96,99,,InstructionDB,1000ae78,1000ae7c,MOV EAX, [0x10037674]
1000ae87,.text,,1000ade0,FUN_1000ade0,1000ade0,1000ae96,a7,,InstructionDB,1000ae86,1000ae8a,MOV EAX, [0x10037674]
1000ae8f,.text,,1000ade0,FUN_1000ade0,1000ade0,1000ae96,af,,InstructionDB,1000ae8e,1000ae92,MOV [0x10037674], EAX
1000aeea,.text,,1000aea0,FUN_1000aea0,1000aea0,1000af18,4a,,InstructionDB,1000aee6,1000aeed,MOV dword ptr [ESP + 0x18], 0x1000c7c0
1000aef2,.text,,1000aea0,FUN_1000aea0,1000aea0,1000af18,52,,InstructionDB,1000aeee,1000aef5,MOV dword ptr [ESP + 0x20], 0x1000c7b0
1000aefa,.text,,1000aea0,FUN_1000aea0,1000aea0,1000af18,5a,,InstructionDB,1000aef6,1000aefd,MOV dword ptr [ESP + 0x28], 0x1000c7a0
1000af02,.text,,1000aea0,FUN_1000aea0,1000aea0,1000af18,62,,InstructionDB,1000aefe,1000af05,MOV dword ptr [ESP + 0x30], 0x1000c790
1000af0a,.text,,1000aea0,FUN_1000aea0,1000aea0,1000af18,6a,,InstructionDB,1000af06,1000af0d,MOV dword ptr [ESP + 0x38], 0x1000c780
1000af25,.text,,1000af20,FUN_1000af20,1000af20,1000afd6,5,,InstructionDB,1000af23,1000af29,CMP dword ptr [0x1003c3a8], 0x0
1000af2d,.text,,1000af20,FUN_1000af20,1000af20,1000afd6,d,,InstructionDB,1000af2c,1000af30,MOV EAX, [0x10037680]
1000af3d,.text,,1000af20,FUN_1000af20,1000af20,1000afd6,1d,,InstructionDB,1000af3c,1000af40,MOV ECX, 0x10037680
1000af48,.text,,1000af20,FUN_1000af20,1000af20,1000afd6,28,,InstructionDB,1000af46,1000af4b,MOV dword ptr [0x1003c3a8], ECX
1000af4f,.text,,1000af20,FUN_1000af20,1000af20,1000afd6,2f,,InstructionDB,1000af4e,1000af52,MOV EAX, [0x100376ac]
1000af5e,.text,,1000af20,FUN_1000af20,1000af20,1000afd6,3e,,InstructionDB,1000af5c,1000af61,MOV ECX, dword ptr [0x100376a8]
1000af70,.text,,1000af20,FUN_1000af20,1000af20,1000afd6,50,,InstructionDB,1000af6e,1000af73,CMP EAX, dword ptr [0x100376b0]
1000af77,.text,,1000af20,FUN_1000af20,1000af20,1000afd6,57,,InstructionDB,1000af76,1000af7a,MOV EAX, 0x100376a8
1000af81,.text,,1000af20,FUN_1000af20,1000af20,1000afd6,61,,InstructionDB,1000af80,1000af84,MOV EAX, [0x100376ac]
1000af87,.text,,1000af20,FUN_1000af20,1000af20,1000afd6,67,,InstructionDB,1000af85,1000af8a,MOV ECX, dword ptr [0x100376a8]
1000af95,.text,,1000af20,FUN_1000af20,1000af20,1000afd6,75,,InstructionDB,1000af94,1000af98,MOV EAX, [0x100376ac]
1000af9e,.text,,1000af20,FUN_1000af20,1000af20,1000afd6,7e,,InstructionDB,1000af9d,1000afa1,MOV [0x100376ac], EAX
1000afa8,.text,,1000af20,FUN_1000af20,1000af20,1000afd6,88,,InstructionDB,1000afa6,1000afab,CMP EAX, dword ptr [0x100376b0]
1000afaf,.text,,1000af20,FUN_1000af20,1000af20,1000afd6,8f,,InstructionDB,1000afae,1000afb2,MOV EAX, 0x100376a8
1000afb9,.text,,1000af20,FUN_1000af20,1000af20,1000afd6,99,,InstructionDB,1000afb8,1000afbc,MOV EAX, [0x100376ac]
1000afc7,.text,,1000af20,FUN_1000af20,1000af20,1000afd6,a7,,InstructionDB,1000afc6,1000afca,MOV EAX, [0x100376ac]
1000afcf,.text,,1000af20,FUN_1000af20,1000af20,1000afd6,af,,InstructionDB,1000afce,1000afd2,MOV [0x100376ac], EAX
1000b02a,.text,,1000afe0,FUN_1000afe0,1000afe0,1000b058,4a,,InstructionDB,1000b026,1000b02d,MOV dword ptr [ESP + 0x18], 0x1000c810
1000b032,.text,,1000afe0,FUN_1000afe0,1000afe0,1000b058,52,,InstructionDB,1000b02e,1000b035,MOV dword ptr [ESP + 0x20], 0x1000c800
1000b03a,.text,,1000afe0,FUN_1000afe0,1000afe0,1000b058,5a,,InstructionDB,1000b036,1000b03d,MOV dword ptr [ESP + 0x28], 0x1000c7f0
1000b042,.text,,1000afe0,FUN_1000afe0,1000afe0,1000b058,62,,InstructionDB,1000b03e,1000b045,MOV dword ptr [ESP + 0x30], 0x1000c7e0
1000b04a,.text,,1000afe0,FUN_1000afe0,1000afe0,1000b058,6a,,InstructionDB,1000b046,1000b04d,MOV dword ptr [ESP + 0x38], 0x1000c7d0
1000b065,.text,,1000b060,FUN_1000b060,1000b060,1000b119,5,,InstructionDB,1000b063,1000b069,CMP dword ptr [0x1003c3ac], 0x0
1000b06d,.text,,1000b060,FUN_1000b060,1000b060,1000b119,d,,InstructionDB,1000b06c,1000b070,MOV EAX, [0x100376b8]
1000b080,.text,,1000b060,FUN_1000b060,1000b060,1000b119,20,,InstructionDB,1000b07f,1000b083,MOV ECX, 0x100376b8
1000b08b,.text,,1000b060,FUN_1000b060,1000b060,1000b119,2b,,InstructionDB,1000b089,1000b08e,MOV dword ptr [0x1003c3ac], ECX
1000b092,.text,,1000b060,FUN_1000b060,1000b060,1000b119,32,,InstructionDB,1000b091,1000b095,MOV EAX, [0x100376e4]
1000b0a1,.text,,1000b060,FUN_1000b060,1000b060,1000b119,41,,InstructionDB,1000b09f,1000b0a4,MOV ECX, dword ptr [0x100376e0]
1000b0b3,.text,,1000b060,FUN_1000b060,1000b060,1000b119,53,,InstructionDB,1000b0b1,1000b0b6,CMP EAX, dword ptr [0x100376e8]
1000b0ba,.text,,1000b060,FUN_1000b060,1000b060,1000b119,5a,,InstructionDB,1000b0b9,1000b0bd,MOV EAX, 0x100376e0
1000b0c4,.text,,1000b060,FUN_1000b060,1000b060,1000b119,64,,InstructionDB,1000b0c3,1000b0c7,MOV EAX, [0x100376e4]
1000b0ca,.text,,1000b060,FUN_1000b060,1000b060,1000b119,6a,,InstructionDB,1000b0c8,1000b0cd,MOV ECX, dword ptr [0x100376e0]
1000b0d8,.text,,1000b060,FUN_1000b060,1000b060,1000b119,78,,InstructionDB,1000b0d7,1000b0db,MOV EAX, [0x100376e4]
1000b0e1,.text,,1000b060,FUN_1000b060,1000b060,1000b119,81,,InstructionDB,1000b0e0,1000b0e4,MOV [0x100376e4], EAX
1000b0eb,.text,,1000b060,FUN_1000b060,1000b060,1000b119,8b,,InstructionDB,1000b0e9,1000b0ee,CMP EAX, dword ptr [0x100376e8]
1000b0f2,.text,,1000b060,FUN_1000b060,1000b060,1000b119,92,,InstructionDB,1000b0f1,1000b0f5,MOV EAX, 0x100376e0
1000b0fc,.text,,1000b060,FUN_1000b060,1000b060,1000b119,9c,,InstructionDB,1000b0fb,1000b0ff,MOV EAX, [0x100376e4]
1000b10a,.text,,1000b060,FUN_1000b060,1000b060,1000b119,aa,,InstructionDB,1000b109,1000b10d,MOV EAX, [0x100376e4]
1000b112,.text,,1000b060,FUN_1000b060,1000b060,1000b119,b2,,InstructionDB,1000b111,1000b115,MOV [0x100376e4], EAX
1000b16a,.text,,1000b120,FUN_1000b120,1000b120,1000b198,4a,,InstructionDB,1000b166,1000b16d,MOV dword ptr [ESP + 0x18], 0x1000c860
1000b172,.text,,1000b120,FUN_1000b120,1000b120,1000b198,52,,InstructionDB,1000b16e,1000b175,MOV dword ptr [ESP + 0x20], 0x1000c850
1000b17a,.text,,1000b120,FUN_1000b120,1000b120,1000b198,5a,,InstructionDB,1000b176,1000b17d,MOV dword ptr [ESP + 0x28], 0x1000c840
1000b182,.text,,1000b120,FUN_1000b120,1000b120,1000b198,62,,InstructionDB,1000b17e,1000b185,MOV dword ptr [ESP + 0x30], 0x1000c830
1000b18a,.text,,1000b120,FUN_1000b120,1000b120,1000b198,6a,,InstructionDB,1000b186,1000b18d,MOV dword ptr [ESP + 0x38], 0x1000c820
1000b1a5,.text,,1000b1a0,FUN_1000b1a0,1000b1a0,1000b256,5,,InstructionDB,1000b1a3,1000b1a9,CMP dword ptr [0x1003c3b0], 0x0
1000b1ad,.text,,1000b1a0,FUN_1000b1a0,1000b1a0,1000b256,d,,InstructionDB,1000b1ac,1000b1b0,MOV EAX, [0x100376f0]
1000b1bd,.text,,1000b1a0,FUN_1000b1a0,1000b1a0,1000b256,1d,,InstructionDB,1000b1bc,1000b1c0,MOV ECX, 0x100376f0
1000b1c8,.text,,1000b1a0,FUN_1000b1a0,1000b1a0,1000b256,28,,InstructionDB,1000b1c6,1000b1cb,MOV dword ptr [0x1003c3b0], ECX
1000b1cf,.text,,1000b1a0,FUN_1000b1a0,1000b1a0,1000b256,2f,,InstructionDB,1000b1ce,1000b1d2,MOV EAX, [0x1003771c]
1000b1de,.text,,1000b1a0,FUN_1000b1a0,1000b1a0,1000b256,3e,,InstructionDB,1000b1dc,1000b1e1,MOV ECX, dword ptr [0x10037718]
1000b1f0,.text,,1000b1a0,FUN_1000b1a0,1000b1a0,1000b256,50,,InstructionDB,1000b1ee,1000b1f3,CMP EAX, dword ptr [0x10037720]
1000b1f7,.text,,1000b1a0,FUN_1000b1a0,1000b1a0,1000b256,57,,InstructionDB,1000b1f6,1000b1fa,MOV EAX, 0x10037718
1000b201,.text,,1000b1a0,FUN_1000b1a0,1000b1a0,1000b256,61,,InstructionDB,1000b200,1000b204,MOV EAX, [0x1003771c]
1000b207,.text,,1000b1a0,FUN_1000b1a0,1000b1a0,1000b256,67,,InstructionDB,1000b205,1000b20a,MOV ECX, dword ptr [0x10037718]
1000b215,.text,,1000b1a0,FUN_1000b1a0,1000b1a0,1000b256,75,,InstructionDB,1000b214,1000b218,MOV EAX, [0x1003771c]
1000b21e,.text,,1000b1a0,FUN_1000b1a0,1000b1a0,1000b256,7e,,InstructionDB,1000b21d,1000b221,MOV [0x1003771c], EAX
1000b228,.text,,1000b1a0,FUN_1000b1a0,1000b1a0,1000b256,88,,InstructionDB,1000b226,1000b22b,CMP EAX, dword ptr [0x10037720]
1000b22f,.text,,1000b1a0,FUN_1000b1a0,1000b1a0,1000b256,8f,,InstructionDB,1000b22e,1000b232,MOV EAX, 0x10037718
1000b239,.text,,1000b1a0,FUN_1000b1a0,1000b1a0,1000b256,99,,InstructionDB,1000b238,1000b23c,MOV EAX, [0x1003771c]
1000b247,.text,,1000b1a0,FUN_1000b1a0,1000b1a0,1000b256,a7,,InstructionDB,1000b246,1000b24a,MOV EAX, [0x1003771c]
1000b24f,.text,,1000b1a0,FUN_1000b1a0,1000b1a0,1000b256,af,,InstructionDB,1000b24e,1000b252,MOV [0x1003771c], EAX
1000b2aa,.text,,1000b260,FUN_1000b260,1000b260,1000b2d8,4a,,InstructionDB,1000b2a6,1000b2ad,MOV dword ptr [ESP + 0x18], 0x1000c8b0
1000b2b2,.text,,1000b260,FUN_1000b260,1000b260,1000b2d8,52,,InstructionDB,1000b2ae,1000b2b5,MOV dword ptr [ESP + 0x20], 0x1000c8a0
1000b2ba,.text,,1000b260,FUN_1000b260,1000b260,1000b2d8,5a,,InstructionDB,1000b2b6,1000b2bd,MOV dword ptr [ESP + 0x28], 0x1000c890
1000b2c2,.text,,1000b260,FUN_1000b260,1000b260,1000b2d8,62,,InstructionDB,1000b2be,1000b2c5,MOV dword ptr [ESP + 0x30], 0x1000c880
1000b2ca,.text,,1000b260,FUN_1000b260,1000b260,1000b2d8,6a,,InstructionDB,1000b2c6,1000b2cd,MOV dword ptr [ESP + 0x38], 0x1000c870
1000b2e5,.text,,1000b2e0,FUN_1000b2e0,1000b2e0,1000b396,5,,InstructionDB,1000b2e3,1000b2e9,CMP dword ptr [0x1003c3b4], 0x0
1000b2ed,.text,,1000b2e0,FUN_1000b2e0,1000b2e0,1000b396,d,,InstructionDB,1000b2ec,1000b2f0,MOV EAX, [0x10037728]
1000b2fd,.text,,1000b2e0,FUN_1000b2e0,1000b2e0,1000b396,1d,,InstructionDB,1000b2fc,1000b300,MOV ECX, 0x10037728
1000b308,.text,,1000b2e0,FUN_1000b2e0,1000b2e0,1000b396,28,,InstructionDB,1000b306,1000b30b,MOV dword ptr [0x1003c3b4], ECX
1000b30f,.text,,1000b2e0,FUN_1000b2e0,1000b2e0,1000b396,2f,,InstructionDB,1000b30e,1000b312,MOV EAX, [0x10037744]
1000b31e,.text,,1000b2e0,FUN_1000b2e0,1000b2e0,1000b396,3e,,InstructionDB,1000b31c,1000b321,MOV ECX, dword ptr [0x10037740]
1000b330,.text,,1000b2e0,FUN_1000b2e0,1000b2e0,1000b396,50,,InstructionDB,1000b32e,1000b333,CMP EAX, dword ptr [0x10037748]
1000b337,.text,,1000b2e0,FUN_1000b2e0,1000b2e0,1000b396,57,,InstructionDB,1000b336,1000b33a,MOV EAX, 0x10037740
1000b341,.text,,1000b2e0,FUN_1000b2e0,1000b2e0,1000b396,61,,InstructionDB,1000b340,1000b344,MOV EAX, [0x10037744]
1000b347,.text,,1000b2e0,FUN_1000b2e0,1000b2e0,1000b396,67,,InstructionDB,1000b345,1000b34a,MOV ECX, dword ptr [0x10037740]
1000b355,.text,,1000b2e0,FUN_1000b2e0,1000b2e0,1000b396,75,,InstructionDB,1000b354,1000b358,MOV EAX, [0x10037744]
1000b35e,.text,,1000b2e0,FUN_1000b2e0,1000b2e0,1000b396,7e,,InstructionDB,1000b35d,1000b361,MOV [0x10037744], EAX
1000b368,.text,,1000b2e0,FUN_1000b2e0,1000b2e0,1000b396,88,,InstructionDB,1000b366,1000b36b,CMP EAX, dword ptr [0x10037748]
1000b36f,.text,,1000b2e0,FUN_1000b2e0,1000b2e0,1000b396,8f,,InstructionDB,1000b36e,1000b372,MOV EAX, 0x10037740
1000b379,.text,,1000b2e0,FUN_1000b2e0,1000b2e0,1000b396,99,,InstructionDB,1000b378,1000b37c,MOV EAX, [0x10037744]
1000b387,.text,,1000b2e0,FUN_1000b2e0,1000b2e0,1000b396,a7,,InstructionDB,1000b386,1000b38a,MOV EAX, [0x10037744]
1000b38f,.text,,1000b2e0,FUN_1000b2e0,1000b2e0,1000b396,af,,InstructionDB,1000b38e,1000b392,MOV [0x10037744], EAX
1000b3a5,.text,,1000b3a0,FUN_1000b3a0,1000b3a0,1000b456,5,,InstructionDB,1000b3a3,1000b3a9,CMP dword ptr [0x1003c3b4], 0x0
1000b3ad,.text,,1000b3a0,FUN_1000b3a0,1000b3a0,1000b456,d,,InstructionDB,1000b3ac,1000b3b0,MOV EAX, [0x10037728]
1000b3bd,.text,,1000b3a0,FUN_1000b3a0,1000b3a0,1000b456,1d,,InstructionDB,1000b3bc,1000b3c0,MOV ECX, 0x10037728
1000b3c8,.text,,1000b3a0,FUN_1000b3a0,1000b3a0,1000b456,28,,InstructionDB,1000b3c6,1000b3cb,MOV dword ptr [0x1003c3b4], ECX
1000b3cf,.text,,1000b3a0,FUN_1000b3a0,1000b3a0,1000b456,2f,,InstructionDB,1000b3ce,1000b3d2,MOV EAX, [0x10037754]
1000b3de,.text,,1000b3a0,FUN_1000b3a0,1000b3a0,1000b456,3e,,InstructionDB,1000b3dc,1000b3e1,MOV ECX, dword ptr [0x10037750]
1000b3f0,.text,,1000b3a0,FUN_1000b3a0,1000b3a0,1000b456,50,,InstructionDB,1000b3ee,1000b3f3,CMP EAX, dword ptr [0x10037758]
1000b3f7,.text,,1000b3a0,FUN_1000b3a0,1000b3a0,1000b456,57,,InstructionDB,1000b3f6,1000b3fa,MOV EAX, 0x10037750
1000b401,.text,,1000b3a0,FUN_1000b3a0,1000b3a0,1000b456,61,,InstructionDB,1000b400,1000b404,MOV EAX, [0x10037754]
1000b407,.text,,1000b3a0,FUN_1000b3a0,1000b3a0,1000b456,67,,InstructionDB,1000b405,1000b40a,MOV ECX, dword ptr [0x10037750]
1000b415,.text,,1000b3a0,FUN_1000b3a0,1000b3a0,1000b456,75,,InstructionDB,1000b414,1000b418,MOV EAX, [0x10037754]
1000b41e,.text,,1000b3a0,FUN_1000b3a0,1000b3a0,1000b456,7e,,InstructionDB,1000b41d,1000b421,MOV [0x10037754], EAX
1000b428,.text,,1000b3a0,FUN_1000b3a0,1000b3a0,1000b456,88,,InstructionDB,1000b426,1000b42b,CMP EAX, dword ptr [0x10037758]
1000b42f,.text,,1000b3a0,FUN_1000b3a0,1000b3a0,1000b456,8f,,InstructionDB,1000b42e,1000b432,MOV EAX, 0x10037750
1000b439,.text,,1000b3a0,FUN_1000b3a0,1000b3a0,1000b456,99,,InstructionDB,1000b438,1000b43c,MOV EAX, [0x10037754]
1000b447,.text,,1000b3a0,FUN_1000b3a0,1000b3a0,1000b456,a7,,InstructionDB,1000b446,1000b44a,MOV EAX, [0x10037754]
1000b44f,.text,,1000b3a0,FUN_1000b3a0,1000b3a0,1000b456,af,,InstructionDB,1000b44e,1000b452,MOV [0x10037754], EAX
1000b4aa,.text,,1000b460,FUN_1000b460,1000b460,1000b4d8,4a,,InstructionDB,1000b4a6,1000b4ad,MOV dword ptr [ESP + 0x18], 0x1000c900
1000b4b2,.text,,1000b460,FUN_1000b460,1000b460,1000b4d8,52,,InstructionDB,1000b4ae,1000b4b5,MOV dword ptr [ESP + 0x20], 0x1000c8f0
1000b4ba,.text,,1000b460,FUN_1000b460,1000b460,1000b4d8,5a,,InstructionDB,1000b4b6,1000b4bd,MOV dword ptr [ESP + 0x28], 0x1000c8e0
1000b4c2,.text,,1000b460,FUN_1000b460,1000b460,1000b4d8,62,,InstructionDB,1000b4be,1000b4c5,MOV dword ptr [ESP + 0x30], 0x1000c8d0
1000b4ca,.text,,1000b460,FUN_1000b460,1000b460,1000b4d8,6a,,InstructionDB,1000b4c6,1000b4cd,MOV dword ptr [ESP + 0x38], 0x1000c8c0
1000b4e5,.text,,1000b4e0,FUN_1000b4e0,1000b4e0,1000b596,5,,InstructionDB,1000b4e3,1000b4e9,CMP dword ptr [0x1003c3b8], 0x0
1000b4ed,.text,,1000b4e0,FUN_1000b4e0,1000b4e0,1000b596,d,,InstructionDB,1000b4ec,1000b4f0,MOV EAX, [0x10037760]
1000b4fd,.text,,1000b4e0,FUN_1000b4e0,1000b4e0,1000b596,1d,,InstructionDB,1000b4fc,1000b500,MOV ECX, 0x10037760
1000b508,.text,,1000b4e0,FUN_1000b4e0,1000b4e0,1000b596,28,,InstructionDB,1000b506,1000b50b,MOV dword ptr [0x1003c3b8], ECX
1000b50f,.text,,1000b4e0,FUN_1000b4e0,1000b4e0,1000b596,2f,,InstructionDB,1000b50e,1000b512,MOV EAX, [0x1003778c]
1000b51e,.text,,1000b4e0,FUN_1000b4e0,1000b4e0,1000b596,3e,,InstructionDB,1000b51c,1000b521,MOV ECX, dword ptr [0x10037788]
1000b530,.text,,1000b4e0,FUN_1000b4e0,1000b4e0,1000b596,50,,InstructionDB,1000b52e,1000b533,CMP EAX, dword ptr [0x10037790]
1000b537,.text,,1000b4e0,FUN_1000b4e0,1000b4e0,1000b596,57,,InstructionDB,1000b536,1000b53a,MOV EAX, 0x10037788
1000b541,.text,,1000b4e0,FUN_1000b4e0,1000b4e0,1000b596,61,,InstructionDB,1000b540,1000b544,MOV EAX, [0x1003778c]
1000b547,.text,,1000b4e0,FUN_1000b4e0,1000b4e0,1000b596,67,,InstructionDB,1000b545,1000b54a,MOV ECX, dword ptr [0x10037788]
1000b555,.text,,1000b4e0,FUN_1000b4e0,1000b4e0,1000b596,75,,InstructionDB,1000b554,1000b558,MOV EAX, [0x1003778c]
1000b55e,.text,,1000b4e0,FUN_1000b4e0,1000b4e0,1000b596,7e,,InstructionDB,1000b55d,1000b561,MOV [0x1003778c], EAX
1000b568,.text,,1000b4e0,FUN_1000b4e0,1000b4e0,1000b596,88,,InstructionDB,1000b566,1000b56b,CMP EAX, dword ptr [0x10037790]
1000b56f,.text,,1000b4e0,FUN_1000b4e0,1000b4e0,1000b596,8f,,InstructionDB,1000b56e,1000b572,MOV EAX, 0x10037788
1000b579,.text,,1000b4e0,FUN_1000b4e0,1000b4e0,1000b596,99,,InstructionDB,1000b578,1000b57c,MOV EAX, [0x1003778c]
1000b587,.text,,1000b4e0,FUN_1000b4e0,1000b4e0,1000b596,a7,,InstructionDB,1000b586,1000b58a,MOV EAX, [0x1003778c]
1000b58f,.text,,1000b4e0,FUN_1000b4e0,1000b4e0,1000b596,af,,InstructionDB,1000b58e,1000b592,MOV [0x1003778c], EAX
1000b5ea,.text,,1000b5a0,FUN_1000b5a0,1000b5a0,1000b618,4a,,InstructionDB,1000b5e6,1000b5ed,MOV dword ptr [ESP + 0x18], 0x1000c950
1000b5f2,.text,,1000b5a0,FUN_1000b5a0,1000b5a0,1000b618,52,,InstructionDB,1000b5ee,1000b5f5,MOV dword ptr [ESP + 0x20], 0x1000c940
1000b5fa,.text,,1000b5a0,FUN_1000b5a0,1000b5a0,1000b618,5a,,InstructionDB,1000b5f6,1000b5fd,MOV dword ptr [ESP + 0x28], 0x1000c930
1000b602,.text,,1000b5a0,FUN_1000b5a0,1000b5a0,1000b618,62,,InstructionDB,1000b5fe,1000b605,MOV dword ptr [ESP + 0x30], 0x1000c920
1000b60a,.text,,1000b5a0,FUN_1000b5a0,1000b5a0,1000b618,6a,,InstructionDB,1000b606,1000b60d,MOV dword ptr [ESP + 0x38], 0x1000c910
1000b625,.text,,1000b620,FUN_1000b620,1000b620,1000b6d6,5,,InstructionDB,1000b623,1000b629,CMP dword ptr [0x1003c3bc], 0x0
1000b62d,.text,,1000b620,FUN_1000b620,1000b620,1000b6d6,d,,InstructionDB,1000b62c,1000b630,MOV EAX, [0x10037798]
1000b63d,.text,,1000b620,FUN_1000b620,1000b620,1000b6d6,1d,,InstructionDB,1000b63c,1000b640,MOV ECX, 0x10037798
1000b648,.text,,1000b620,FUN_1000b620,1000b620,1000b6d6,28,,InstructionDB,1000b646,1000b64b,MOV dword ptr [0x1003c3bc], ECX
1000b64f,.text,,1000b620,FUN_1000b620,1000b620,1000b6d6,2f,,InstructionDB,1000b64e,1000b652,MOV EAX, [0x100377c4]
1000b65e,.text,,1000b620,FUN_1000b620,1000b620,1000b6d6,3e,,InstructionDB,1000b65c,1000b661,MOV ECX, dword ptr [0x100377c0]
1000b670,.text,,1000b620,FUN_1000b620,1000b620,1000b6d6,50,,InstructionDB,1000b66e,1000b673,CMP EAX, dword ptr [0x100377c8]
1000b677,.text,,1000b620,FUN_1000b620,1000b620,1000b6d6,57,,InstructionDB,1000b676,1000b67a,MOV EAX, 0x100377c0
1000b681,.text,,1000b620,FUN_1000b620,1000b620,1000b6d6,61,,InstructionDB,1000b680,1000b684,MOV EAX, [0x100377c4]
1000b687,.text,,1000b620,FUN_1000b620,1000b620,1000b6d6,67,,InstructionDB,1000b685,1000b68a,MOV ECX, dword ptr [0x100377c0]
1000b695,.text,,1000b620,FUN_1000b620,1000b620,1000b6d6,75,,InstructionDB,1000b694,1000b698,MOV EAX, [0x100377c4]
1000b69e,.text,,1000b620,FUN_1000b620,1000b620,1000b6d6,7e,,InstructionDB,1000b69d,1000b6a1,MOV [0x100377c4], EAX
1000b6a8,.text,,1000b620,FUN_1000b620,1000b620,1000b6d6,88,,InstructionDB,1000b6a6,1000b6ab,CMP EAX, dword ptr [0x100377c8]
1000b6af,.text,,1000b620,FUN_1000b620,1000b620,1000b6d6,8f,,InstructionDB,1000b6ae,1000b6b2,MOV EAX, 0x100377c0
1000b6b9,.text,,1000b620,FUN_1000b620,1000b620,1000b6d6,99,,InstructionDB,1000b6b8,1000b6bc,MOV EAX, [0x100377c4]
1000b6c7,.text,,1000b620,FUN_1000b620,1000b620,1000b6d6,a7,,InstructionDB,1000b6c6,1000b6ca,MOV EAX, [0x100377c4]
1000b6cf,.text,,1000b620,FUN_1000b620,1000b620,1000b6d6,af,,InstructionDB,1000b6ce,1000b6d2,MOV [0x100377c4], EAX
1000b72a,.text,,1000b6e0,FUN_1000b6e0,1000b6e0,1000b758,4a,,InstructionDB,1000b726,1000b72d,MOV dword ptr [ESP + 0x18], 0x1000c9a0
1000b732,.text,,1000b6e0,FUN_1000b6e0,1000b6e0,1000b758,52,,InstructionDB,1000b72e,1000b735,MOV dword ptr [ESP + 0x20], 0x1000c990
1000b73a,.text,,1000b6e0,FUN_1000b6e0,1000b6e0,1000b758,5a,,InstructionDB,1000b736,1000b73d,MOV dword ptr [ESP + 0x28], 0x1000c980
1000b742,.text,,1000b6e0,FUN_1000b6e0,1000b6e0,1000b758,62,,InstructionDB,1000b73e,1000b745,MOV dword ptr [ESP + 0x30], 0x1000c970
1000b74a,.text,,1000b6e0,FUN_1000b6e0,1000b6e0,1000b758,6a,,InstructionDB,1000b746,1000b74d,MOV dword ptr [ESP + 0x38], 0x1000c960
1000b765,.text,,1000b760,FUN_1000b760,1000b760,1000b816,5,,InstructionDB,1000b763,1000b769,CMP dword ptr [0x1003c3c0], 0x0
1000b76d,.text,,1000b760,FUN_1000b760,1000b760,1000b816,d,,InstructionDB,1000b76c,1000b770,MOV EAX, [0x100377d0]
1000b77d,.text,,1000b760,FUN_1000b760,1000b760,1000b816,1d,,InstructionDB,1000b77c,1000b780,MOV ECX, 0x100377d0
1000b788,.text,,1000b760,FUN_1000b760,1000b760,1000b816,28,,InstructionDB,1000b786,1000b78b,MOV dword ptr [0x1003c3c0], ECX
1000b78f,.text,,1000b760,FUN_1000b760,1000b760,1000b816,2f,,InstructionDB,1000b78e,1000b792,MOV EAX, [0x100377ec]
1000b79e,.text,,1000b760,FUN_1000b760,1000b760,1000b816,3e,,InstructionDB,1000b79c,1000b7a1,MOV ECX, dword ptr [0x100377e8]
1000b7b0,.text,,1000b760,FUN_1000b760,1000b760,1000b816,50,,InstructionDB,1000b7ae,1000b7b3,CMP EAX, dword ptr [0x100377f0]
1000b7b7,.text,,1000b760,FUN_1000b760,1000b760,1000b816,57,,InstructionDB,1000b7b6,1000b7ba,MOV EAX, 0x100377e8
1000b7c1,.text,,1000b760,FUN_1000b760,1000b760,1000b816,61,,InstructionDB,1000b7c0,1000b7c4,MOV EAX, [0x100377ec]
1000b7c7,.text,,1000b760,FUN_1000b760,1000b760,1000b816,67,,InstructionDB,1000b7c5,1000b7ca,MOV ECX, dword ptr [0x100377e8]
1000b7d5,.text,,1000b760,FUN_1000b760,1000b760,1000b816,75,,InstructionDB,1000b7d4,1000b7d8,MOV EAX, [0x100377ec]
1000b7de,.text,,1000b760,FUN_1000b760,1000b760,1000b816,7e,,InstructionDB,1000b7dd,1000b7e1,MOV [0x100377ec], EAX
1000b7e8,.text,,1000b760,FUN_1000b760,1000b760,1000b816,88,,InstructionDB,1000b7e6,1000b7eb,CMP EAX, dword ptr [0x100377f0]
1000b7ef,.text,,1000b760,FUN_1000b760,1000b760,1000b816,8f,,InstructionDB,1000b7ee,1000b7f2,MOV EAX, 0x100377e8
1000b7f9,.text,,1000b760,FUN_1000b760,1000b760,1000b816,99,,InstructionDB,1000b7f8,1000b7fc,MOV EAX, [0x100377ec]
1000b807,.text,,1000b760,FUN_1000b760,1000b760,1000b816,a7,,InstructionDB,1000b806,1000b80a,MOV EAX, [0x100377ec]
1000b80f,.text,,1000b760,FUN_1000b760,1000b760,1000b816,af,,InstructionDB,1000b80e,1000b812,MOV [0x100377ec], EAX
1000b825,.text,,1000b820,FUN_1000b820,1000b820,1000b8d6,5,,InstructionDB,1000b823,1000b829,CMP dword ptr [0x1003c3c0], 0x0
1000b82d,.text,,1000b820,FUN_1000b820,1000b820,1000b8d6,d,,InstructionDB,1000b82c,1000b830,MOV EAX, [0x100377d0]
1000b83d,.text,,1000b820,FUN_1000b820,1000b820,1000b8d6,1d,,InstructionDB,1000b83c,1000b840,MOV ECX, 0x100377d0
1000b848,.text,,1000b820,FUN_1000b820,1000b820,1000b8d6,28,,InstructionDB,1000b846,1000b84b,MOV dword ptr [0x1003c3c0], ECX
1000b84f,.text,,1000b820,FUN_1000b820,1000b820,1000b8d6,2f,,InstructionDB,1000b84e,1000b852,MOV EAX, [0x100377fc]
1000b85e,.text,,1000b820,FUN_1000b820,1000b820,1000b8d6,3e,,InstructionDB,1000b85c,1000b861,MOV ECX, dword ptr [0x100377f8]
1000b870,.text,,1000b820,FUN_1000b820,1000b820,1000b8d6,50,,InstructionDB,1000b86e,1000b873,CMP EAX, dword ptr [0x10037800]
1000b877,.text,,1000b820,FUN_1000b820,1000b820,1000b8d6,57,,InstructionDB,1000b876,1000b87a,MOV EAX, 0x100377f8
1000b881,.text,,1000b820,FUN_1000b820,1000b820,1000b8d6,61,,InstructionDB,1000b880,1000b884,MOV EAX, [0x100377fc]
1000b887,.text,,1000b820,FUN_1000b820,1000b820,1000b8d6,67,,InstructionDB,1000b885,1000b88a,MOV ECX, dword ptr [0x100377f8]
1000b895,.text,,1000b820,FUN_1000b820,1000b820,1000b8d6,75,,InstructionDB,1000b894,1000b898,MOV EAX, [0x100377fc]
1000b89e,.text,,1000b820,FUN_1000b820,1000b820,1000b8d6,7e,,InstructionDB,1000b89d,1000b8a1,MOV [0x100377fc], EAX
1000b8a8,.text,,1000b820,FUN_1000b820,1000b820,1000b8d6,88,,InstructionDB,1000b8a6,1000b8ab,CMP EAX, dword ptr [0x10037800]
1000b8af,.text,,1000b820,FUN_1000b820,1000b820,1000b8d6,8f,,InstructionDB,1000b8ae,1000b8b2,MOV EAX, 0x100377f8
1000b8b9,.text,,1000b820,FUN_1000b820,1000b820,1000b8d6,99,,InstructionDB,1000b8b8,1000b8bc,MOV EAX, [0x100377fc]
1000b8c7,.text,,1000b820,FUN_1000b820,1000b820,1000b8d6,a7,,InstructionDB,1000b8c6,1000b8ca,MOV EAX, [0x100377fc]
1000b8cf,.text,,1000b820,FUN_1000b820,1000b820,1000b8d6,af,,InstructionDB,1000b8ce,1000b8d2,MOV [0x100377fc], EAX
1000b92a,.text,,1000b8e0,FUN_1000b8e0,1000b8e0,1000b958,4a,,InstructionDB,1000b926,1000b92d,MOV dword ptr [ESP + 0x18], 0x1000c9f0
1000b932,.text,,1000b8e0,FUN_1000b8e0,1000b8e0,1000b958,52,,InstructionDB,1000b92e,1000b935,MOV dword ptr [ESP + 0x20], 0x1000c9e0
1000b93a,.text,,1000b8e0,FUN_1000b8e0,1000b8e0,1000b958,5a,,InstructionDB,1000b936,1000b93d,MOV dword ptr [ESP + 0x28], 0x1000c9d0
1000b942,.text,,1000b8e0,FUN_1000b8e0,1000b8e0,1000b958,62,,InstructionDB,1000b93e,1000b945,MOV dword ptr [ESP + 0x30], 0x1000c9c0
1000b94a,.text,,1000b8e0,FUN_1000b8e0,1000b8e0,1000b958,6a,,InstructionDB,1000b946,1000b94d,MOV dword ptr [ESP + 0x38], 0x1000c9b0
1000b965,.text,,1000b960,FUN_1000b960,1000b960,1000ba16,5,,InstructionDB,1000b963,1000b969,CMP dword ptr [0x1003c3c4], 0x0
1000b96d,.text,,1000b960,FUN_1000b960,1000b960,1000ba16,d,,InstructionDB,1000b96c,1000b970,MOV EAX, [0x10037808]
1000b97d,.text,,1000b960,FUN_1000b960,1000b960,1000ba16,1d,,InstructionDB,1000b97c,1000b980,MOV ECX, 0x10037808
1000b988,.text,,1000b960,FUN_1000b960,1000b960,1000ba16,28,,InstructionDB,1000b986,1000b98b,MOV dword ptr [0x1003c3c4], ECX
1000b98f,.text,,1000b960,FUN_1000b960,1000b960,1000ba16,2f,,InstructionDB,1000b98e,1000b992,MOV EAX, [0x10037824]
1000b99e,.text,,1000b960,FUN_1000b960,1000b960,1000ba16,3e,,InstructionDB,1000b99c,1000b9a1,MOV ECX, dword ptr [0x10037820]
1000b9b0,.text,,1000b960,FUN_1000b960,1000b960,1000ba16,50,,InstructionDB,1000b9ae,1000b9b3,CMP EAX, dword ptr [0x10037828]
1000b9b7,.text,,1000b960,FUN_1000b960,1000b960,1000ba16,57,,InstructionDB,1000b9b6,1000b9ba,MOV EAX, 0x10037820
1000b9c1,.text,,1000b960,FUN_1000b960,1000b960,1000ba16,61,,InstructionDB,1000b9c0,1000b9c4,MOV EAX, [0x10037824]
1000b9c7,.text,,1000b960,FUN_1000b960,1000b960,1000ba16,67,,InstructionDB,1000b9c5,1000b9ca,MOV ECX, dword ptr [0x10037820]
1000b9d5,.text,,1000b960,FUN_1000b960,1000b960,1000ba16,75,,InstructionDB,1000b9d4,1000b9d8,MOV EAX, [0x10037824]
1000b9de,.text,,1000b960,FUN_1000b960,1000b960,1000ba16,7e,,InstructionDB,1000b9dd,1000b9e1,MOV [0x10037824], EAX
1000b9e8,.text,,1000b960,FUN_1000b960,1000b960,1000ba16,88,,InstructionDB,1000b9e6,1000b9eb,CMP EAX, dword ptr [0x10037828]
1000b9ef,.text,,1000b960,FUN_1000b960,1000b960,1000ba16,8f,,InstructionDB,1000b9ee,1000b9f2,MOV EAX, 0x10037820
1000b9f9,.text,,1000b960,FUN_1000b960,1000b960,1000ba16,99,,InstructionDB,1000b9f8,1000b9fc,MOV EAX, [0x10037824]
1000ba07,.text,,1000b960,FUN_1000b960,1000b960,1000ba16,a7,,InstructionDB,1000ba06,1000ba0a,MOV EAX, [0x10037824]
1000ba0f,.text,,1000b960,FUN_1000b960,1000b960,1000ba16,af,,InstructionDB,1000ba0e,1000ba12,MOV [0x10037824], EAX
1000ba25,.text,,1000ba20,FUN_1000ba20,1000ba20,1000bad6,5,,InstructionDB,1000ba23,1000ba29,CMP dword ptr [0x1003c3c4], 0x0
1000ba2d,.text,,1000ba20,FUN_1000ba20,1000ba20,1000bad6,d,,InstructionDB,1000ba2c,1000ba30,MOV EAX, [0x10037808]
1000ba3d,.text,,1000ba20,FUN_1000ba20,1000ba20,1000bad6,1d,,InstructionDB,1000ba3c,1000ba40,MOV ECX, 0x10037808
1000ba48,.text,,1000ba20,FUN_1000ba20,1000ba20,1000bad6,28,,InstructionDB,1000ba46,1000ba4b,MOV dword ptr [0x1003c3c4], ECX
1000ba4f,.text,,1000ba20,FUN_1000ba20,1000ba20,1000bad6,2f,,InstructionDB,1000ba4e,1000ba52,MOV EAX, [0x10037834]
1000ba5e,.text,,1000ba20,FUN_1000ba20,1000ba20,1000bad6,3e,,InstructionDB,1000ba5c,1000ba61,MOV ECX, dword ptr [0x10037830]
1000ba70,.text,,1000ba20,FUN_1000ba20,1000ba20,1000bad6,50,,InstructionDB,1000ba6e,1000ba73,CMP EAX, dword ptr [0x10037838]
1000ba77,.text,,1000ba20,FUN_1000ba20,1000ba20,1000bad6,57,,InstructionDB,1000ba76,1000ba7a,MOV EAX, 0x10037830
1000ba81,.text,,1000ba20,FUN_1000ba20,1000ba20,1000bad6,61,,InstructionDB,1000ba80,1000ba84,MOV EAX, [0x10037834]
1000ba87,.text,,1000ba20,FUN_1000ba20,1000ba20,1000bad6,67,,InstructionDB,1000ba85,1000ba8a,MOV ECX, dword ptr [0x10037830]
1000ba95,.text,,1000ba20,FUN_1000ba20,1000ba20,1000bad6,75,,InstructionDB,1000ba94,1000ba98,MOV EAX, [0x10037834]
1000ba9e,.text,,1000ba20,FUN_1000ba20,1000ba20,1000bad6,7e,,InstructionDB,1000ba9d,1000baa1,MOV [0x10037834], EAX
1000baa8,.text,,1000ba20,FUN_1000ba20,1000ba20,1000bad6,88,,InstructionDB,1000baa6,1000baab,CMP EAX, dword ptr [0x10037838]
1000baaf,.text,,1000ba20,FUN_1000ba20,1000ba20,1000bad6,8f,,InstructionDB,1000baae,1000bab2,MOV EAX, 0x10037830
1000bab9,.text,,1000ba20,FUN_1000ba20,1000ba20,1000bad6,99,,InstructionDB,1000bab8,1000babc,MOV EAX, [0x10037834]
1000bac7,.text,,1000ba20,FUN_1000ba20,1000ba20,1000bad6,a7,,InstructionDB,1000bac6,1000baca,MOV EAX, [0x10037834]
1000bacf,.text,,1000ba20,FUN_1000ba20,1000ba20,1000bad6,af,,InstructionDB,1000bace,1000bad2,MOV [0x10037834], EAX
1000bb2a,.text,,1000bae0,FUN_1000bae0,1000bae0,1000bb58,4a,,InstructionDB,1000bb26,1000bb2d,MOV dword ptr [ESP + 0x18], 0x1000ca40
1000bb32,.text,,1000bae0,FUN_1000bae0,1000bae0,1000bb58,52,,InstructionDB,1000bb2e,1000bb35,MOV dword ptr [ESP + 0x20], 0x1000ca30
1000bb3a,.text,,1000bae0,FUN_1000bae0,1000bae0,1000bb58,5a,,InstructionDB,1000bb36,1000bb3d,MOV dword ptr [ESP + 0x28], 0x1000ca20
1000bb42,.text,,1000bae0,FUN_1000bae0,1000bae0,1000bb58,62,,InstructionDB,1000bb3e,1000bb45,MOV dword ptr [ESP + 0x30], 0x1000ca10
1000bb4a,.text,,1000bae0,FUN_1000bae0,1000bae0,1000bb58,6a,,InstructionDB,1000bb46,1000bb4d,MOV dword ptr [ESP + 0x38], 0x1000ca00
1000bbaa,.text,,1000bb60,FUN_1000bb60,1000bb60,1000bbd8,4a,,InstructionDB,1000bba6,1000bbad,MOV dword ptr [ESP + 0x18], 0x1000ca90
1000bbb2,.text,,1000bb60,FUN_1000bb60,1000bb60,1000bbd8,52,,InstructionDB,1000bbae,1000bbb5,MOV dword ptr [ESP + 0x20], 0x1000ca80
1000bbba,.text,,1000bb60,FUN_1000bb60,1000bb60,1000bbd8,5a,,InstructionDB,1000bbb6,1000bbbd,MOV dword ptr [ESP + 0x28], 0x1000ca70
1000bbc2,.text,,1000bb60,FUN_1000bb60,1000bb60,1000bbd8,62,,InstructionDB,1000bbbe,1000bbc5,MOV dword ptr [ESP + 0x30], 0x1000ca60
1000bbca,.text,,1000bb60,FUN_1000bb60,1000bb60,1000bbd8,6a,,InstructionDB,1000bbc6,1000bbcd,MOV dword ptr [ESP + 0x38], 0x1000ca50
1000bbe5,.text,,1000bbe0,FUN_1000bbe0,1000bbe0,1000bc96,5,,InstructionDB,1000bbe3,1000bbe9,CMP dword ptr [0x1003c3c8], 0x0
1000bbed,.text,,1000bbe0,FUN_1000bbe0,1000bbe0,1000bc96,d,,InstructionDB,1000bbec,1000bbf0,MOV EAX, [0x10037878]
1000bbfd,.text,,1000bbe0,FUN_1000bbe0,1000bbe0,1000bc96,1d,,InstructionDB,1000bbfc,1000bc00,MOV ECX, 0x10037878
1000bc08,.text,,1000bbe0,FUN_1000bbe0,1000bbe0,1000bc96,28,,InstructionDB,1000bc06,1000bc0b,MOV dword ptr [0x1003c3c8], ECX
1000bc0f,.text,,1000bbe0,FUN_1000bbe0,1000bbe0,1000bc96,2f,,InstructionDB,1000bc0e,1000bc12,MOV EAX, [0x100378a4]
1000bc1e,.text,,1000bbe0,FUN_1000bbe0,1000bbe0,1000bc96,3e,,InstructionDB,1000bc1c,1000bc21,MOV ECX, dword ptr [0x100378a0]
1000bc30,.text,,1000bbe0,FUN_1000bbe0,1000bbe0,1000bc96,50,,InstructionDB,1000bc2e,1000bc33,CMP EAX, dword ptr [0x100378a8]
1000bc37,.text,,1000bbe0,FUN_1000bbe0,1000bbe0,1000bc96,57,,InstructionDB,1000bc36,1000bc3a,MOV EAX, 0x100378a0
1000bc41,.text,,1000bbe0,FUN_1000bbe0,1000bbe0,1000bc96,61,,InstructionDB,1000bc40,1000bc44,MOV EAX, [0x100378a4]
1000bc47,.text,,1000bbe0,FUN_1000bbe0,1000bbe0,1000bc96,67,,InstructionDB,1000bc45,1000bc4a,MOV ECX, dword ptr [0x100378a0]
1000bc55,.text,,1000bbe0,FUN_1000bbe0,1000bbe0,1000bc96,75,,InstructionDB,1000bc54,1000bc58,MOV EAX, [0x100378a4]
1000bc5e,.text,,1000bbe0,FUN_1000bbe0,1000bbe0,1000bc96,7e,,InstructionDB,1000bc5d,1000bc61,MOV [0x100378a4], EAX
1000bc68,.text,,1000bbe0,FUN_1000bbe0,1000bbe0,1000bc96,88,,InstructionDB,1000bc66,1000bc6b,CMP EAX, dword ptr [0x100378a8]
1000bc6f,.text,,1000bbe0,FUN_1000bbe0,1000bbe0,1000bc96,8f,,InstructionDB,1000bc6e,1000bc72,MOV EAX, 0x100378a0
1000bc79,.text,,1000bbe0,FUN_1000bbe0,1000bbe0,1000bc96,99,,InstructionDB,1000bc78,1000bc7c,MOV EAX, [0x100378a4]
1000bc87,.text,,1000bbe0,FUN_1000bbe0,1000bbe0,1000bc96,a7,,InstructionDB,1000bc86,1000bc8a,MOV EAX, [0x100378a4]
1000bc8f,.text,,1000bbe0,FUN_1000bbe0,1000bbe0,1000bc96,af,,InstructionDB,1000bc8e,1000bc92,MOV [0x100378a4], EAX
1000bcea,.text,,1000bca0,FUN_1000bca0,1000bca0,1000bd18,4a,,InstructionDB,1000bce6,1000bced,MOV dword ptr [ESP + 0x18], 0x1000cbe0
1000bcf2,.text,,1000bca0,FUN_1000bca0,1000bca0,1000bd18,52,,InstructionDB,1000bcee,1000bcf5,MOV dword ptr [ESP + 0x20], 0x1000cb90
1000bcfa,.text,,1000bca0,FUN_1000bca0,1000bca0,1000bd18,5a,,InstructionDB,1000bcf6,1000bcfd,MOV dword ptr [ESP + 0x28], 0x1000cb40
1000bd02,.text,,1000bca0,FUN_1000bca0,1000bca0,1000bd18,62,,InstructionDB,1000bcfe,1000bd05,MOV dword ptr [ESP + 0x30], 0x1000caf0
1000bd0a,.text,,1000bca0,FUN_1000bca0,1000bca0,1000bd18,6a,,InstructionDB,1000bd06,1000bd0d,MOV dword ptr [ESP + 0x38], 0x1000caa0
1000bd25,.text,,1000bd20,FUN_1000bd20,1000bd20,1000bdd6,5,,InstructionDB,1000bd23,1000bd29,CMP dword ptr [0x1003c3cc], 0x0
1000bd2d,.text,,1000bd20,FUN_1000bd20,1000bd20,1000bdd6,d,,InstructionDB,1000bd2c,1000bd30,MOV EAX, [0x100378b0]
1000bd3d,.text,,1000bd20,FUN_1000bd20,1000bd20,1000bdd6,1d,,InstructionDB,1000bd3c,1000bd40,MOV ECX, 0x100378b0
1000bd48,.text,,1000bd20,FUN_1000bd20,1000bd20,1000bdd6,28,,InstructionDB,1000bd46,1000bd4b,MOV dword ptr [0x1003c3cc], ECX
1000bd4f,.text,,1000bd20,FUN_1000bd20,1000bd20,1000bdd6,2f,,InstructionDB,1000bd4e,1000bd52,MOV EAX, [0x100378dc]
1000bd5e,.text,,1000bd20,FUN_1000bd20,1000bd20,1000bdd6,3e,,InstructionDB,1000bd5c,1000bd61,MOV ECX, dword ptr [0x100378d8]
1000bd70,.text,,1000bd20,FUN_1000bd20,1000bd20,1000bdd6,50,,InstructionDB,1000bd6e,1000bd73,CMP EAX, dword ptr [0x100378e0]
1000bd77,.text,,1000bd20,FUN_1000bd20,1000bd20,1000bdd6,57,,InstructionDB,1000bd76,1000bd7a,MOV EAX, 0x100378d8
1000bd81,.text,,1000bd20,FUN_1000bd20,1000bd20,1000bdd6,61,,InstructionDB,1000bd80,1000bd84,MOV EAX, [0x100378dc]
1000bd87,.text,,1000bd20,FUN_1000bd20,1000bd20,1000bdd6,67,,InstructionDB,1000bd85,1000bd8a,MOV ECX, dword ptr [0x100378d8]
1000bd95,.text,,1000bd20,FUN_1000bd20,1000bd20,1000bdd6,75,,InstructionDB,1000bd94,1000bd98,MOV EAX, [0x100378dc]
1000bd9e,.text,,1000bd20,FUN_1000bd20,1000bd20,1000bdd6,7e,,InstructionDB,1000bd9d,1000bda1,MOV [0x100378dc], EAX
1000bda8,.text,,1000bd20,FUN_1000bd20,1000bd20,1000bdd6,88,,InstructionDB,1000bda6,1000bdab,CMP EAX, dword ptr [0x100378e0]
1000bdaf,.text,,1000bd20,FUN_1000bd20,1000bd20,1000bdd6,8f,,InstructionDB,1000bdae,1000bdb2,MOV EAX, 0x100378d8
1000bdb9,.text,,1000bd20,FUN_1000bd20,1000bd20,1000bdd6,99,,InstructionDB,1000bdb8,1000bdbc,MOV EAX, [0x100378dc]
1000bdc7,.text,,1000bd20,FUN_1000bd20,1000bd20,1000bdd6,a7,,InstructionDB,1000bdc6,1000bdca,MOV EAX, [0x100378dc]
1000bdcf,.text,,1000bd20,FUN_1000bd20,1000bd20,1000bdd6,af,,InstructionDB,1000bdce,1000bdd2,MOV [0x100378dc], EAX
1000be2a,.text,,1000bde0,FUN_1000bde0,1000bde0,1000be58,4a,,InstructionDB,1000be26,1000be2d,MOV dword ptr [ESP + 0x18], 0x1000cc70
1000be32,.text,,1000bde0,FUN_1000bde0,1000bde0,1000be58,52,,InstructionDB,1000be2e,1000be35,MOV dword ptr [ESP + 0x20], 0x1000cc60
1000be3a,.text,,1000bde0,FUN_1000bde0,1000bde0,1000be58,5a,,InstructionDB,1000be36,1000be3d,MOV dword ptr [ESP + 0x28], 0x1000cc50
1000be42,.text,,1000bde0,FUN_1000bde0,1000bde0,1000be58,62,,InstructionDB,1000be3e,1000be45,MOV dword ptr [ESP + 0x30], 0x1000cc40
1000be4a,.text,,1000bde0,FUN_1000bde0,1000bde0,1000be58,6a,,InstructionDB,1000be46,1000be4d,MOV dword ptr [ESP + 0x38], 0x1000cc30
1000be65,.text,,1000be60,FUN_1000be60,1000be60,1000bf16,5,,InstructionDB,1000be63,1000be69,CMP dword ptr [0x1003c3d0], 0x0
1000be6d,.text,,1000be60,FUN_1000be60,1000be60,1000bf16,d,,InstructionDB,1000be6c,1000be70,MOV EAX, [0x100378e8]
1000be7d,.text,,1000be60,FUN_1000be60,1000be60,1000bf16,1d,,InstructionDB,1000be7c,1000be80,MOV ECX, 0x100378e8
1000be88,.text,,1000be60,FUN_1000be60,1000be60,1000bf16,28,,InstructionDB,1000be86,1000be8b,MOV dword ptr [0x1003c3d0], ECX
1000be8f,.text,,1000be60,FUN_1000be60,1000be60,1000bf16,2f,,InstructionDB,1000be8e,1000be92,MOV EAX, [0x10037914]
1000be9e,.text,,1000be60,FUN_1000be60,1000be60,1000bf16,3e,,InstructionDB,1000be9c,1000bea1,MOV ECX, dword ptr [0x10037910]
1000beb0,.text,,1000be60,FUN_1000be60,1000be60,1000bf16,50,,InstructionDB,1000beae,1000beb3,CMP EAX, dword ptr [0x10037918]
1000beb7,.text,,1000be60,FUN_1000be60,1000be60,1000bf16,57,,InstructionDB,1000beb6,1000beba,MOV EAX, 0x10037910
1000bec1,.text,,1000be60,FUN_1000be60,1000be60,1000bf16,61,,InstructionDB,1000bec0,1000bec4,MOV EAX, [0x10037914]
1000bec7,.text,,1000be60,FUN_1000be60,1000be60,1000bf16,67,,InstructionDB,1000bec5,1000beca,MOV ECX, dword ptr [0x10037910]
1000bed5,.text,,1000be60,FUN_1000be60,1000be60,1000bf16,75,,InstructionDB,1000bed4,1000bed8,MOV EAX, [0x10037914]
1000bede,.text,,1000be60,FUN_1000be60,1000be60,1000bf16,7e,,InstructionDB,1000bedd,1000bee1,MOV [0x10037914], EAX
1000bee8,.text,,1000be60,FUN_1000be60,1000be60,1000bf16,88,,InstructionDB,1000bee6,1000beeb,CMP EAX, dword ptr [0x10037918]
1000beef,.text,,1000be60,FUN_1000be60,1000be60,1000bf16,8f,,InstructionDB,1000beee,1000bef2,MOV EAX, 0x10037910
1000bef9,.text,,1000be60,FUN_1000be60,1000be60,1000bf16,99,,InstructionDB,1000bef8,1000befc,MOV EAX, [0x10037914]
1000bf07,.text,,1000be60,FUN_1000be60,1000be60,1000bf16,a7,,InstructionDB,1000bf06,1000bf0a,MOV EAX, [0x10037914]
1000bf0f,.text,,1000be60,FUN_1000be60,1000be60,1000bf16,af,,InstructionDB,1000bf0e,1000bf12,MOV [0x10037914], EAX
1000bf6a,.text,,1000bf20,FUN_1000bf20,1000bf20,1000bf98,4a,,InstructionDB,1000bf66,1000bf6d,MOV dword ptr [ESP + 0x18], 0x1000ccc0
1000bf72,.text,,1000bf20,FUN_1000bf20,1000bf20,1000bf98,52,,InstructionDB,1000bf6e,1000bf75,MOV dword ptr [ESP + 0x20], 0x1000ccb0
1000bf7a,.text,,1000bf20,FUN_1000bf20,1000bf20,1000bf98,5a,,InstructionDB,1000bf76,1000bf7d,MOV dword ptr [ESP + 0x28], 0x1000cca0
1000bf82,.text,,1000bf20,FUN_1000bf20,1000bf20,1000bf98,62,,InstructionDB,1000bf7e,1000bf85,MOV dword ptr [ESP + 0x30], 0x1000cc90
1000bf8a,.text,,1000bf20,FUN_1000bf20,1000bf20,1000bf98,6a,,InstructionDB,1000bf86,1000bf8d,MOV dword ptr [ESP + 0x38], 0x1000cc80
1000bfa5,.text,,1000bfa0,FUN_1000bfa0,1000bfa0,1000c056,5,,InstructionDB,1000bfa3,1000bfa9,CMP dword ptr [0x1003c3d4], 0x0
1000bfad,.text,,1000bfa0,FUN_1000bfa0,1000bfa0,1000c056,d,,InstructionDB,1000bfac,1000bfb0,MOV EAX, [0x10037920]
1000bfbd,.text,,1000bfa0,FUN_1000bfa0,1000bfa0,1000c056,1d,,InstructionDB,1000bfbc,1000bfc0,MOV ECX, 0x10037920
1000bfc8,.text,,1000bfa0,FUN_1000bfa0,1000bfa0,1000c056,28,,InstructionDB,1000bfc6,1000bfcb,MOV dword ptr [0x1003c3d4], ECX
1000bfcf,.text,,1000bfa0,FUN_1000bfa0,1000bfa0,1000c056,2f,,InstructionDB,1000bfce,1000bfd2,MOV EAX, [0x1003794c]
1000bfde,.text,,1000bfa0,FUN_1000bfa0,1000bfa0,1000c056,3e,,InstructionDB,1000bfdc,1000bfe1,MOV ECX, dword ptr [0x10037948]
1000bff0,.text,,1000bfa0,FUN_1000bfa0,1000bfa0,1000c056,50,,InstructionDB,1000bfee,1000bff3,CMP EAX, dword ptr [0x10037950]
1000bff7,.text,,1000bfa0,FUN_1000bfa0,1000bfa0,1000c056,57,,InstructionDB,1000bff6,1000bffa,MOV EAX, 0x10037948
1000c001,.text,,1000bfa0,FUN_1000bfa0,1000bfa0,1000c056,61,,InstructionDB,1000c000,1000c004,MOV EAX, [0x1003794c]
1000c007,.text,,1000bfa0,FUN_1000bfa0,1000bfa0,1000c056,67,,InstructionDB,1000c005,1000c00a,MOV ECX, dword ptr [0x10037948]
1000c015,.text,,1000bfa0,FUN_1000bfa0,1000bfa0,1000c056,75,,InstructionDB,1000c014,1000c018,MOV EAX, [0x1003794c]
1000c01e,.text,,1000bfa0,FUN_1000bfa0,1000bfa0,1000c056,7e,,InstructionDB,1000c01d,1000c021,MOV [0x1003794c], EAX
1000c028,.text,,1000bfa0,FUN_1000bfa0,1000bfa0,1000c056,88,,InstructionDB,1000c026,1000c02b,CMP EAX, dword ptr [0x10037950]
1000c02f,.text,,1000bfa0,FUN_1000bfa0,1000bfa0,1000c056,8f,,InstructionDB,1000c02e,1000c032,MOV EAX, 0x10037948
1000c039,.text,,1000bfa0,FUN_1000bfa0,1000bfa0,1000c056,99,,InstructionDB,1000c038,1000c03c,MOV EAX, [0x1003794c]
1000c047,.text,,1000bfa0,FUN_1000bfa0,1000bfa0,1000c056,a7,,InstructionDB,1000c046,1000c04a,MOV EAX, [0x1003794c]
1000c04f,.text,,1000bfa0,FUN_1000bfa0,1000bfa0,1000c056,af,,InstructionDB,1000c04e,1000c052,MOV [0x1003794c], EAX
1000c0aa,.text,,1000c060,FUN_1000c060,1000c060,1000c0d8,4a,,InstructionDB,1000c0a6,1000c0ad,MOV dword ptr [ESP + 0x18], 0x1000cd10
1000c0b2,.text,,1000c060,FUN_1000c060,1000c060,1000c0d8,52,,InstructionDB,1000c0ae,1000c0b5,MOV dword ptr [ESP + 0x20], 0x1000cd00
1000c0ba,.text,,1000c060,FUN_1000c060,1000c060,1000c0d8,5a,,InstructionDB,1000c0b6,1000c0bd,MOV dword ptr [ESP + 0x28], 0x1000ccf0
1000c0c2,.text,,1000c060,FUN_1000c060,1000c060,1000c0d8,62,,InstructionDB,1000c0be,1000c0c5,MOV dword ptr [ESP + 0x30], 0x1000cce0
1000c0ca,.text,,1000c060,FUN_1000c060,1000c060,1000c0d8,6a,,InstructionDB,1000c0c6,1000c0cd,MOV dword ptr [ESP + 0x38], 0x1000ccd0
1000c0e5,.text,,1000c0e0,FUN_1000c0e0,1000c0e0,1000c196,5,,InstructionDB,1000c0e3,1000c0e9,CMP dword ptr [0x1003c3d8], 0x0
1000c0ed,.text,,1000c0e0,FUN_1000c0e0,1000c0e0,1000c196,d,,InstructionDB,1000c0ec,1000c0f0,MOV EAX, [0x10037958]
1000c0fd,.text,,1000c0e0,FUN_1000c0e0,1000c0e0,1000c196,1d,,InstructionDB,1000c0fc,1000c100,MOV ECX, 0x10037958
1000c108,.text,,1000c0e0,FUN_1000c0e0,1000c0e0,1000c196,28,,InstructionDB,1000c106,1000c10b,MOV dword ptr [0x1003c3d8], ECX
1000c10f,.text,,1000c0e0,FUN_1000c0e0,1000c0e0,1000c196,2f,,InstructionDB,1000c10e,1000c112,MOV EAX, [0x10037984]
1000c11e,.text,,1000c0e0,FUN_1000c0e0,1000c0e0,1000c196,3e,,InstructionDB,1000c11c,1000c121,MOV ECX, dword ptr [0x10037980]
1000c130,.text,,1000c0e0,FUN_1000c0e0,1000c0e0,1000c196,50,,InstructionDB,1000c12e,1000c133,CMP EAX, dword ptr [0x10037988]
1000c137,.text,,1000c0e0,FUN_1000c0e0,1000c0e0,1000c196,57,,InstructionDB,1000c136,1000c13a,MOV EAX, 0x10037980
1000c141,.text,,1000c0e0,FUN_1000c0e0,1000c0e0,1000c196,61,,InstructionDB,1000c140,1000c144,MOV EAX, [0x10037984]
1000c147,.text,,1000c0e0,FUN_1000c0e0,1000c0e0,1000c196,67,,InstructionDB,1000c145,1000c14a,MOV ECX, dword ptr [0x10037980]
1000c155,.text,,1000c0e0,FUN_1000c0e0,1000c0e0,1000c196,75,,InstructionDB,1000c154,1000c158,MOV EAX, [0x10037984]
1000c15e,.text,,1000c0e0,FUN_1000c0e0,1000c0e0,1000c196,7e,,InstructionDB,1000c15d,1000c161,MOV [0x10037984], EAX
1000c168,.text,,1000c0e0,FUN_1000c0e0,1000c0e0,1000c196,88,,InstructionDB,1000c166,1000c16b,CMP EAX, dword ptr [0x10037988]
1000c16f,.text,,1000c0e0,FUN_1000c0e0,1000c0e0,1000c196,8f,,InstructionDB,1000c16e,1000c172,MOV EAX, 0x10037980
1000c179,.text,,1000c0e0,FUN_1000c0e0,1000c0e0,1000c196,99,,InstructionDB,1000c178,1000c17c,MOV EAX, [0x10037984]
1000c187,.text,,1000c0e0,FUN_1000c0e0,1000c0e0,1000c196,a7,,InstructionDB,1000c186,1000c18a,MOV EAX, [0x10037984]
1000c18f,.text,,1000c0e0,FUN_1000c0e0,1000c0e0,1000c196,af,,InstructionDB,1000c18e,1000c192,MOV [0x10037984], EAX
1000c1ea,.text,,1000c1a0,FUN_1000c1a0,1000c1a0,1000c218,4a,,InstructionDB,1000c1e6,1000c1ed,MOV dword ptr [ESP + 0x18], 0x1000cd60
1000c1f2,.text,,1000c1a0,FUN_1000c1a0,1000c1a0,1000c218,52,,InstructionDB,1000c1ee,1000c1f5,MOV dword ptr [ESP + 0x20], 0x1000cd50
1000c1fa,.text,,1000c1a0,FUN_1000c1a0,1000c1a0,1000c218,5a,,InstructionDB,1000c1f6,1000c1fd,MOV dword ptr [ESP + 0x28], 0x1000cd40
1000c202,.text,,1000c1a0,FUN_1000c1a0,1000c1a0,1000c218,62,,InstructionDB,1000c1fe,1000c205,MOV dword ptr [ESP + 0x30], 0x1000cd30
1000c20a,.text,,1000c1a0,FUN_1000c1a0,1000c1a0,1000c218,6a,,InstructionDB,1000c206,1000c20d,MOV dword ptr [ESP + 0x38], 0x1000cd20
1000c225,.text,,1000c220,FUN_1000c220,1000c220,1000c2d6,5,,InstructionDB,1000c223,1000c229,CMP dword ptr [0x1003c3dc], 0x0
1000c22d,.text,,1000c220,FUN_1000c220,1000c220,1000c2d6,d,,InstructionDB,1000c22c,1000c230,MOV EAX, [0x10037990]
1000c23d,.text,,1000c220,FUN_1000c220,1000c220,1000c2d6,1d,,InstructionDB,1000c23c,1000c240,MOV ECX, 0x10037990
1000c248,.text,,1000c220,FUN_1000c220,1000c220,1000c2d6,28,,InstructionDB,1000c246,1000c24b,MOV dword ptr [0x1003c3dc], ECX
1000c24f,.text,,1000c220,FUN_1000c220,1000c220,1000c2d6,2f,,InstructionDB,1000c24e,1000c252,MOV EAX, [0x100379bc]
1000c25e,.text,,1000c220,FUN_1000c220,1000c220,1000c2d6,3e,,InstructionDB,1000c25c,1000c261,MOV ECX, dword ptr [0x100379b8]
1000c270,.text,,1000c220,FUN_1000c220,1000c220,1000c2d6,50,,InstructionDB,1000c26e,1000c273,CMP EAX, dword ptr [0x100379c0]
1000c277,.text,,1000c220,FUN_1000c220,1000c220,1000c2d6,57,,InstructionDB,1000c276,1000c27a,MOV EAX, 0x100379b8
1000c281,.text,,1000c220,FUN_1000c220,1000c220,1000c2d6,61,,InstructionDB,1000c280,1000c284,MOV EAX, [0x100379bc]
1000c287,.text,,1000c220,FUN_1000c220,1000c220,1000c2d6,67,,InstructionDB,1000c285,1000c28a,MOV ECX, dword ptr [0x100379b8]
1000c295,.text,,1000c220,FUN_1000c220,1000c220,1000c2d6,75,,InstructionDB,1000c294,1000c298,MOV EAX, [0x100379bc]
1000c29e,.text,,1000c220,FUN_1000c220,1000c220,1000c2d6,7e,,InstructionDB,1000c29d,1000c2a1,MOV [0x100379bc], EAX
1000c2a8,.text,,1000c220,FUN_1000c220,1000c220,1000c2d6,88,,InstructionDB,1000c2a6,1000c2ab,CMP EAX, dword ptr [0x100379c0]
1000c2af,.text,,1000c220,FUN_1000c220,1000c220,1000c2d6,8f,,InstructionDB,1000c2ae,1000c2b2,MOV EAX, 0x100379b8
1000c2b9,.text,,1000c220,FUN_1000c220,1000c220,1000c2d6,99,,InstructionDB,1000c2b8,1000c2bc,MOV EAX, [0x100379bc]
1000c2c7,.text,,1000c220,FUN_1000c220,1000c220,1000c2d6,a7,,InstructionDB,1000c2c6,1000c2ca,MOV EAX, [0x100379bc]
1000c2cf,.text,,1000c220,FUN_1000c220,1000c220,1000c2d6,af,,InstructionDB,1000c2ce,1000c2d2,MOV [0x100379bc], EAX
1000c32a,.text,,1000c2e0,FUN_1000c2e0,1000c2e0,1000c358,4a,,InstructionDB,1000c326,1000c32d,MOV dword ptr [ESP + 0x18], 0x1000cdb0
1000c332,.text,,1000c2e0,FUN_1000c2e0,1000c2e0,1000c358,52,,InstructionDB,1000c32e,1000c335,MOV dword ptr [ESP + 0x20], 0x1000cda0
1000c33a,.text,,1000c2e0,FUN_1000c2e0,1000c2e0,1000c358,5a,,InstructionDB,1000c336,1000c33d,MOV dword ptr [ESP + 0x28], 0x1000cd90
1000c342,.text,,1000c2e0,FUN_1000c2e0,1000c2e0,1000c358,62,,InstructionDB,1000c33e,1000c345,MOV dword ptr [ESP + 0x30], 0x1000cd80
1000c34a,.text,,1000c2e0,FUN_1000c2e0,1000c2e0,1000c358,6a,,InstructionDB,1000c346,1000c34d,MOV dword ptr [ESP + 0x38], 0x1000cd70
1000c365,.text,,1000c360,FUN_1000c360,1000c360,1000c416,5,,InstructionDB,1000c363,1000c369,CMP dword ptr [0x1003c3e0], 0x0
1000c36d,.text,,1000c360,FUN_1000c360,1000c360,1000c416,d,,InstructionDB,1000c36c,1000c370,MOV EAX, [0x100379c8]
1000c37d,.text,,1000c360,FUN_1000c360,1000c360,1000c416,1d,,InstructionDB,1000c37c,1000c380,MOV ECX, 0x100379c8
1000c388,.text,,1000c360,FUN_1000c360,1000c360,1000c416,28,,InstructionDB,1000c386,1000c38b,MOV dword ptr [0x1003c3e0], ECX
1000c38f,.text,,1000c360,FUN_1000c360,1000c360,1000c416,2f,,InstructionDB,1000c38e,1000c392,MOV EAX, [0x100379f4]
1000c39e,.text,,1000c360,FUN_1000c360,1000c360,1000c416,3e,,InstructionDB,1000c39c,1000c3a1,MOV ECX, dword ptr [0x100379f0]
1000c3b0,.text,,1000c360,FUN_1000c360,1000c360,1000c416,50,,InstructionDB,1000c3ae,1000c3b3,CMP EAX, dword ptr [0x100379f8]
1000c3b7,.text,,1000c360,FUN_1000c360,1000c360,1000c416,57,,InstructionDB,1000c3b6,1000c3ba,MOV EAX, 0x100379f0
1000c3c1,.text,,1000c360,FUN_1000c360,1000c360,1000c416,61,,InstructionDB,1000c3c0,1000c3c4,MOV EAX, [0x100379f4]
1000c3c7,.text,,1000c360,FUN_1000c360,1000c360,1000c416,67,,InstructionDB,1000c3c5,1000c3ca,MOV ECX, dword ptr [0x100379f0]
1000c3d5,.text,,1000c360,FUN_1000c360,1000c360,1000c416,75,,InstructionDB,1000c3d4,1000c3d8,MOV EAX, [0x100379f4]
1000c3de,.text,,1000c360,FUN_1000c360,1000c360,1000c416,7e,,InstructionDB,1000c3dd,1000c3e1,MOV [0x100379f4], EAX
1000c3e8,.text,,1000c360,FUN_1000c360,1000c360,1000c416,88,,InstructionDB,1000c3e6,1000c3eb,CMP EAX, dword ptr [0x100379f8]
1000c3ef,.text,,1000c360,FUN_1000c360,1000c360,1000c416,8f,,InstructionDB,1000c3ee,1000c3f2,MOV EAX, 0x100379f0
1000c3f9,.text,,1000c360,FUN_1000c360,1000c360,1000c416,99,,InstructionDB,1000c3f8,1000c3fc,MOV EAX, [0x100379f4]
1000c407,.text,,1000c360,FUN_1000c360,1000c360,1000c416,a7,,InstructionDB,1000c406,1000c40a,MOV EAX, [0x100379f4]
1000c40f,.text,,1000c360,FUN_1000c360,1000c360,1000c416,af,,InstructionDB,1000c40e,1000c412,MOV [0x100379f4], EAX
1000c427,.text,,1000c420,FUN_1000c420,1000c420,1000c47c,7,,InstructionDB,1000c425,1000c42a,TEST byte ptr [0x1003c3fc], AL
1000c42f,.text,,1000c420,FUN_1000c420,1000c420,1000c47c,f,,InstructionDB,1000c42d,1000c432,OR dword ptr [0x1003c3fc], EAX
1000c434,.text,,1000c420,FUN_1000c420,1000c420,1000c47c,14,,InstructionDB,1000c433,1000c437,PUSH 0x10020a80
1000c43a,.text,,1000c420,FUN_1000c420,1000c420,1000c47c,1a,,InstructionDB,1000c438,1000c441,MOV dword ptr [0x1003c3e8], 0x0
1000c444,.text,,1000c420,FUN_1000c420,1000c420,1000c47c,24,,InstructionDB,1000c442,1000c44b,MOV dword ptr [0x1003c3ec], 0x0
1000c457,.text,,1000c420,FUN_1000c420,1000c420,1000c47c,37,,InstructionDB,1000c456,1000c45a,MOV ECX, 0x1003c3e8
1000c46a,.text,,1000c420,FUN_1000c420,1000c420,1000c47c,4a,,InstructionDB,1000c469,1000c46d,MOV EAX, [0x1003c3ec]
1000c478,.text,,1000c420,FUN_1000c420,1000c420,1000c47c,58,,InstructionDB,1000c476,1000c47b,CALL dword ptr [0x10022040]
1000c491,.text,,1000c480,FUN_1000c480,1000c480,1000c63d,11,,InstructionDB,1000c48f,1000c495,TEST byte ptr [0x1003c400], 0x1
1000c4a7,.text,,1000c480,FUN_1000c480,1000c480,1000c63d,27,,InstructionDB,1000c4a5,1000c4ab,OR dword ptr [0x1003c400], 0x1
1000c4ae,.text,,1000c480,FUN_1000c480,1000c480,1000c63d,2e,,InstructionDB,1000c4ac,1000c4b5,MOV dword ptr [0x1003c3f0], 0x10024c04
1000c4b2,.text,,1000c480,FUN_1000c480,1000c480,1000c63d,32,,InstructionDB,1000c4ac,1000c4b5,MOV dword ptr [0x1003c3f0], 0x10024c04
1000c4b8,.text,,1000c480,FUN_1000c480,1000c480,1000c63d,38,,InstructionDB,1000c4b6,1000c4bb,MOV dword ptr [0x1003c3f6], EBX
1000c4bf,.text,,1000c480,FUN_1000c480,1000c480,1000c63d,3f,,InstructionDB,1000c4bc,1000c4c2,MOV word ptr [0x1003c3f4], BX
1000c4e6,.text,,1000c480,FUN_1000c480,1000c480,1000c63d,66,,InstructionDB,1000c4e4,1000c4ea,TEST byte ptr [0x1003c400], 0x1
1000c4fc,.text,,1000c480,FUN_1000c480,1000c480,1000c63d,7c,,InstructionDB,1000c4fa,1000c500,OR dword ptr [0x1003c400], 0x1
1000c503,.text,,1000c480,FUN_1000c480,1000c480,1000c63d,83,,InstructionDB,1000c501,1000c50a,MOV dword ptr [0x1003c3f0], 0x10024c04
1000c507,.text,,1000c480,FUN_1000c480,1000c480,1000c63d,87,,InstructionDB,1000c501,1000c50a,MOV dword ptr [0x1003c3f0], 0x10024c04
1000c50d,.text,,1000c480,FUN_1000c480,1000c480,1000c63d,8d,,InstructionDB,1000c50b,1000c510,MOV dword ptr [0x1003c3f6], EBX
1000c514,.text,,1000c480,FUN_1000c480,1000c480,1000c63d,94,,InstructionDB,1000c511,1000c517,MOV word ptr [0x1003c3f4], BX
1000c53c,.text,,1000c480,FUN_1000c480,1000c480,1000c63d,bc,,InstructionDB,1000c53a,1000c540,TEST byte ptr [0x1003c400], 0x1
1000c552,.text,,1000c480,FUN_1000c480,1000c480,1000c63d,d2,,InstructionDB,1000c550,1000c556,OR dword ptr [0x1003c400], 0x1
1000c559,.text,,1000c480,FUN_1000c480,1000c480,1000c63d,d9,,InstructionDB,1000c557,1000c560,MOV dword ptr [0x1003c3f0], 0x10024c04
1000c55d,.text,,1000c480,FUN_1000c480,1000c480,1000c63d,dd,,InstructionDB,1000c557,1000c560,MOV dword ptr [0x1003c3f0], 0x10024c04
1000c563,.text,,1000c480,FUN_1000c480,1000c480,1000c63d,e3,,InstructionDB,1000c561,1000c566,MOV dword ptr [0x1003c3f6], EBX
1000c56a,.text,,1000c480,FUN_1000c480,1000c480,1000c63d,ea,,InstructionDB,1000c567,1000c56d,MOV word ptr [0x1003c3f4], BX
1000c592,.text,,1000c480,FUN_1000c480,1000c480,1000c63d,112,,InstructionDB,1000c590,1000c596,TEST byte ptr [0x1003c400], 0x1
1000c5a8,.text,,1000c480,FUN_1000c480,1000c480,1000c63d,128,,InstructionDB,1000c5a6,1000c5ac,OR dword ptr [0x1003c400], 0x1
1000c5af,.text,,1000c480,FUN_1000c480,1000c480,1000c63d,12f,,InstructionDB,1000c5ad,1000c5b6,MOV dword ptr [0x1003c3f0], 0x10024c04
1000c5b3,.text,,1000c480,FUN_1000c480,1000c480,1000c63d,133,,InstructionDB,1000c5ad,1000c5b6,MOV dword ptr [0x1003c3f0], 0x10024c04
1000c5b9,.text,,1000c480,FUN_1000c480,1000c480,1000c63d,139,,InstructionDB,1000c5b7,1000c5bc,MOV dword ptr [0x1003c3f6], EBX
1000c5c0,.text,,1000c480,FUN_1000c480,1000c480,1000c63d,140,,InstructionDB,1000c5bd,1000c5c3,MOV word ptr [0x1003c3f4], BX
1000c5e8,.text,,1000c480,FUN_1000c480,1000c480,1000c63d,168,,InstructionDB,1000c5e6,1000c5ec,TEST byte ptr [0x1003c400], 0x1
1000c5fe,.text,,1000c480,FUN_1000c480,1000c480,1000c63d,17e,,InstructionDB,1000c5fc,1000c602,OR dword ptr [0x1003c400], 0x1
1000c605,.text,,1000c480,FUN_1000c480,1000c480,1000c63d,185,,InstructionDB,1000c603,1000c60c,MOV dword ptr [0x1003c3f0], 0x10024c04
1000c609,.text,,1000c480,FUN_1000c480,1000c480,1000c63d,189,,InstructionDB,1000c603,1000c60c,MOV dword ptr [0x1003c3f0], 0x10024c04
1000c60f,.text,,1000c480,FUN_1000c480,1000c480,1000c63d,18f,,InstructionDB,1000c60d,1000c612,MOV dword ptr [0x1003c3f6], EBX
1000c616,.text,,1000c480,FUN_1000c480,1000c480,1000c63d,196,,InstructionDB,1000c613,1000c619,MOV word ptr [0x1003c3f4], BX
1000caa3,.text,,,,,,,,InstructionDB,1000caa1,1000caa6,MOV EBX, dword ptr [0x1003c3cc]
1000caf3,.text,,,,,,,,InstructionDB,1000caf1,1000caf6,MOV EBX, dword ptr [0x1003c3cc]
1000cb43,.text,,,,,,,,InstructionDB,1000cb41,1000cb46,MOV EBX, dword ptr [0x1003c3cc]
1000cb93,.text,,,,,,,,InstructionDB,1000cb91,1000cb96,MOV EBX, dword ptr [0x1003c3cc]
1000cbe3,.text,,,,,,,,InstructionDB,1000cbe1,1000cbe6,MOV EBX, dword ptr [0x1003c3cc]
1000cdd1,.text,,1000cdc0,FUN_1000cdc0,1000cdc0,1000cf7d,11,,InstructionDB,1000cdcf,1000cdd5,TEST byte ptr [0x1003c400], 0x1
1000cde7,.text,,1000cdc0,FUN_1000cdc0,1000cdc0,1000cf7d,27,,InstructionDB,1000cde5,1000cdeb,OR dword ptr [0x1003c400], 0x1
1000cdee,.text,,1000cdc0,FUN_1000cdc0,1000cdc0,1000cf7d,2e,,InstructionDB,1000cdec,1000cdf5,MOV dword ptr [0x1003c3f0], 0x10024c04
1000cdf2,.text,,1000cdc0,FUN_1000cdc0,1000cdc0,1000cf7d,32,,InstructionDB,1000cdec,1000cdf5,MOV dword ptr [0x1003c3f0], 0x10024c04
1000cdf8,.text,,1000cdc0,FUN_1000cdc0,1000cdc0,1000cf7d,38,,InstructionDB,1000cdf6,1000cdfb,MOV dword ptr [0x1003c3f6], EBX
1000cdff,.text,,1000cdc0,FUN_1000cdc0,1000cdc0,1000cf7d,3f,,InstructionDB,1000cdfc,1000ce02,MOV word ptr [0x1003c3f4], BX
1000ce26,.text,,1000cdc0,FUN_1000cdc0,1000cdc0,1000cf7d,66,,InstructionDB,1000ce24,1000ce2a,TEST byte ptr [0x1003c400], 0x1
1000ce3c,.text,,1000cdc0,FUN_1000cdc0,1000cdc0,1000cf7d,7c,,InstructionDB,1000ce3a,1000ce40,OR dword ptr [0x1003c400], 0x1
1000ce43,.text,,1000cdc0,FUN_1000cdc0,1000cdc0,1000cf7d,83,,InstructionDB,1000ce41,1000ce4a,MOV dword ptr [0x1003c3f0], 0x10024c04
1000ce47,.text,,1000cdc0,FUN_1000cdc0,1000cdc0,1000cf7d,87,,InstructionDB,1000ce41,1000ce4a,MOV dword ptr [0x1003c3f0], 0x10024c04
1000ce4d,.text,,1000cdc0,FUN_1000cdc0,1000cdc0,1000cf7d,8d,,InstructionDB,1000ce4b,1000ce50,MOV dword ptr [0x1003c3f6], EBX
1000ce54,.text,,1000cdc0,FUN_1000cdc0,1000cdc0,1000cf7d,94,,InstructionDB,1000ce51,1000ce57,MOV word ptr [0x1003c3f4], BX
1000ce7c,.text,,1000cdc0,FUN_1000cdc0,1000cdc0,1000cf7d,bc,,InstructionDB,1000ce7a,1000ce80,TEST byte ptr [0x1003c400], 0x1
1000ce92,.text,,1000cdc0,FUN_1000cdc0,1000cdc0,1000cf7d,d2,,InstructionDB,1000ce90,1000ce96,OR dword ptr [0x1003c400], 0x1
1000ce99,.text,,1000cdc0,FUN_1000cdc0,1000cdc0,1000cf7d,d9,,InstructionDB,1000ce97,1000cea0,MOV dword ptr [0x1003c3f0], 0x10024c04
1000ce9d,.text,,1000cdc0,FUN_1000cdc0,1000cdc0,1000cf7d,dd,,InstructionDB,1000ce97,1000cea0,MOV dword ptr [0x1003c3f0], 0x10024c04
1000cea3,.text,,1000cdc0,FUN_1000cdc0,1000cdc0,1000cf7d,e3,,InstructionDB,1000cea1,1000cea6,MOV dword ptr [0x1003c3f6], EBX
1000ceaa,.text,,1000cdc0,FUN_1000cdc0,1000cdc0,1000cf7d,ea,,InstructionDB,1000cea7,1000cead,MOV word ptr [0x1003c3f4], BX
1000ced2,.text,,1000cdc0,FUN_1000cdc0,1000cdc0,1000cf7d,112,,InstructionDB,1000ced0,1000ced6,TEST byte ptr [0x1003c400], 0x1
1000cee8,.text,,1000cdc0,FUN_1000cdc0,1000cdc0,1000cf7d,128,,InstructionDB,1000cee6,1000ceec,OR dword ptr [0x1003c400], 0x1
1000ceef,.text,,1000cdc0,FUN_1000cdc0,1000cdc0,1000cf7d,12f,,InstructionDB,1000ceed,1000cef6,MOV dword ptr [0x1003c3f0], 0x10024c04
1000cef3,.text,,1000cdc0,FUN_1000cdc0,1000cdc0,1000cf7d,133,,InstructionDB,1000ceed,1000cef6,MOV dword ptr [0x1003c3f0], 0x10024c04
1000cef9,.text,,1000cdc0,FUN_1000cdc0,1000cdc0,1000cf7d,139,,InstructionDB,1000cef7,1000cefc,MOV dword ptr [0x1003c3f6], EBX
1000cf00,.text,,1000cdc0,FUN_1000cdc0,1000cdc0,1000cf7d,140,,InstructionDB,1000cefd,1000cf03,MOV word ptr [0x1003c3f4], BX
1000cf28,.text,,1000cdc0,FUN_1000cdc0,1000cdc0,1000cf7d,168,,InstructionDB,1000cf26,1000cf2c,TEST byte ptr [0x1003c400], 0x1
1000cf3e,.text,,1000cdc0,FUN_1000cdc0,1000cdc0,1000cf7d,17e,,InstructionDB,1000cf3c,1000cf42,OR dword ptr [0x1003c400], 0x1
1000cf45,.text,,1000cdc0,FUN_1000cdc0,1000cdc0,1000cf7d,185,,InstructionDB,1000cf43,1000cf4c,MOV dword ptr [0x1003c3f0], 0x10024c04
1000cf49,.text,,1000cdc0,FUN_1000cdc0,1000cdc0,1000cf7d,189,,InstructionDB,1000cf43,1000cf4c,MOV dword ptr [0x1003c3f0], 0x10024c04
1000cf4f,.text,,1000cdc0,FUN_1000cdc0,1000cdc0,1000cf7d,18f,,InstructionDB,1000cf4d,1000cf52,MOV dword ptr [0x1003c3f6], EBX
1000cf56,.text,,1000cdc0,FUN_1000cdc0,1000cdc0,1000cf7d,196,,InstructionDB,1000cf53,1000cf59,MOV word ptr [0x1003c3f4], BX
1000cf87,.text,,1000cf80,FUN_1000cf80,1000cf80,1000cfdc,7,,InstructionDB,1000cf85,1000cf8a,TEST byte ptr [0x1003c3fc], AL
1000cf8f,.text,,1000cf80,FUN_1000cf80,1000cf80,1000cfdc,f,,InstructionDB,1000cf8d,1000cf92,OR dword ptr [0x1003c3fc], EAX
1000cf94,.text,,1000cf80,FUN_1000cf80,1000cf80,1000cfdc,14,,InstructionDB,1000cf93,1000cf97,PUSH 0x10020a80
1000cf9a,.text,,1000cf80,FUN_1000cf80,1000cf80,1000cfdc,1a,,InstructionDB,1000cf98,1000cfa1,MOV dword ptr [0x1003c3e8], 0x0
1000cfa4,.text,,1000cf80,FUN_1000cf80,1000cf80,1000cfdc,24,,InstructionDB,1000cfa2,1000cfab,MOV dword ptr [0x1003c3ec], 0x0
1000cfb7,.text,,1000cf80,FUN_1000cf80,1000cf80,1000cfdc,37,,InstructionDB,1000cfb6,1000cfba,MOV ECX, 0x1003c3e8
1000cfca,.text,,1000cf80,FUN_1000cf80,1000cf80,1000cfdc,4a,,InstructionDB,1000cfc9,1000cfcd,MOV EAX, [0x1003c3ec]
1000cfd8,.text,,1000cf80,FUN_1000cf80,1000cf80,1000cfdc,58,,InstructionDB,1000cfd6,1000cfdb,CALL dword ptr [0x10022040]
1000cff5,.text,,1000cfe0,FUN_1000cfe0,1000cfe0,1000d02f,15,,InstructionDB,1000cff4,1000cff8,PUSH 0x10024c5c
1000d05a,.text,,1000d030,FUN_1000d030,1000d030,1000d139,2a,,InstructionDB,1000d058,1000d05e,TEST byte ptr [0x1003c3fc], 0x1
1000d066,.text,,1000d030,FUN_1000d030,1000d030,1000d139,36,,InstructionDB,1000d064,1000d06a,OR dword ptr [0x1003c3fc], 0x1
1000d06c,.text,,1000d030,FUN_1000d030,1000d030,1000d139,3c,,InstructionDB,1000d06b,1000d06f,PUSH 0x10020a80
1000d071,.text,,1000d030,FUN_1000d030,1000d030,1000d139,41,,InstructionDB,1000d070,1000d074,MOV [0x1003c3e8], EAX
1000d076,.text,,1000d030,FUN_1000d030,1000d030,1000d139,46,,InstructionDB,1000d075,1000d079,MOV [0x1003c3ec], EAX
1000d083,.text,,1000d030,FUN_1000d030,1000d030,1000d139,53,,InstructionDB,1000d082,1000d086,MOV EAX, [0x1003c3ec]
1000d089,.text,,1000d030,FUN_1000d030,1000d030,1000d139,59,,InstructionDB,1000d087,1000d08c,MOV ECX, dword ptr [0x1003c3e8]
1000d09c,.text,,1000d030,FUN_1000d030,1000d030,1000d139,6c,,InstructionDB,1000d09b,1000d09f,PUSH 0x10024c18
1000d0a9,.text,,1000d030,FUN_1000d030,1000d030,1000d139,79,,InstructionDB,1000d0a7,1000d0ac,CALL dword ptr [0x10022058]
1000d0b0,.text,,1000d030,FUN_1000d030,1000d030,1000d139,80,,InstructionDB,1000d0af,1000d0b3,MOV EAX, [0x1003c3ec]
1000d0b6,.text,,1000d030,FUN_1000d030,1000d030,1000d139,86,,InstructionDB,1000d0b4,1000d0b9,MOV dword ptr [0x1003c3e8], ECX
1000d0cd,.text,,1000d030,FUN_1000d030,1000d030,1000d139,9d,,InstructionDB,1000d0cb,1000d0d0,CALL dword ptr [0x10022038]
1000d0d2,.text,,1000d030,FUN_1000d030,1000d030,1000d139,a2,,InstructionDB,1000d0d1,1000d0d5,MOV [0x1003c3ec], EAX
1000d0dc,.text,,1000d030,FUN_1000d030,1000d030,1000d139,ac,,InstructionDB,1000d0da,1000d0df,MOV ECX, dword ptr [0x1003c3e8]
1000d0f7,.text,,1000d030,FUN_1000d030,1000d030,1000d139,c7,,InstructionDB,1000d0f6,1000d0fa,MOV ESI, 0x1003c3e8
1000d101,.text,,1000d030,FUN_1000d030,1000d030,1000d139,d1,,InstructionDB,1000d100,1000d104,MOV EAX, [0x1003c3ec]
1000d107,.text,,1000d030,FUN_1000d030,1000d030,1000d139,d7,,InstructionDB,1000d105,1000d10a,MOV ECX, dword ptr [0x1003c3e8]
1000d127,.text,,1000d030,FUN_1000d030,1000d030,1000d139,f7,,InstructionDB,1000d125,1000d12a,CALL dword ptr [0x10022040]
1000d158,.text,,1000d140,FUN_1000d140,1000d140,1000d247,18,,InstructionDB,1000d156,1000d15c,TEST byte ptr [0x1003c3fc], 0x1
1000d161,.text,,1000d140,FUN_1000d140,1000d140,1000d247,21,,InstructionDB,1000d15f,1000d165,OR dword ptr [0x1003c3fc], 0x1
1000d167,.text,,1000d140,FUN_1000d140,1000d140,1000d247,27,,InstructionDB,1000d166,1000d16a,PUSH 0x10020a80
1000d16d,.text,,1000d140,FUN_1000d140,1000d140,1000d247,2d,,InstructionDB,1000d16b,1000d174,MOV dword ptr [0x1003c3e8], 0x0
1000d177,.text,,1000d140,FUN_1000d140,1000d140,1000d247,37,,InstructionDB,1000d175,1000d17e,MOV dword ptr [0x1003c3ec], 0x0
1000d18c,.text,,1000d140,FUN_1000d140,1000d140,1000d247,4c,,InstructionDB,1000d18a,1000d18f,MOV ECX, dword ptr [0x1003c3e8]
1000d194,.text,,1000d140,FUN_1000d140,1000d140,1000d247,54,,InstructionDB,1000d193,1000d197,MOV EAX, [0x1003c3ec]
1000d1a7,.text,,1000d140,FUN_1000d140,1000d140,1000d247,67,,InstructionDB,1000d1a6,1000d1aa,PUSH 0x10024c18
1000d1b4,.text,,1000d140,FUN_1000d140,1000d140,1000d247,74,,InstructionDB,1000d1b2,1000d1b7,CALL dword ptr [0x10022058]
1000d1bb,.text,,1000d140,FUN_1000d140,1000d140,1000d247,7b,,InstructionDB,1000d1ba,1000d1be,MOV EAX, [0x1003c3ec]
1000d1c1,.text,,1000d140,FUN_1000d140,1000d140,1000d247,81,,InstructionDB,1000d1bf,1000d1c4,MOV dword ptr [0x1003c3e8], ECX
1000d1d8,.text,,1000d140,FUN_1000d140,1000d140,1000d247,98,,InstructionDB,1000d1d6,1000d1db,CALL dword ptr [0x10022038]
1000d1dd,.text,,1000d140,FUN_1000d140,1000d140,1000d247,9d,,InstructionDB,1000d1dc,1000d1e0,MOV [0x1003c3ec], EAX
1000d1e7,.text,,1000d140,FUN_1000d140,1000d140,1000d247,a7,,InstructionDB,1000d1e5,1000d1ea,MOV ECX, dword ptr [0x1003c3e8]
1000d203,.text,,1000d140,FUN_1000d140,1000d140,1000d247,c3,,InstructionDB,1000d202,1000d206,MOV ESI, 0x1003c3e8
1000d20d,.text,,1000d140,FUN_1000d140,1000d140,1000d247,cd,,InstructionDB,1000d20c,1000d210,MOV EAX, [0x1003c3ec]
1000d213,.text,,1000d140,FUN_1000d140,1000d140,1000d247,d3,,InstructionDB,1000d211,1000d216,MOV ECX, dword ptr [0x1003c3e8]
1000d231,.text,,1000d140,FUN_1000d140,1000d140,1000d247,f1,,InstructionDB,1000d22f,1000d234,CALL dword ptr [0x10022044]
1000d25a,.text,,1000d250,FUN_1000d250,1000d250,1000d2fa,a,,InstructionDB,1000d258,1000d25d,MOV dword ptr [0x1003c24c], EBX
1000d38f,.text,,1000d380,FUN_1000d380,1000d380,1000d3f3,f,,InstructionDB,1000d38e,1000d392,PUSH 0x10024c5c
1000d43c,.text,,1000d400,FUN_1000d400,1000d400,1000d453,3c,,InstructionDB,1000d43b,1000d43f,PUSH 0x10028608
1000d447,.text,,1000d400,FUN_1000d400,1000d400,1000d453,47,,InstructionDB,1000d444,1000d44a,MOV dword ptr [EBP + -0x10], 0x10022250
1000d469,.text,,1000d460,FUN_1000d460,1000d460,1000d4b8,9,,InstructionDB,1000d467,1000d46c,MOV EDI, dword ptr [0x1003c390]
1000d4c9,.text,,1000d4c0,FUN_1000d4c0,1000d4c0,1000d518,9,,InstructionDB,1000d4c7,1000d4cc,MOV EDI, dword ptr [0x1003c390]
1000d529,.text,,1000d520,FUN_1000d520,1000d520,1000d578,9,,InstructionDB,1000d527,1000d52c,MOV EDI, dword ptr [0x1003c390]
1000d589,.text,,1000d580,FUN_1000d580,1000d580,1000d5d8,9,,InstructionDB,1000d587,1000d58c,MOV EDI, dword ptr [0x1003c390]
1000d5e9,.text,,1000d5e0,FUN_1000d5e0,1000d5e0,1000d638,9,,InstructionDB,1000d5e7,1000d5ec,MOV EDI, dword ptr [0x1003c390]
1000d649,.text,,1000d640,FUN_1000d640,1000d640,1000d698,9,,InstructionDB,1000d647,1000d64c,MOV EDI, dword ptr [0x1003c390]
1000d6a9,.text,,1000d6a0,FUN_1000d6a0,1000d6a0,1000d6f8,9,,InstructionDB,1000d6a7,1000d6ac,MOV EDI, dword ptr [0x1003c390]
1000d709,.text,,1000d700,FUN_1000d700,1000d700,1000d758,9,,InstructionDB,1000d707,1000d70c,MOV EDI, dword ptr [0x1003c390]
1000d769,.text,,1000d760,FUN_1000d760,1000d760,1000d7b8,9,,InstructionDB,1000d767,1000d76c,MOV EDI, dword ptr [0x1003c390]
1000d7c9,.text,,1000d7c0,FUN_1000d7c0,1000d7c0,1000d818,9,,InstructionDB,1000d7c7,1000d7cc,MOV EDI, dword ptr [0x1003c390]
1000d829,.text,,1000d820,FUN_1000d820,1000d820,1000d878,9,,InstructionDB,1000d827,1000d82c,MOV EDI, dword ptr [0x1003c390]
1000d889,.text,,1000d880,FUN_1000d880,1000d880,1000d8d8,9,,InstructionDB,1000d887,1000d88c,MOV EDI, dword ptr [0x1003c390]
1000d8e9,.text,,1000d8e0,FUN_1000d8e0,1000d8e0,1000d938,9,,InstructionDB,1000d8e7,1000d8ec,MOV EDI, dword ptr [0x1003c390]
1000d949,.text,,1000d940,FUN_1000d940,1000d940,1000d998,9,,InstructionDB,1000d947,1000d94c,MOV EDI, dword ptr [0x1003c390]
1000d9a9,.text,,1000d9a0,FUN_1000d9a0,1000d9a0,1000d9f8,9,,InstructionDB,1000d9a7,1000d9ac,MOV EDI, dword ptr [0x1003c390]
1000da09,.text,,1000da00,FUN_1000da00,1000da00,1000da58,9,,InstructionDB,1000da07,1000da0c,MOV EDI, dword ptr [0x1003c390]
1000da69,.text,,1000da60,FUN_1000da60,1000da60,1000dabd,9,,InstructionDB,1000da67,1000da6c,MOV EDI, dword ptr [0x1003c398]
1000dac9,.text,,1000dac0,FUN_1000dac0,1000dac0,1000db1d,9,,InstructionDB,1000dac7,1000dacc,MOV EDI, dword ptr [0x1003c398]
1000db29,.text,,1000db20,FUN_1000db20,1000db20,1000db7d,9,,InstructionDB,1000db27,1000db2c,MOV EDI, dword ptr [0x1003c398]
1000db89,.text,,1000db80,FUN_1000db80,1000db80,1000dbdd,9,,InstructionDB,1000db87,1000db8c,MOV EDI, dword ptr [0x1003c398]
1000dbe9,.text,,1000dbe0,FUN_1000dbe0,1000dbe0,1000dc3d,9,,InstructionDB,1000dbe7,1000dbec,MOV EDI, dword ptr [0x1003c398]
1000dc49,.text,,1000dc40,FUN_1000dc40,1000dc40,1000dc9d,9,,InstructionDB,1000dc47,1000dc4c,MOV EDI, dword ptr [0x1003c39c]
1000dca9,.text,,1000dca0,FUN_1000dca0,1000dca0,1000dcfd,9,,InstructionDB,1000dca7,1000dcac,MOV EDI, dword ptr [0x1003c39c]
1000dd09,.text,,1000dd00,FUN_1000dd00,1000dd00,1000dd5d,9,,InstructionDB,1000dd07,1000dd0c,MOV EDI, dword ptr [0x1003c39c]
1000dd69,.text,,1000dd60,FUN_1000dd60,1000dd60,1000ddbd,9,,InstructionDB,1000dd67,1000dd6c,MOV EDI, dword ptr [0x1003c39c]
1000ddc9,.text,,1000ddc0,FUN_1000ddc0,1000ddc0,1000de1d,9,,InstructionDB,1000ddc7,1000ddcc,MOV EDI, dword ptr [0x1003c39c]
1000de29,.text,,1000de20,FUN_1000de20,1000de20,1000de7d,9,,InstructionDB,1000de27,1000de2c,MOV EDI, dword ptr [0x1003c3a0]
1000de89,.text,,1000de80,FUN_1000de80,1000de80,1000dedd,9,,InstructionDB,1000de87,1000de8c,MOV EDI, dword ptr [0x1003c3a0]
1000dee9,.text,,1000dee0,FUN_1000dee0,1000dee0,1000df3d,9,,InstructionDB,1000dee7,1000deec,MOV EDI, dword ptr [0x1003c3a0]
1000df49,.text,,1000df40,FUN_1000df40,1000df40,1000df9d,9,,InstructionDB,1000df47,1000df4c,MOV EDI, dword ptr [0x1003c3a0]
1000dfa9,.text,,1000dfa0,FUN_1000dfa0,1000dfa0,1000dffd,9,,InstructionDB,1000dfa7,1000dfac,MOV EDI, dword ptr [0x1003c3a0]
1000e009,.text,,1000e000,FUN_1000e000,1000e000,1000e05d,9,,InstructionDB,1000e007,1000e00c,MOV EDI, dword ptr [0x1003c3a4]
1000e069,.text,,1000e060,FUN_1000e060,1000e060,1000e0bd,9,,InstructionDB,1000e067,1000e06c,MOV EDI, dword ptr [0x1003c3a4]
1000e0c9,.text,,1000e0c0,FUN_1000e0c0,1000e0c0,1000e11d,9,,InstructionDB,1000e0c7,1000e0cc,MOV EDI, dword ptr [0x1003c3a4]
1000e129,.text,,1000e120,FUN_1000e120,1000e120,1000e17d,9,,InstructionDB,1000e127,1000e12c,MOV EDI, dword ptr [0x1003c3a4]
1000e189,.text,,1000e180,FUN_1000e180,1000e180,1000e1dd,9,,InstructionDB,1000e187,1000e18c,MOV EDI, dword ptr [0x1003c3a4]
1000e1e9,.text,,1000e1e0,FUN_1000e1e0,1000e1e0,1000e23d,9,,InstructionDB,1000e1e7,1000e1ec,MOV EDI, dword ptr [0x1003c3a8]
1000e249,.text,,1000e240,FUN_1000e240,1000e240,1000e29d,9,,InstructionDB,1000e247,1000e24c,MOV EDI, dword ptr [0x1003c3a8]
1000e2a9,.text,,1000e2a0,FUN_1000e2a0,1000e2a0,1000e2fd,9,,InstructionDB,1000e2a7,1000e2ac,MOV EDI, dword ptr [0x1003c3a8]
1000e309,.text,,1000e300,FUN_1000e300,1000e300,1000e35d,9,,InstructionDB,1000e307,1000e30c,MOV EDI, dword ptr [0x1003c3a8]
1000e369,.text,,1000e360,FUN_1000e360,1000e360,1000e3bd,9,,InstructionDB,1000e367,1000e36c,MOV EDI, dword ptr [0x1003c3a8]
1000e3c9,.text,,1000e3c0,FUN_1000e3c0,1000e3c0,1000e41d,9,,InstructionDB,1000e3c7,1000e3cc,MOV EDI, dword ptr [0x1003c3ac]
1000e429,.text,,1000e420,FUN_1000e420,1000e420,1000e47d,9,,InstructionDB,1000e427,1000e42c,MOV EDI, dword ptr [0x1003c3ac]
1000e489,.text,,1000e480,FUN_1000e480,1000e480,1000e4dd,9,,InstructionDB,1000e487,1000e48c,MOV EDI, dword ptr [0x1003c3ac]
1000e4e9,.text,,1000e4e0,FUN_1000e4e0,1000e4e0,1000e53d,9,,InstructionDB,1000e4e7,1000e4ec,MOV EDI, dword ptr [0x1003c3ac]
1000e549,.text,,1000e540,FUN_1000e540,1000e540,1000e59d,9,,InstructionDB,1000e547,1000e54c,MOV EDI, dword ptr [0x1003c3ac]
1000e5a9,.text,,1000e5a0,FUN_1000e5a0,1000e5a0,1000e5fd,9,,InstructionDB,1000e5a7,1000e5ac,MOV EDI, dword ptr [0x1003c3b0]
1000e609,.text,,1000e600,FUN_1000e600,1000e600,1000e65d,9,,InstructionDB,1000e607,1000e60c,MOV EDI, dword ptr [0x1003c3b0]
1000e669,.text,,1000e660,FUN_1000e660,1000e660,1000e6bd,9,,InstructionDB,1000e667,1000e66c,MOV EDI, dword ptr [0x1003c3b0]
1000e6c9,.text,,1000e6c0,FUN_1000e6c0,1000e6c0,1000e71d,9,,InstructionDB,1000e6c7,1000e6cc,MOV EDI, dword ptr [0x1003c3b0]
1000e729,.text,,1000e720,FUN_1000e720,1000e720,1000e77d,9,,InstructionDB,1000e727,1000e72c,MOV EDI, dword ptr [0x1003c3b0]
1000e789,.text,,1000e780,FUN_1000e780,1000e780,1000e7dd,9,,InstructionDB,1000e787,1000e78c,MOV EDI, dword ptr [0x1003c3b4]
1000e7e9,.text,,1000e7e0,FUN_1000e7e0,1000e7e0,1000e83d,9,,InstructionDB,1000e7e7,1000e7ec,MOV EDI, dword ptr [0x1003c3b4]
1000e849,.text,,1000e840,FUN_1000e840,1000e840,1000e89d,9,,InstructionDB,1000e847,1000e84c,MOV EDI, dword ptr [0x1003c3b4]
1000e8a9,.text,,1000e8a0,FUN_1000e8a0,1000e8a0,1000e8fd,9,,InstructionDB,1000e8a7,1000e8ac,MOV EDI, dword ptr [0x1003c3b4]
1000e909,.text,,1000e900,FUN_1000e900,1000e900,1000e95d,9,,InstructionDB,1000e907,1000e90c,MOV EDI, dword ptr [0x1003c3b4]
1000e969,.text,,1000e960,FUN_1000e960,1000e960,1000e9bd,9,,InstructionDB,1000e967,1000e96c,MOV EDI, dword ptr [0x1003c3b8]
1000e9c9,.text,,1000e9c0,FUN_1000e9c0,1000e9c0,1000ea1d,9,,InstructionDB,1000e9c7,1000e9cc,MOV EDI, dword ptr [0x1003c3b8]
1000ea29,.text,,1000ea20,FUN_1000ea20,1000ea20,1000ea7d,9,,InstructionDB,1000ea27,1000ea2c,MOV EDI, dword ptr [0x1003c3b8]
1000ea89,.text,,1000ea80,FUN_1000ea80,1000ea80,1000eadd,9,,InstructionDB,1000ea87,1000ea8c,MOV EDI, dword ptr [0x1003c3b8]
1000eae9,.text,,1000eae0,FUN_1000eae0,1000eae0,1000eb3d,9,,InstructionDB,1000eae7,1000eaec,MOV EDI, dword ptr [0x1003c3b8]
1000eb49,.text,,1000eb40,FUN_1000eb40,1000eb40,1000eb9d,9,,InstructionDB,1000eb47,1000eb4c,MOV EDI, dword ptr [0x1003c3bc]
1000eba9,.text,,1000eba0,FUN_1000eba0,1000eba0,1000ebfd,9,,InstructionDB,1000eba7,1000ebac,MOV EDI, dword ptr [0x1003c3bc]
1000ec09,.text,,1000ec00,FUN_1000ec00,1000ec00,1000ec5d,9,,InstructionDB,1000ec07,1000ec0c,MOV EDI, dword ptr [0x1003c3bc]
1000ec69,.text,,1000ec60,FUN_1000ec60,1000ec60,1000ecbd,9,,InstructionDB,1000ec67,1000ec6c,MOV EDI, dword ptr [0x1003c3bc]
1000ecc9,.text,,1000ecc0,FUN_1000ecc0,1000ecc0,1000ed1d,9,,InstructionDB,1000ecc7,1000eccc,MOV EDI, dword ptr [0x1003c3bc]
1000ed29,.text,,1000ed20,FUN_1000ed20,1000ed20,1000ed7d,9,,InstructionDB,1000ed27,1000ed2c,MOV EDI, dword ptr [0x1003c3c0]
1000ed89,.text,,1000ed80,FUN_1000ed80,1000ed80,1000eddd,9,,InstructionDB,1000ed87,1000ed8c,MOV EDI, dword ptr [0x1003c3c0]
1000ede9,.text,,1000ede0,FUN_1000ede0,1000ede0,1000ee3d,9,,InstructionDB,1000ede7,1000edec,MOV EDI, dword ptr [0x1003c3c0]
1000ee49,.text,,1000ee40,FUN_1000ee40,1000ee40,1000ee9d,9,,InstructionDB,1000ee47,1000ee4c,MOV EDI, dword ptr [0x1003c3c0]
1000eea9,.text,,1000eea0,FUN_1000eea0,1000eea0,1000eefd,9,,InstructionDB,1000eea7,1000eeac,MOV EDI, dword ptr [0x1003c3c0]
1000ef09,.text,,1000ef00,FUN_1000ef00,1000ef00,1000ef5d,9,,InstructionDB,1000ef07,1000ef0c,MOV EDI, dword ptr [0x1003c3c4]
1000ef69,.text,,1000ef60,FUN_1000ef60,1000ef60,1000efbd,9,,InstructionDB,1000ef67,1000ef6c,MOV EDI, dword ptr [0x1003c3c4]
1000efc9,.text,,1000efc0,FUN_1000efc0,1000efc0,1000f01d,9,,InstructionDB,1000efc7,1000efcc,MOV EDI, dword ptr [0x1003c3c4]
1000f029,.text,,1000f020,FUN_1000f020,1000f020,1000f07d,9,,InstructionDB,1000f027,1000f02c,MOV EDI, dword ptr [0x1003c3c4]
1000f089,.text,,1000f080,FUN_1000f080,1000f080,1000f0dd,9,,InstructionDB,1000f087,1000f08c,MOV EDI, dword ptr [0x1003c3c4]
1000f0e9,.text,,1000f0e0,FUN_1000f0e0,1000f0e0,1000f13d,9,,InstructionDB,1000f0e7,1000f0ec,MOV EDI, dword ptr [0x1003c3e4]
1000f149,.text,,1000f140,FUN_1000f140,1000f140,1000f19d,9,,InstructionDB,1000f147,1000f14c,MOV EDI, dword ptr [0x1003c3e4]
1000f1a9,.text,,1000f1a0,FUN_1000f1a0,1000f1a0,1000f1fd,9,,InstructionDB,1000f1a7,1000f1ac,MOV EDI, dword ptr [0x1003c3e4]
1000f209,.text,,1000f200,FUN_1000f200,1000f200,1000f25d,9,,InstructionDB,1000f207,1000f20c,MOV EDI, dword ptr [0x1003c3e4]
1000f269,.text,,1000f260,FUN_1000f260,1000f260,1000f2bd,9,,InstructionDB,1000f267,1000f26c,MOV EDI, dword ptr [0x1003c3e4]
1000f2c9,.text,,1000f2c0,FUN_1000f2c0,1000f2c0,1000f31d,9,,InstructionDB,1000f2c7,1000f2cc,MOV EDI, dword ptr [0x1003c3c8]
1000f329,.text,,1000f320,FUN_1000f320,1000f320,1000f37d,9,,InstructionDB,1000f327,1000f32c,MOV EDI, dword ptr [0x1003c3c8]
1000f389,.text,,1000f380,FUN_1000f380,1000f380,1000f3dd,9,,InstructionDB,1000f387,1000f38c,MOV EDI, dword ptr [0x1003c3c8]
1000f3e9,.text,,1000f3e0,FUN_1000f3e0,1000f3e0,1000f43d,9,,InstructionDB,1000f3e7,1000f3ec,MOV EDI, dword ptr [0x1003c3c8]
1000f449,.text,,1000f440,FUN_1000f440,1000f440,1000f49d,9,,InstructionDB,1000f447,1000f44c,MOV EDI, dword ptr [0x1003c3c8]
1000f4a9,.text,,1000f4a0,FUN_1000f4a0,1000f4a0,1000f511,9,,InstructionDB,1000f4a7,1000f4ac,MOV EDI, dword ptr [0x1003c3d0]
1000f529,.text,,1000f520,FUN_1000f520,1000f520,1000f591,9,,InstructionDB,1000f527,1000f52c,MOV EDI, dword ptr [0x1003c3d0]
1000f5a9,.text,,1000f5a0,FUN_1000f5a0,1000f5a0,1000f611,9,,InstructionDB,1000f5a7,1000f5ac,MOV EDI, dword ptr [0x1003c3d0]
1000f629,.text,,1000f620,FUN_1000f620,1000f620,1000f691,9,,InstructionDB,1000f627,1000f62c,MOV EDI, dword ptr [0x1003c3d0]
1000f6a9,.text,,1000f6a0,FUN_1000f6a0,1000f6a0,1000f711,9,,InstructionDB,1000f6a7,1000f6ac,MOV EDI, dword ptr [0x1003c3d0]
1000f729,.text,,1000f720,FUN_1000f720,1000f720,1000f791,9,,InstructionDB,1000f727,1000f72c,MOV EDI, dword ptr [0x1003c3d4]
1000f7a9,.text,,1000f7a0,FUN_1000f7a0,1000f7a0,1000f811,9,,InstructionDB,1000f7a7,1000f7ac,MOV EDI, dword ptr [0x1003c3d4]
1000f829,.text,,1000f820,FUN_1000f820,1000f820,1000f891,9,,InstructionDB,1000f827,1000f82c,MOV EDI, dword ptr [0x1003c3d4]
1000f8a9,.text,,1000f8a0,FUN_1000f8a0,1000f8a0,1000f911,9,,InstructionDB,1000f8a7,1000f8ac,MOV EDI, dword ptr [0x1003c3d4]
1000f929,.text,,1000f920,FUN_1000f920,1000f920,1000f991,9,,InstructionDB,1000f927,1000f92c,MOV EDI, dword ptr [0x1003c3d4]
1000f9a9,.text,,1000f9a0,FUN_1000f9a0,1000f9a0,1000fa11,9,,InstructionDB,1000f9a7,1000f9ac,MOV EDI, dword ptr [0x1003c3d8]
1000fa29,.text,,1000fa20,FUN_1000fa20,1000fa20,1000fa91,9,,InstructionDB,1000fa27,1000fa2c,MOV EDI, dword ptr [0x1003c3d8]
1000faa9,.text,,1000faa0,FUN_1000faa0,1000faa0,1000fb11,9,,InstructionDB,1000faa7,1000faac,MOV EDI, dword ptr [0x1003c3d8]
1000fb29,.text,,1000fb20,FUN_1000fb20,1000fb20,1000fb91,9,,InstructionDB,1000fb27,1000fb2c,MOV EDI, dword ptr [0x1003c3d8]
1000fba9,.text,,1000fba0,FUN_1000fba0,1000fba0,1000fc11,9,,InstructionDB,1000fba7,1000fbac,MOV EDI, dword ptr [0x1003c3d8]
1000fc29,.text,,1000fc20,FUN_1000fc20,1000fc20,1000fc91,9,,InstructionDB,1000fc27,1000fc2c,MOV EDI, dword ptr [0x1003c3dc]
1000fca9,.text,,1000fca0,FUN_1000fca0,1000fca0,1000fd11,9,,InstructionDB,1000fca7,1000fcac,MOV EDI, dword ptr [0x1003c3dc]
1000fd29,.text,,1000fd20,FUN_1000fd20,1000fd20,1000fd91,9,,InstructionDB,1000fd27,1000fd2c,MOV EDI, dword ptr [0x1003c3dc]
1000fda9,.text,,1000fda0,FUN_1000fda0,1000fda0,1000fe11,9,,InstructionDB,1000fda7,1000fdac,MOV EDI, dword ptr [0x1003c3dc]
1000fe29,.text,,1000fe20,FUN_1000fe20,1000fe20,1000fe91,9,,InstructionDB,1000fe27,1000fe2c,MOV EDI, dword ptr [0x1003c3dc]
1000fea9,.text,,1000fea0,FUN_1000fea0,1000fea0,1000ff11,9,,InstructionDB,1000fea7,1000feac,MOV EDI, dword ptr [0x1003c3e0]
1000ff29,.text,,1000ff20,FUN_1000ff20,1000ff20,1000ff91,9,,InstructionDB,1000ff27,1000ff2c,MOV EDI, dword ptr [0x1003c3e0]
1000ffa9,.text,,1000ffa0,FUN_1000ffa0,1000ffa0,10010011,9,,InstructionDB,1000ffa7,1000ffac,MOV EDI, dword ptr [0x1003c3e0]
10010029,.text,,10010020,FUN_10010020,10010020,10010091,9,,InstructionDB,10010027,1001002c,MOV EDI, dword ptr [0x1003c3e0]
100100a9,.text,,100100a0,FUN_100100a0,100100a0,10010111,9,,InstructionDB,100100a7,100100ac,MOV EDI, dword ptr [0x1003c3e0]
100101b7,.text,,100101a5,FUN_100101a5,100101a5,100101c1,12,,InstructionDB,100101b5,100101ba,MOV dword ptr [ESI], 0x10022210
100101dd,.text,,100101c2,FUN_100101c2,100101c2,100101f0,1b,,InstructionDB,100101dc,100101e0,PUSH 0x100281ac
100101e8,.text,,100101c2,FUN_100101c2,100101c2,100101f0,26,,InstructionDB,100101e5,100101eb,MOV dword ptr [EBP + -0xc], 0x1002221c
10010204,.text,,100101f2,FUN_100101f2,100101f2,1001020e,12,,InstructionDB,10010202,10010207,MOV dword ptr [ESI], 0x1002221c
10010247,.text,,1001023b,FUN_1001023b,1001023b,10010257,c,,InstructionDB,10010245,1001024a,MOV dword ptr [EAX], 0x10022228
10010260,.text,,10010258,FUN_10010258,10010258,10010264,8,,InstructionDB,1001025f,10010263,MOV EAX, 0x10022230
100102d4,.text,,100102c3,exception,100102c3,100102e9,11,,InstructionDB,100102d2,100102d7,MOV dword ptr [ESI], 0x10022228
10010321,.text,,1001031f,FUN_1001031f,1001031f,10010329,2,,InstructionDB,1001031f,10010324,MOV dword ptr [ECX], 0x10022228
10010334,.text,,1001032a,FUN_1001032a,1001032a,10010350,a,,InstructionDB,10010332,10010337,MOV dword ptr [ESI], 0x10022228
10010362,.text,,10010351,exception,10010351,10010375,11,,InstructionDB,10010360,10010365,MOV dword ptr [ESI], 0x10022228
100103f7,.text,,100103e4,FID_conflict:_sscanf,100103e4,10010405,13,,InstructionDB,100103f6,100103fa,PUSH 0x100119f1
10010410,.text,,10010406,__onexit_nolock,10010406,100104bb,a,,InstructionDB,1001040e,10010413,MOV ESI, dword ptr [0x10022060]
10010417,.text,,10010406,__onexit_nolock,10010406,100104bb,11,,InstructionDB,10010415,1001041a,PUSH dword ptr [0x1003d54c]
1001041f,.text,,10010406,__onexit_nolock,10010406,100104bb,19,,InstructionDB,1001041d,10010422,PUSH dword ptr [0x1003d548]
1001048f,.text,,10010406,__onexit_nolock,10010406,100104bb,89,,InstructionDB,1001048d,10010492,CALL dword ptr [0x1002205c]
10010494,.text,,10010406,__onexit_nolock,10010406,100104bb,8e,,InstructionDB,10010493,10010497,MOV [0x1003d54c], EAX
1001049d,.text,,10010406,__onexit_nolock,10010406,100104bb,97,,InstructionDB,1001049b,100104a0,MOV EDI, dword ptr [0x1002205c]
100104ac,.text,,10010406,__onexit_nolock,10010406,100104bb,a6,,InstructionDB,100104ab,100104af,MOV [0x1003d548], EAX
100104cf,.text,,,,,,,,InstructionDB,100104cd,100104d2,CALL dword ptr [0x1002205c]
100104d4,.text,,,,,,,,InstructionDB,100104d3,100104d7,MOV [0x1003d54c], EAX
100104d9,.text,,,,,,,,InstructionDB,100104d8,100104dc,MOV [0x1003d548], EAX
100104f0,.text,,100104ed,__onexit,100104ed,10010522,3,,InstructionDB,100104ef,100104f3,PUSH 0x100281e8
10010543,.text,,10010540,_fgets,10010540,1001066c,3,,InstructionDB,10010542,10010546,PUSH 0x10028208
100105ca,.text,,10010540,_fgets,10010540,1001066c,8a,,InstructionDB,100105c7,100105cd,ADD ECX, dword ptr [EDX*0x4 + 0x1003c420]
100105d1,.text,,10010540,_fgets,10010540,1001066c,91,,InstructionDB,100105d0,100105d4,MOV ECX, 0x10029450
100105f3,.text,,10010540,_fgets,10010540,1001066c,b3,,InstructionDB,100105f0,100105f6,ADD EAX, dword ptr [ECX*0x4 + 0x1003c420]
100105fa,.text,,10010540,_fgets,10010540,1001066c,ba,,InstructionDB,100105f9,100105fd,MOV EAX, 0x10029450
1001067b,.text,,10010678,__fsopen,10010678,10010729,3,,InstructionDB,1001067a,1001067e,PUSH 0x10028228
100106f6,.text,,10010678,__fsopen,10010678,10010729,7e,,InstructionDB,100106f5,100106f9,PUSH 0x10029490
10010766,.text,,10010761,~type_info,10010761,10010770,5,,InstructionDB,10010764,10010769,MOV dword ptr [ECX], 0x10022248
10010822,.text,,1001081f,_fclose,1001081f,10010887,3,,InstructionDB,10010821,10010825,PUSH 0x10028248
100108bb,.text,,10010893,FUN_10010893,10010893,10010911,28,,InstructionDB,100108b9,100108bf,TEST byte ptr [0x100399ec], 0x1
100108c1,.text,,10010893,FUN_10010893,10010893,10010911,2e,,InstructionDB,100108c0,100108c4,MOV EDI, 0x100399e0
100108c6,.text,,10010893,FUN_10010893,10010893,10010911,33,,InstructionDB,100108c5,100108c9,MOV ESI, 0x10022250
100108ce,.text,,10010893,FUN_10010893,10010893,10010911,3b,,InstructionDB,100108cc,100108d2,OR dword ptr [0x100399ec], 0x1
100108de,.text,,10010893,FUN_10010893,10010893,10010911,4b,,InstructionDB,100108db,100108e1,MOV dword ptr [EBP + -0x4], 0x10022258
100108e8,.text,,10010893,FUN_10010893,10010893,10010911,55,,InstructionDB,100108e7,100108eb,PUSH 0x10021267
100108ee,.text,,10010893,FUN_10010893,10010893,10010911,5b,,InstructionDB,100108ec,100108f1,MOV dword ptr [0x100399e0], ESI
10010902,.text,,10010893,FUN_10010893,10010893,10010911,6f,,InstructionDB,10010901,10010905,PUSH 0x10028608
10010916,.text,,10010913,_fputs,10010913,10010a0d,3,,InstructionDB,10010915,10010919,PUSH 0x10028268
10010978,.text,,10010913,_fputs,10010913,10010a0d,65,,InstructionDB,10010975,1001097b,ADD ECX, dword ptr [EDX*0x4 + 0x1003c420]
1001097f,.text,,10010913,_fputs,10010913,10010a0d,6c,,InstructionDB,1001097e,10010982,MOV ECX, 0x10029450
100109a1,.text,,10010913,_fputs,10010913,10010a0d,8e,,InstructionDB,1001099e,100109a4,ADD EAX, dword ptr [ECX*0x4 + 0x1003c420]
100109a8,.text,,10010913,_fputs,10010913,10010a0d,95,,InstructionDB,100109a7,100109ab,MOV EAX, 0x10029450
10010b44,.text,,10010b1a,_LocaleUpdate,10010b1a,10010ba0,2a,,InstructionDB,10010b42,10010b47,CMP ECX, dword ptr [0x10029c08]
10010b4c,.text,,10010b1a,_LocaleUpdate,10010b1a,10010ba0,32,,InstructionDB,10010b4a,10010b4f,MOV ECX, dword ptr [0x100299c0]
10010b61,.text,,10010b1a,_LocaleUpdate,10010b1a,10010ba0,47,,InstructionDB,10010b5f,10010b64,CMP EAX, dword ptr [0x100298c8]
10010b6c,.text,,10010b1a,_LocaleUpdate,10010b1a,10010ba0,52,,InstructionDB,10010b6a,10010b6f,MOV ECX, dword ptr [0x100299c0]
10010c8c,.text,,10010c83,__strnicmp,10010c83,10010cd5,9,,InstructionDB,10010c8a,10010c8f,CMP dword ptr [0x10039a84], EAX
10010f5c,.text,,10010f59,__CRT_INIT@12,10010f59,100110bc,3,,InstructionDB,10010f5b,10010f5f,PUSH 0x10028288
10010f94,.text,,10010f59,__CRT_INIT@12,10010f59,100110bc,3b,,InstructionDB,10010f92,10010f97,CALL dword ptr [0x10022068]
10010f99,.text,,10010f59,__CRT_INIT@12,10010f59,100110bc,40,,InstructionDB,10010f98,10010f9c,MOV [0x1003d558], EAX
10010fa3,.text,,10010f59,__CRT_INIT@12,10010f59,100110bc,4a,,InstructionDB,10010fa2,10010fa6,MOV [0x100399f4], EAX
10010fd7,.text,,10010f59,__CRT_INIT@12,10010f59,100110bc,7e,,InstructionDB,10010fd5,10010fda,INC dword ptr [0x100399f0]
10010fef,.text,,10010f59,__CRT_INIT@12,10010f59,100110bc,96,,InstructionDB,10010fed,10010ff2,CMP dword ptr [0x100399f0], EDI
10010ff7,.text,,10010f59,__CRT_INIT@12,10010f59,100110bc,9e,,InstructionDB,10010ff5,10010ffa,DEC dword ptr [0x100399f0]
10011000,.text,,10010f59,__CRT_INIT@12,10010f59,100110bc,a7,,InstructionDB,10010ffe,10011003,CMP dword ptr [0x10039a38], EDI
10011039,.text,,10011032,FUN_10011032,10011032,10011045,7,,InstructionDB,10011037,1001103d,CMP dword ptr [0x10029c0c], -0x1
1001106d,.text,,10010f59,__CRT_INIT@12,10010f59,100110bc,114,,InstructionDB,1001106b,10011070,PUSH dword ptr [0x10029c0c]
10011073,.text,,10010f59,__CRT_INIT@12,10010f59,100110bc,11a,,InstructionDB,10011071,10011076,PUSH dword ptr [0x10039a7c]
10011079,.text,,10010f59,__CRT_INIT@12,10010f59,100110bc,120,,InstructionDB,10011077,1001107c,CALL dword ptr [0x10022060]
1001108e,.text,,10010f59,__CRT_INIT@12,10010f59,100110bc,135,,InstructionDB,1001108c,10011091,CALL dword ptr [0x10022064]
100110c0,.text,,100110bd,___DllMainCRTStartup,100110bd,100111b2,3,,InstructionDB,100110bf,100110c3,PUSH 0x100282a8
100110dc,.text,,100110bd,___DllMainCRTStartup,100110bd,100111b2,1f,,InstructionDB,100110da,100110df,CMP dword ptr [0x100399f0], EDX
100110f4,.text,,100110bd,___DllMainCRTStartup,100110bd,100111b2,37,,InstructionDB,100110f3,100110f7,MOV EAX, [0x10022268]
10011147,.text,,100110bd,___DllMainCRTStartup,100110bd,100111b2,8a,,InstructionDB,10011146,1001114a,MOV EAX, [0x10022268]
10011174,.text,,100110bd,___DllMainCRTStartup,100110bd,100111b2,b7,,InstructionDB,10011173,10011177,MOV EAX, [0x10022268]
1001120a,.text,,100111e0,FID_conflict:_memcpy,100111e0,10011540,2a,,InstructionDB,10011208,1001120e,CMP dword ptr [0x1003c414], 0x0
1001123c,.text,,100111e0,FID_conflict:_memcpy,100111e0,10011540,5c,,InstructionDB,10011239,1001123f,JMP dword ptr [EDX*0x4 + 0x10011350]
10011254,.text,,100111e0,FID_conflict:_memcpy,100111e0,10011540,74,,InstructionDB,10011251,10011257,JMP dword ptr [EAX*0x4 + 0x10011264]
1001125b,.text,,100111e0,FID_conflict:_memcpy,100111e0,10011540,7b,,InstructionDB,10011258,1001125e,JMP dword ptr [ECX*0x4 + 0x10011360]
10011263,.text,,100111e0,FID_conflict:_memcpy,100111e0,10011540,83,,InstructionDB,10011260,10011266,JMP dword ptr [ECX*0x4 + 0x100112e4]
10011268,.text,,,,,,,switchdataD_10011268,DataDB,10011268,1001126b,
1001126c,.text,,,,,,,,DataDB,1001126c,1001126f,
10011270,.text,,,,,,,,DataDB,10011270,10011273,
10011299,.text,,100111e0,FID_conflict:_memcpy,100111e0,10011540,b9,,InstructionDB,10011296,1001129c,JMP dword ptr [EDX*0x4 + 0x10011350]
100112bf,.text,,100111e0,FID_conflict:_memcpy,100111e0,10011540,df,,InstructionDB,100112bc,100112c2,JMP dword ptr [EDX*0x4 + 0x10011350]
100112dd,.text,,100111e0,FID_conflict:_memcpy,100111e0,10011540,fd,,InstructionDB,100112da,100112e0,JMP dword ptr [EDX*0x4 + 0x10011350]
100112e4,.text,,,,,,,switchdataD_100112e4,DataDB,100112e4,100112e7,
100112e8,.text,,,,,,,,DataDB,100112e8,100112eb,
100112ec,.text,,,,,,,,DataDB,100112ec,100112ef,
100112f0,.text,,,,,,,,DataDB,100112f0,100112f3,
100112f4,.text,,,,,,,,DataDB,100112f4,100112f7,
100112f8,.text,,,,,,,,DataDB,100112f8,100112fb,
100112fc,.text,,,,,,,,DataDB,100112fc,100112ff,
10011300,.text,,,,,,,,DataDB,10011300,10011303,
1001134a,.text,,100111e0,FID_conflict:_memcpy,100111e0,10011540,16a,,InstructionDB,10011347,1001134d,JMP dword ptr [EDX*0x4 + 0x10011350]
10011350,.text,,,,,,,switchdataD_10011350,DataDB,10011350,10011353,
10011354,.text,,,,,,,,DataDB,10011354,10011357,
10011358,.text,,,,,,,,DataDB,10011358,1001135b,
1001135c,.text,,,,,,,,DataDB,1001135c,1001135f,
100113c2,.text,,100111e0,FID_conflict:_memcpy,100111e0,10011540,1e2,,InstructionDB,100113bf,100113c5,JMP dword ptr [EDX*0x4 + 0x100114ec]
100113cd,.text,,100111e0,FID_conflict:_memcpy,100111e0,10011540,1ed,,InstructionDB,100113ca,100113d0,JMP dword ptr [ECX*0x4 + 0x1001149c]
100113e8,.text,,100111e0,FID_conflict:_memcpy,100111e0,10011540,208,,InstructionDB,100113e5,100113eb,JMP dword ptr [EAX*0x4 + 0x100113f0]
100113ef,.text,,100111e0,FID_conflict:_memcpy,100111e0,10011540,20f,,InstructionDB,100113ec,100113f2,JMP dword ptr [ECX*0x4 + 0x100114ec]
100113f4,.text,,,,,,,switchdataD_100113f4,DataDB,100113f4,100113f7,
100113f8,.text,,,,,,,,DataDB,100113f8,100113fb,
100113fc,.text,,,,,,,,DataDB,100113fc,100113ff,
1001141d,.text,,100111e0,FID_conflict:_memcpy,100111e0,10011540,23d,,InstructionDB,1001141a,10011420,JMP dword ptr [EDX*0x4 + 0x100114ec]
10011447,.text,,100111e0,FID_conflict:_memcpy,100111e0,10011540,267,,InstructionDB,10011444,1001144a,JMP dword ptr [EDX*0x4 + 0x100114ec]
10011479,.text,,100111e0,FID_conflict:_memcpy,100111e0,10011540,299,,InstructionDB,10011476,1001147c,JMP dword ptr [EDX*0x4 + 0x100114ec]
10011480,.text,,,,,,,switchdataD_10011480,DataDB,10011480,10011483,
10011484,.text,,,,,,,,DataDB,10011484,10011487,
10011488,.text,,,,,,,,DataDB,10011488,1001148b,
1001148c,.text,,,,,,,,DataDB,1001148c,1001148f,
10011490,.text,,,,,,,,DataDB,10011490,10011493,
10011494,.text,,,,,,,,DataDB,10011494,10011497,
10011498,.text,,,,,,,,DataDB,10011498,1001149b,
1001149c,.text,,,,,,,PTR_caseD_0_1001149c,DataDB,1001149c,1001149f,
100114e6,.text,,100111e0,FID_conflict:_memcpy,100111e0,10011540,306,,InstructionDB,100114e3,100114e9,JMP dword ptr [EDX*0x4 + 0x100114ec]
100114ec,.text,,,,,,,switchdataD_100114ec,DataDB,100114ec,100114ef,
100114f0,.text,,,,,,,,DataDB,100114f0,100114f3,
100114f4,.text,,,,,,,,DataDB,100114f4,100114f7,
100114f8,.text,,,,,,,,DataDB,100114f8,100114fb,
10011543,.text,,10011541,__purecall,10011541,1001156a,2,,InstructionDB,10011541,10011546,PUSH dword ptr [0x1003a1c0]
10011549,.text,,10011541,__purecall,10011541,1001156a,8,,InstructionDB,10011547,1001154c,CALL dword ptr [0x10022060]
1001157c,.text,,1001156b,__CxxThrowException@8,1001156b,100115b6,11,,InstructionDB,1001157b,1001157f,MOV ESI, 0x1002226c
100115af,.text,,1001156b,__CxxThrowException@8,1001156b,100115b6,44,,InstructionDB,100115ad,100115b2,CALL dword ptr [0x1002206c]
100115c9,.text,,100115b7,_malloc,100115b7,1001164a,12,,InstructionDB,100115c7,100115cd,CMP dword ptr [0x10039b90], 0x0
100115f8,.text,,100115b7,_malloc,100115b7,1001164a,41,,InstructionDB,100115f6,100115fb,PUSH dword ptr [0x10039b90]
100115fe,.text,,100115b7,_malloc,100115b7,1001164a,47,,InstructionDB,100115fc,10011601,CALL dword ptr [0x10022040]
1001160d,.text,,100115b7,_malloc,100115b7,1001164a,56,,InstructionDB,1001160b,10011610,CMP dword ptr [0x1003a1c4], EAX
100116ed,.text,,100116db,_free,100116db,10011714,12,,InstructionDB,100116eb,100116f0,PUSH dword ptr [0x10039b90]
100116f3,.text,,100116db,_free,100116db,10011714,18,,InstructionDB,100116f1,100116f6,CALL dword ptr [0x10022044]
10011705,.text,,100116db,_free,100116db,10011714,2a,,InstructionDB,10011703,10011708,CALL dword ptr [0x10022070]
1001171e,.text,,10011715,FUN_10011715,10011715,10011723,9,,InstructionDB,1001171d,10011721,MOV [0x10039a04], EAX
10011730,.text,,10011724,__call_reportfault,10011724,1001184c,c,,InstructionDB,1001172f,10011733,MOV EAX, [0x10029490]
10011810,.text,,10011724,__call_reportfault,10011724,1001184c,ec,,InstructionDB,1001180e,10011813,CALL dword ptr [0x1002207c]
1001181a,.text,,10011724,__call_reportfault,10011724,1001184c,f6,,InstructionDB,10011818,1001181d,CALL dword ptr [0x10022078]
10011827,.text,,10011724,__call_reportfault,10011724,1001184c,103,,InstructionDB,10011825,1001182a,CALL dword ptr [0x10022074]
10011865,.text,,1001184d,__invoke_watson,1001184d,10011871,18,,InstructionDB,10011863,10011868,CALL dword ptr [0x10022084]
1001186c,.text,,1001184d,__invoke_watson,1001184d,10011871,1f,,InstructionDB,1001186a,1001186f,CALL dword ptr [0x10022080]
10011879,.text,,10011872,FUN_10011872,10011872,1001189d,7,,InstructionDB,10011877,1001187c,PUSH dword ptr [0x10039a04]
1001187f,.text,,10011872,FUN_10011872,10011872,1001189d,d,,InstructionDB,1001187d,10011882,CALL dword ptr [0x10022060]
100118bc,.text,,100118af,__get_errno_from_oserr,100118af,100118f0,d,,InstructionDB,100118b9,100118bf,CMP EAX, dword ptr [ECX*0x8 + 0x10029060]
100118d8,.text,,100118af,__get_errno_from_oserr,100118af,100118f0,29,,InstructionDB,100118d5,100118db,MOV EAX, dword ptr [ECX*0x8 + 0x10029064]
100118fb,.text,,100118f1,__errno,100118f1,10011903,a,,InstructionDB,100118fa,100118fe,MOV EAX, 0x100291c8
1001190e,.text,,10011904,___doserrno,10011904,10011916,a,,InstructionDB,1001190d,10011911,MOV EAX, 0x100291cc
100119fd,.text,,100119f1,__input_l,100119f1,100129f4,c,,InstructionDB,100119fc,10011a00,MOV EAX, [0x10029490]
10011a76,.text,,100119f1,__input_l,100119f1,100129f4,85,,InstructionDB,10011a75,10011a79,MOV EDX, 0x10029450
10011a94,.text,,100119f1,__input_l,100119f1,100129f4,a3,,InstructionDB,10011a91,10011a97,ADD ECX, dword ptr [EBX*0x4 + 0x1003c420]
10011aba,.text,,100119f1,__input_l,100119f1,100129f4,c9,,InstructionDB,10011ab7,10011abd,ADD EAX, dword ptr [ECX*0x4 + 0x1003c420]
100121a5,.text,,100119f1,__input_l,100119f1,100129f4,7b4,,InstructionDB,100121a3,100121a8,PUSH dword ptr [0x10029d5c]
100121ab,.text,,100119f1,__input_l,100119f1,100129f4,7ba,,InstructionDB,100121a9,100121ae,CALL dword ptr [0x10022060]
10012a0f,.text,,100129f5,__malloc_crt,100129f5,10012a39,1a,,InstructionDB,10012a0d,10012a12,CMP dword ptr [0x10039a08], EAX
10012a18,.text,,100129f5,__malloc_crt,100129f5,10012a39,23,,InstructionDB,10012a16,10012a1b,CALL dword ptr [0x10022088]
10012a24,.text,,100129f5,__malloc_crt,100129f5,10012a39,2f,,InstructionDB,10012a22,10012a27,CMP EAX, dword ptr [0x10039a08]
10012a5b,.text,,10012a3a,__calloc_crt,10012a3a,10012a85,21,,InstructionDB,10012a59,10012a5e,CMP dword ptr [0x10039a08], EAX
10012a64,.text,,10012a3a,__calloc_crt,10012a3a,10012a85,2a,,InstructionDB,10012a62,10012a67,CALL dword ptr [0x10022088]
10012a70,.text,,10012a3a,__calloc_crt,10012a3a,10012a85,36,,InstructionDB,10012a6e,10012a73,CMP EAX, dword ptr [0x10039a08]
10012aa9,.text,,10012a86,__realloc_crt,10012a86,10012ad3,23,,InstructionDB,10012aa7,10012aac,CMP dword ptr [0x10039a08], EAX
10012ab2,.text,,10012a86,__realloc_crt,10012a86,10012ad3,2c,,InstructionDB,10012ab0,10012ab5,CALL dword ptr [0x10022088]
10012abe,.text,,10012a86,__realloc_crt,10012a86,10012ad3,38,,InstructionDB,10012abc,10012ac1,CMP EAX, dword ptr [0x10039a08]
10012afb,.text,,10012ad4,__recalloc_crt,10012ad4,10012b25,27,,InstructionDB,10012af9,10012afe,CMP dword ptr [0x10039a08], EAX
10012b04,.text,,10012ad4,__recalloc_crt,10012ad4,10012b25,30,,InstructionDB,10012b02,10012b07,CALL dword ptr [0x10022088]
10012b10,.text,,10012ad4,__recalloc_crt,10012ad4,10012b25,3c,,InstructionDB,10012b0e,10012b13,CMP EAX, dword ptr [0x10039a08]
10012b4d,.text,,10012b26,__msize,10012b26,10012b58,27,,InstructionDB,10012b4b,10012b50,PUSH dword ptr [0x10039b90]
10012b53,.text,,10012b26,__msize,10012b26,10012b58,2d,,InstructionDB,10012b51,10012b56,CALL dword ptr [0x1002208c]
10012b5f,.text,,10012b59,___crtCorExitProcess,10012b59,10012b83,6,,InstructionDB,10012b5e,10012b62,PUSH 0x1002229c
10012b65,.text,,10012b59,___crtCorExitProcess,10012b59,10012b83,c,,InstructionDB,10012b63,10012b68,CALL dword ptr [0x10022094]
10012b6e,.text,,10012b59,___crtCorExitProcess,10012b59,10012b83,15,,InstructionDB,10012b6d,10012b71,PUSH 0x1002228c
10012b75,.text,,10012b59,___crtCorExitProcess,10012b59,10012b83,1c,,InstructionDB,10012b73,10012b78,CALL dword ptr [0x10022090]
10012b97,.text,,10012b84,___crtExitProcess,10012b84,10012b9a,13,,InstructionDB,10012b95,10012b9a,CALL dword ptr [0x10022034]
10012c0c,.text,,10012c05,__cinit,10012c05,10012c9b,7,,InstructionDB,10012c0a,10012c10,CMP dword ptr [0x10025004], 0x0
10012c14,.text,,10012c05,__cinit,10012c05,10012c9b,f,,InstructionDB,10012c13,10012c17,PUSH 0x10025004
10012c27,.text,,10012c05,__cinit,10012c05,10012c9b,22,,InstructionDB,10012c25,10012c2a,CALL dword ptr [0x10025004]
10012c32,.text,,10012c05,__cinit,10012c05,10012c9b,2d,,InstructionDB,10012c31,10012c35,PUSH 0x100221d0
10012c37,.text,,10012c05,__cinit,10012c05,10012c9b,32,,InstructionDB,10012c36,10012c3a,PUSH 0x100221b8
10012c49,.text,,10012c05,__cinit,10012c05,10012c9b,44,,InstructionDB,10012c48,10012c4c,PUSH 0x10016cec
10012c53,.text,,10012c05,__cinit,10012c05,10012c9b,4e,,InstructionDB,10012c52,10012c56,MOV EAX, 0x10022154
10012c58,.text,,10012c05,__cinit,10012c05,10012c9b,53,,InstructionDB,10012c57,10012c5b,MOV ESI, 0x100221b4
10012c74,.text,,10012c05,__cinit,10012c05,10012c9b,6f,,InstructionDB,10012c72,10012c78,CMP dword ptr [0x1003d554], 0x0
10012c7e,.text,,10012c05,__cinit,10012c05,10012c9b,79,,InstructionDB,10012c7d,10012c81,PUSH 0x1003d554
10012c94,.text,,10012c05,__cinit,10012c05,10012c9b,8f,,InstructionDB,10012c92,10012c97,CALL dword ptr [0x1003d554]
10012c9f,.text,,10012c9c,doexit,10012c9c,10012ddb,3,,InstructionDB,10012c9e,10012ca2,PUSH 0x100282c8
10012cb9,.text,,10012c9c,doexit,10012c9c,10012ddb,1d,,InstructionDB,10012cb7,10012cbc,CMP dword ptr [0x10039a3c], EAX
10012cc4,.text,,10012c9c,doexit,10012c9c,10012ddb,28,,InstructionDB,10012cc3,10012cc7,MOV [0x10039a38], EAX
10012ccc,.text,,10012c9c,doexit,10012c9c,10012ddb,30,,InstructionDB,10012ccb,10012ccf,MOV [0x10039a34], AL
10012cdc,.text,,10012c9c,doexit,10012c9c,10012ddb,40,,InstructionDB,10012cda,10012cdf,PUSH dword ptr [0x1003d54c]
10012ce2,.text,,10012c9c,doexit,10012c9c,10012ddb,46,,InstructionDB,10012ce0,10012ce5,MOV ESI, dword ptr [0x10022060]
10012cf3,.text,,10012c9c,doexit,10012c9c,10012ddb,57,,InstructionDB,10012cf1,10012cf6,PUSH dword ptr [0x1003d548]
10012d2c,.text,,10012c9c,doexit,10012c9c,10012ddb,90,,InstructionDB,10012d2a,10012d2f,PUSH dword ptr [0x1003d54c]
10012d36,.text,,10012c9c,doexit,10012c9c,10012ddb,9a,,InstructionDB,10012d34,10012d39,PUSH dword ptr [0x1003d548]
10012d5c,.text,,10012c9c,doexit,10012c9c,10012ddb,c0,,InstructionDB,10012d59,10012d5f,MOV dword ptr [EBP + -0x1c], 0x100221d4
10012d63,.text,,10012c9c,doexit,10012c9c,10012ddb,c7,,InstructionDB,10012d60,10012d66,CMP dword ptr [EBP + -0x1c], 0x100221e0
10012d7d,.text,,10012c9c,doexit,10012c9c,10012ddb,e1,,InstructionDB,10012d7a,10012d80,MOV dword ptr [EBP + -0x20], 0x100221e4
10012d84,.text,,10012c9c,doexit,10012c9c,10012ddb,e8,,InstructionDB,10012d81,10012d87,CMP dword ptr [EBP + -0x20], 0x100221e8
10012daf,.text,,10012c9c,doexit,10012c9c,10012ddb,113,,InstructionDB,10012dad,10012db6,MOV dword ptr [0x10039a3c], 0x1
10012e21,.text,,10012e20,__SEH_prolog4,10012e20,10012e64,1,,InstructionDB,10012e20,10012e24,PUSH 0x10012e90
10012e3e,.text,,10012e20,__SEH_prolog4,10012e20,10012e64,1e,,InstructionDB,10012e3d,10012e41,MOV EAX, [0x10029490]
10012ea2,.text,,10012e90,__except_handler4,10012e90,1001301e,12,,InstructionDB,10012ea0,10012ea5,XOR ESI, dword ptr [0x10029490]
10012f7c,.text,,10012e90,__except_handler4,10012e90,1001301e,ec,,InstructionDB,10012f7a,10012f80,CMP dword ptr [0x100261e0], 0x0
10012f84,.text,,10012e90,__except_handler4,10012e90,1001301e,f4,,InstructionDB,10012f83,10012f87,PUSH 0x100261e0
10012f9c,.text,,10012e90,__except_handler4,10012e90,1001301e,10c,,InstructionDB,10012f9a,10012f9f,CALL dword ptr [0x100261e0]
10012fb7,.text,,10012e90,__except_handler4,10012e90,1001301e,127,,InstructionDB,10012fb6,10012fba,PUSH 0x10029490
1001300e,.text,,10012e90,__except_handler4,10012e90,1001301e,17e,,InstructionDB,1001300d,10013011,PUSH 0x10029490
10013020,.text,,1001301f,FUN_1001301f,1001301f,10013024,1,,InstructionDB,1001301f,10013023,MOV EAX, 0x100291d0
10013026,.text,,,,,,,,InstructionDB,10013025,10013029,MOV EAX, [0x1003d540]
10013040,.text,,,,,,,,InstructionDB,1001303f,10013043,MOV [0x1003d540], EAX
1001304f,.text,,,,,,,,InstructionDB,1001304e,10013052,MOV [0x1003c520], EAX
1001305c,.text,,,,,,,,InstructionDB,1001305a,1001305f,MOV dword ptr [0x1003d540], ESI
10013068,.text,,,,,,,,InstructionDB,10013067,1001306b,MOV [0x1003c520], EAX
10013078,.text,,,,,,,,InstructionDB,10013077,1001307b,MOV ECX, 0x100291d0
1001307f,.text,,,,,,,,InstructionDB,1001307e,10013082,MOV EAX, [0x1003c520]
1001308e,.text,,,,,,,,InstructionDB,1001308c,10013091,CMP ECX, 0x10029450
1001309a,.text,,,,,,,,InstructionDB,10013099,1001309d,MOV ECX, 0x100291e0
100130a7,.text,,,,,,,,InstructionDB,100130a4,100130aa,MOV EAX, dword ptr [EAX*0x4 + 0x1003c420]
100130cb,.text,,,,,,,,InstructionDB,100130c9,100130ce,CMP ECX, 0x10029240
100130dd,.text,,,,,,,,InstructionDB,100130db,100130e1,CMP byte ptr [0x10039a34], 0x0
100130eb,.text,,,,,,,,InstructionDB,100130e9,100130ee,PUSH dword ptr [0x1003c520]
10013100,.text,,100130f6,__lock_file,100130f6,10013136,a,,InstructionDB,100130ff,10013103,MOV EAX, 0x100291d0
1001310a,.text,,100130f6,__lock_file,100130f6,10013136,14,,InstructionDB,10013108,1001310d,CMP ESI, 0x10029430
10013130,.text,,100130f6,__lock_file,100130f6,10013136,3a,,InstructionDB,1001312e,10013133,CALL dword ptr [0x10022098]
10013163,.text,,10013137,__lock_file2,10013137,10013168,2c,,InstructionDB,10013161,10013166,CALL dword ptr [0x10022098]
10013172,.text,,10013169,__unlock_file,10013169,100131a4,9,,InstructionDB,10013171,10013175,MOV ECX, 0x100291d0
1001317b,.text,,10013169,__unlock_file,10013169,100131a4,12,,InstructionDB,1001317a,1001317e,CMP EAX, 0x10029430
1001319f,.text,,10013169,__unlock_file,10013169,100131a4,36,,InstructionDB,1001319d,100131a2,CALL dword ptr [0x1002209c]
100131ce,.text,,100131a5,__unlock_file2,100131a5,100131d3,29,,InstructionDB,100131cc,100131d1,CALL dword ptr [0x1002209c]
10013289,.text,,100131d4,__filbuf,100131d4,100132f5,b5,,InstructionDB,10013286,1001328c,LEA EDI, [EAX*0x4 + 0x1003c420]
100132a0,.text,,100131d4,__filbuf,100131d4,100132f5,cc,,InstructionDB,1001329f,100132a3,MOV EAX, 0x10029450
10013305,.text,,100132f6,__ioinit,100132f6,1001353a,f,,InstructionDB,10013303,10013308,CALL dword ptr [0x100220b0]
1001332b,.text,,100132f6,__ioinit,100132f6,1001353a,35,,InstructionDB,1001332a,1001332e,MOV [0x1003c420], EAX
10013331,.text,,100132f6,__ioinit,100132f6,1001353a,3b,,InstructionDB,1001332f,10013334,MOV dword ptr [0x1003c418], ESI
1001335b,.text,,100132f6,__ioinit,100132f6,1001353a,65,,InstructionDB,10013359,1001335e,MOV ESI, dword ptr [0x1003c420]
100133a0,.text,,100132f6,__ioinit,100132f6,1001353a,aa,,InstructionDB,1001339e,100133a3,CMP dword ptr [0x1003c418], EBX
100133a7,.text,,100132f6,__ioinit,100132f6,1001353a,b1,,InstructionDB,100133a6,100133aa,MOV EDI, 0x1003c424
100133bc,.text,,100132f6,__ioinit,100132f6,1001353a,c6,,InstructionDB,100133ba,100133c0,ADD dword ptr [0x1003c418], 0x20
10013403,.text,,100132f6,__ioinit,100132f6,1001353a,10d,,InstructionDB,10013401,10013406,CMP dword ptr [0x1003c418], EBX
1001340d,.text,,100132f6,__ioinit,100132f6,1001353a,117,,InstructionDB,1001340b,10013410,MOV EBX, dword ptr [0x1003c418]
10013438,.text,,100132f6,__ioinit,100132f6,1001353a,142,,InstructionDB,10013436,1001343b,CALL dword ptr [0x100220ac]
10013450,.text,,100132f6,__ioinit,100132f6,1001353a,15a,,InstructionDB,1001344d,10013453,ADD ESI, dword ptr [EAX*0x4 + 0x1003c420]
1001346e,.text,,100132f6,__ioinit,100132f6,1001353a,178,,InstructionDB,1001346c,10013471,CALL dword ptr [0x100220a8]
10013492,.text,,100132f6,__ioinit,100132f6,1001353a,19c,,InstructionDB,10013490,10013495,ADD ESI, dword ptr [0x1003c420]
100134c2,.text,,100132f6,__ioinit,100132f6,1001353a,1cc,,InstructionDB,100134c0,100134c5,CALL dword ptr [0x100220a4]
100134d4,.text,,100132f6,__ioinit,100132f6,1001353a,1de,,InstructionDB,100134d2,100134d7,CALL dword ptr [0x100220ac]
10013502,.text,,100132f6,__ioinit,100132f6,1001353a,20c,,InstructionDB,10013500,10013505,CALL dword ptr [0x100220a8]
10013525,.text,,100132f6,__ioinit,100132f6,1001353a,22f,,InstructionDB,10013523,10013528,PUSH dword ptr [0x1003c418]
1001352b,.text,,100132f6,__ioinit,100132f6,1001353a,235,,InstructionDB,10013529,1001352e,CALL dword ptr [0x100220a0]
10013540,.text,,1001353b,__ioterm,1001353b,1001358d,5,,InstructionDB,1001353f,10013543,MOV EDI, 0x1003c420
10013560,.text,,1001353b,__ioterm,1001353b,1001358d,25,,InstructionDB,1001355e,10013563,CALL dword ptr [0x100220b4]
10013585,.text,,1001353b,__ioterm,1001353b,1001358d,4a,,InstructionDB,10013583,10013588,CMP EDI, 0x1003c520
100135bd,.text,,100135b4,__openfile,100135b4,1001384a,9,,InstructionDB,100135bc,100135c0,MOV EAX, [0x1003a334]
10013764,.text,,100135b4,__openfile,100135b4,1001384a,1b0,,InstructionDB,10013763,10013767,PUSH 0x100222b4
1001378d,.text,,100135b4,__openfile,100135b4,1001384a,1d9,,InstructionDB,1001378c,10013790,PUSH 0x100222b8
100137ac,.text,,100135b4,__openfile,100135b4,1001384a,1f8,,InstructionDB,100137ab,100137af,PUSH 0x100222c0
100137cb,.text,,100135b4,__openfile,100135b4,1001384a,217,,InstructionDB,100137ca,100137ce,PUSH 0x100222cc
10013826,.text,,100135b4,__openfile,100135b4,1001384a,272,,InstructionDB,10013824,10013829,INC dword ptr [0x10039a40]
1001384e,.text,,1001384b,__getstream,1001384b,10013971,3,,InstructionDB,1001384d,10013851,PUSH 0x100282e8
10013870,.text,,1001384b,__getstream,1001384b,10013971,25,,InstructionDB,1001386e,10013873,CMP ESI, dword ptr [0x1003d540]
1001387b,.text,,1001384b,__getstream,1001384b,10013971,30,,InstructionDB,1001387a,1001387e,MOV EAX, [0x1003c520]
100138b1,.text,,1001384b,__getstream,1001384b,10013971,66,,InstructionDB,100138b0,100138b4,MOV EAX, [0x1003c520]
100138c1,.text,,1001384b,__getstream,1001384b,10013971,76,,InstructionDB,100138c0,100138c4,MOV EAX, [0x1003c520]
100138eb,.text,,1001384b,__getstream,1001384b,10013971,a0,,InstructionDB,100138e9,100138ee,MOV ECX, dword ptr [0x1003c520]
100138fc,.text,,1001384b,__getstream,1001384b,10013971,b1,,InstructionDB,100138fb,100138ff,MOV EAX, [0x1003c520]
10013909,.text,,1001384b,__getstream,1001384b,10013971,be,,InstructionDB,10013907,1001390c,CALL dword ptr [0x100220a8]
10013910,.text,,1001384b,__getstream,1001384b,10013971,c5,,InstructionDB,1001390f,10013913,MOV EAX, [0x1003c520]
10013920,.text,,1001384b,__getstream,1001384b,10013971,d5,,InstructionDB,1001391f,10013923,MOV EAX, [0x1003c520]
10013932,.text,,1001384b,__getstream,1001384b,10013971,e7,,InstructionDB,10013930,10013935,CALL dword ptr [0x10022098]
10013937,.text,,1001384b,__getstream,1001384b,10013971,ec,,InstructionDB,10013936,1001393a,MOV EAX, [0x1003c520]
10013995,.text,,10013980,__local_unwind4,10013980,10013a0f,15,,InstructionDB,10013994,10013998,PUSH 0x10013a10
100139a1,.text,,10013980,__local_unwind4,10013980,10013a0f,21,,InstructionDB,100139a0,100139a4,MOV EAX, [0x10029490]
10013aac,.text,,10013aa2,_EH4_GlobalUnwind2,10013aa2,10013aba,a,,InstructionDB,10013aab,10013aaf,PUSH 0x10013ab6
10013ad5,.text,,10013ad2,_Type_info_dtor,10013ad2,10013b38,3,,InstructionDB,10013ad4,10013ad8,PUSH 0x10028308
10013af5,.text,,10013ad2,_Type_info_dtor,10013ad2,10013b38,23,,InstructionDB,10013af4,10013af8,MOV EAX, [0x10039a48]
10013afa,.text,,10013ad2,_Type_info_dtor,10013ad2,10013b38,28,,InstructionDB,10013af9,10013afd,MOV EDX, 0x10039a44
10013bef,.text,,10013bd8,__close_nolock,10013bd8,10013c73,17,,InstructionDB,10013bee,10013bf2,MOV EAX, [0x1003c420]
10013c2c,.text,,10013bd8,__close_nolock,10013bd8,10013c73,54,,InstructionDB,10013c2a,10013c2f,CALL dword ptr [0x10022054]
10013c36,.text,,10013bd8,__close_nolock,10013bd8,10013c73,5e,,InstructionDB,10013c34,10013c39,CALL dword ptr [0x10022070]
10013c4e,.text,,10013bd8,__close_nolock,10013bd8,10013c73,76,,InstructionDB,10013c4b,10013c51,MOV EAX, dword ptr [EAX*0x4 + 0x1003c420]
10013c77,.text,,10013c74,__close,10013c74,10013d2c,3,,InstructionDB,10013c76,10013c7a,PUSH 0x10028328
10013ca9,.text,,10013c74,__close,10013c74,10013d2c,35,,InstructionDB,10013ca7,10013cac,CMP EBX, dword ptr [0x1003c418]
10013cd1,.text,,10013c74,__close,10013c74,10013d2c,5d,,InstructionDB,10013cce,10013cd4,LEA EDI, [EAX*0x4 + 0x1003c420]
10013e1c,.text,,10013e19,flsall,10013e19,10013ee9,3,,InstructionDB,10013e1b,10013e1f,PUSH 0x10028348
10013e3f,.text,,10013e19,flsall,10013e19,10013ee9,26,,InstructionDB,10013e3d,10013e42,CMP ESI, dword ptr [0x1003d540]
10013e4a,.text,,10013e19,flsall,10013e19,10013ee9,31,,InstructionDB,10013e49,10013e4d,MOV EAX, [0x1003c520]
10013e6d,.text,,10013e19,flsall,10013e19,10013ee9,54,,InstructionDB,10013e6c,10013e70,MOV EAX, [0x1003c520]
10013ebc,.text,,10013ebb,FUN_10013ebb,10013ebb,10013ecb,1,,InstructionDB,10013ebb,10013ebf,MOV EAX, [0x1003c520]
10013f05,.text,,10013efc,FUN_10013efc,10013efc,10013f0a,9,,InstructionDB,10013f04,10013f08,MOV [0x10039a4c], EAX
10013f12,.text,,10013f0b,__callnewh,10013f0b,10013f32,7,,InstructionDB,10013f10,10013f15,PUSH dword ptr [0x10039a4c]
10013f18,.text,,10013f0b,__callnewh,10013f0b,10013f32,d,,InstructionDB,10013f16,10013f1b,CALL dword ptr [0x10022060]
10013f6f,.text,,10013f33,__stbuf,10013f33,10013fce,3c,,InstructionDB,10013f6d,10013f72,INC dword ptr [0x10039a40]
10013f81,.text,,10013f33,__stbuf,10013f33,10013fce,4e,,InstructionDB,10013f7e,10013f84,LEA EDI, [EAX*0x4 + 0x10039a50]
10014285,.text,,10014252,setSBCS,10014252,100142b5,33,,InstructionDB,10014284,10014288,MOV ECX, 0x100294a0
100142c2,.text,,100142b6,setSBUpLow,100142b6,10014445,c,,InstructionDB,100142c1,100142c5,MOV EAX, [0x10029490]
100142d9,.text,,100142b6,setSBUpLow,100142b6,10014445,23,,InstructionDB,100142d7,100142dc,CALL dword ptr [0x10022000]
10014449,.text,,10014446,___updatetmbcinfo,10014446,100144dd,3,,InstructionDB,10014448,1001444c,PUSH 0x10028370
1001445a,.text,,10014446,___updatetmbcinfo,10014446,100144dd,14,,InstructionDB,10014459,1001445d,MOV EAX, [0x100299c0]
10014494,.text,,10014446,___updatetmbcinfo,10014446,100144dd,4e,,InstructionDB,10014492,10014497,CMP ESI, dword ptr [0x100298c8]
100144a1,.text,,10014446,___updatetmbcinfo,10014446,100144dd,5b,,InstructionDB,1001449f,100144a4,CALL dword ptr [0x100220c0]
100144ab,.text,,10014446,___updatetmbcinfo,10014446,100144dd,65,,InstructionDB,100144a9,100144ae,CMP ESI, 0x100294a0
100144b9,.text,,10014446,___updatetmbcinfo,10014446,100144dd,73,,InstructionDB,100144b8,100144bc,MOV EAX, [0x100298c8]
100144c2,.text,,10014446,___updatetmbcinfo,10014446,100144dd,7c,,InstructionDB,100144c0,100144c5,MOV ESI, dword ptr [0x100298c8]
100144cc,.text,,10014446,___updatetmbcinfo,10014446,100144dd,86,,InstructionDB,100144ca,100144cf,CALL dword ptr [0x100220bc]
10014500,.text,,100144ea,getSystemCP,100144ea,10014565,16,,InstructionDB,100144fe,10014503,MOV dword ptr [0x10039a58], EBX
1001450b,.text,,100144ea,getSystemCP,100144ea,10014565,21,,InstructionDB,10014509,10014512,MOV dword ptr [0x10039a58], 0x1
10014515,.text,,100144ea,getSystemCP,100144ea,10014565,2b,,InstructionDB,10014513,10014518,CALL dword ptr [0x100220c8]
1001452e,.text,,100144ea,getSystemCP,100144ea,10014565,44,,InstructionDB,1001452c,10014535,MOV dword ptr [0x10039a58], 0x1
10014538,.text,,100144ea,getSystemCP,100144ea,10014565,4e,,InstructionDB,10014536,1001453b,CALL dword ptr [0x100220c4]
1001454b,.text,,100144ea,getSystemCP,100144ea,10014565,61,,InstructionDB,10014549,10014552,MOV dword ptr [0x10039a58], 0x1
1001456f,.text,,10014566,__setmbcp_nolock,10014566,1001474e,9,,InstructionDB,1001456e,10014572,MOV EAX, [0x10029490]
100145a6,.text,,10014566,__setmbcp_nolock,10014566,1001474e,40,,InstructionDB,100145a4,100145a9,CMP dword ptr [EAX + 0x100298d0], EDI
100145db,.text,,10014566,__setmbcp_nolock,10014566,1001474e,75,,InstructionDB,100145d9,100145de,CALL dword ptr [0x100220cc]
100145ee,.text,,10014566,__setmbcp_nolock,10014566,1001474e,88,,InstructionDB,100145ec,100145f1,CALL dword ptr [0x10022000]
1001465e,.text,,10014566,__setmbcp_nolock,10014566,1001474e,f8,,InstructionDB,1001465c,10014661,LEA ESI, [ECX + 0x100298e0]
1001467b,.text,,10014566,__setmbcp_nolock,10014566,1001474e,115,,InstructionDB,10014679,1001467e,MOV AL, byte ptr [EAX + 0x100298cc]
100146c4,.text,,10014566,__setmbcp_nolock,10014566,1001474e,15e,,InstructionDB,100146c2,100146c7,LEA ECX, [ECX + 0x100298d4]
10014733,.text,,10014566,__setmbcp_nolock,10014566,1001474e,1cd,,InstructionDB,10014731,10014736,CMP dword ptr [0x10039a58], ESI
10014752,.text,,1001474f,__setmbcp,1001474f,100148e8,3,,InstructionDB,10014751,10014755,PUSH 0x10028390
100147c7,.text,,1001474f,__setmbcp,1001474f,100148e8,78,,InstructionDB,100147c5,100147ca,CALL dword ptr [0x100220c0]
100147d3,.text,,1001474f,__setmbcp,1001474f,100148e8,84,,InstructionDB,100147d2,100147d6,CMP EAX, 0x100294a0
100147e6,.text,,1001474f,__setmbcp,1001474f,100148e8,97,,InstructionDB,100147e4,100147e9,MOV EDI, dword ptr [0x100220bc]
100147f8,.text,,1001474f,__setmbcp,1001474f,100148e8,a9,,InstructionDB,100147f6,100147fc,TEST byte ptr [0x100299c0], 0x1
10014813,.text,,1001474f,__setmbcp,1001474f,100148e8,c4,,InstructionDB,10014812,10014816,MOV [0x10039a68], EAX
1001481b,.text,,1001474f,__setmbcp,1001474f,100148e8,cc,,InstructionDB,1001481a,1001481e,MOV [0x10039a6c], EAX
10014823,.text,,1001474f,__setmbcp,1001474f,100148e8,d4,,InstructionDB,10014822,10014826,MOV [0x10039a70], EAX
1001483a,.text,,1001474f,__setmbcp,1001474f,100148e8,eb,,InstructionDB,10014836,1001483d,MOV word ptr [EAX*0x2 + 0x10039a5c], CX
10014853,.text,,1001474f,__setmbcp,1001474f,100148e8,104,,InstructionDB,10014851,10014856,MOV byte ptr [EAX + 0x100296c0], CL
1001486f,.text,,1001474f,__setmbcp,1001474f,100148e8,120,,InstructionDB,1001486d,10014872,MOV byte ptr [EAX + 0x100297c8], CL
10014878,.text,,1001474f,__setmbcp,1001474f,100148e8,129,,InstructionDB,10014876,1001487b,PUSH dword ptr [0x100298c8]
1001487e,.text,,1001474f,__setmbcp,1001474f,100148e8,12f,,InstructionDB,1001487c,10014881,CALL dword ptr [0x100220c0]
10014887,.text,,1001474f,__setmbcp,1001474f,100148e8,138,,InstructionDB,10014886,1001488a,MOV EAX, [0x100298c8]
1001488c,.text,,1001474f,__setmbcp,1001474f,100148e8,13d,,InstructionDB,1001488b,1001488f,CMP EAX, 0x100294a0
1001489b,.text,,1001474f,__setmbcp,1001474f,100148e8,14c,,InstructionDB,10014899,1001489e,MOV dword ptr [0x100298c8], EBX
100148c2,.text,,1001474f,__setmbcp,1001474f,100148e8,173,,InstructionDB,100148c0,100148c5,CMP EBX, 0x100294a0
100148eb,.text,,100148e9,___initmbctable,100148e9,10014906,2,,InstructionDB,100148e9,100148ef,CMP dword ptr [0x1003d550], 0x0
100148fc,.text,,100148e9,___initmbctable,100148e9,10014906,13,,InstructionDB,100148fa,10014903,MOV dword ptr [0x1003d550], 0x1
10014910,.text,,10014907,___addlocaleref,10014907,10014995,9,,InstructionDB,1001490e,10014913,MOV ESI, dword ptr [0x100220bc]
1001495c,.text,,10014907,___addlocaleref,10014907,10014995,55,,InstructionDB,10014959,1001495f,CMP dword ptr [EBX + -0x8], 0x100299c4
100149ab,.text,,10014996,___removelocaleref,10014996,10014a2e,15,,InstructionDB,100149a9,100149ae,MOV ESI, dword ptr [0x100220c0]
100149f3,.text,,10014996,___removelocaleref,10014996,10014a2e,5d,,InstructionDB,100149f0,100149f6,CMP dword ptr [EBX + -0x8], 0x100299c4
10014a47,.text,,10014a2f,___freetlocinfo,10014a2f,10014b79,18,,InstructionDB,10014a46,10014a4a,CMP EAX, 0x10029ea8
10014b0a,.text,,10014a2f,___freetlocinfo,10014a2f,10014b79,db,,InstructionDB,10014b09,10014b0d,CMP EAX, 0x100299c8
10014b38,.text,,10014a2f,___freetlocinfo,10014a2f,10014b79,109,,InstructionDB,10014b35,10014b3b,CMP dword ptr [EDI + -0x8], 0x100299c4
10014bb0,.text,,10014b7a,__updatetlocinfoEx_nolock,10014b7a,10014bc6,36,,InstructionDB,10014bae,10014bb3,CMP ESI, 0x10029b30
10014bca,.text,,10014bc7,___updatetlocinfo,10014bc7,10014c33,3,,InstructionDB,10014bc9,10014bcd,PUSH 0x100283b0
10014bdb,.text,,10014bc7,___updatetlocinfo,10014bc7,10014c33,14,,InstructionDB,10014bda,10014bde,MOV EAX, [0x100299c0]
10014c14,.text,,10014bc7,___updatetlocinfo,10014bc7,10014c33,4d,,InstructionDB,10014c12,10014c17,PUSH dword ptr [0x10029c08]
10014c44,.text,,10014c40,FUN_10014c40,10014c40,10014c48,4,,InstructionDB,10014c42,10014c47,CALL dword ptr [0x1002205c]
10014c4b,.text,,,,,,,,InstructionDB,10014c49,10014c4e,CALL dword ptr [0x100220d0]
10014c57,.text,,10014c52,___set_flsgetvalue,10014c52,10014c85,5,,InstructionDB,10014c55,10014c5a,PUSH dword ptr [0x10029c10]
10014c5d,.text,,10014c52,___set_flsgetvalue,10014c52,10014c85,b,,InstructionDB,10014c5b,10014c60,CALL dword ptr [0x100220d4]
10014c69,.text,,10014c52,___set_flsgetvalue,10014c52,10014c85,17,,InstructionDB,10014c67,10014c6c,PUSH dword ptr [0x10039a78]
10014c6f,.text,,10014c52,___set_flsgetvalue,10014c52,10014c85,1d,,InstructionDB,10014c6d,10014c72,CALL dword ptr [0x10022060]
10014c78,.text,,10014c52,___set_flsgetvalue,10014c52,10014c85,26,,InstructionDB,10014c76,10014c7b,PUSH dword ptr [0x10029c10]
10014c7e,.text,,10014c52,___set_flsgetvalue,10014c52,10014c85,2c,,InstructionDB,10014c7c,10014c81,CALL dword ptr [0x100220d8]
10014c87,.text,,10014c86,__mtterm,10014c86,10014cc2,1,,InstructionDB,10014c86,10014c8a,MOV EAX, [0x10029c0c]
10014c93,.text,,10014c86,__mtterm,10014c86,10014cc2,d,,InstructionDB,10014c91,10014c96,PUSH dword ptr [0x10039a80]
10014c99,.text,,10014c86,__mtterm,10014c86,10014cc2,13,,InstructionDB,10014c97,10014c9c,CALL dword ptr [0x10022060]
10014ca1,.text,,10014c86,__mtterm,10014c86,10014cc2,1b,,InstructionDB,10014c9f,10014ca5,OR dword ptr [0x10029c0c], 0xffffffff
10014ca7,.text,,10014c86,__mtterm,10014c86,10014cc2,21,,InstructionDB,10014ca6,10014caa,MOV EAX, [0x10029c10]
10014cb3,.text,,10014c86,__mtterm,10014c86,10014cc2,2d,,InstructionDB,10014cb1,10014cb6,CALL dword ptr [0x100220dc]
10014cb9,.text,,10014c86,__mtterm,10014c86,10014cc2,33,,InstructionDB,10014cb7,10014cbd,OR dword ptr [0x10029c10], 0xffffffff
10014cc6,.text,,10014cc3,__initptd,10014cc3,10014d5e,3,,InstructionDB,10014cc5,10014cc9,PUSH 0x100283d0
10014cd0,.text,,10014cc3,__initptd,10014cc3,10014d5e,d,,InstructionDB,10014ccf,10014cd3,PUSH 0x10022624
10014cd6,.text,,10014cc3,__initptd,10014cc3,10014d5e,13,,InstructionDB,10014cd4,10014cd9,CALL dword ptr [0x10022094]
10014ce0,.text,,10014cc3,__initptd,10014cc3,10014d5e,1d,,InstructionDB,10014cdd,10014ce3,MOV dword ptr [ESI + 0x5c], 0x10022770
10014d02,.text,,10014cc3,__initptd,10014cc3,10014d5e,3f,,InstructionDB,10014cff,10014d05,MOV dword ptr [ESI + 0x68], 0x100294a0
10014d17,.text,,10014cc3,__initptd,10014cc3,10014d5e,54,,InstructionDB,10014d15,10014d1a,CALL dword ptr [0x100220bc]
10014d3d,.text,,10014cc3,__initptd,10014cc3,10014d5e,7a,,InstructionDB,10014d3c,10014d40,MOV EAX, [0x10029c08]
10014d7d,.text,,10014d77,__getptd_noexit,10014d77,10014def,6,,InstructionDB,10014d7b,10014d80,CALL dword ptr [0x10022070]
10014d83,.text,,10014d77,__getptd_noexit,10014d77,10014def,c,,InstructionDB,10014d81,10014d86,PUSH dword ptr [0x10029c0c]
10014dad,.text,,10014d77,__getptd_noexit,10014d77,10014def,36,,InstructionDB,10014dab,10014db0,PUSH dword ptr [0x10029c0c]
10014db3,.text,,10014d77,__getptd_noexit,10014d77,10014def,3c,,InstructionDB,10014db1,10014db6,PUSH dword ptr [0x10039a7c]
10014db9,.text,,10014d77,__getptd_noexit,10014d77,10014def,42,,InstructionDB,10014db7,10014dbc,CALL dword ptr [0x10022060]
10014dcf,.text,,10014d77,__getptd_noexit,10014d77,10014def,58,,InstructionDB,10014dcd,10014dd2,CALL dword ptr [0x10022064]
10014de7,.text,,10014d77,__getptd_noexit,10014d77,10014def,70,,InstructionDB,10014de5,10014dea,CALL dword ptr [0x100220e0]
10014e0d,.text,,10014e0a,__freefls@4,10014e0a,10014f20,3,,InstructionDB,10014e0c,10014e10,PUSH 0x100283f8
10014e87,.text,,10014e0a,__freefls@4,10014e0a,10014f20,7d,,InstructionDB,10014e86,10014e8a,CMP EAX, 0x10022770
10014eaa,.text,,10014e0a,__freefls@4,10014e0a,10014f20,a0,,InstructionDB,10014ea8,10014ead,CALL dword ptr [0x100220c0]
10014eb4,.text,,10014e0a,__freefls@4,10014e0a,10014f20,aa,,InstructionDB,10014eb2,10014eb7,CMP EDI, 0x100294a0
10014eec,.text,,10014e0a,__freefls@4,10014e0a,10014f20,e2,,InstructionDB,10014eea,10014eef,CMP EDI, dword ptr [0x10029c08]
10014ef4,.text,,10014e0a,__freefls@4,10014e0a,10014f20,ea,,InstructionDB,10014ef2,10014ef7,CMP EDI, 0x10029b30
10014f40,.text,,10014f39,__freeptd,10014f39,10014fa6,7,,InstructionDB,10014f3e,10014f44,CMP dword ptr [0x10029c0c], -0x1
10014f50,.text,,10014f39,__freeptd,10014f39,10014fa6,17,,InstructionDB,10014f4e,10014f53,PUSH dword ptr [0x10029c10]
10014f56,.text,,10014f39,__freeptd,10014f39,10014fa6,1d,,InstructionDB,10014f54,10014f59,MOV ESI, dword ptr [0x100220d4]
10014f62,.text,,10014f39,__freeptd,10014f39,10014fa6,29,,InstructionDB,10014f60,10014f65,PUSH dword ptr [0x10029c0c]
10014f68,.text,,10014f39,__freeptd,10014f39,10014fa6,2f,,InstructionDB,10014f66,10014f6b,PUSH dword ptr [0x10029c10]
10014f78,.text,,10014f39,__freeptd,10014f39,10014fa6,3f,,InstructionDB,10014f76,10014f7b,PUSH dword ptr [0x10029c0c]
10014f7e,.text,,10014f39,__freeptd,10014f39,10014fa6,45,,InstructionDB,10014f7c,10014f81,PUSH dword ptr [0x10039a7c]
10014f84,.text,,10014f39,__freeptd,10014f39,10014fa6,4b,,InstructionDB,10014f82,10014f87,CALL dword ptr [0x10022060]
10014f93,.text,,10014f39,__freeptd,10014f39,10014fa6,5a,,InstructionDB,10014f92,10014f96,MOV EAX, [0x10029c10]
10014fa1,.text,,10014f39,__freeptd,10014f39,10014fa6,68,,InstructionDB,10014f9f,10014fa4,CALL dword ptr [0x100220d8]
10014fab,.text,,10014fa7,__mtinit,10014fa7,10015121,4,,InstructionDB,10014faa,10014fae,PUSH 0x10022624
10014fb1,.text,,10014fa7,__mtinit,10014fa7,10015121,a,,InstructionDB,10014faf,10014fb4,CALL dword ptr [0x10022094]
10014fc7,.text,,10014fa7,__mtinit,10014fa7,10015121,20,,InstructionDB,10014fc5,10014fca,MOV ESI, dword ptr [0x10022090]
10014fcc,.text,,10014fa7,__mtinit,10014fa7,10015121,25,,InstructionDB,10014fcb,10014fcf,PUSH 0x10022660
10014fd4,.text,,10014fa7,__mtinit,10014fa7,10015121,2d,,InstructionDB,10014fd3,10014fd7,PUSH 0x10022654
10014fda,.text,,10014fa7,__mtinit,10014fa7,10015121,33,,InstructionDB,10014fd9,10014fdd,MOV [0x10039a74], EAX
10014fe1,.text,,10014fa7,__mtinit,10014fa7,10015121,3a,,InstructionDB,10014fe0,10014fe4,PUSH 0x10022648
10014fe7,.text,,10014fa7,__mtinit,10014fa7,10015121,40,,InstructionDB,10014fe6,10014fea,MOV [0x10039a78], EAX
10014fee,.text,,10014fa7,__mtinit,10014fa7,10015121,47,,InstructionDB,10014fed,10014ff1,PUSH 0x10022640
10014ff4,.text,,10014fa7,__mtinit,10014fa7,10015121,4d,,InstructionDB,10014ff3,10014ff7,MOV [0x10039a7c], EAX
10014ffc,.text,,10014fa7,__mtinit,10014fa7,10015121,55,,InstructionDB,10014ffa,10015000,CMP dword ptr [0x10039a74], 0x0
10015003,.text,,10014fa7,__mtinit,10014fa7,10015121,5c,,InstructionDB,10015001,10015006,MOV ESI, dword ptr [0x100220d8]
10015008,.text,,10014fa7,__mtinit,10014fa7,10015121,61,,InstructionDB,10015007,1001500b,MOV [0x10039a80], EAX
10015010,.text,,10014fa7,__mtinit,10014fa7,10015121,69,,InstructionDB,1001500e,10015014,CMP dword ptr [0x10039a78], 0x0
10015019,.text,,10014fa7,__mtinit,10014fa7,10015121,72,,InstructionDB,10015017,1001501d,CMP dword ptr [0x10039a7c], 0x0
10015025,.text,,10014fa7,__mtinit,10014fa7,10015121,7e,,InstructionDB,10015024,10015028,MOV EAX, [0x100220d4]
1001502a,.text,,10014fa7,__mtinit,10014fa7,10015121,83,,InstructionDB,10015029,1001502d,MOV [0x10039a78], EAX
1001502f,.text,,10014fa7,__mtinit,10014fa7,10015121,88,,InstructionDB,1001502e,10015032,MOV EAX, [0x100220dc]
10015035,.text,,10014fa7,__mtinit,10014fa7,10015121,8e,,InstructionDB,10015033,1001503c,MOV dword ptr [0x10039a74], 0x10014c49
10015039,.text,,10014fa7,__mtinit,10014fa7,10015121,92,,InstructionDB,10015033,1001503c,MOV dword ptr [0x10039a74], 0x10014c49
1001503f,.text,,10014fa7,__mtinit,10014fa7,10015121,98,,InstructionDB,1001503d,10015042,MOV dword ptr [0x10039a7c], ESI
10015044,.text,,10014fa7,__mtinit,10014fa7,10015121,9d,,InstructionDB,10015043,10015047,MOV [0x10039a80], EAX
1001504a,.text,,10014fa7,__mtinit,10014fa7,10015121,a3,,InstructionDB,10015048,1001504d,CALL dword ptr [0x100220d0]
1001504f,.text,,10014fa7,__mtinit,10014fa7,10015121,a8,,InstructionDB,1001504e,10015052,MOV [0x10029c10], EAX
1001505e,.text,,10014fa7,__mtinit,10014fa7,10015121,b7,,InstructionDB,1001505c,10015061,PUSH dword ptr [0x10039a78]
10015074,.text,,10014fa7,__mtinit,10014fa7,10015121,cd,,InstructionDB,10015072,10015077,PUSH dword ptr [0x10039a74]
1001507a,.text,,10014fa7,__mtinit,10014fa7,10015121,d3,,InstructionDB,10015078,1001507d,MOV ESI, dword ptr [0x1002205c]
10015082,.text,,10014fa7,__mtinit,10014fa7,10015121,db,,InstructionDB,10015080,10015085,PUSH dword ptr [0x10039a78]
10015087,.text,,10014fa7,__mtinit,10014fa7,10015121,e0,,InstructionDB,10015086,1001508a,MOV [0x10039a74], EAX
1001508f,.text,,10014fa7,__mtinit,10014fa7,10015121,e8,,InstructionDB,1001508d,10015092,PUSH dword ptr [0x10039a7c]
10015094,.text,,10014fa7,__mtinit,10014fa7,10015121,ed,,InstructionDB,10015093,10015097,MOV [0x10039a78], EAX
1001509c,.text,,10014fa7,__mtinit,10014fa7,10015121,f5,,InstructionDB,1001509a,1001509f,PUSH dword ptr [0x10039a80]
100150a1,.text,,10014fa7,__mtinit,10014fa7,10015121,fa,,InstructionDB,100150a0,100150a4,MOV [0x10039a7c], EAX
100150a8,.text,,10014fa7,__mtinit,10014fa7,10015121,101,,InstructionDB,100150a7,100150ab,MOV [0x10039a80], EAX
100150b7,.text,,10014fa7,__mtinit,10014fa7,10015121,110,,InstructionDB,100150b5,100150ba,MOV EDI, dword ptr [0x10022060]
100150bc,.text,,10014fa7,__mtinit,10014fa7,10015121,115,,InstructionDB,100150bb,100150bf,PUSH 0x10014e0a
100150c2,.text,,10014fa7,__mtinit,10014fa7,10015121,11b,,InstructionDB,100150c0,100150c5,PUSH dword ptr [0x10039a74]
100150cb,.text,,10014fa7,__mtinit,10014fa7,10015121,124,,InstructionDB,100150ca,100150ce,MOV [0x10029c0c], EAX
100150eb,.text,,10014fa7,__mtinit,10014fa7,10015121,144,,InstructionDB,100150e9,100150ee,PUSH dword ptr [0x10029c0c]
100150f1,.text,,10014fa7,__mtinit,10014fa7,10015121,14a,,InstructionDB,100150ef,100150f4,PUSH dword ptr [0x10039a7c]
10015109,.text,,10014fa7,__mtinit,10014fa7,10015121,162,,InstructionDB,10015107,1001510c,CALL dword ptr [0x10022064]
1001523e,.text,,10015237,_tolower,10015237,10015262,7,,InstructionDB,1001523c,10015242,CMP dword ptr [0x10039a84], 0x0
100153d5,.text,,100152d1,__flsbuf,100152d1,10015434,104,,InstructionDB,100153d2,100153d8,ADD EAX, dword ptr [EDX*0x4 + 0x1003c420]
100153dc,.text,,100152d1,__flsbuf,100152d1,10015434,10b,,InstructionDB,100153db,100153df,MOV EAX, 0x10029450
100154e8,.text,,100154dc,__output_l,100154dc,10016064,c,,InstructionDB,100154e7,100154eb,MOV EAX, [0x10029490]
10015580,.text,,100154dc,__output_l,100154dc,10016064,a4,,InstructionDB,1001557f,10015583,MOV EDX, 0x10029450
1001559e,.text,,100154dc,__output_l,100154dc,10016064,c2,,InstructionDB,1001559b,100155a1,ADD ECX, dword ptr [ESI*0x4 + 0x1003c420]
100155c4,.text,,100154dc,__output_l,100154dc,10016064,e8,,InstructionDB,100155c1,100155c7,ADD EAX, dword ptr [ECX*0x4 + 0x1003c420]
10015624,.text,,100154dc,__output_l,100154dc,10016064,148,,InstructionDB,10015621,10015627,MOVSX EAX, byte ptr [EAX + 0x100226f0]
10015633,.text,,100154dc,__output_l,100154dc,10016064,157,,InstructionDB,1001562f,10015636,MOVSX EAX, byte ptr [ECX + EAX*0x8 + 0x10022710]
1001564e,.text,,100154dc,__output_l,100154dc,10016064,172,,InstructionDB,1001564b,10015651,JMP dword ptr [EAX*0x4 + 0x10016068]
1001599c,.text,,100154dc,__output_l,100154dc,10016064,4c0,,InstructionDB,1001599b,1001599f,MOV EAX, [0x10029c28]
10015a8c,.text,,100154dc,__output_l,100154dc,10016064,5b0,,InstructionDB,10015a8b,10015a8f,MOV EAX, [0x10029c24]
10015bd7,.text,,100154dc,__output_l,100154dc,10016064,6fb,,InstructionDB,10015bd5,10015bda,MOV ESI, dword ptr [0x10022060]
10015c1a,.text,,100154dc,__output_l,100154dc,10016064,73e,,InstructionDB,10015c18,10015c1d,PUSH dword ptr [0x10029d58]
10015c46,.text,,100154dc,__output_l,100154dc,10016064,76a,,InstructionDB,10015c44,10015c49,PUSH dword ptr [0x10029d64]
10015c67,.text,,100154dc,__output_l,100154dc,10016064,78b,,InstructionDB,10015c65,10015c6a,PUSH dword ptr [0x10029d60]
10015e47,.text,,100154dc,__output_l,100154dc,10016064,96b,,InstructionDB,10015e46,10015e4a,MOV EAX, [0x10029c24]
10016068,.text,,,,,,,switchdataD_10016068,DataDB,10016068,1001606b,
1001606c,.text,,,,,,,,DataDB,1001606c,1001606f,
10016070,.text,,,,,,,,DataDB,10016070,10016073,
10016074,.text,,,,,,,,DataDB,10016074,10016077,
10016078,.text,,,,,,,,DataDB,10016078,1001607b,
1001607c,.text,,,,,,,,DataDB,1001607c,1001607f,
10016080,.text,,,,,,,,DataDB,10016080,10016083,
10016084,.text,,,,,,,,DataDB,10016084,10016087,
100160c8,.text,,10016088,__read_nolock,10016088,1001663e,40,,InstructionDB,100160c6,100160cb,CMP ESI, dword ptr [0x1003c418]
100160f9,.text,,10016088,__read_nolock,10016088,1001663e,71,,InstructionDB,100160f6,100160fc,LEA EDI, [EAX*0x4 + 0x1003c420]
1001627e,.text,,10016088,__read_nolock,10016088,1001663e,1f6,,InstructionDB,1001627c,10016281,CALL dword ptr [0x100220e8]
10016334,.text,,10016088,__read_nolock,10016088,1001663e,2ac,,InstructionDB,10016332,10016337,CALL dword ptr [0x100220e8]
1001633e,.text,,10016088,__read_nolock,10016088,1001663e,2b6,,InstructionDB,1001633c,10016341,CALL dword ptr [0x10022070]
100163f2,.text,,10016088,__read_nolock,10016088,1001663e,36a,,InstructionDB,100163f0,100163f6,CMP byte ptr [ECX + 0x10029c30], 0x0
10016401,.text,,10016088,__read_nolock,10016088,1001663e,379,,InstructionDB,100163fe,10016404,MOVSX ECX, byte ptr [ECX + 0x10029c30]
10016478,.text,,10016088,__read_nolock,10016088,1001663e,3f0,,InstructionDB,10016476,1001647b,CALL dword ptr [0x100220e4]
10016485,.text,,10016088,__read_nolock,10016088,1001663e,3fd,,InstructionDB,10016483,10016488,CALL dword ptr [0x10022070]
1001655a,.text,,10016088,__read_nolock,10016088,1001663e,4d2,,InstructionDB,10016558,1001655d,CALL dword ptr [0x100220e8]
10016564,.text,,10016088,__read_nolock,10016088,1001663e,4dc,,InstructionDB,10016562,10016567,CALL dword ptr [0x10022070]
10016604,.text,,10016088,__read_nolock,10016088,1001663e,57c,,InstructionDB,10016602,10016607,CALL dword ptr [0x10022070]
10016642,.text,,1001663f,__read,1001663f,10016729,3,,InstructionDB,10016641,10016645,PUSH 0x10028420
10016674,.text,,1001663f,__read,1001663f,10016729,35,,InstructionDB,10016672,10016677,CMP EBX, dword ptr [0x1003c418]
1001669c,.text,,1001663f,__read,1001663f,10016729,5d,,InstructionDB,10016699,1001669f,LEA EDI, [EAX*0x4 + 0x1003c420]
10016760,.text,,10016740,_memset,10016740,100167b9,20,,InstructionDB,1001675e,10016764,CMP dword ptr [0x1003c414], 0x0
100167eb,.text,,100167ba,__lseek_nolock,100167ba,1001682e,31,,InstructionDB,100167e9,100167ee,CALL dword ptr [0x100220ec]
100167f8,.text,,100167ba,__lseek_nolock,100167ba,1001682e,3e,,InstructionDB,100167f6,100167fb,CALL dword ptr [0x10022070]
10016818,.text,,100167ba,__lseek_nolock,100167ba,1001682e,5e,,InstructionDB,10016815,1001681b,MOV EAX, dword ptr [EAX*0x4 + 0x1003c420]
10016900,.text,,100168fe,FUN_100168fe,100168fe,100169d8,2,,InstructionDB,100168fe,10016904,CMP dword ptr [0x1003d550], 0x0
1001690f,.text,,100168fe,FUN_100168fe,100168fe,100169d8,11,,InstructionDB,1001690d,10016912,MOV ESI, dword ptr [0x100399f4]
10016947,.text,,100168fe,FUN_100168fe,100168fe,100169d8,49,,InstructionDB,10016945,1001694a,MOV dword ptr [0x10039a1c], EDI
10016951,.text,,100168fe,FUN_100168fe,100168fe,100169d8,53,,InstructionDB,1001694f,10016954,MOV ESI, dword ptr [0x100399f4]
10016992,.text,,100168fe,FUN_100168fe,100168fe,100169d8,94,,InstructionDB,10016990,10016995,PUSH dword ptr [0x100399f4]
1001699d,.text,,100168fe,FUN_100168fe,100168fe,100169d8,9f,,InstructionDB,1001699b,100169a1,AND dword ptr [0x100399f4], 0x0
100169a7,.text,,100168fe,FUN_100168fe,100168fe,100169d8,a9,,InstructionDB,100169a5,100169ae,MOV dword ptr [0x1003d544], 0x1
100169b8,.text,,100168fe,FUN_100168fe,100168fe,100169d8,ba,,InstructionDB,100169b6,100169bb,PUSH dword ptr [0x10039a1c]
100169c3,.text,,100168fe,FUN_100168fe,100168fe,100169d8,c5,,InstructionDB,100169c1,100169c7,AND dword ptr [0x10039a1c], 0x0
10016b83,.text,,10016b74,__setargv,10016b74,10016c2e,f,,InstructionDB,10016b81,10016b86,CMP dword ptr [0x1003d550], EBX
10016b94,.text,,10016b74,__setargv,10016b74,10016c2e,20,,InstructionDB,10016b93,10016b97,MOV ESI, 0x10039a88
10016b9c,.text,,10016b74,__setargv,10016b74,10016c2e,28,,InstructionDB,10016b9a,10016b9f,MOV byte ptr [0x10039b8c], BL
10016ba2,.text,,10016b74,__setargv,10016b74,10016c2e,2e,,InstructionDB,10016ba0,10016ba5,CALL dword ptr [0x10022014]
10016ba7,.text,,10016b74,__setargv,10016b74,10016c2e,33,,InstructionDB,10016ba6,10016baa,MOV EAX, [0x1003d558]
10016bad,.text,,10016b74,__setargv,10016b74,10016c2e,39,,InstructionDB,10016bab,10016bb0,MOV dword ptr [0x10039a2c], ESI
10016c19,.text,,10016b74,__setargv,10016b74,10016c2e,a5,,InstructionDB,10016c18,10016c1c,MOV [0x10039a10], EAX
10016c1f,.text,,10016b74,__setargv,10016b74,10016c2e,ab,,InstructionDB,10016c1d,10016c22,MOV dword ptr [0x10039a14], ESI
10016c3b,.text,,10016c2f,___crtGetEnvironmentStringsA,10016c2f,10016cc5,c,,InstructionDB,10016c39,10016c3e,CALL dword ptr [0x100220f8]
10016c63,.text,,10016c2f,___crtGetEnvironmentStringsA,10016c2f,10016cc5,34,,InstructionDB,10016c61,10016c66,MOV EDI, dword ptr [0x100220f4]
10016caf,.text,,10016c2f,___crtGetEnvironmentStringsA,10016c2f,10016cc5,80,,InstructionDB,10016cad,10016cb2,CALL dword ptr [0x100220f0]
10016cbb,.text,,10016c2f,___crtGetEnvironmentStringsA,10016c2f,10016cc5,8c,,InstructionDB,10016cb9,10016cbe,CALL dword ptr [0x100220f0]
10016cca,.text,,10016cc6,__RTC_Initialize,10016cc6,10016ceb,4,,InstructionDB,10016cc9,10016ccd,MOV EAX, 0x10028180
10016ccf,.text,,10016cc6,__RTC_Initialize,10016cc6,10016ceb,9,,InstructionDB,10016cce,10016cd2,MOV ESI, 0x10028180
10016cf0,.text,,10016cec,FUN_10016cec,10016cec,10016d11,4,,InstructionDB,10016cef,10016cf3,MOV EAX, 0x10028188
10016cf5,.text,,10016cec,FUN_10016cec,10016cec,10016d11,9,,InstructionDB,10016cf4,10016cf8,MOV ESI, 0x10028188
10016d1d,.text,,10016d12,__heap_init,10016d12,10016d2f,b,,InstructionDB,10016d1b,10016d20,CALL dword ptr [0x1002204c]
10016d29,.text,,10016d12,__heap_init,10016d12,10016d2f,17,,InstructionDB,10016d28,10016d2c,MOV [0x10039b90], EAX
10016d32,.text,,10016d30,__heap_term,10016d30,10016d43,2,,InstructionDB,10016d30,10016d35,PUSH dword ptr [0x10039b90]
10016d38,.text,,10016d30,__heap_term,10016d30,10016d43,8,,InstructionDB,10016d36,10016d3b,CALL dword ptr [0x10022048]
10016d3e,.text,,10016d30,__heap_term,10016d30,10016d43,e,,InstructionDB,10016d3c,10016d42,AND dword ptr [0x10039b90], 0x0
10016eb7,.text,,10016eae,___security_init_cookie,10016eae,10016f48,9,,InstructionDB,10016eb6,10016eba,MOV EAX, [0x10029490]
10016eda,.text,,10016eae,___security_init_cookie,10016eae,10016f48,2c,,InstructionDB,10016ed9,10016edd,MOV [0x10029494], EAX
10016ee7,.text,,10016eae,___security_init_cookie,10016eae,10016f48,39,,InstructionDB,10016ee5,10016eea,CALL dword ptr [0x10022108]
10016ef3,.text,,10016eae,___security_init_cookie,10016eae,10016f48,45,,InstructionDB,10016ef1,10016ef6,CALL dword ptr [0x10022104]
10016efb,.text,,10016eae,___security_init_cookie,10016eae,10016f48,4d,,InstructionDB,10016ef9,10016efe,CALL dword ptr [0x10022064]
10016f03,.text,,10016eae,___security_init_cookie,10016eae,10016f48,55,,InstructionDB,10016f01,10016f06,CALL dword ptr [0x10022100]
10016f0f,.text,,10016eae,___security_init_cookie,10016eae,10016f48,61,,InstructionDB,10016f0d,10016f12,CALL dword ptr [0x100220fc]
10016f38,.text,,10016eae,___security_init_cookie,10016eae,10016f48,8a,,InstructionDB,10016f36,10016f3b,MOV dword ptr [0x10029490], ESI
10016f40,.text,,10016eae,___security_init_cookie,10016eae,10016f48,92,,InstructionDB,10016f3e,10016f43,MOV dword ptr [0x10029494], ESI
10017050,.text,,,,,,,,InstructionDB,1001704e,10017053,CALL dword ptr [0x1002210c]
10017055,.text,,,,,,,,InstructionDB,10017054,10017058,MOV [0x1003c414], EAX
1001706f,.text,,1001705c,_abort,1001705c,1001708d,13,,InstructionDB,1001706d,10017073,TEST byte ptr [0x10029d30], 0x2
10017098,.text,,1001708f,__set_abort_behavior,1001708f,100170af,9,,InstructionDB,10017097,1001709b,MOV EAX, [0x10029d30]
100170aa,.text,,1001708f,__set_abort_behavior,1001708f,100170af,1b,,InstructionDB,100170a8,100170ad,MOV dword ptr [0x10029d30], ECX
100170bd,.text,,100170b0,__GET_RTERRMSG,100170b0,100170d5,d,,InstructionDB,100170ba,100170c0,CMP ECX, dword ptr [EAX*0x8 + 0x10023090]
100170d0,.text,,100170b0,__GET_RTERRMSG,100170b0,100170d5,20,,InstructionDB,100170cd,100170d3,MOV EAX, dword ptr [EAX*0x8 + 0x10023094]
100170e2,.text,,100170d6,__NMSG_WRITE,100170d6,10017284,c,,InstructionDB,100170e1,100170e5,MOV EAX, [0x10029490]
10017129,.text,,100170d6,__NMSG_WRITE,100170d6,10017284,53,,InstructionDB,10017127,1001712d,CMP dword ptr [0x10039a00], 0x1
10017141,.text,,100170d6,__NMSG_WRITE,100170d6,10017284,6b,,InstructionDB,10017140,10017144,PUSH 0x100231cc
1001714b,.text,,100170d6,__NMSG_WRITE,100170d6,10017284,75,,InstructionDB,1001714a,1001714e,MOV EDI, 0x10039b98
10017166,.text,,100170d6,__NMSG_WRITE,100170d6,10017284,90,,InstructionDB,10017165,10017169,MOV ESI, 0x10039bca
1001716e,.text,,100170d6,__NMSG_WRITE,100170d6,10017284,98,,InstructionDB,1001716c,10017171,MOV [0x10039dd2], AX
10017174,.text,,100170d6,__NMSG_WRITE,100170d6,10017284,9e,,InstructionDB,10017172,10017177,CALL dword ptr [0x10022114]
10017182,.text,,100170d6,__NMSG_WRITE,100170d6,10017284,ac,,InstructionDB,10017181,10017185,PUSH 0x1002319c
100171b6,.text,,100170d6,__NMSG_WRITE,100170d6,10017284,e0,,InstructionDB,100171b3,100171b9,LEA EAX, [EAX*0x2 + 0x10039b54]
100171c3,.text,,100170d6,__NMSG_WRITE,100170d6,10017284,ed,,InstructionDB,100171c2,100171c6,PUSH 0x10023194
100171d8,.text,,100170d6,__NMSG_WRITE,100170d6,10017284,102,,InstructionDB,100171d7,100171db,PUSH 0x1002318c
10017209,.text,,100170d6,__NMSG_WRITE,100170d6,10017284,133,,InstructionDB,10017208,1001720c,PUSH 0x10023140
10017226,.text,,100170d6,__NMSG_WRITE,100170d6,10017284,150,,InstructionDB,10017224,10017229,CALL dword ptr [0x100220a4]
10017272,.text,,100170d6,__NMSG_WRITE,100170d6,10017284,19c,,InstructionDB,10017270,10017275,CALL dword ptr [0x10022110]
100172a0,.text,,10017285,__FF_MSGBANNER,10017285,100172bd,1b,,InstructionDB,1001729e,100172a4,CMP dword ptr [0x10039a00], 0x1
100172c7,.text,,100172be,FUN_100172be,100172be,100172cc,9,,InstructionDB,100172c6,100172ca,MOV [0x1003a1c0], EAX
100172cf,.text,,100172cd,FUN_100172cd,100172cd,100172d4,2,,InstructionDB,100172cd,100172d3,AND dword ptr [0x1003c410], 0x0
100172d7,.text,,100172d5,__security_check_cookie,100172d5,100172e3,2,,InstructionDB,100172d5,100172da,CMP ECX, dword ptr [0x10029490]
1001731a,.text,,100172f0,FID_conflict:_memcpy,100172f0,10017650,2a,,InstructionDB,10017318,1001731e,CMP dword ptr [0x1003c414], 0x0
1001734c,.text,,100172f0,FID_conflict:_memcpy,100172f0,10017650,5c,,InstructionDB,10017349,1001734f,JMP dword ptr [EDX*0x4 + 0x10017460]
10017364,.text,,100172f0,FID_conflict:_memcpy,100172f0,10017650,74,,InstructionDB,10017361,10017367,JMP dword ptr [EAX*0x4 + 0x10017374]
1001736b,.text,,100172f0,FID_conflict:_memcpy,100172f0,10017650,7b,,InstructionDB,10017368,1001736e,JMP dword ptr [ECX*0x4 + 0x10017470]
10017373,.text,,100172f0,FID_conflict:_memcpy,100172f0,10017650,83,,InstructionDB,10017370,10017376,JMP dword ptr [ECX*0x4 + 0x100173f4]
10017378,.text,,,,,,,switchdataD_10017378,DataDB,10017378,1001737b,
1001737c,.text,,,,,,,,DataDB,1001737c,1001737f,
10017380,.text,,,,,,,,DataDB,10017380,10017383,
100173a9,.text,,100172f0,FID_conflict:_memcpy,100172f0,10017650,b9,,InstructionDB,100173a6,100173ac,JMP dword ptr [EDX*0x4 + 0x10017460]
100173cf,.text,,100172f0,FID_conflict:_memcpy,100172f0,10017650,df,,InstructionDB,100173cc,100173d2,JMP dword ptr [EDX*0x4 + 0x10017460]
100173ed,.text,,100172f0,FID_conflict:_memcpy,100172f0,10017650,fd,,InstructionDB,100173ea,100173f0,JMP dword ptr [EDX*0x4 + 0x10017460]
100173f4,.text,,,,,,,switchdataD_100173f4,DataDB,100173f4,100173f7,
100173f8,.text,,,,,,,,DataDB,100173f8,100173fb,
100173fc,.text,,,,,,,,DataDB,100173fc,100173ff,
10017400,.text,,,,,,,,DataDB,10017400,10017403,
10017404,.text,,,,,,,,DataDB,10017404,10017407,
10017408,.text,,,,,,,,DataDB,10017408,1001740b,
1001740c,.text,,,,,,,,DataDB,1001740c,1001740f,
10017410,.text,,,,,,,,DataDB,10017410,10017413,
1001745a,.text,,100172f0,FID_conflict:_memcpy,100172f0,10017650,16a,,InstructionDB,10017457,1001745d,JMP dword ptr [EDX*0x4 + 0x10017460]
10017460,.text,,,,,,,switchdataD_10017460,DataDB,10017460,10017463,
10017464,.text,,,,,,,,DataDB,10017464,10017467,
10017468,.text,,,,,,,,DataDB,10017468,1001746b,
1001746c,.text,,,,,,,,DataDB,1001746c,1001746f,
100174d2,.text,,100172f0,FID_conflict:_memcpy,100172f0,10017650,1e2,,InstructionDB,100174cf,100174d5,JMP dword ptr [EDX*0x4 + 0x100175fc]
100174dd,.text,,100172f0,FID_conflict:_memcpy,100172f0,10017650,1ed,,InstructionDB,100174da,100174e0,JMP dword ptr [ECX*0x4 + 0x100175ac]
100174f8,.text,,100172f0,FID_conflict:_memcpy,100172f0,10017650,208,,InstructionDB,100174f5,100174fb,JMP dword ptr [EAX*0x4 + 0x10017500]
100174ff,.text,,100172f0,FID_conflict:_memcpy,100172f0,10017650,20f,,InstructionDB,100174fc,10017502,JMP dword ptr [ECX*0x4 + 0x100175fc]
10017504,.text,,,,,,,switchdataD_10017504,DataDB,10017504,10017507,
10017508,.text,,,,,,,,DataDB,10017508,1001750b,
1001750c,.text,,,,,,,,DataDB,1001750c,1001750f,
1001752d,.text,,100172f0,FID_conflict:_memcpy,100172f0,10017650,23d,,InstructionDB,1001752a,10017530,JMP dword ptr [EDX*0x4 + 0x100175fc]
10017557,.text,,100172f0,FID_conflict:_memcpy,100172f0,10017650,267,,InstructionDB,10017554,1001755a,JMP dword ptr [EDX*0x4 + 0x100175fc]
10017589,.text,,100172f0,FID_conflict:_memcpy,100172f0,10017650,299,,InstructionDB,10017586,1001758c,JMP dword ptr [EDX*0x4 + 0x100175fc]
10017590,.text,,,,,,,switchdataD_10017590,DataDB,10017590,10017593,
10017594,.text,,,,,,,,DataDB,10017594,10017597,
10017598,.text,,,,,,,,DataDB,10017598,1001759b,
1001759c,.text,,,,,,,,DataDB,1001759c,1001759f,
100175a0,.text,,,,,,,,DataDB,100175a0,100175a3,
100175a4,.text,,,,,,,,DataDB,100175a4,100175a7,
100175a8,.text,,,,,,,,DataDB,100175a8,100175ab,
100175ac,.text,,,,,,,PTR_caseD_0_100175ac,DataDB,100175ac,100175af,
100175f6,.text,,100172f0,FID_conflict:_memcpy,100172f0,10017650,306,,InstructionDB,100175f3,100175f9,JMP dword ptr [EDX*0x4 + 0x100175fc]
100175fc,.text,,,,,,,switchdataD_100175fc,DataDB,100175fc,100175ff,
10017600,.text,,,,,,,,DataDB,10017600,10017603,
10017604,.text,,,,,,,,DataDB,10017604,10017607,
10017608,.text,,,,,,,,DataDB,10017608,1001760b,
100176a9,.text,,100176a2,_isdigit,100176a2,100176cf,7,,InstructionDB,100176a7,100176ad,CMP dword ptr [0x10039a84], 0x0
100176b5,.text,,100176a2,_isdigit,100176a2,100176cf,13,,InstructionDB,100176b3,100176b8,MOV ECX, dword ptr [0x10029bf8]
1001772d,.text,,10017726,_isxdigit,10017726,10017755,7,,InstructionDB,1001772b,10017731,CMP dword ptr [0x10039a84], 0x0
10017739,.text,,10017726,_isxdigit,10017726,10017755,13,,InstructionDB,10017737,1001773c,MOV ECX, dword ptr [0x10029bf8]
100177ae,.text,,100177a7,_isspace,100177a7,100177d4,7,,InstructionDB,100177ac,100177b2,CMP dword ptr [0x10039a84], 0x0
100177ba,.text,,100177a7,_isspace,100177a7,100177d4,13,,InstructionDB,100177b8,100177bd,MOV ECX, dword ptr [0x10029bf8]
100177f1,.text,,100177d5,__ungetc_nolock,100177d5,100178b7,1c,,InstructionDB,100177f0,100177f4,MOV EDX, 0x10029450
1001780e,.text,,100177d5,__ungetc_nolock,100177d5,100178b7,39,,InstructionDB,1001780b,10017811,ADD ECX, dword ptr [EBX*0x4 + 0x1003c420]
10017833,.text,,100177d5,__ungetc_nolock,100177d5,100178b7,5e,,InstructionDB,10017830,10017836,ADD EAX, dword ptr [ECX*0x4 + 0x1003c420]
10017952,.text,,100178b8,__mbtowc_l,100178b8,100179cd,9a,,InstructionDB,10017950,10017955,CALL dword ptr [0x100220e4]
100179c0,.text,,100178b8,__mbtowc_l,100178b8,100179cd,108,,InstructionDB,100179be,100179c3,CALL dword ptr [0x100220e4]
10017a3b,.text,,10017a33,__initp_misc_cfltcvt_tab,10017a33,10017a55,8,,InstructionDB,10017a39,10017a3e,PUSH dword ptr [EDI + 0x10029d40]
10017a41,.text,,10017a33,__initp_misc_cfltcvt_tab,10017a33,10017a55,e,,InstructionDB,10017a3f,10017a44,CALL dword ptr [0x1002205c]
10017a47,.text,,10017a33,__initp_misc_cfltcvt_tab,10017a33,10017a55,14,,InstructionDB,10017a45,10017a4a,MOV dword ptr [EDI + 0x10029d40], EAX
10017ad3,.text,,10017a94,__calloc_impl,10017a94,10017b15,3f,,InstructionDB,10017ad1,10017ad6,PUSH dword ptr [0x10039b90]
10017ad9,.text,,10017a94,__calloc_impl,10017a94,10017b15,45,,InstructionDB,10017ad7,10017adc,CALL dword ptr [0x10022040]
10017ae3,.text,,10017a94,__calloc_impl,10017a94,10017b15,4f,,InstructionDB,10017ae1,10017ae7,CMP dword ptr [0x1003a1c4], 0x0
10017b51,.text,,10017b16,_realloc,10017b16,10017bc2,3b,,InstructionDB,10017b4f,10017b54,PUSH dword ptr [0x10039b90]
10017b57,.text,,10017b16,_realloc,10017b16,10017bc2,41,,InstructionDB,10017b55,10017b5a,CALL dword ptr [0x10022118]
10017b63,.text,,10017b16,_realloc,10017b16,10017bc2,4d,,InstructionDB,10017b61,10017b66,CMP dword ptr [0x1003a1c4], EAX
10017b9a,.text,,10017b16,_realloc,10017b16,10017bc2,84,,InstructionDB,10017b98,10017b9d,CALL dword ptr [0x10022070]
10017bb2,.text,,10017b16,_realloc,10017b16,10017bc2,9c,,InstructionDB,10017bb0,10017bb5,CALL dword ptr [0x10022070]
10017c38,.text,,10017c31,__mtinitlocks,10017c31,10017c7a,7,,InstructionDB,10017c37,10017c3b,MOV EDI, 0x1003a1c8
10017c3f,.text,,10017c31,__mtinitlocks,10017c31,10017c7a,e,,InstructionDB,10017c3c,10017c43,CMP dword ptr [ESI*0x8 + 0x10029d74], 0x1
10017c49,.text,,10017c31,__mtinitlocks,10017c31,10017c7a,18,,InstructionDB,10017c46,10017c4c,LEA EAX, [ESI*0x8 + 0x10029d70]
10017c5b,.text,,10017c31,__mtinitlocks,10017c31,10017c7a,2a,,InstructionDB,10017c59,10017c5e,CALL dword ptr [0x100220a8]
10017c72,.text,,10017c31,__mtinitlocks,10017c31,10017c7a,41,,InstructionDB,10017c6f,10017c76,AND dword ptr [ESI*0x8 + 0x10029d70], 0x0
10017c80,.text,,10017c7b,__mtdeletelocks,10017c7b,10017cd1,5,,InstructionDB,10017c7e,10017c83,MOV EBX, dword ptr [0x100220b4]
10017c86,.text,,10017c7b,__mtdeletelocks,10017c7b,10017cd1,b,,InstructionDB,10017c85,10017c89,MOV ESI, 0x10029d70
10017ca9,.text,,10017c7b,__mtdeletelocks,10017c7b,10017cd1,2e,,InstructionDB,10017ca7,10017cac,CMP ESI, 0x10029e90
10017cb0,.text,,10017c7b,__mtdeletelocks,10017c7b,10017cd1,35,,InstructionDB,10017caf,10017cb3,MOV ESI, 0x10029d70
10017cc9,.text,,10017c7b,__mtdeletelocks,10017c7b,10017cd1,4e,,InstructionDB,10017cc7,10017ccc,CMP ESI, 0x10029e90
10017cdd,.text,,10017cd2,FUN_10017cd2,10017cd2,10017ce8,b,,InstructionDB,10017cda,10017ce0,PUSH dword ptr [EAX*0x8 + 0x10029d70]
10017ce3,.text,,10017cd2,FUN_10017cd2,10017cd2,10017ce8,11,,InstructionDB,10017ce1,10017ce6,CALL dword ptr [0x1002209c]
10017cec,.text,,10017ce9,__mtinitlocknum,10017ce9,10017da1,3,,InstructionDB,10017ceb,10017cef,PUSH 0x10028440
10017cff,.text,,10017ce9,__mtinitlocknum,10017ce9,10017da1,16,,InstructionDB,10017cfd,10017d02,CMP dword ptr [0x10039b90], EBX
10017d23,.text,,10017ce9,__mtinitlocknum,10017ce9,10017da1,3a,,InstructionDB,10017d20,10017d26,LEA ESI, [ESI*0x8 + 0x10029d70]
10017d63,.text,,10017ce9,__mtinitlocknum,10017ce9,10017da1,7a,,InstructionDB,10017d61,10017d66,CALL dword ptr [0x100220a8]
10017db7,.text,,10017dab,__lock,10017dab,10017ddd,c,,InstructionDB,10017db4,10017dba,LEA ESI, [EAX*0x8 + 0x10029d70]
10017dd7,.text,,10017dab,__lock,10017dab,10017ddd,2c,,InstructionDB,10017dd5,10017dda,CALL dword ptr [0x10022098]
10017de1,.text,,10017dde,terminate,10017dde,10017e10,3,,InstructionDB,10017de0,10017de4,PUSH 0x10028460
10017e2d,.text,,10017e2a,_inconsistency,10017e2a,10017e60,3,,InstructionDB,10017e2c,10017e30,PUSH 0x10028480
10017e38,.text,,10017e2a,_inconsistency,10017e2a,10017e60,e,,InstructionDB,10017e36,10017e3b,PUSH dword ptr [0x1003a318]
10017e3e,.text,,10017e2a,_inconsistency,10017e2a,10017e60,14,,InstructionDB,10017e3c,10017e41,CALL dword ptr [0x10022060]
10017e63,.text,,10017e62,FUN_10017e62,10017e62,10017e72,1,,InstructionDB,10017e62,10017e66,PUSH 0x10017dde
10017e69,.text,,10017e62,FUN_10017e62,10017e62,10017e72,7,,InstructionDB,10017e67,10017e6c,CALL dword ptr [0x1002205c]
10017e6e,.text,,10017e62,FUN_10017e62,10017e62,10017e72,c,,InstructionDB,10017e6d,10017e71,MOV [0x1003a318], EAX
10017e7c,.text,,10017e73,__initp_misc_winsig,10017e73,10017e90,9,,InstructionDB,10017e7b,10017e7f,MOV [0x1003a31c], EAX
10017e81,.text,,10017e73,__initp_misc_winsig,10017e73,10017e90,e,,InstructionDB,10017e80,10017e84,MOV [0x1003a320], EAX
10017e86,.text,,10017e73,__initp_misc_winsig,10017e73,10017e90,13,,InstructionDB,10017e85,10017e89,MOV [0x1003a324], EAX
10017e8b,.text,,10017e73,__initp_misc_winsig,10017e73,10017e90,18,,InstructionDB,10017e8a,10017e8e,MOV [0x1003a328], EAX
10017e9b,.text,,10017e91,siglookup,10017e91,10017ec7,a,,InstructionDB,10017e99,10017e9e,MOV ECX, dword ptr [0x1002280c]
10017eca,.text,,10017ec8,FUN_10017ec8,10017ec8,10017ed4,2,,InstructionDB,10017ec8,10017ecd,PUSH dword ptr [0x1003a324]
10017ed0,.text,,10017ec8,FUN_10017ec8,10017ec8,10017ed4,8,,InstructionDB,10017ece,10017ed3,CALL dword ptr [0x10022060]
10017ed8,.text,,10017ed5,_raise,10017ed5,10018077,3,,InstructionDB,10017ed7,10017edb,PUSH 0x100284a0
10017f1f,.text,,10017ed5,_raise,10017ed5,10018077,4a,,InstructionDB,10017f1e,10017f22,MOV ESI, 0x1003a31c
10017f24,.text,,10017ed5,_raise,10017ed5,10018077,4f,,InstructionDB,10017f23,10017f27,MOV EAX, [0x1003a31c]
10017f5e,.text,,10017ed5,_raise,10017ed5,10018077,89,,InstructionDB,10017f5d,10017f61,MOV ESI, 0x1003a324
10017f63,.text,,10017ed5,_raise,10017ed5,10018077,8e,,InstructionDB,10017f62,10017f66,MOV EAX, [0x1003a324]
10017f6a,.text,,10017ed5,_raise,10017ed5,10018077,95,,InstructionDB,10017f69,10017f6d,MOV ESI, 0x1003a320
10017f6f,.text,,10017ed5,_raise,10017ed5,10018077,9a,,InstructionDB,10017f6e,10017f72,MOV EAX, [0x1003a320]
10017f76,.text,,10017ed5,_raise,10017ed5,10018077,a1,,InstructionDB,10017f75,10017f79,MOV ESI, 0x1003a328
10017f7b,.text,,10017ed5,_raise,10017ed5,10018077,a6,,InstructionDB,10017f7a,10017f7e,MOV EAX, [0x1003a328]
10017f89,.text,,10017ed5,_raise,10017ed5,10018077,b4,,InstructionDB,10017f87,10017f8c,CALL dword ptr [0x10022060]
10017fea,.text,,10017ed5,_raise,10017ed5,10018077,115,,InstructionDB,10017fe8,10017fed,MOV ECX, dword ptr [0x10022800]
10017ff3,.text,,10017ed5,_raise,10017ed5,10018077,11e,,InstructionDB,10017ff1,10017ff6,MOV ECX, dword ptr [0x10022804]
10017ff9,.text,,10017ed5,_raise,10017ed5,10018077,124,,InstructionDB,10017ff7,10017ffc,ADD ECX, dword ptr [0x10022800]
10018081,.text,,10018078,FUN_10018078,10018078,10018086,9,,InstructionDB,10018080,10018084,MOV [0x1003a330], EAX
10018128,.text,,10018120,__IsNonwritableInCurrentImage,10018120,100181db,8,,InstructionDB,10018127,1001812b,PUSH 0x100284c0
1001812d,.text,,10018120,__IsNonwritableInCurrentImage,10018120,100181db,d,,InstructionDB,1001812c,10018130,PUSH 0x10012e90
1001813f,.text,,10018120,__IsNonwritableInCurrentImage,10018120,100181db,1f,,InstructionDB,1001813e,10018142,MOV EAX, [0x10029490]
1001815d,.text,,10018120,__IsNonwritableInCurrentImage,10018120,100181db,3d,,InstructionDB,1001815c,10018160,PUSH 0x10000000
10018171,.text,,10018120,__IsNonwritableInCurrentImage,10018120,100181db,51,,InstructionDB,10018170,10018174,SUB EAX, 0x10000000
10018177,.text,,10018120,__IsNonwritableInCurrentImage,10018120,100181db,57,,InstructionDB,10018176,1001817a,PUSH 0x10000000
100181df,.text,,100181dc,__fcloseall,100181dc,1001826e,3,,InstructionDB,100181de,100181e2,PUSH 0x100284e0
10018200,.text,,100181dc,__fcloseall,100181dc,1001826e,24,,InstructionDB,100181fe,10018203,CMP EDI, dword ptr [0x1003d540]
10018209,.text,,100181dc,__fcloseall,100181dc,1001826e,2d,,InstructionDB,10018208,1001820c,MOV EAX, [0x1003c520]
10018230,.text,,100181dc,__fcloseall,100181dc,1001826e,54,,InstructionDB,1001822f,10018233,MOV EAX, [0x1003c520]
1001823d,.text,,100181dc,__fcloseall,100181dc,1001826e,61,,InstructionDB,1001823b,10018240,CALL dword ptr [0x100220b4]
10018242,.text,,100181dc,__fcloseall,100181dc,1001826e,66,,InstructionDB,10018241,10018245,MOV EAX, [0x1003c520]
10018250,.text,,100181dc,__fcloseall,100181dc,1001826e,74,,InstructionDB,1001824f,10018253,MOV EAX, [0x1003c520]
1001827f,.text,,10018278,__getbuf,10018278,100182c0,7,,InstructionDB,1001827d,10018282,INC dword ptr [0x10039a40]
10018465,.text,,100182c1,FUN_100182c1,100182c1,100189f3,1a4,,InstructionDB,10018463,10018468,MOV ECX, dword ptr [0x10039a0c]
100184e5,.text,,100182c1,FUN_100182c1,100182c1,100189f3,224,,InstructionDB,100184e3,100184e8,MOV EDI, dword ptr [0x10022120]
10018550,.text,,100182c1,FUN_100182c1,100182c1,100189f3,28f,,InstructionDB,1001854d,10018553,MOV EAX, dword ptr [EAX*0x4 + 0x1003c420]
10018563,.text,,100182c1,FUN_100182c1,100182c1,100189f3,2a2,,InstructionDB,10018561,10018566,CALL dword ptr [0x10022070]
10018582,.text,,100182c1,FUN_100182c1,100182c1,100189f3,2c1,,InstructionDB,10018580,10018585,CALL dword ptr [0x100220ac]
10018594,.text,,100182c1,FUN_100182c1,100182c1,100189f3,2d3,,InstructionDB,10018591,10018597,MOV EAX, dword ptr [EAX*0x4 + 0x1003c420]
100185a7,.text,,100182c1,FUN_100182c1,100182c1,100189f3,2e6,,InstructionDB,100185a5,100185aa,CALL dword ptr [0x10022070]
100185b9,.text,,100182c1,FUN_100182c1,100182c1,100189f3,2f8,,InstructionDB,100185b7,100185bc,CALL dword ptr [0x10022054]
100185f9,.text,,100182c1,FUN_100182c1,100182c1,100189f3,338,,InstructionDB,100185f6,100185fc,MOV EDX, dword ptr [EDX*0x4 + 0x1003c420]
10018619,.text,,100182c1,FUN_100182c1,100182c1,100189f3,358,,InstructionDB,10018616,1001861c,MOV EDX, dword ptr [EDX*0x4 + 0x1003c420]
100188ed,.text,,100182c1,FUN_100182c1,100182c1,100189f3,62c,,InstructionDB,100188ea,100188f0,MOV ECX, dword ptr [ECX*0x4 + 0x1003c420]
1001890f,.text,,100182c1,FUN_100182c1,100182c1,100189f3,64e,,InstructionDB,1001890c,10018912,MOV ECX, dword ptr [ECX*0x4 + 0x1003c420]
10018948,.text,,100182c1,FUN_100182c1,100182c1,100189f3,687,,InstructionDB,10018945,1001894b,MOV ECX, dword ptr [ECX*0x4 + 0x1003c420]
1001896f,.text,,100182c1,FUN_100182c1,100182c1,100189f3,6ae,,InstructionDB,1001896d,10018972,CALL dword ptr [0x10022054]
1001898f,.text,,100182c1,FUN_100182c1,100182c1,100189f3,6ce,,InstructionDB,1001898d,10018992,CALL dword ptr [0x10022120]
10018999,.text,,100182c1,FUN_100182c1,100182c1,100189f3,6d8,,InstructionDB,10018997,1001899c,CALL dword ptr [0x10022070]
100189b0,.text,,100182c1,FUN_100182c1,100182c1,100189f3,6ef,,InstructionDB,100189ad,100189b3,MOV ECX, dword ptr [ECX*0x4 + 0x1003c420]
100189d5,.text,,100182c1,FUN_100182c1,100182c1,100189f3,714,,InstructionDB,100189d2,100189d8,MOV ECX, dword ptr [ECX*0x4 + 0x1003c420]
100189f8,.text,,100189f5,FID_conflict:__sopen_helper,100189f5,10018a85,3,,InstructionDB,100189f7,100189fb,PUSH 0x10028500
10018aa5,.text,,10018a8b,FUN_10018a8b,10018a8b,10018ab8,1a,,InstructionDB,10018aa2,10018aa8,MOV ECX, dword ptr [ECX*0x4 + 0x1003c420]
10018e6c,.text,,10018e60,__global_unwind2,10018e60,10018e7f,c,,InstructionDB,10018e6b,10018e6f,PUSH 0x10018e78
10018ed1,.text,,10018ec5,__local_unwind2,10018ec5,10018f48,c,,InstructionDB,10018ed0,10018ed4,PUSH 0x10018e80
10018edd,.text,,10018ec5,__local_unwind2,10018ec5,10018f48,18,,InstructionDB,10018edc,10018ee0,MOV EAX, [0x10029490]
10018f55,.text,,,,,,,,DataDB,10018f55,10018f55,
10018f6f,.text,,10018f6c,__NLG_Notify1,10018f6c,10018f74,3,,InstructionDB,10018f6e,10018f72,MOV EBX, 0x10029e90
10018f78,.text,,10018f75,__NLG_Notify,10018f75,10018f93,3,,InstructionDB,10018f77,10018f7b,MOV EBX, 0x10029e90
10018fa7,.text,,10018f97,__set_osfhnd,10018f97,10019017,10,,InstructionDB,10018fa5,10018faa,CMP EAX, dword ptr [0x1003c418]
10018fba,.text,,10018f97,__set_osfhnd,10018f97,10019017,23,,InstructionDB,10018fb7,10018fbd,LEA EDI, [ECX*0x4 + 0x1003c420]
10018fcb,.text,,10018f97,__set_osfhnd,10018f97,10019017,34,,InstructionDB,10018fc9,10018fcf,CMP dword ptr [0x10039a00], 0x1
10018ff0,.text,,10018f97,__set_osfhnd,10018f97,10019017,59,,InstructionDB,10018fee,10018ff3,CALL dword ptr [0x10022124]
1001902b,.text,,10019018,__free_osfhnd,10019018,1001909d,13,,InstructionDB,10019029,1001902e,CMP ECX, dword ptr [0x1003c418]
1001903e,.text,,10019018,__free_osfhnd,10019018,1001909d,26,,InstructionDB,1001903b,10019041,LEA EDI, [EAX*0x4 + 0x1003c420]
10019056,.text,,10019018,__free_osfhnd,10019018,1001909d,3e,,InstructionDB,10019054,1001905a,CMP dword ptr [0x10039a00], 0x1
10019076,.text,,10019018,__free_osfhnd,10019018,1001909d,5e,,InstructionDB,10019074,10019079,CALL dword ptr [0x10022124]
100190c9,.text,,1001909e,__get_osfhandle,1001909e,10019106,2b,,InstructionDB,100190c7,100190cc,CMP EAX, dword ptr [0x1003c418]
100190f1,.text,,1001909e,__get_osfhandle,1001909e,10019106,53,,InstructionDB,100190ee,100190f4,MOV ECX, dword ptr [ECX*0x4 + 0x1003c420]
1001910a,.text,,10019107,___lock_fhandle,10019107,10019197,3,,InstructionDB,10019109,1001910d,PUSH 0x10028520
10019126,.text,,10019107,___lock_fhandle,10019107,10019197,1f,,InstructionDB,10019123,10019129,ADD ESI, dword ptr [EAX*0x4 + 0x1003c420]
10019153,.text,,10019107,___lock_fhandle,10019107,10019197,4c,,InstructionDB,10019151,10019156,CALL dword ptr [0x100220a8]
10019180,.text,,10019107,___lock_fhandle,10019107,10019197,79,,InstructionDB,1001917d,10019183,MOV EAX, dword ptr [EAX*0x4 + 0x1003c420]
1001918b,.text,,10019107,___lock_fhandle,10019107,10019197,84,,InstructionDB,10019189,1001918e,CALL dword ptr [0x10022098]
100191b9,.text,,100191a6,__unlock_fhandle,100191a6,100191cc,13,,InstructionDB,100191b6,100191bc,MOV ECX, dword ptr [ECX*0x4 + 0x1003c420]
100191c7,.text,,100191a6,__unlock_fhandle,100191a6,100191cc,21,,InstructionDB,100191c5,100191ca,CALL dword ptr [0x1002209c]
100191d0,.text,,100191cd,__alloc_osfhnd,100191cd,1001935c,3,,InstructionDB,100191cf,100191d3,PUSH 0x10028540
10019210,.text,,100191cd,__alloc_osfhnd,100191cd,1001935c,43,,InstructionDB,1001920d,10019213,MOV ESI, dword ptr [EDI*0x4 + 0x1003c420]
10019222,.text,,100191cd,__alloc_osfhnd,100191cd,1001935c,55,,InstructionDB,1001921f,10019225,MOV EAX, dword ptr [EDI*0x4 + 0x1003c420]
1001925e,.text,,100191cd,__alloc_osfhnd,100191cd,1001935c,91,,InstructionDB,1001925c,10019261,CALL dword ptr [0x100220a8]
10019283,.text,,100191cd,__alloc_osfhnd,100191cd,1001935c,b6,,InstructionDB,10019281,10019286,CALL dword ptr [0x10022098]
10019290,.text,,100191cd,__alloc_osfhnd,100191cd,1001935c,c3,,InstructionDB,1001928e,10019293,CALL dword ptr [0x1002209c]
100192b8,.text,,100191cd,__alloc_osfhnd,100191cd,1001935c,eb,,InstructionDB,100192b5,100192bb,SUB ESI, dword ptr [EDI*0x4 + 0x1003c420]
100192ea,.text,,100191cd,__alloc_osfhnd,100191cd,1001935c,11d,,InstructionDB,100192e7,100192ed,LEA ECX, [EDI*0x4 + 0x1003c420]
100192f2,.text,,100191cd,__alloc_osfhnd,100191cd,1001935c,125,,InstructionDB,100192f0,100192f6,ADD dword ptr [0x1003c418], 0x20
10019330,.text,,100191cd,__alloc_osfhnd,100191cd,1001935c,163,,InstructionDB,1001932d,10019333,MOV EAX, dword ptr [EAX*0x4 + 0x1003c420]
10019376,.text,,10019366,__write_nolock,10019366,10019a62,10,,InstructionDB,10019375,10019379,MOV EAX, [0x10029490]
100193d5,.text,,10019366,__write_nolock,10019366,10019a62,6f,,InstructionDB,100193d2,100193d8,LEA EBX, [EAX*0x4 + 0x1003c420]
10019478,.text,,10019366,__write_nolock,10019366,10019a62,112,,InstructionDB,10019476,1001947b,CALL dword ptr [0x1002212c]
10019498,.text,,10019366,__write_nolock,10019366,10019a62,132,,InstructionDB,10019496,1001949b,CALL dword ptr [0x10022128]
10019588,.text,,10019366,__write_nolock,10019366,10019a62,222,,InstructionDB,10019586,1001958b,CALL dword ptr [0x100220f4]
100195b1,.text,,10019366,__write_nolock,10019366,10019a62,24b,,InstructionDB,100195af,100195b4,CALL dword ptr [0x10022110]
1001960a,.text,,10019366,__write_nolock,10019366,10019a62,2a4,,InstructionDB,10019608,1001960d,CALL dword ptr [0x10022110]
10019778,.text,,10019366,__write_nolock,10019366,10019a62,412,,InstructionDB,10019776,1001977b,CALL dword ptr [0x10022110]
10019852,.text,,10019366,__write_nolock,10019366,10019a62,4ec,,InstructionDB,10019850,10019855,CALL dword ptr [0x10022110]
10019922,.text,,10019366,__write_nolock,10019366,10019a62,5bc,,InstructionDB,10019920,10019925,CALL dword ptr [0x100220f4]
10019953,.text,,10019366,__write_nolock,10019366,10019a62,5ed,,InstructionDB,10019951,10019956,CALL dword ptr [0x10022110]
10019969,.text,,10019366,__write_nolock,10019366,10019a62,603,,InstructionDB,10019967,1001996c,CALL dword ptr [0x10022070]
100199aa,.text,,10019366,__write_nolock,10019366,10019a62,644,,InstructionDB,100199a8,100199ad,CALL dword ptr [0x10022110]
100199c9,.text,,10019366,__write_nolock,10019366,10019a62,663,,InstructionDB,100199c7,100199cc,CALL dword ptr [0x10022070]
10019a66,.text,,10019a63,__write,10019a63,10019b2b,3,,InstructionDB,10019a65,10019a69,PUSH 0x10028568
10019a98,.text,,10019a63,__write,10019a63,10019b2b,35,,InstructionDB,10019a96,10019a9b,CMP EBX, dword ptr [0x1003c418]
10019ac0,.text,,10019a63,__write,10019a63,10019b2b,5d,,InstructionDB,10019abd,10019ac3,LEA EDI, [EAX*0x4 + 0x1003c420]
10019b3a,.text,,10019b37,__commit,10019b37,10019c04,3,,InstructionDB,10019b39,10019b3d,PUSH 0x10028588
10019b64,.text,,10019b37,__commit,10019b37,10019c04,2d,,InstructionDB,10019b62,10019b67,CMP EBX, dword ptr [0x1003c418]
10019b84,.text,,10019b37,__commit,10019b37,10019c04,4d,,InstructionDB,10019b81,10019b87,LEA EDI, [EAX*0x4 + 0x1003c420]
10019bba,.text,,10019b37,__commit,10019b37,10019c04,83,,InstructionDB,10019bb8,10019bbd,CALL dword ptr [0x10022130]
10019bc4,.text,,10019b37,__commit,10019b37,10019c04,8d,,InstructionDB,10019bc2,10019bc7,CALL dword ptr [0x10022070]
10019c32,.text,,10019c10,__isatty,10019c10,10019c65,22,,InstructionDB,10019c30,10019c35,CMP EAX, dword ptr [0x1003c418]
10019c55,.text,,10019c10,__isatty,10019c10,10019c65,45,,InstructionDB,10019c52,10019c58,MOV ECX, dword ptr [ECX*0x4 + 0x1003c420]
10019c8f,.text,,10019c86,__crtLCMapStringA_stat,10019c86,10019e6c,9,,InstructionDB,10019c8e,10019c92,MOV EAX, [0x10029490]
10019cd8,.text,,10019c86,__crtLCMapStringA_stat,10019c86,10019e6c,52,,InstructionDB,10019cd6,10019cdb,MOV ESI, dword ptr [0x100220e4]
10019d71,.text,,10019c86,__crtLCMapStringA_stat,10019c86,10019e6c,eb,,InstructionDB,10019d6f,10019d74,MOV ESI, dword ptr [0x10022134]
10019e41,.text,,10019c86,__crtLCMapStringA_stat,10019c86,10019e6c,1bb,,InstructionDB,10019e3f,10019e44,CALL dword ptr [0x100220f4]
10019ebb,.text,,10019eb3,__crtGetStringTypeA_stat,10019eb3,10019f99,8,,InstructionDB,10019eba,10019ebe,MOV EAX, [0x10029490]
10019ede,.text,,10019eb3,__crtGetStringTypeA_stat,10019eb3,10019f99,2b,,InstructionDB,10019edc,10019ee1,MOV ESI, dword ptr [0x100220e4]
10019f77,.text,,10019eb3,__crtGetStringTypeA_stat,10019eb3,10019f99,c4,,InstructionDB,10019f75,10019f7a,CALL dword ptr [0x10022138]
1001a362,.text,,1001a351,___free_lconv_num,1001a351,1001a3b9,11,,InstructionDB,1001a360,1001a365,CMP EAX, dword ptr [0x10029ea8]
1001a374,.text,,1001a351,___free_lconv_num,1001a351,1001a3b9,23,,InstructionDB,1001a372,1001a377,CMP EAX, dword ptr [0x10029eac]
1001a386,.text,,1001a351,___free_lconv_num,1001a351,1001a3b9,35,,InstructionDB,1001a384,1001a389,CMP EAX, dword ptr [0x10029eb0]
1001a398,.text,,1001a351,___free_lconv_num,1001a351,1001a3b9,47,,InstructionDB,1001a396,1001a39b,CMP EAX, dword ptr [0x10029ed8]
1001a3aa,.text,,1001a351,___free_lconv_num,1001a351,1001a3b9,59,,InstructionDB,1001a3a8,1001a3ad,CMP ESI, dword ptr [0x10029edc]
1001a3d0,.text,,1001a3ba,___free_lconv_mon,1001a3ba,1001a4b7,16,,InstructionDB,1001a3ce,1001a3d3,CMP EAX, dword ptr [0x10029eb4]
1001a3e2,.text,,1001a3ba,___free_lconv_mon,1001a3ba,1001a4b7,28,,InstructionDB,1001a3e0,1001a3e5,CMP EAX, dword ptr [0x10029eb8]
1001a3f4,.text,,1001a3ba,___free_lconv_mon,1001a3ba,1001a4b7,3a,,InstructionDB,1001a3f2,1001a3f7,CMP EAX, dword ptr [0x10029ebc]
1001a406,.text,,1001a3ba,___free_lconv_mon,1001a3ba,1001a4b7,4c,,InstructionDB,1001a404,1001a409,CMP EAX, dword ptr [0x10029ec0]
1001a418,.text,,1001a3ba,___free_lconv_mon,1001a3ba,1001a4b7,5e,,InstructionDB,1001a416,1001a41b,CMP EAX, dword ptr [0x10029ec4]
1001a42a,.text,,1001a3ba,___free_lconv_mon,1001a3ba,1001a4b7,70,,InstructionDB,1001a428,1001a42d,CMP EAX, dword ptr [0x10029ec8]
1001a43c,.text,,1001a3ba,___free_lconv_mon,1001a3ba,1001a4b7,82,,InstructionDB,1001a43a,1001a43f,CMP EAX, dword ptr [0x10029ecc]
1001a44e,.text,,1001a3ba,___free_lconv_mon,1001a3ba,1001a4b7,94,,InstructionDB,1001a44c,1001a451,CMP EAX, dword ptr [0x10029ee0]
1001a460,.text,,1001a3ba,___free_lconv_mon,1001a3ba,1001a4b7,a6,,InstructionDB,1001a45e,1001a463,CMP EAX, dword ptr [0x10029ee4]
1001a472,.text,,1001a3ba,___free_lconv_mon,1001a3ba,1001a4b7,b8,,InstructionDB,1001a470,1001a475,CMP EAX, dword ptr [0x10029ee8]
1001a484,.text,,1001a3ba,___free_lconv_mon,1001a3ba,1001a4b7,ca,,InstructionDB,1001a482,1001a487,CMP EAX, dword ptr [0x10029eec]
1001a496,.text,,1001a3ba,___free_lconv_mon,1001a3ba,1001a4b7,dc,,InstructionDB,1001a494,1001a499,CMP EAX, dword ptr [0x10029ef0]
1001a4a8,.text,,1001a3ba,___free_lconv_mon,1001a3ba,1001a4b7,ee,,InstructionDB,1001a4a6,1001a4ab,CMP ESI, dword ptr [0x10029ef4]
1001a644,.text,,1001a600,__lseeki64_nolock,1001a600,1001a684,44,,InstructionDB,1001a642,1001a647,CALL dword ptr [0x100220ec]
1001a651,.text,,1001a600,__lseeki64_nolock,1001a600,1001a684,51,,InstructionDB,1001a64f,1001a654,CALL dword ptr [0x10022070]
1001a66a,.text,,1001a600,__lseeki64_nolock,1001a600,1001a684,6a,,InstructionDB,1001a667,1001a66d,MOV EAX, dword ptr [EAX*0x4 + 0x1003c420]
1001a688,.text,,1001a685,__lseeki64,1001a685,1001a764,3,,InstructionDB,1001a687,1001a68b,PUSH 0x100285a8
1001a6c4,.text,,1001a685,__lseeki64,1001a685,1001a764,3f,,InstructionDB,1001a6c2,1001a6c7,CMP EAX, dword ptr [0x1003c418]
1001a6ec,.text,,1001a685,__lseeki64,1001a685,1001a764,67,,InstructionDB,1001a6e9,1001a6ef,LEA EDI, [ECX*0x4 + 0x1003c420]
1001a770,.text,,1001a76f,__get_printf_count_output,1001a76f,1001a784,1,,InstructionDB,1001a76f,1001a773,MOV EAX, [0x10029490]
1001a77b,.text,,1001a76f,__get_printf_count_output,1001a76f,1001a784,c,,InstructionDB,1001a779,1001a77e,CMP dword ptr [0x1003a37c], EAX
1001a88f,.text,,1001a785,__wctomb_s_l,1001a785,1001a8d9,10a,,InstructionDB,1001a88d,1001a892,CALL dword ptr [0x100220f4]
1001a8ad,.text,,1001a785,__wctomb_s_l,1001a785,1001a8d9,128,,InstructionDB,1001a8ab,1001a8b0,CALL dword ptr [0x10022070]
1001aac3,.text,,1001aaba,___crtMessageBoxW,1001aaba,1001ac25,9,,InstructionDB,1001aac2,1001aac6,MOV EAX, [0x10029490]
1001aae6,.text,,1001aaba,___crtMessageBoxW,1001aaba,1001ac25,2c,,InstructionDB,1001aae4,1001aaea,CMP dword ptr [0x1003a380], 0x0
1001aaf1,.text,,1001aaba,___crtMessageBoxW,1001aaba,1001ac25,37,,InstructionDB,1001aaf0,1001aaf4,PUSH 0x100241f0
1001aaf7,.text,,1001aaba,___crtMessageBoxW,1001aaba,1001ac25,3d,,InstructionDB,1001aaf5,1001aafa,CALL dword ptr [0x1002211c]
1001ab07,.text,,1001aaba,___crtMessageBoxW,1001aaba,1001ac25,4d,,InstructionDB,1001ab05,1001ab0a,MOV EDI, dword ptr [0x10022090]
1001ab0c,.text,,1001aaba,___crtMessageBoxW,1001aaba,1001ac25,52,,InstructionDB,1001ab0b,1001ab0f,PUSH 0x100241e4
1001ab1d,.text,,1001aaba,___crtMessageBoxW,1001aaba,1001ac25,63,,InstructionDB,1001ab1b,1001ab20,MOV ESI, dword ptr [0x1002205c]
1001ab25,.text,,1001aaba,___crtMessageBoxW,1001aaba,1001ac25,6b,,InstructionDB,1001ab24,1001ab28,PUSH 0x100241d4
1001ab2b,.text,,1001aaba,___crtMessageBoxW,1001aaba,1001ac25,71,,InstructionDB,1001ab2a,1001ab2e,MOV [0x1003a380], EAX
1001ab35,.text,,1001aaba,___crtMessageBoxW,1001aaba,1001ac25,7b,,InstructionDB,1001ab34,1001ab38,PUSH 0x100241c0
1001ab3b,.text,,1001aaba,___crtMessageBoxW,1001aaba,1001ac25,81,,InstructionDB,1001ab3a,1001ab3e,MOV [0x1003a384], EAX
1001ab45,.text,,1001aaba,___crtMessageBoxW,1001aaba,1001ac25,8b,,InstructionDB,1001ab44,1001ab48,PUSH 0x100241a4
1001ab4b,.text,,1001aaba,___crtMessageBoxW,1001aaba,1001ac25,91,,InstructionDB,1001ab4a,1001ab4e,MOV [0x1003a388], EAX
1001ab55,.text,,1001aaba,___crtMessageBoxW,1001aaba,1001ac25,9b,,InstructionDB,1001ab54,1001ab58,MOV [0x1003a390], EAX
1001ab5e,.text,,1001aaba,___crtMessageBoxW,1001aaba,1001ac25,a4,,InstructionDB,1001ab5d,1001ab61,PUSH 0x1002418c
1001ab69,.text,,1001aaba,___crtMessageBoxW,1001aaba,1001ac25,af,,InstructionDB,1001ab68,1001ab6c,MOV [0x1003a38c], EAX
1001ab6e,.text,,1001aaba,___crtMessageBoxW,1001aaba,1001ac25,b4,,InstructionDB,1001ab6d,1001ab71,MOV EAX, [0x1003a38c]
1001ab77,.text,,1001aaba,___crtMessageBoxW,1001aaba,1001ac25,bd,,InstructionDB,1001ab75,1001ab7a,MOV ESI, dword ptr [0x10022060]
1001ab81,.text,,1001aaba,___crtMessageBoxW,1001aaba,1001ac25,c7,,InstructionDB,1001ab7f,1001ab84,CMP dword ptr [0x1003a390], ECX
1001ab8c,.text,,1001aaba,___crtMessageBoxW,1001aaba,1001ac25,d2,,InstructionDB,1001ab8a,1001ab8f,PUSH dword ptr [0x1003a390]
1001abc7,.text,,1001aaba,___crtMessageBoxW,1001aaba,1001ac25,10d,,InstructionDB,1001abc6,1001abca,MOV EAX, [0x1003a384]
1001abe1,.text,,1001aaba,___crtMessageBoxW,1001aaba,1001ac25,127,,InstructionDB,1001abe0,1001abe4,MOV EAX, [0x1003a388]
1001abfb,.text,,1001aaba,___crtMessageBoxW,1001aaba,1001ac25,141,,InstructionDB,1001abf9,1001abfe,PUSH dword ptr [0x1003a380]
1001adfd,.text,,1001ade6,__set_error_mode,1001ade6,1001ae24,17,,InstructionDB,1001adfc,1001ae00,MOV EAX, [0x100399fc]
1001ae04,.text,,1001ade6,__set_error_mode,1001ade6,1001ae24,1e,,InstructionDB,1001ae03,1001ae07,MOV EAX, [0x100399fc]
1001ae0a,.text,,1001ade6,__set_error_mode,1001ade6,1001ae24,24,,InstructionDB,1001ae08,1001ae0d,MOV dword ptr [0x100399fc], ECX
1001ae31,.text,,1001ae25,___report_gsfailure,1001ae25,1001af2a,c,,InstructionDB,1001ae30,1001ae34,MOV [0x1003a4a0], EAX
1001ae37,.text,,1001ae25,___report_gsfailure,1001ae25,1001af2a,12,,InstructionDB,1001ae35,1001ae3a,MOV dword ptr [0x1003a49c], ECX
1001ae3d,.text,,1001ae25,___report_gsfailure,1001ae25,1001af2a,18,,InstructionDB,1001ae3b,1001ae40,MOV dword ptr [0x1003a498], EDX
1001ae43,.text,,1001ae25,___report_gsfailure,1001ae25,1001af2a,1e,,InstructionDB,1001ae41,1001ae46,MOV dword ptr [0x1003a494], EBX
1001ae49,.text,,1001ae25,___report_gsfailure,1001ae25,1001af2a,24,,InstructionDB,1001ae47,1001ae4c,MOV dword ptr [0x1003a490], ESI
1001ae4f,.text,,1001ae25,___report_gsfailure,1001ae25,1001af2a,2a,,InstructionDB,1001ae4d,1001ae52,MOV dword ptr [0x1003a48c], EDI
1001ae56,.text,,1001ae25,___report_gsfailure,1001ae25,1001af2a,31,,InstructionDB,1001ae53,1001ae59,MOV word ptr [0x1003a4b8], SS
1001ae5d,.text,,1001ae25,___report_gsfailure,1001ae25,1001af2a,38,,InstructionDB,1001ae5a,1001ae60,MOV word ptr [0x1003a4ac], CS
1001ae64,.text,,1001ae25,___report_gsfailure,1001ae25,1001af2a,3f,,InstructionDB,1001ae61,1001ae67,MOV word ptr [0x1003a488], DS
1001ae6b,.text,,1001ae25,___report_gsfailure,1001ae25,1001af2a,46,,InstructionDB,1001ae68,1001ae6e,MOV word ptr [0x1003a484], ES
1001ae72,.text,,1001ae25,___report_gsfailure,1001ae25,1001af2a,4d,,InstructionDB,1001ae6f,1001ae75,MOV word ptr [0x1003a480], FS
1001ae79,.text,,1001ae25,___report_gsfailure,1001ae25,1001af2a,54,,InstructionDB,1001ae76,1001ae7c,MOV word ptr [0x1003a47c], GS
1001ae80,.text,,1001ae25,___report_gsfailure,1001ae25,1001af2a,5b,,InstructionDB,1001ae7e,1001ae83,POP dword ptr [0x1003a4b0]
1001ae88,.text,,1001ae25,___report_gsfailure,1001ae25,1001af2a,63,,InstructionDB,1001ae87,1001ae8b,MOV [0x1003a4a4], EAX
1001ae90,.text,,1001ae25,___report_gsfailure,1001ae25,1001af2a,6b,,InstructionDB,1001ae8f,1001ae93,MOV [0x1003a4a8], EAX
1001ae98,.text,,1001ae25,___report_gsfailure,1001ae25,1001af2a,73,,InstructionDB,1001ae97,1001ae9b,MOV [0x1003a4b4], EAX
1001aea4,.text,,1001ae25,___report_gsfailure,1001ae25,1001af2a,7f,,InstructionDB,1001aea2,1001aeab,MOV dword ptr [0x1003a3f0], 0x10001
1001aead,.text,,1001ae25,___report_gsfailure,1001ae25,1001af2a,88,,InstructionDB,1001aeac,1001aeb0,MOV EAX, [0x1003a4a8]
1001aeb2,.text,,1001ae25,___report_gsfailure,1001ae25,1001af2a,8d,,InstructionDB,1001aeb1,1001aeb5,MOV [0x1003a3a4], EAX
1001aeb8,.text,,1001ae25,___report_gsfailure,1001ae25,1001af2a,93,,InstructionDB,1001aeb6,1001aebf,MOV dword ptr [0x1003a398], 0xc0000409
1001aec2,.text,,1001ae25,___report_gsfailure,1001ae25,1001af2a,9d,,InstructionDB,1001aec0,1001aec9,MOV dword ptr [0x1003a39c], 0x1
1001aecb,.text,,1001ae25,___report_gsfailure,1001ae25,1001af2a,a6,,InstructionDB,1001aeca,1001aece,MOV EAX, [0x10029490]
1001aed6,.text,,1001ae25,___report_gsfailure,1001ae25,1001af2a,b1,,InstructionDB,1001aed5,1001aed9,MOV EAX, [0x10029494]
1001aee2,.text,,1001ae25,___report_gsfailure,1001ae25,1001af2a,bd,,InstructionDB,1001aee0,1001aee5,CALL dword ptr [0x1002207c]
1001aee7,.text,,1001ae25,___report_gsfailure,1001ae25,1001af2a,c2,,InstructionDB,1001aee6,1001aeea,MOV [0x1003a3e8], EAX
1001aef7,.text,,1001ae25,___report_gsfailure,1001ae25,1001af2a,d2,,InstructionDB,1001aef5,1001aefa,CALL dword ptr [0x10022078]
1001aefc,.text,,1001ae25,___report_gsfailure,1001ae25,1001af2a,d7,,InstructionDB,1001aefb,1001aeff,PUSH 0x10024208
1001af02,.text,,1001ae25,___report_gsfailure,1001ae25,1001af2a,dd,,InstructionDB,1001af00,1001af05,CALL dword ptr [0x10022074]
1001af08,.text,,1001ae25,___report_gsfailure,1001ae25,1001af2a,e3,,InstructionDB,1001af06,1001af0c,CMP dword ptr [0x1003a3e8], 0x0
1001af1e,.text,,1001ae25,___report_gsfailure,1001ae25,1001af2a,f9,,InstructionDB,1001af1c,1001af21,CALL dword ptr [0x10022084]
1001af25,.text,,1001ae25,___report_gsfailure,1001ae25,1001af2a,100,,InstructionDB,1001af23,1001af28,CALL dword ptr [0x10022080]
1001af9f,.text,,1001af34,__chsize_nolock,1001af34,1001b0e9,6b,,InstructionDB,1001af9d,1001afa2,CALL dword ptr [0x1002200c]
1001afa6,.text,,1001af34,__chsize_nolock,1001af34,1001b0e9,72,,InstructionDB,1001afa4,1001afa9,CALL dword ptr [0x10022040]
1001b022,.text,,1001af34,__chsize_nolock,1001af34,1001b0e9,ee,,InstructionDB,1001b020,1001b025,CALL dword ptr [0x1002200c]
1001b029,.text,,1001af34,__chsize_nolock,1001af34,1001b0e9,f5,,InstructionDB,1001b027,1001b02c,CALL dword ptr [0x10022044]
1001b084,.text,,1001af34,__chsize_nolock,1001af34,1001b0e9,150,,InstructionDB,1001b082,1001b087,CALL dword ptr [0x10022010]
1001b0b1,.text,,1001af34,__chsize_nolock,1001af34,1001b0e9,17d,,InstructionDB,1001b0af,1001b0b4,CALL dword ptr [0x10022070]
1001b0ff,.text,,1001b0ea,__setmode_nolock,1001b0ea,1001b1a4,15,,InstructionDB,1001b0fc,1001b102,LEA EDX, [EAX*0x4 + 0x1003c420]
1001b1c8,.text,,1001b1a5,FUN_1001b1a5,1001b1a5,1001b1d1,23,,InstructionDB,1001b1c6,1001b1cb,MOV ECX, dword ptr [0x1003a6bc]
1001b1da,.text,,1001b1d2,__putwch_nolock,1001b1d2,1001b213,8,,InstructionDB,1001b1d8,1001b1de,CMP dword ptr [0x10029f10], -0x2
1001b1e7,.text,,1001b1d2,__putwch_nolock,1001b1d2,1001b213,15,,InstructionDB,1001b1e6,1001b1ea,MOV EAX, [0x10029f10]
1001b206,.text,,1001b1d2,__putwch_nolock,1001b1d2,1001b213,34,,InstructionDB,1001b204,1001b209,CALL dword ptr [0x10022008]
1001b28b,.text,,1001b27c,___initconout,1001b27c,1001b29a,f,,InstructionDB,1001b28a,1001b28e,PUSH 0x10024210
1001b291,.text,,1001b27c,___initconout,1001b27c,1001b29a,15,,InstructionDB,1001b28f,1001b294,CALL dword ptr [0x10022004]
1001b296,.text,,1001b27c,___initconout,1001b27c,1001b29a,1a,,InstructionDB,1001b295,1001b299,MOV [0x10029f10], EAX
1001b29c,.text,,1001b29b,FUN_1001b29b,1001b29b,1001b2b1,1,,InstructionDB,1001b29b,1001b29f,MOV EAX, [0x10029f10]
1001b2ad,.text,,1001b29b,FUN_1001b29b,1001b29b,1001b2b1,12,,InstructionDB,1001b2ab,1001b2b0,CALL dword ptr [0x10022054]
1001b2b4,.text,,1001b2b2,RtlUnwind,1001b2b2,1001b2b7,2,,InstructionDB,1001b2b2,1001b2b7,JMP dword ptr [0x100220b8]
1001b2b9,.text,,1001b2b8,__cfltcvt_init,1001b2b8,1001b317,1,,InstructionDB,1001b2b8,1001b2bc,MOV EAX, 0x1001c595
1001b2be,.text,,1001b2b8,__cfltcvt_init,1001b2b8,1001b317,6,,InstructionDB,1001b2bd,1001b2c1,MOV [0x10029d40], EAX
1001b2c4,.text,,1001b2b8,__cfltcvt_init,1001b2b8,1001b317,c,,InstructionDB,1001b2c2,1001b2cb,MOV dword ptr [0x10029d44], 0x1001bc8b
1001b2c8,.text,,1001b2b8,__cfltcvt_init,1001b2b8,1001b317,10,,InstructionDB,1001b2c2,1001b2cb,MOV dword ptr [0x10029d44], 0x1001bc8b
1001b2ce,.text,,1001b2b8,__cfltcvt_init,1001b2b8,1001b317,16,,InstructionDB,1001b2cc,1001b2d5,MOV dword ptr [0x10029d48], 0x1001bc3f
1001b2d2,.text,,1001b2b8,__cfltcvt_init,1001b2b8,1001b317,1a,,InstructionDB,1001b2cc,1001b2d5,MOV dword ptr [0x10029d48], 0x1001bc3f
1001b2d8,.text,,1001b2b8,__cfltcvt_init,1001b2b8,1001b317,20,,InstructionDB,1001b2d6,1001b2df,MOV dword ptr [0x10029d4c], 0x1001bc78
1001b2dc,.text,,1001b2b8,__cfltcvt_init,1001b2b8,1001b317,24,,InstructionDB,1001b2d6,1001b2df,MOV dword ptr [0x10029d4c], 0x1001bc78
1001b2e2,.text,,1001b2b8,__cfltcvt_init,1001b2b8,1001b317,2a,,InstructionDB,1001b2e0,1001b2e9,MOV dword ptr [0x10029d50], 0x1001bbe1
1001b2e6,.text,,1001b2b8,__cfltcvt_init,1001b2b8,1001b317,2e,,InstructionDB,1001b2e0,1001b2e9,MOV dword ptr [0x10029d50], 0x1001bbe1
1001b2eb,.text,,1001b2b8,__cfltcvt_init,1001b2b8,1001b317,33,,InstructionDB,1001b2ea,1001b2ee,MOV [0x10029d54], EAX
1001b2f1,.text,,1001b2b8,__cfltcvt_init,1001b2b8,1001b317,39,,InstructionDB,1001b2ef,1001b2f8,MOV dword ptr [0x10029d58], 0x1001c50d
1001b2f5,.text,,1001b2b8,__cfltcvt_init,1001b2b8,1001b317,3d,,InstructionDB,1001b2ef,1001b2f8,MOV dword ptr [0x10029d58], 0x1001c50d
1001b2fb,.text,,1001b2b8,__cfltcvt_init,1001b2b8,1001b317,43,,InstructionDB,1001b2f9,1001b302,MOV dword ptr [0x10029d5c], 0x1001bbfd
1001b2ff,.text,,1001b2b8,__cfltcvt_init,1001b2b8,1001b317,47,,InstructionDB,1001b2f9,1001b302,MOV dword ptr [0x10029d5c], 0x1001bbfd
1001b305,.text,,1001b2b8,__cfltcvt_init,1001b2b8,1001b317,4d,,InstructionDB,1001b303,1001b30c,MOV dword ptr [0x10029d60], 0x1001bb5f
1001b309,.text,,1001b2b8,__cfltcvt_init,1001b2b8,1001b317,51,,InstructionDB,1001b303,1001b30c,MOV dword ptr [0x10029d60], 0x1001bb5f
1001b30f,.text,,1001b2b8,__cfltcvt_init,1001b2b8,1001b317,57,,InstructionDB,1001b30d,1001b316,MOV dword ptr [0x10029d64], 0x1001baeb
1001b313,.text,,1001b2b8,__cfltcvt_init,1001b2b8,1001b317,5b,,InstructionDB,1001b30d,1001b316,MOV dword ptr [0x10029d64], 0x1001baeb
1001b342,.text,,,,,,,,DataDB,1001b342,1001b342,
1001b382,.text,,1001b380,FUN_1001b380,1001b380,1001b3ce,2,,InstructionDB,1001b380,1001b386,CMP dword ptr [0x1003c40c], 0x0
1001b3e9,.text,,1001b3d8,FUN_1001b3d8,1001b3d8,1001b468,11,,InstructionDB,1001b3e7,1001b3ec,FLDCW word ptr [0x100258e8]
1001b3f7,.text,,1001b3d8,FUN_1001b3d8,1001b3d8,1001b468,1f,,InstructionDB,1001b3f5,1001b3fb,CMP dword ptr [0x1003c404], 0x0
1001b409,.text,,1001b3d8,FUN_1001b3d8,1001b3d8,1001b468,31,,InstructionDB,1001b407,1001b40c,LEA ECX, [0x10039570]
1001b414,.text,,1001b3d8,FUN_1001b3d8,1001b3d8,1001b468,3c,,InstructionDB,1001b412,1001b417,FLD extended double ptr [0x100258ea]
1001b441,.text,,1001b3d8,FUN_1001b3d8,1001b3d8,1001b468,69,,InstructionDB,1001b43f,1001b444,FLD extended double ptr [0x100258b0]
1001b44c,.text,,1001b3d8,FUN_1001b3d8,1001b3d8,1001b468,74,,InstructionDB,1001b44a,1001b450,CMP dword ptr [0x1003c404], 0x0
1001b45e,.text,,1001b3d8,FUN_1001b3d8,1001b3d8,1001b468,86,,InstructionDB,1001b45c,1001b461,LEA ECX, [0x10039570]
1001b472,.text,,,,,,,,DataDB,1001b472,1001b472,
1001b4b2,.text,,1001b4b0,FUN_1001b4b0,1001b4b0,1001b4fe,2,,InstructionDB,1001b4b0,1001b4b6,CMP dword ptr [0x1003c40c], 0x0
1001b519,.text,,1001b508,FUN_1001b508,1001b508,1001b598,11,,InstructionDB,1001b517,1001b51c,FLDCW word ptr [0x100258e8]
1001b527,.text,,1001b508,FUN_1001b508,1001b508,1001b598,1f,,InstructionDB,1001b525,1001b52b,CMP dword ptr [0x1003c404], 0x0
1001b539,.text,,1001b508,FUN_1001b508,1001b508,1001b598,31,,InstructionDB,1001b537,1001b53c,LEA ECX, [0x10039580]
1001b544,.text,,1001b508,FUN_1001b508,1001b508,1001b598,3c,,InstructionDB,1001b542,1001b547,FLD extended double ptr [0x100258ea]
1001b571,.text,,1001b508,FUN_1001b508,1001b508,1001b598,69,,InstructionDB,1001b56f,1001b574,FLD extended double ptr [0x100258b0]
1001b57c,.text,,1001b508,FUN_1001b508,1001b508,1001b598,74,,InstructionDB,1001b57a,1001b580,CMP dword ptr [0x1003c404], 0x0
1001b58e,.text,,1001b508,FUN_1001b508,1001b508,1001b598,86,,InstructionDB,1001b58c,1001b591,LEA ECX, [0x10039580]
1001b5e0,.text,,1001b5bd,FUN_1001b5bd,1001b5bd,1001ca3a,23,,InstructionDB,1001b5de,1001b5e4,CMP dword ptr [0x1003c404], 0x0
1001b5f2,.text,,1001b5bd,FUN_1001b5bd,1001b5bd,1001ca3a,35,,InstructionDB,1001b5f0,1001b5f5,LEA ECX, [0x10039590]
1001b632,.text,,1001b5bd,FUN_1001b5bd,1001b5bd,1001ca3a,75,,InstructionDB,1001b630,1001b635,FLD extended double ptr [0x100258b0]
1001b63d,.text,,1001b5bd,FUN_1001b5bd,1001b5bd,1001ca3a,80,,InstructionDB,1001b63b,1001b641,CMP dword ptr [0x1003c404], 0x0
1001b64f,.text,,1001b5bd,FUN_1001b5bd,1001b5bd,1001ca3a,92,,InstructionDB,1001b64d,1001b652,LEA ECX, [0x10039590]
1001b6aa,.text,,1001b693,_UnwindNestedFrames,1001b693,1001b6e6,17,,InstructionDB,1001b6a7,1001b6ad,MOV dword ptr [EBP + -0x8], 0x1001b6be
1001b763,.text,,1001b750,_CallSETranslator,1001b750,1001b826,13,,InstructionDB,1001b762,1001b766,MOV EAX, 0x1001b7fb
1001b77b,.text,,1001b750,_CallSETranslator,1001b750,1001b826,2b,,InstructionDB,1001b778,1001b77e,MOV dword ptr [EBP + -0x24], 0x1001b827
1001b780,.text,,1001b750,_CallSETranslator,1001b750,1001b826,30,,InstructionDB,1001b77f,1001b783,MOV EAX, [0x10029490]
1001b9e7,.text,,1001b9de,_CallCatchBlock2,1001b9de,1001ba3d,9,,InstructionDB,1001b9e6,1001b9ea,MOV EAX, [0x10029490]
1001ba07,.text,,1001b9de,_CallCatchBlock2,1001b9de,1001ba3d,29,,InstructionDB,1001ba04,1001ba0a,MOV dword ptr [EBP + -0x14], 0x1001b71d
1001ba42,.text,,1001ba40,FUN_1001ba40,1001ba40,1001baea,2,,InstructionDB,1001ba40,1001ba46,CMP dword ptr [0x1003c414], 0x0
1001ba5e,.text,,,,,,,,DataDB,1001ba5e,1001ba5e,
1001bd6c,.text,,1001bc9e,FUN_1001bc9e,1001bc9e,1001bdfd,ce,,InstructionDB,1001bd6b,1001bd6f,PUSH 0x10025008
1001bdc2,.text,,1001bc9e,FUN_1001bc9e,1001bc9e,1001bdfd,124,,InstructionDB,1001bdc0,1001bdc6,TEST byte ptr [0x1003c408], 0x1
1001be08,.text,,1001bdff,__cftoe_l,1001bdff,1001bec5,9,,InstructionDB,1001be07,1001be0b,MOV EAX, [0x10029490]
1001c368,.text,,1001c35f,__cftof_l,1001c35f,1001c41f,9,,InstructionDB,1001c367,1001c36b,MOV EAX, [0x10029490]
1001c429,.text,,1001c420,__cftog_l,1001c420,1001c50c,9,,InstructionDB,1001c428,1001c42c,MOV EAX, [0x10029490]
1001c5e4,.text,,,,,,,,InstructionDB,1001c5e2,1001c5e7,CALL dword ptr [0x1002210c]
1001c5e9,.text,,,,,,,,InstructionDB,1001c5e8,1001c5ec,MOV [0x1003c40c], EAX
1001c629,.text,,1001c60e,FUN_1001c60e,1001c60e,1001c7b6,1b,,InstructionDB,1001c625,1001c62c,MOVLPD XMM1, qword ptr [0x10025850]
1001c635,.text,,1001c60e,FUN_1001c60e,1001c60e,1001c7b6,27,,InstructionDB,1001c631,1001c638,MOVLPD XMM2, qword ptr [0x10025858]
1001c645,.text,,1001c60e,FUN_1001c60e,1001c60e,1001c7b6,37,,InstructionDB,1001c641,1001c648,MOVLPD XMM3, qword ptr [0x10025870]
1001c651,.text,,1001c60e,FUN_1001c60e,1001c60e,1001c7b6,43,,InstructionDB,1001c64d,1001c654,MOVAPD XMM2, xmmword ptr [0x10025860]
1001c66e,.text,,1001c60e,FUN_1001c60e,1001c60e,1001c7b6,60,,InstructionDB,1001c66a,1001c671,MOVAPD XMM5, xmmword ptr [0x10025840]
1001c674,.text,,1001c60e,FUN_1001c60e,1001c60e,1001c7b6,66,,InstructionDB,1001c672,1001c677,LEA EAX, [0x10025010]
1001c689,.text,,1001c60e,FUN_1001c60e,1001c60e,1001c7b6,7b,,InstructionDB,1001c685,1001c68c,MULSD XMM1, qword ptr [0x10025878]
1001c6ae,.text,,1001c60e,FUN_1001c60e,1001c60e,1001c7b6,a0,,InstructionDB,1001c6aa,1001c6b1,MOVAPD XMM6, xmmword ptr [0x10025820]
1001c6f3,.text,,1001c60e,FUN_1001c60e,1001c60e,1001c7b6,e5,,InstructionDB,1001c6ef,1001c6f6,ADDPD XMM5, xmmword ptr [0x10025830]
1001c6ff,.text,,1001c60e,FUN_1001c60e,1001c60e,1001c7b6,f1,,InstructionDB,1001c6fb,1001c702,ADDPD XMM6, xmmword ptr [0x10025810]
1001c77a,.text,,1001c60e,FUN_1001c60e,1001c60e,1001c7b6,16c,,InstructionDB,1001c776,1001c77d,MULSD XMM0, qword ptr [0x10025890]
1001c790,.text,,1001c60e,FUN_1001c60e,1001c60e,1001c7b6,182,,InstructionDB,1001c78c,1001c793,MOVLPD XMM3, qword ptr [0x10025880]
1001c7a0,.text,,1001c60e,FUN_1001c60e,1001c60e,1001c7b6,192,,InstructionDB,1001c79c,1001c7a3,MULSD XMM3, qword ptr [0x10025888]
1001c7e9,.text,,,,,,,,DataDB,1001c7e9,1001c7e9,
1001c850,.text,,,,,,,,DataDB,1001c850,1001c850,
1001c8f8,.text,,,,,,,,DataDB,1001c8f8,1001c8f8,
1001c96c,.text,,,,,,,,DataDB,1001c96c,1001c96c,
1001c9cb,.text,,1001c9bc,FUN_1001c9bc,1001c9bc,1001c9d4,f,,InstructionDB,1001c9c9,1001c9ce,FADD double ptr [0x100258e0]
1001cacc,.text,,,,,,,,DataDB,1001cacc,1001cacc,
1001cadc,.text,,,,,,,,DataDB,1001cadc,1001cadc,
1001caed,.text,,,,,,,,DataDB,1001caed,1001caed,
1001caf5,.text,,,,,,,,DataDB,1001caf5,1001caf5,
1001cb05,.text,,,,,,,,DataDB,1001cb05,1001cb05,
1001cb16,.text,,,,,,,,DataDB,1001cb16,1001cb16,
1001cbb9,.text,,1001cb9e,FUN_1001cb9e,1001cb9e,1001cd28,1b,,InstructionDB,1001cbb5,1001cbbc,MOVLPD XMM1, qword ptr [0x10026170]
1001cbc5,.text,,1001cb9e,FUN_1001cb9e,1001cb9e,1001cd28,27,,InstructionDB,1001cbc1,1001cbc8,MOVLPD XMM2, qword ptr [0x10026178]
1001cbd5,.text,,1001cb9e,FUN_1001cb9e,1001cb9e,1001cd28,37,,InstructionDB,1001cbd1,1001cbd8,MOVLPD XMM3, qword ptr [0x10026190]
1001cbe1,.text,,1001cb9e,FUN_1001cb9e,1001cb9e,1001cd28,43,,InstructionDB,1001cbdd,1001cbe4,MOVAPD XMM2, xmmword ptr [0x10026180]
1001cbfe,.text,,1001cb9e,FUN_1001cb9e,1001cb9e,1001cd28,60,,InstructionDB,1001cbfa,1001cc01,MOVAPD XMM5, xmmword ptr [0x10026160]
1001cc04,.text,,1001cb9e,FUN_1001cb9e,1001cb9e,1001cd28,66,,InstructionDB,1001cc02,1001cc07,LEA EAX, [0x10025930]
1001cc19,.text,,1001cb9e,FUN_1001cb9e,1001cb9e,1001cd28,7b,,InstructionDB,1001cc15,1001cc1c,MULSD XMM1, qword ptr [0x10026198]
1001cc3e,.text,,1001cb9e,FUN_1001cb9e,1001cb9e,1001cd28,a0,,InstructionDB,1001cc3a,1001cc41,MOVAPD XMM6, xmmword ptr [0x10026140]
1001cc83,.text,,1001cb9e,FUN_1001cb9e,1001cb9e,1001cd28,e5,,InstructionDB,1001cc7f,1001cc86,ADDPD XMM5, xmmword ptr [0x10026150]
1001cc8f,.text,,1001cb9e,FUN_1001cb9e,1001cb9e,1001cd28,f1,,InstructionDB,1001cc8b,1001cc92,ADDPD XMM6, xmmword ptr [0x10026130]
1001cd0e,.text,,1001cb9e,FUN_1001cb9e,1001cb9e,1001cd28,170,,InstructionDB,1001cd0a,1001cd11,MOVLPD XMM1, qword ptr [0x100261c0]
1001cd2e,.text,,,,,,,,DataDB,1001cd2e,1001cd2e,
1001cd41,.text,,1001cd37,FUN_1001cd37,1001cd37,1001cd5d,a,,InstructionDB,1001cd3f,1001cd44,MOV dword ptr [ESI], 0x100261e8
1001ce0f,.text,,1001ce0c,___FrameUnwindToState,1001ce0c,1001cec7,3,,InstructionDB,1001ce0e,1001ce12,PUSH 0x10028648
1001cf30,.text,,1001cf2d,___DestructExceptionObject,1001cf2d,1001cf6f,3,,InstructionDB,1001cf2f,1001cf33,PUSH 0x10028670
1001d029,.text,,1001d026,FUN_1001d026,1001d026,1001d056,3,,InstructionDB,1001d028,1001d02c,MOV EAX, 0x10020852
1001d072,.text,,1001d06f,CallCatchBlock,1001d06f,1001d189,3,,InstructionDB,1001d071,1001d075,PUSH 0x100286e8
1001d20e,.text,,1001d20b,___BuildCatchObjectHelper,1001d20b,1001d389,3,,InstructionDB,1001d20d,1001d211,PUSH 0x10028710
1001d38d,.text,,1001d38a,___BuildCatchObject,1001d38a,1001d40e,3,,InstructionDB,1001d38c,1001d390,PUSH 0x10028730
1001d6bc,.text,,1001d591,FindHandler,1001d591,1001d905,12b,,InstructionDB,1001d6bb,1001d6bf,PUSH 0x100395a0
1001d6ec,.text,,1001d591,FindHandler,1001d591,1001d905,15b,,InstructionDB,1001d6e9,1001d6ef,MOV dword ptr [EBP + 0x8], 0x100261f0
1001d6f6,.text,,1001d591,FindHandler,1001d591,1001d905,165,,InstructionDB,1001d6f5,1001d6f9,PUSH 0x1002874c
1001d701,.text,,1001d591,FindHandler,1001d591,1001d905,170,,InstructionDB,1001d6fe,1001d704,MOV dword ptr [EBP + -0x34], 0x100261e8
1001d918,.text,,1001d906,FUN_1001d906,1001d906,1001d922,12,,InstructionDB,1001d916,1001d91b,MOV dword ptr [ESI], 0x100261e8
1001da65,.text,,1001da5c,FID_conflict:__atoflt_l,1001da5c,1001db03,9,,InstructionDB,1001da64,1001da68,MOV EAX, [0x10029490]
1001db0d,.text,,1001db04,FID_conflict:__atoflt_l,1001db04,1001dbab,9,,InstructionDB,1001db0c,1001db10,MOV EAX, [0x10029490]
1001dd1b,.text,,1001dd12,FUN_1001dd12,1001dd12,1001dd9e,9,,InstructionDB,1001dd1a,1001dd1e,MOV EAX, [0x10029490]
1001df1c,.text,,1001defe,__87except,1001defe,1001e03c,1e,,InstructionDB,1001df1b,1001df1f,MOV EAX, [0x10029490]
1001e010,.text,,1001defe,__87except,1001defe,1001e03c,112,,InstructionDB,1001e00e,1001e014,CMP dword ptr [0x100396d8], 0x0
1001e055,.text,,1001e03d,__EH_prolog3_catch,1001e03d,1001e072,18,,InstructionDB,1001e054,1001e058,MOV EAX, [0x10029490]
1001e08e,.text,,1001e085,FID_conflict:__ld12tod,1001e085,1001e5d5,9,,InstructionDB,1001e08d,1001e091,MOV EAX, [0x10029490]
1001e111,.text,,1001e085,FID_conflict:__ld12tod,1001e085,1001e5d5,8c,,InstructionDB,1001e10f,1001e114,MOV EDI, dword ptr [0x100395c8]
1001e205,.text,,1001e085,FID_conflict:__ld12tod,1001e085,1001e5d5,180,,InstructionDB,1001e204,1001e208,MOV EAX, [0x100395c4]
1001e20d,.text,,1001e085,FID_conflict:__ld12tod,1001e085,1001e5d5,188,,InstructionDB,1001e20b,1001e210,SUB ECX, dword ptr [0x100395c8]
1001e2be,.text,,1001e085,FID_conflict:__ld12tod,1001e085,1001e5d5,239,,InstructionDB,1001e2bc,1001e2c1,MOV ESI, dword ptr [0x100395c8]
1001e39f,.text,,1001e085,FID_conflict:__ld12tod,1001e085,1001e5d5,31a,,InstructionDB,1001e39d,1001e3a2,MOV ECX, dword ptr [0x100395cc]
1001e437,.text,,1001e085,FID_conflict:__ld12tod,1001e085,1001e5d5,3b2,,InstructionDB,1001e435,1001e43a,MOV ECX, dword ptr [0x100395cc]
1001e43d,.text,,1001e085,FID_conflict:__ld12tod,1001e085,1001e5d5,3b8,,InstructionDB,1001e43b,1001e440,CMP EBX, dword ptr [0x100395c0]
1001e4de,.text,,1001e085,FID_conflict:__ld12tod,1001e085,1001e5d5,459,,InstructionDB,1001e4dc,1001e4e1,MOV EBX, dword ptr [0x100395d4]
1001e4e4,.text,,1001e085,FID_conflict:__ld12tod,1001e085,1001e5d5,45f,,InstructionDB,1001e4e2,1001e4e7,ADD EBX, dword ptr [0x100395c0]
1001e4f2,.text,,1001e085,FID_conflict:__ld12tod,1001e085,1001e5d5,46d,,InstructionDB,1001e4f0,1001e4f5,ADD EBX, dword ptr [0x100395d4]
1001e58e,.text,,1001e085,FID_conflict:__ld12tod,1001e085,1001e5d5,509,,InstructionDB,1001e58c,1001e591,SUB ECX, dword ptr [0x100395cc]
1001e5a5,.text,,1001e085,FID_conflict:__ld12tod,1001e085,1001e5d5,520,,InstructionDB,1001e5a3,1001e5a8,MOV ECX, dword ptr [0x100395d0]
1001e5df,.text,,1001e5d6,FID_conflict:__ld12tod,1001e5d6,1001eb26,9,,InstructionDB,1001e5de,1001e5e2,MOV EAX, [0x10029490]
1001e662,.text,,1001e5d6,FID_conflict:__ld12tod,1001e5d6,1001eb26,8c,,InstructionDB,1001e660,1001e665,MOV EDI, dword ptr [0x100395e0]
1001e756,.text,,1001e5d6,FID_conflict:__ld12tod,1001e5d6,1001eb26,180,,InstructionDB,1001e755,1001e759,MOV EAX, [0x100395dc]
1001e75e,.text,,1001e5d6,FID_conflict:__ld12tod,1001e5d6,1001eb26,188,,InstructionDB,1001e75c,1001e761,SUB ECX, dword ptr [0x100395e0]
1001e80f,.text,,1001e5d6,FID_conflict:__ld12tod,1001e5d6,1001eb26,239,,InstructionDB,1001e80d,1001e812,MOV ESI, dword ptr [0x100395e0]
1001e8f0,.text,,1001e5d6,FID_conflict:__ld12tod,1001e5d6,1001eb26,31a,,InstructionDB,1001e8ee,1001e8f3,MOV ECX, dword ptr [0x100395e4]
1001e988,.text,,1001e5d6,FID_conflict:__ld12tod,1001e5d6,1001eb26,3b2,,InstructionDB,1001e986,1001e98b,MOV ECX, dword ptr [0x100395e4]
1001e98e,.text,,1001e5d6,FID_conflict:__ld12tod,1001e5d6,1001eb26,3b8,,InstructionDB,1001e98c,1001e991,CMP EBX, dword ptr [0x100395d8]
1001ea2f,.text,,1001e5d6,FID_conflict:__ld12tod,1001e5d6,1001eb26,459,,InstructionDB,1001ea2d,1001ea32,MOV EBX, dword ptr [0x100395ec]
1001ea35,.text,,1001e5d6,FID_conflict:__ld12tod,1001e5d6,1001eb26,45f,,InstructionDB,1001ea33,1001ea38,ADD EBX, dword ptr [0x100395d8]
1001ea43,.text,,1001e5d6,FID_conflict:__ld12tod,1001e5d6,1001eb26,46d,,InstructionDB,1001ea41,1001ea46,ADD EBX, dword ptr [0x100395ec]
1001eadf,.text,,1001e5d6,FID_conflict:__ld12tod,1001e5d6,1001eb26,509,,InstructionDB,1001eadd,1001eae2,SUB ECX, dword ptr [0x100395e4]
1001eaf6,.text,,1001e5d6,FID_conflict:__ld12tod,1001e5d6,1001eb26,520,,InstructionDB,1001eaf4,1001eaf9,MOV ECX, dword ptr [0x100395e8]
1001eb30,.text,,1001eb27,___strgtold12_l,1001eb27,1001f1cf,9,,InstructionDB,1001eb2f,1001eb33,MOV EAX, [0x10029490]
1001ebb3,.text,,1001eb27,___strgtold12_l,1001eb27,1001f1cf,8c,,InstructionDB,1001ebb0,1001ebb6,JMP dword ptr [ECX*0x4 + 0x1001f1d3]
1001ee70,.text,,1001eb27,___strgtold12_l,1001eb27,1001f1cf,349,,InstructionDB,1001ee6f,1001ee73,MOV ECX, 0x100396f8
1001ee87,.text,,1001eb27,___strgtold12_l,1001eb27,1001f1cf,360,,InstructionDB,1001ee86,1001ee8a,MOV ECX, 0x10039858
1001f1d3,.text,,,,,,,switchdataD_1001f1d3,DataDB,1001f1d3,1001f1d6,
1001f1d7,.text,,,,,,,PTR_caseD_1_1001f1d7,DataDB,1001f1d7,1001f1da,
1001f1db,.text,,,,,,,PTR_caseD_2_1001f1db,DataDB,1001f1db,1001f1de,
1001f1df,.text,,,,,,,,DataDB,1001f1df,1001f1e2,
1001f1e3,.text,,,,,,,,DataDB,1001f1e3,1001f1e6,
1001f1e7,.text,,,,,,,,DataDB,1001f1e7,1001f1ea,
1001f1eb,.text,,,,,,,,DataDB,1001f1eb,1001f1ee,
1001f1ef,.text,,,,,,,PTR_caseD_7_1001f1ef,DataDB,1001f1ef,1001f1f2,
1001f1f3,.text,,,,,,,PTR_caseD_8_1001f1f3,DataDB,1001f1f3,1001f1f6,
1001f1f7,.text,,,,,,,PTR_caseD_9_1001f1f7,DataDB,1001f1f7,1001f1fa,
1001f1fb,.text,,,,,,,,DataDB,1001f1fb,1001f1fe,
1001f1ff,.text,,,,,,,,DataDB,1001f1ff,1001f202,
1001f20c,.text,,1001f203,$I10_OUTPUT,1001f203,1001fafa,9,,InstructionDB,1001f20b,1001f20f,MOV EAX, [0x10029490]
1001f2ce,.text,,1001f203,$I10_OUTPUT,1001f203,1001fafa,cb,,InstructionDB,1001f2cd,1001f2d1,PUSH 0x10026218
1001f2f6,.text,,1001f203,$I10_OUTPUT,1001f203,1001fafa,f3,,InstructionDB,1001f2f5,1001f2f9,PUSH 0x10026210
1001f306,.text,,1001f203,$I10_OUTPUT,1001f203,1001fafa,103,,InstructionDB,1001f305,1001f309,PUSH 0x10026208
1001f323,.text,,1001f203,$I10_OUTPUT,1001f203,1001fafa,120,,InstructionDB,1001f322,1001f326,PUSH 0x10026200
1001f374,.text,,1001f203,$I10_OUTPUT,1001f203,1001fafa,171,,InstructionDB,1001f373,1001f377,MOV ECX, 0x100396f8
1001f398,.text,,1001f203,$I10_OUTPUT,1001f203,1001fafa,195,,InstructionDB,1001f397,1001f39b,MOV EAX, 0x10039858
1001fd9f,.text,,1001fc29,__control87,1001fc29,1001ff3a,176,,InstructionDB,1001fd9d,1001fda2,CMP dword ptr [0x1003c414], ESI
10020161,.text,,1001ff3b,__raise_exc_ex,1001ff3b,10020216,226,,InstructionDB,1002015f,10020164,CALL dword ptr [0x1002206c]
100202c7,.text,,1002023a,__handle_exc,1002023a,1002041d,8d,,InstructionDB,100202c5,100202ca,FLD double ptr [0x100399c8]
100202e2,.text,,1002023a,__handle_exc,1002023a,1002041d,a8,,InstructionDB,100202e0,100202e5,FLD double ptr [0x100399c8]
100202f8,.text,,1002023a,__handle_exc,1002023a,1002041d,be,,InstructionDB,100202f6,100202fb,FLD double ptr [0x100399c8]
1002030e,.text,,1002023a,__handle_exc,1002023a,1002041d,d4,,InstructionDB,1002030c,10020311,FLD double ptr [0x100399b8]
10020316,.text,,1002023a,__handle_exc,1002023a,1002041d,dc,,InstructionDB,10020314,10020319,FLD double ptr [0x100399b8]
10020383,.text,,1002023a,__handle_exc,1002023a,1002041d,149,,InstructionDB,10020381,10020386,FMUL double ptr [0x10024f88]
100204ab,.text,,1002049a,FUN_1002049a,1002049a,100204f1,11,,InstructionDB,100204a9,100204ae,FLD extended double ptr [0x100396dc]
100204bd,.text,,1002049a,FUN_1002049a,1002049a,100204f1,23,,InstructionDB,100204bb,100204c0,FLD extended double ptr [0x100396dc]
100204cf,.text,,1002049a,FUN_1002049a,1002049a,100204f1,35,,InstructionDB,100204cd,100204d2,FLD extended double ptr [0x100396e8]
100204f5,.text,,100204f2,___set_fpsr_sse2,100204f2,10020563,3,,InstructionDB,100204f4,100204f8,PUSH 0x10028788
10020502,.text,,100204f2,___set_fpsr_sse2,100204f2,10020563,10,,InstructionDB,10020500,10020505,CMP dword ptr [0x1003c414], EAX
10020510,.text,,100204f2,___set_fpsr_sse2,100204f2,10020563,1e,,InstructionDB,1002050e,10020513,CMP dword ptr [0x100396f4], EAX
10020540,.text,,,,,,,,DataDB,10020540,10020540,
10020849,.text,,,,,,,,InstructionDB,10020848,1002084c,MOV EAX, 0x10028620
10020864,.text,,,,,,,,InstructionDB,10020863,10020867,MOV EAX, 0x100286c0
10020885,.text,,10020870,FUN_10020870,10020870,100208cb,15,,InstructionDB,10020884,10020888,MOV [0x1003c25c], EAX
1002088c,.text,,10020870,FUN_10020870,10020870,100208cb,1c,,InstructionDB,1002088b,1002088f,MOV EAX, [0x1003c25c]
10020891,.text,,10020870,FUN_10020870,10020870,100208cb,21,,InstructionDB,10020890,10020894,PUSH 0x10020a70
100208b8,.text,,10020870,FUN_10020870,10020870,100208cb,48,,InstructionDB,100208b7,100208bb,PUSH 0x10028608
100208c3,.text,,10020870,FUN_10020870,10020870,100208cb,53,,InstructionDB,100208c0,100208c6,MOV dword ptr [EBP + -0x10], 0x10022250
100208d7,.text,,,,,,,,InstructionDB,100208d5,100208da,TEST byte ptr [0x1003c3fc], AL
100208df,.text,,,,,,,,InstructionDB,100208dd,100208e2,OR dword ptr [0x1003c3fc], EAX
100208e6,.text,,,,,,,,InstructionDB,100208e5,100208e9,PUSH 0x10020a80
100208eb,.text,,,,,,,,InstructionDB,100208ea,100208ee,MOV [0x1003c3e8], EAX
100208f0,.text,,,,,,,,InstructionDB,100208ef,100208f3,MOV [0x1003c3ec], EAX
100208fe,.text,,,,,,,,InstructionDB,100208fc,10020905,MOV dword ptr [0x1003c38c], 0x1003c3e8
10020902,.text,,,,,,,,InstructionDB,100208fc,10020905,MOV dword ptr [0x1003c38c], 0x1003c3e8
10020911,.text,,,,,,,,InstructionDB,10020910,10020914,PUSH 0x10020a90
10020921,.text,,,,,,,,InstructionDB,10020920,10020924,PUSH 0x10020af0
10020931,.text,,,,,,,,InstructionDB,10020930,10020934,PUSH 0x10020b50
10020941,.text,,,,,,,,InstructionDB,10020940,10020944,PUSH 0x10020bb0
10020951,.text,,,,,,,,InstructionDB,10020950,10020954,PUSH 0x10020c10
10020961,.text,,,,,,,,InstructionDB,10020960,10020964,PUSH 0x10020c70
10020971,.text,,,,,,,,InstructionDB,10020970,10020974,PUSH 0x10020cd0
10020981,.text,,,,,,,,InstructionDB,10020980,10020984,PUSH 0x10020d30
10020991,.text,,,,,,,,InstructionDB,10020990,10020994,PUSH 0x10020d90
100209a1,.text,,,,,,,,InstructionDB,100209a0,100209a4,PUSH 0x10020df0
100209b1,.text,,,,,,,,InstructionDB,100209b0,100209b4,PUSH 0x10020e50
100209c1,.text,,,,,,,,InstructionDB,100209c0,100209c4,PUSH 0x10020eb0
100209d1,.text,,,,,,,,InstructionDB,100209d0,100209d4,PUSH 0x10020f10
100209e1,.text,,,,,,,,InstructionDB,100209e0,100209e4,PUSH 0x10020f70
100209f6,.text,,,,,,,,InstructionDB,100209f5,100209f9,PUSH 0x10020fd0
100209fc,.text,,,,,,,,InstructionDB,100209fa,10020a03,MOV dword ptr [0x1003c328], 0x10024c74
10020a00,.text,,,,,,,,InstructionDB,100209fa,10020a03,MOV dword ptr [0x1003c328], 0x10024c74
10020a11,.text,,,,,,,,InstructionDB,10020a10,10020a14,PUSH 0x10021030
10020a21,.text,,,,,,,,InstructionDB,10020a20,10020a24,PUSH 0x10021090
10020a31,.text,,,,,,,,InstructionDB,10020a30,10020a34,PUSH 0x100210f0
10020a41,.text,,,,,,,,InstructionDB,10020a40,10020a44,PUSH 0x10021150
10020a51,.text,,,,,,,,InstructionDB,10020a50,10020a54,PUSH 0x100211b0
10020a61,.text,,,,,,,,InstructionDB,10020a60,10020a64,PUSH 0x10021210
10020a91,.text,,10020a90,FUN_10020a90,10020a90,10020ae6,1,,InstructionDB,10020a90,10020a94,MOV EAX, [0x100375c8]
10020a9a,.text,,10020a90,FUN_10020a90,10020a90,10020ae6,a,,InstructionDB,10020a98,10020aa1,MOV dword ptr [0x100375a0], 0x10024c98
10020a9e,.text,,10020a90,FUN_10020a90,10020a90,10020ae6,e,,InstructionDB,10020a98,10020aa1,MOV dword ptr [0x100375a0], 0x10024c98
10020ab0,.text,,10020a90,FUN_10020a90,10020a90,10020ae6,20,,InstructionDB,10020aaf,10020ab3,MOV EAX, [0x100375b8]
10020ab6,.text,,10020a90,FUN_10020a90,10020a90,10020ae6,26,,InstructionDB,10020ab4,10020ab9,MOV dword ptr [0x100375c8], ESI
10020abc,.text,,10020a90,FUN_10020a90,10020a90,10020ae6,2c,,InstructionDB,10020aba,10020abf,MOV dword ptr [0x100375cc], ESI
10020ac2,.text,,10020a90,FUN_10020a90,10020a90,10020ae6,32,,InstructionDB,10020ac0,10020ac5,MOV dword ptr [0x100375d0], ESI
10020ad5,.text,,10020a90,FUN_10020a90,10020a90,10020ae6,45,,InstructionDB,10020ad3,10020ad8,MOV dword ptr [0x100375b8], ESI
10020adb,.text,,10020a90,FUN_10020a90,10020a90,10020ae6,4b,,InstructionDB,10020ad9,10020ade,MOV dword ptr [0x100375bc], ESI
10020ae1,.text,,10020a90,FUN_10020a90,10020a90,10020ae6,51,,InstructionDB,10020adf,10020ae4,MOV dword ptr [0x100375c0], ESI
10020af1,.text,,10020af0,FUN_10020af0,10020af0,10020b46,1,,InstructionDB,10020af0,10020af4,MOV EAX, [0x10037600]
10020afa,.text,,10020af0,FUN_10020af0,10020af0,10020b46,a,,InstructionDB,10020af8,10020b01,MOV dword ptr [0x100375d8], 0x10024cb0
10020afe,.text,,10020af0,FUN_10020af0,10020af0,10020b46,e,,InstructionDB,10020af8,10020b01,MOV dword ptr [0x100375d8], 0x10024cb0
10020b10,.text,,10020af0,FUN_10020af0,10020af0,10020b46,20,,InstructionDB,10020b0f,10020b13,MOV EAX, [0x100375f0]
10020b16,.text,,10020af0,FUN_10020af0,10020af0,10020b46,26,,InstructionDB,10020b14,10020b19,MOV dword ptr [0x10037600], ESI
10020b1c,.text,,10020af0,FUN_10020af0,10020af0,10020b46,2c,,InstructionDB,10020b1a,10020b1f,MOV dword ptr [0x10037604], ESI
10020b22,.text,,10020af0,FUN_10020af0,10020af0,10020b46,32,,InstructionDB,10020b20,10020b25,MOV dword ptr [0x10037608], ESI
10020b35,.text,,10020af0,FUN_10020af0,10020af0,10020b46,45,,InstructionDB,10020b33,10020b38,MOV dword ptr [0x100375f0], ESI
10020b3b,.text,,10020af0,FUN_10020af0,10020af0,10020b46,4b,,InstructionDB,10020b39,10020b3e,MOV dword ptr [0x100375f4], ESI
10020b41,.text,,10020af0,FUN_10020af0,10020af0,10020b46,51,,InstructionDB,10020b3f,10020b44,MOV dword ptr [0x100375f8], ESI
10020b51,.text,,10020b50,FUN_10020b50,10020b50,10020ba6,1,,InstructionDB,10020b50,10020b54,MOV EAX, [0x10037638]
10020b5a,.text,,10020b50,FUN_10020b50,10020b50,10020ba6,a,,InstructionDB,10020b58,10020b61,MOV dword ptr [0x10037610], 0x10024cc8
10020b5e,.text,,10020b50,FUN_10020b50,10020b50,10020ba6,e,,InstructionDB,10020b58,10020b61,MOV dword ptr [0x10037610], 0x10024cc8
10020b70,.text,,10020b50,FUN_10020b50,10020b50,10020ba6,20,,InstructionDB,10020b6f,10020b73,MOV EAX, [0x10037628]
10020b76,.text,,10020b50,FUN_10020b50,10020b50,10020ba6,26,,InstructionDB,10020b74,10020b79,MOV dword ptr [0x10037638], ESI
10020b7c,.text,,10020b50,FUN_10020b50,10020b50,10020ba6,2c,,InstructionDB,10020b7a,10020b7f,MOV dword ptr [0x1003763c], ESI
10020b82,.text,,10020b50,FUN_10020b50,10020b50,10020ba6,32,,InstructionDB,10020b80,10020b85,MOV dword ptr [0x10037640], ESI
10020b95,.text,,10020b50,FUN_10020b50,10020b50,10020ba6,45,,InstructionDB,10020b93,10020b98,MOV dword ptr [0x10037628], ESI
10020b9b,.text,,10020b50,FUN_10020b50,10020b50,10020ba6,4b,,InstructionDB,10020b99,10020b9e,MOV dword ptr [0x1003762c], ESI
10020ba1,.text,,10020b50,FUN_10020b50,10020b50,10020ba6,51,,InstructionDB,10020b9f,10020ba4,MOV dword ptr [0x10037630], ESI
10020bb1,.text,,10020bb0,FUN_10020bb0,10020bb0,10020c06,1,,InstructionDB,10020bb0,10020bb4,MOV EAX, [0x10037670]
10020bba,.text,,10020bb0,FUN_10020bb0,10020bb0,10020c06,a,,InstructionDB,10020bb8,10020bc1,MOV dword ptr [0x10037648], 0x10024ce0
10020bbe,.text,,10020bb0,FUN_10020bb0,10020bb0,10020c06,e,,InstructionDB,10020bb8,10020bc1,MOV dword ptr [0x10037648], 0x10024ce0
10020bd0,.text,,10020bb0,FUN_10020bb0,10020bb0,10020c06,20,,InstructionDB,10020bcf,10020bd3,MOV EAX, [0x10037660]
10020bd6,.text,,10020bb0,FUN_10020bb0,10020bb0,10020c06,26,,InstructionDB,10020bd4,10020bd9,MOV dword ptr [0x10037670], ESI
10020bdc,.text,,10020bb0,FUN_10020bb0,10020bb0,10020c06,2c,,InstructionDB,10020bda,10020bdf,MOV dword ptr [0x10037674], ESI
10020be2,.text,,10020bb0,FUN_10020bb0,10020bb0,10020c06,32,,InstructionDB,10020be0,10020be5,MOV dword ptr [0x10037678], ESI
10020bf5,.text,,10020bb0,FUN_10020bb0,10020bb0,10020c06,45,,InstructionDB,10020bf3,10020bf8,MOV dword ptr [0x10037660], ESI
10020bfb,.text,,10020bb0,FUN_10020bb0,10020bb0,10020c06,4b,,InstructionDB,10020bf9,10020bfe,MOV dword ptr [0x10037664], ESI
10020c01,.text,,10020bb0,FUN_10020bb0,10020bb0,10020c06,51,,InstructionDB,10020bff,10020c04,MOV dword ptr [0x10037668], ESI
10020c11,.text,,10020c10,FUN_10020c10,10020c10,10020c66,1,,InstructionDB,10020c10,10020c14,MOV EAX, [0x100376a8]
10020c1a,.text,,10020c10,FUN_10020c10,10020c10,10020c66,a,,InstructionDB,10020c18,10020c21,MOV dword ptr [0x10037680], 0x10024cf8
10020c1e,.text,,10020c10,FUN_10020c10,10020c10,10020c66,e,,InstructionDB,10020c18,10020c21,MOV dword ptr [0x10037680], 0x10024cf8
10020c30,.text,,10020c10,FUN_10020c10,10020c10,10020c66,20,,InstructionDB,10020c2f,10020c33,MOV EAX, [0x10037698]
10020c36,.text,,10020c10,FUN_10020c10,10020c10,10020c66,26,,InstructionDB,10020c34,10020c39,MOV dword ptr [0x100376a8], ESI
10020c3c,.text,,10020c10,FUN_10020c10,10020c10,10020c66,2c,,InstructionDB,10020c3a,10020c3f,MOV dword ptr [0x100376ac], ESI
10020c42,.text,,10020c10,FUN_10020c10,10020c10,10020c66,32,,InstructionDB,10020c40,10020c45,MOV dword ptr [0x100376b0], ESI
10020c55,.text,,10020c10,FUN_10020c10,10020c10,10020c66,45,,InstructionDB,10020c53,10020c58,MOV dword ptr [0x10037698], ESI
10020c5b,.text,,10020c10,FUN_10020c10,10020c10,10020c66,4b,,InstructionDB,10020c59,10020c5e,MOV dword ptr [0x1003769c], ESI
10020c61,.text,,10020c10,FUN_10020c10,10020c10,10020c66,51,,InstructionDB,10020c5f,10020c64,MOV dword ptr [0x100376a0], ESI
10020c71,.text,,10020c70,FUN_10020c70,10020c70,10020cc6,1,,InstructionDB,10020c70,10020c74,MOV EAX, [0x100376e0]
10020c7a,.text,,10020c70,FUN_10020c70,10020c70,10020cc6,a,,InstructionDB,10020c78,10020c81,MOV dword ptr [0x100376b8], 0x10024d10
10020c7e,.text,,10020c70,FUN_10020c70,10020c70,10020cc6,e,,InstructionDB,10020c78,10020c81,MOV dword ptr [0x100376b8], 0x10024d10
10020c90,.text,,10020c70,FUN_10020c70,10020c70,10020cc6,20,,InstructionDB,10020c8f,10020c93,MOV EAX, [0x100376d0]
10020c96,.text,,10020c70,FUN_10020c70,10020c70,10020cc6,26,,InstructionDB,10020c94,10020c99,MOV dword ptr [0x100376e0], ESI
10020c9c,.text,,10020c70,FUN_10020c70,10020c70,10020cc6,2c,,InstructionDB,10020c9a,10020c9f,MOV dword ptr [0x100376e4], ESI
10020ca2,.text,,10020c70,FUN_10020c70,10020c70,10020cc6,32,,InstructionDB,10020ca0,10020ca5,MOV dword ptr [0x100376e8], ESI
10020cb5,.text,,10020c70,FUN_10020c70,10020c70,10020cc6,45,,InstructionDB,10020cb3,10020cb8,MOV dword ptr [0x100376d0], ESI
10020cbb,.text,,10020c70,FUN_10020c70,10020c70,10020cc6,4b,,InstructionDB,10020cb9,10020cbe,MOV dword ptr [0x100376d4], ESI
10020cc1,.text,,10020c70,FUN_10020c70,10020c70,10020cc6,51,,InstructionDB,10020cbf,10020cc4,MOV dword ptr [0x100376d8], ESI
10020cd1,.text,,10020cd0,FUN_10020cd0,10020cd0,10020d26,1,,InstructionDB,10020cd0,10020cd4,MOV EAX, [0x10037718]
10020cda,.text,,10020cd0,FUN_10020cd0,10020cd0,10020d26,a,,InstructionDB,10020cd8,10020ce1,MOV dword ptr [0x100376f0], 0x10024d28
10020cde,.text,,10020cd0,FUN_10020cd0,10020cd0,10020d26,e,,InstructionDB,10020cd8,10020ce1,MOV dword ptr [0x100376f0], 0x10024d28
10020cf0,.text,,10020cd0,FUN_10020cd0,10020cd0,10020d26,20,,InstructionDB,10020cef,10020cf3,MOV EAX, [0x10037708]
10020cf6,.text,,10020cd0,FUN_10020cd0,10020cd0,10020d26,26,,InstructionDB,10020cf4,10020cf9,MOV dword ptr [0x10037718], ESI
10020cfc,.text,,10020cd0,FUN_10020cd0,10020cd0,10020d26,2c,,InstructionDB,10020cfa,10020cff,MOV dword ptr [0x1003771c], ESI
10020d02,.text,,10020cd0,FUN_10020cd0,10020cd0,10020d26,32,,InstructionDB,10020d00,10020d05,MOV dword ptr [0x10037720], ESI
10020d15,.text,,10020cd0,FUN_10020cd0,10020cd0,10020d26,45,,InstructionDB,10020d13,10020d18,MOV dword ptr [0x10037708], ESI
10020d1b,.text,,10020cd0,FUN_10020cd0,10020cd0,10020d26,4b,,InstructionDB,10020d19,10020d1e,MOV dword ptr [0x1003770c], ESI
10020d21,.text,,10020cd0,FUN_10020cd0,10020cd0,10020d26,51,,InstructionDB,10020d1f,10020d24,MOV dword ptr [0x10037710], ESI
10020d31,.text,,10020d30,FUN_10020d30,10020d30,10020d86,1,,InstructionDB,10020d30,10020d34,MOV EAX, [0x10037750]
10020d3a,.text,,10020d30,FUN_10020d30,10020d30,10020d86,a,,InstructionDB,10020d38,10020d41,MOV dword ptr [0x10037728], 0x10024d40
10020d3e,.text,,10020d30,FUN_10020d30,10020d30,10020d86,e,,InstructionDB,10020d38,10020d41,MOV dword ptr [0x10037728], 0x10024d40
10020d50,.text,,10020d30,FUN_10020d30,10020d30,10020d86,20,,InstructionDB,10020d4f,10020d53,MOV EAX, [0x10037740]
10020d56,.text,,10020d30,FUN_10020d30,10020d30,10020d86,26,,InstructionDB,10020d54,10020d59,MOV dword ptr [0x10037750], ESI
10020d5c,.text,,10020d30,FUN_10020d30,10020d30,10020d86,2c,,InstructionDB,10020d5a,10020d5f,MOV dword ptr [0x10037754], ESI
10020d62,.text,,10020d30,FUN_10020d30,10020d30,10020d86,32,,InstructionDB,10020d60,10020d65,MOV dword ptr [0x10037758], ESI
10020d75,.text,,10020d30,FUN_10020d30,10020d30,10020d86,45,,InstructionDB,10020d73,10020d78,MOV dword ptr [0x10037740], ESI
10020d7b,.text,,10020d30,FUN_10020d30,10020d30,10020d86,4b,,InstructionDB,10020d79,10020d7e,MOV dword ptr [0x10037744], ESI
10020d81,.text,,10020d30,FUN_10020d30,10020d30,10020d86,51,,InstructionDB,10020d7f,10020d84,MOV dword ptr [0x10037748], ESI
10020d91,.text,,10020d90,FUN_10020d90,10020d90,10020de6,1,,InstructionDB,10020d90,10020d94,MOV EAX, [0x10037788]
10020d9a,.text,,10020d90,FUN_10020d90,10020d90,10020de6,a,,InstructionDB,10020d98,10020da1,MOV dword ptr [0x10037760], 0x10024d58
10020d9e,.text,,10020d90,FUN_10020d90,10020d90,10020de6,e,,InstructionDB,10020d98,10020da1,MOV dword ptr [0x10037760], 0x10024d58
10020db0,.text,,10020d90,FUN_10020d90,10020d90,10020de6,20,,InstructionDB,10020daf,10020db3,MOV EAX, [0x10037778]
10020db6,.text,,10020d90,FUN_10020d90,10020d90,10020de6,26,,InstructionDB,10020db4,10020db9,MOV dword ptr [0x10037788], ESI
10020dbc,.text,,10020d90,FUN_10020d90,10020d90,10020de6,2c,,InstructionDB,10020dba,10020dbf,MOV dword ptr [0x1003778c], ESI
10020dc2,.text,,10020d90,FUN_10020d90,10020d90,10020de6,32,,InstructionDB,10020dc0,10020dc5,MOV dword ptr [0x10037790], ESI
10020dd5,.text,,10020d90,FUN_10020d90,10020d90,10020de6,45,,InstructionDB,10020dd3,10020dd8,MOV dword ptr [0x10037778], ESI
10020ddb,.text,,10020d90,FUN_10020d90,10020d90,10020de6,4b,,InstructionDB,10020dd9,10020dde,MOV dword ptr [0x1003777c], ESI
10020de1,.text,,10020d90,FUN_10020d90,10020d90,10020de6,51,,InstructionDB,10020ddf,10020de4,MOV dword ptr [0x10037780], ESI
10020df1,.text,,10020df0,FUN_10020df0,10020df0,10020e46,1,,InstructionDB,10020df0,10020df4,MOV EAX, [0x100377c0]
10020dfa,.text,,10020df0,FUN_10020df0,10020df0,10020e46,a,,InstructionDB,10020df8,10020e01,MOV dword ptr [0x10037798], 0x10024d70
10020dfe,.text,,10020df0,FUN_10020df0,10020df0,10020e46,e,,InstructionDB,10020df8,10020e01,MOV dword ptr [0x10037798], 0x10024d70
10020e10,.text,,10020df0,FUN_10020df0,10020df0,10020e46,20,,InstructionDB,10020e0f,10020e13,MOV EAX, [0x100377b0]
10020e16,.text,,10020df0,FUN_10020df0,10020df0,10020e46,26,,InstructionDB,10020e14,10020e19,MOV dword ptr [0x100377c0], ESI
10020e1c,.text,,10020df0,FUN_10020df0,10020df0,10020e46,2c,,InstructionDB,10020e1a,10020e1f,MOV dword ptr [0x100377c4], ESI
10020e22,.text,,10020df0,FUN_10020df0,10020df0,10020e46,32,,InstructionDB,10020e20,10020e25,MOV dword ptr [0x100377c8], ESI
10020e35,.text,,10020df0,FUN_10020df0,10020df0,10020e46,45,,InstructionDB,10020e33,10020e38,MOV dword ptr [0x100377b0], ESI
10020e3b,.text,,10020df0,FUN_10020df0,10020df0,10020e46,4b,,InstructionDB,10020e39,10020e3e,MOV dword ptr [0x100377b4], ESI
10020e41,.text,,10020df0,FUN_10020df0,10020df0,10020e46,51,,InstructionDB,10020e3f,10020e44,MOV dword ptr [0x100377b8], ESI
10020e51,.text,,10020e50,FUN_10020e50,10020e50,10020ea6,1,,InstructionDB,10020e50,10020e54,MOV EAX, [0x100377f8]
10020e5a,.text,,10020e50,FUN_10020e50,10020e50,10020ea6,a,,InstructionDB,10020e58,10020e61,MOV dword ptr [0x100377d0], 0x10024d88
10020e5e,.text,,10020e50,FUN_10020e50,10020e50,10020ea6,e,,InstructionDB,10020e58,10020e61,MOV dword ptr [0x100377d0], 0x10024d88
10020e70,.text,,10020e50,FUN_10020e50,10020e50,10020ea6,20,,InstructionDB,10020e6f,10020e73,MOV EAX, [0x100377e8]
10020e76,.text,,10020e50,FUN_10020e50,10020e50,10020ea6,26,,InstructionDB,10020e74,10020e79,MOV dword ptr [0x100377f8], ESI
10020e7c,.text,,10020e50,FUN_10020e50,10020e50,10020ea6,2c,,InstructionDB,10020e7a,10020e7f,MOV dword ptr [0x100377fc], ESI
10020e82,.text,,10020e50,FUN_10020e50,10020e50,10020ea6,32,,InstructionDB,10020e80,10020e85,MOV dword ptr [0x10037800], ESI
10020e95,.text,,10020e50,FUN_10020e50,10020e50,10020ea6,45,,InstructionDB,10020e93,10020e98,MOV dword ptr [0x100377e8], ESI
10020e9b,.text,,10020e50,FUN_10020e50,10020e50,10020ea6,4b,,InstructionDB,10020e99,10020e9e,MOV dword ptr [0x100377ec], ESI
10020ea1,.text,,10020e50,FUN_10020e50,10020e50,10020ea6,51,,InstructionDB,10020e9f,10020ea4,MOV dword ptr [0x100377f0], ESI
10020eb1,.text,,10020eb0,FUN_10020eb0,10020eb0,10020f06,1,,InstructionDB,10020eb0,10020eb4,MOV EAX, [0x10037830]
10020eba,.text,,10020eb0,FUN_10020eb0,10020eb0,10020f06,a,,InstructionDB,10020eb8,10020ec1,MOV dword ptr [0x10037808], 0x10024da0
10020ebe,.text,,10020eb0,FUN_10020eb0,10020eb0,10020f06,e,,InstructionDB,10020eb8,10020ec1,MOV dword ptr [0x10037808], 0x10024da0
10020ed0,.text,,10020eb0,FUN_10020eb0,10020eb0,10020f06,20,,InstructionDB,10020ecf,10020ed3,MOV EAX, [0x10037820]
10020ed6,.text,,10020eb0,FUN_10020eb0,10020eb0,10020f06,26,,InstructionDB,10020ed4,10020ed9,MOV dword ptr [0x10037830], ESI
10020edc,.text,,10020eb0,FUN_10020eb0,10020eb0,10020f06,2c,,InstructionDB,10020eda,10020edf,MOV dword ptr [0x10037834], ESI
10020ee2,.text,,10020eb0,FUN_10020eb0,10020eb0,10020f06,32,,InstructionDB,10020ee0,10020ee5,MOV dword ptr [0x10037838], ESI
10020ef5,.text,,10020eb0,FUN_10020eb0,10020eb0,10020f06,45,,InstructionDB,10020ef3,10020ef8,MOV dword ptr [0x10037820], ESI
10020efb,.text,,10020eb0,FUN_10020eb0,10020eb0,10020f06,4b,,InstructionDB,10020ef9,10020efe,MOV dword ptr [0x10037824], ESI
10020f01,.text,,10020eb0,FUN_10020eb0,10020eb0,10020f06,51,,InstructionDB,10020eff,10020f04,MOV dword ptr [0x10037828], ESI
10020f11,.text,,10020f10,FUN_10020f10,10020f10,10020f66,1,,InstructionDB,10020f10,10020f14,MOV EAX, [0x10037868]
10020f1a,.text,,10020f10,FUN_10020f10,10020f10,10020f66,a,,InstructionDB,10020f18,10020f21,MOV dword ptr [0x10037840], 0x10024db8
10020f1e,.text,,10020f10,FUN_10020f10,10020f10,10020f66,e,,InstructionDB,10020f18,10020f21,MOV dword ptr [0x10037840], 0x10024db8
10020f30,.text,,10020f10,FUN_10020f10,10020f10,10020f66,20,,InstructionDB,10020f2f,10020f33,MOV EAX, [0x10037858]
10020f36,.text,,10020f10,FUN_10020f10,10020f10,10020f66,26,,InstructionDB,10020f34,10020f39,MOV dword ptr [0x10037868], ESI
10020f3c,.text,,10020f10,FUN_10020f10,10020f10,10020f66,2c,,InstructionDB,10020f3a,10020f3f,MOV dword ptr [0x1003786c], ESI
10020f42,.text,,10020f10,FUN_10020f10,10020f10,10020f66,32,,InstructionDB,10020f40,10020f45,MOV dword ptr [0x10037870], ESI
10020f55,.text,,10020f10,FUN_10020f10,10020f10,10020f66,45,,InstructionDB,10020f53,10020f58,MOV dword ptr [0x10037858], ESI
10020f5b,.text,,10020f10,FUN_10020f10,10020f10,10020f66,4b,,InstructionDB,10020f59,10020f5e,MOV dword ptr [0x1003785c], ESI
10020f61,.text,,10020f10,FUN_10020f10,10020f10,10020f66,51,,InstructionDB,10020f5f,10020f64,MOV dword ptr [0x10037860], ESI
10020f71,.text,,10020f70,FUN_10020f70,10020f70,10020fc6,1,,InstructionDB,10020f70,10020f74,MOV EAX, [0x100378a0]
10020f7a,.text,,10020f70,FUN_10020f70,10020f70,10020fc6,a,,InstructionDB,10020f78,10020f81,MOV dword ptr [0x10037878], 0x10024dd0
10020f7e,.text,,10020f70,FUN_10020f70,10020f70,10020fc6,e,,InstructionDB,10020f78,10020f81,MOV dword ptr [0x10037878], 0x10024dd0
10020f90,.text,,10020f70,FUN_10020f70,10020f70,10020fc6,20,,InstructionDB,10020f8f,10020f93,MOV EAX, [0x10037890]
10020f96,.text,,10020f70,FUN_10020f70,10020f70,10020fc6,26,,InstructionDB,10020f94,10020f99,MOV dword ptr [0x100378a0], ESI
10020f9c,.text,,10020f70,FUN_10020f70,10020f70,10020fc6,2c,,InstructionDB,10020f9a,10020f9f,MOV dword ptr [0x100378a4], ESI
10020fa2,.text,,10020f70,FUN_10020f70,10020f70,10020fc6,32,,InstructionDB,10020fa0,10020fa5,MOV dword ptr [0x100378a8], ESI
10020fb5,.text,,10020f70,FUN_10020f70,10020f70,10020fc6,45,,InstructionDB,10020fb3,10020fb8,MOV dword ptr [0x10037890], ESI
10020fbb,.text,,10020f70,FUN_10020f70,10020f70,10020fc6,4b,,InstructionDB,10020fb9,10020fbe,MOV dword ptr [0x10037894], ESI
10020fc1,.text,,10020f70,FUN_10020f70,10020f70,10020fc6,51,,InstructionDB,10020fbf,10020fc4,MOV dword ptr [0x10037898], ESI
10020fd1,.text,,10020fd0,FUN_10020fd0,10020fd0,10021026,1,,InstructionDB,10020fd0,10020fd4,MOV EAX, [0x1003c37c]
10020fda,.text,,10020fd0,FUN_10020fd0,10020fd0,10021026,a,,InstructionDB,10020fd8,10020fe1,MOV dword ptr [0x1003c328], 0x10024c80
10020fde,.text,,10020fd0,FUN_10020fd0,10020fd0,10021026,e,,InstructionDB,10020fd8,10020fe1,MOV dword ptr [0x1003c328], 0x10024c80
10020ff0,.text,,10020fd0,FUN_10020fd0,10020fd0,10021026,20,,InstructionDB,10020fef,10020ff3,MOV EAX, [0x1003c36c]
10020ff6,.text,,10020fd0,FUN_10020fd0,10020fd0,10021026,26,,InstructionDB,10020ff4,10020ff9,MOV dword ptr [0x1003c37c], ESI
10020ffc,.text,,10020fd0,FUN_10020fd0,10020fd0,10021026,2c,,InstructionDB,10020ffa,10020fff,MOV dword ptr [0x1003c380], ESI
10021002,.text,,10020fd0,FUN_10020fd0,10020fd0,10021026,32,,InstructionDB,10021000,10021005,MOV dword ptr [0x1003c384], ESI
10021015,.text,,10020fd0,FUN_10020fd0,10020fd0,10021026,45,,InstructionDB,10021013,10021018,MOV dword ptr [0x1003c36c], ESI
1002101b,.text,,10020fd0,FUN_10020fd0,10020fd0,10021026,4b,,InstructionDB,10021019,1002101e,MOV dword ptr [0x1003c370], ESI
10021021,.text,,10020fd0,FUN_10020fd0,10020fd0,10021026,51,,InstructionDB,1002101f,10021024,MOV dword ptr [0x1003c374], ESI
10021031,.text,,10021030,FUN_10021030,10021030,10021086,1,,InstructionDB,10021030,10021034,MOV EAX, [0x100378d8]
1002103a,.text,,10021030,FUN_10021030,10021030,10021086,a,,InstructionDB,10021038,10021041,MOV dword ptr [0x100378b0], 0x10024de8
1002103e,.text,,10021030,FUN_10021030,10021030,10021086,e,,InstructionDB,10021038,10021041,MOV dword ptr [0x100378b0], 0x10024de8
10021050,.text,,10021030,FUN_10021030,10021030,10021086,20,,InstructionDB,1002104f,10021053,MOV EAX, [0x100378c8]
10021056,.text,,10021030,FUN_10021030,10021030,10021086,26,,InstructionDB,10021054,10021059,MOV dword ptr [0x100378d8], ESI
1002105c,.text,,10021030,FUN_10021030,10021030,10021086,2c,,InstructionDB,1002105a,1002105f,MOV dword ptr [0x100378dc], ESI
10021062,.text,,10021030,FUN_10021030,10021030,10021086,32,,InstructionDB,10021060,10021065,MOV dword ptr [0x100378e0], ESI
10021075,.text,,10021030,FUN_10021030,10021030,10021086,45,,InstructionDB,10021073,10021078,MOV dword ptr [0x100378c8], ESI
1002107b,.text,,10021030,FUN_10021030,10021030,10021086,4b,,InstructionDB,10021079,1002107e,MOV dword ptr [0x100378cc], ESI
10021081,.text,,10021030,FUN_10021030,10021030,10021086,51,,InstructionDB,1002107f,10021084,MOV dword ptr [0x100378d0], ESI
10021091,.text,,10021090,FUN_10021090,10021090,100210e6,1,,InstructionDB,10021090,10021094,MOV EAX, [0x10037910]
1002109a,.text,,10021090,FUN_10021090,10021090,100210e6,a,,InstructionDB,10021098,100210a1,MOV dword ptr [0x100378e8], 0x10024e00
1002109e,.text,,10021090,FUN_10021090,10021090,100210e6,e,,InstructionDB,10021098,100210a1,MOV dword ptr [0x100378e8], 0x10024e00
100210b0,.text,,10021090,FUN_10021090,10021090,100210e6,20,,InstructionDB,100210af,100210b3,MOV EAX, [0x10037900]
100210b6,.text,,10021090,FUN_10021090,10021090,100210e6,26,,InstructionDB,100210b4,100210b9,MOV dword ptr [0x10037910], ESI
100210bc,.text,,10021090,FUN_10021090,10021090,100210e6,2c,,InstructionDB,100210ba,100210bf,MOV dword ptr [0x10037914], ESI
100210c2,.text,,10021090,FUN_10021090,10021090,100210e6,32,,InstructionDB,100210c0,100210c5,MOV dword ptr [0x10037918], ESI
100210d5,.text,,10021090,FUN_10021090,10021090,100210e6,45,,InstructionDB,100210d3,100210d8,MOV dword ptr [0x10037900], ESI
100210db,.text,,10021090,FUN_10021090,10021090,100210e6,4b,,InstructionDB,100210d9,100210de,MOV dword ptr [0x10037904], ESI
100210e1,.text,,10021090,FUN_10021090,10021090,100210e6,51,,InstructionDB,100210df,100210e4,MOV dword ptr [0x10037908], ESI
100210f1,.text,,100210f0,FUN_100210f0,100210f0,10021146,1,,InstructionDB,100210f0,100210f4,MOV EAX, [0x10037948]
100210fa,.text,,100210f0,FUN_100210f0,100210f0,10021146,a,,InstructionDB,100210f8,10021101,MOV dword ptr [0x10037920], 0x10024e18
100210fe,.text,,100210f0,FUN_100210f0,100210f0,10021146,e,,InstructionDB,100210f8,10021101,MOV dword ptr [0x10037920], 0x10024e18
10021110,.text,,100210f0,FUN_100210f0,100210f0,10021146,20,,InstructionDB,1002110f,10021113,MOV EAX, [0x10037938]
10021116,.text,,100210f0,FUN_100210f0,100210f0,10021146,26,,InstructionDB,10021114,10021119,MOV dword ptr [0x10037948], ESI
1002111c,.text,,100210f0,FUN_100210f0,100210f0,10021146,2c,,InstructionDB,1002111a,1002111f,MOV dword ptr [0x1003794c], ESI
10021122,.text,,100210f0,FUN_100210f0,100210f0,10021146,32,,InstructionDB,10021120,10021125,MOV dword ptr [0x10037950], ESI
10021135,.text,,100210f0,FUN_100210f0,100210f0,10021146,45,,InstructionDB,10021133,10021138,MOV dword ptr [0x10037938], ESI
1002113b,.text,,100210f0,FUN_100210f0,100210f0,10021146,4b,,InstructionDB,10021139,1002113e,MOV dword ptr [0x1003793c], ESI
10021141,.text,,100210f0,FUN_100210f0,100210f0,10021146,51,,InstructionDB,1002113f,10021144,MOV dword ptr [0x10037940], ESI
10021151,.text,,10021150,FUN_10021150,10021150,100211a6,1,,InstructionDB,10021150,10021154,MOV EAX, [0x10037980]
1002115a,.text,,10021150,FUN_10021150,10021150,100211a6,a,,InstructionDB,10021158,10021161,MOV dword ptr [0x10037958], 0x10024e30
1002115e,.text,,10021150,FUN_10021150,10021150,100211a6,e,,InstructionDB,10021158,10021161,MOV dword ptr [0x10037958], 0x10024e30
10021170,.text,,10021150,FUN_10021150,10021150,100211a6,20,,InstructionDB,1002116f,10021173,MOV EAX, [0x10037970]
10021176,.text,,10021150,FUN_10021150,10021150,100211a6,26,,InstructionDB,10021174,10021179,MOV dword ptr [0x10037980], ESI
1002117c,.text,,10021150,FUN_10021150,10021150,100211a6,2c,,InstructionDB,1002117a,1002117f,MOV dword ptr [0x10037984], ESI
10021182,.text,,10021150,FUN_10021150,10021150,100211a6,32,,InstructionDB,10021180,10021185,MOV dword ptr [0x10037988], ESI
10021195,.text,,10021150,FUN_10021150,10021150,100211a6,45,,InstructionDB,10021193,10021198,MOV dword ptr [0x10037970], ESI
1002119b,.text,,10021150,FUN_10021150,10021150,100211a6,4b,,InstructionDB,10021199,1002119e,MOV dword ptr [0x10037974], ESI
100211a1,.text,,10021150,FUN_10021150,10021150,100211a6,51,,InstructionDB,1002119f,100211a4,MOV dword ptr [0x10037978], ESI
100211b1,.text,,100211b0,FUN_100211b0,100211b0,10021206,1,,InstructionDB,100211b0,100211b4,MOV EAX, [0x100379b8]
100211ba,.text,,100211b0,FUN_100211b0,100211b0,10021206,a,,InstructionDB,100211b8,100211c1,MOV dword ptr [0x10037990], 0x10024e48
100211be,.text,,100211b0,FUN_100211b0,100211b0,10021206,e,,InstructionDB,100211b8,100211c1,MOV dword ptr [0x10037990], 0x10024e48
100211d0,.text,,100211b0,FUN_100211b0,100211b0,10021206,20,,InstructionDB,100211cf,100211d3,MOV EAX, [0x100379a8]
100211d6,.text,,100211b0,FUN_100211b0,100211b0,10021206,26,,InstructionDB,100211d4,100211d9,MOV dword ptr [0x100379b8], ESI
100211dc,.text,,100211b0,FUN_100211b0,100211b0,10021206,2c,,InstructionDB,100211da,100211df,MOV dword ptr [0x100379bc], ESI
100211e2,.text,,100211b0,FUN_100211b0,100211b0,10021206,32,,InstructionDB,100211e0,100211e5,MOV dword ptr [0x100379c0], ESI
100211f5,.text,,100211b0,FUN_100211b0,100211b0,10021206,45,,InstructionDB,100211f3,100211f8,MOV dword ptr [0x100379a8], ESI
100211fb,.text,,100211b0,FUN_100211b0,100211b0,10021206,4b,,InstructionDB,100211f9,100211fe,MOV dword ptr [0x100379ac], ESI
10021201,.text,,100211b0,FUN_100211b0,100211b0,10021206,51,,InstructionDB,100211ff,10021204,MOV dword ptr [0x100379b0], ESI
10021211,.text,,10021210,FUN_10021210,10021210,10021266,1,,InstructionDB,10021210,10021214,MOV EAX, [0x100379f0]
1002121a,.text,,10021210,FUN_10021210,10021210,10021266,a,,InstructionDB,10021218,10021221,MOV dword ptr [0x100379c8], 0x10024e60
1002121e,.text,,10021210,FUN_10021210,10021210,10021266,e,,InstructionDB,10021218,10021221,MOV dword ptr [0x100379c8], 0x10024e60
10021230,.text,,10021210,FUN_10021210,10021210,10021266,20,,InstructionDB,1002122f,10021233,MOV EAX, [0x100379e0]
10021236,.text,,10021210,FUN_10021210,10021210,10021266,26,,InstructionDB,10021234,10021239,MOV dword ptr [0x100379f0], ESI
1002123c,.text,,10021210,FUN_10021210,10021210,10021266,2c,,InstructionDB,1002123a,1002123f,MOV dword ptr [0x100379f4], ESI
10021242,.text,,10021210,FUN_10021210,10021210,10021266,32,,InstructionDB,10021240,10021245,MOV dword ptr [0x100379f8], ESI
10021255,.text,,10021210,FUN_10021210,10021210,10021266,45,,InstructionDB,10021253,10021258,MOV dword ptr [0x100379e0], ESI
1002125b,.text,,10021210,FUN_10021210,10021210,10021266,4b,,InstructionDB,10021259,1002125e,MOV dword ptr [0x100379e4], ESI
10021261,.text,,10021210,FUN_10021210,10021210,10021266,51,,InstructionDB,1002125f,10021264,MOV dword ptr [0x100379e8], ESI
10021269,.text,,10021267,FUN_10021267,10021267,1002127a,2,,InstructionDB,10021267,10021270,MOV dword ptr [0x100399e0], 0x10022250
1002126d,.text,,10021267,FUN_10021267,10021267,1002127a,6,,InstructionDB,10021267,10021270,MOV dword ptr [0x100399e0], 0x10022250
10021272,.text,,10021267,FUN_10021267,10021267,1002127a,b,,InstructionDB,10021271,10021275,MOV ECX, 0x100399e0
