address,block,exact_function_entry,containing_function_entry,containing_function_name,body_min,body_max,offset_from_entry,symbols
10001002,.text,,,,,,,
10001018,.text,,10001010,FUN_10001010,10001010,10001036,8,
10001051,.text,,10001040,FUN_10001040,10001040,10001341,11,
1000105b,.text,,10001040,FUN_10001040,10001040,10001341,1b,
100010aa,.text,,10001040,FUN_10001040,10001040,10001341,6a,
100010b9,.text,,10001040,FUN_10001040,10001040,10001341,79,
1000110a,.text,,10001040,FUN_10001040,10001040,10001341,ca,
10001119,.text,,10001040,FUN_10001040,10001040,10001341,d9,
10001195,.text,,10001040,FUN_10001040,10001040,10001341,155,
100011ac,.text,,10001040,FUN_10001040,10001040,10001341,16c,
1000121a,.text,,10001040,FUN_10001040,10001040,10001341,1da,
10001229,.text,,10001040,FUN_10001040,10001040,10001341,1e9,
100012a4,.text,,10001040,FUN_10001040,10001040,10001341,264,
100012bf,.text,,10001040,FUN_10001040,10001040,10001341,27f,
100012f9,.text,,10001040,FUN_10001040,10001040,10001341,2b9,
10001311,.text,,10001040,FUN_10001040,10001040,10001341,2d1,
1000131b,.text,,10001040,FUN_10001040,10001040,10001341,2db,
10001326,.text,,10001040,FUN_10001040,10001040,10001341,2e6,
10001355,.text,,10001350,FUN_10001350,10001350,100013de,5,
100013d2,.text,,10001350,FUN_10001350,10001350,100013de,82,
100013e2,.text,,100013e0,FUN_100013e0,100013e0,10001427,2,
100013ec,.text,,100013e0,FUN_100013e0,100013e0,10001427,c,
100013f5,.text,,100013e0,FUN_100013e0,100013e0,10001427,15,
100013fb,.text,,100013e0,FUN_100013e0,100013e0,10001427,1b,
10001412,.text,,100013e0,FUN_100013e0,100013e0,10001427,32,
10001480,.text,,10001430,FUN_10001430,10001430,10001493,50,
1000148b,.text,,10001430,FUN_10001430,10001430,10001493,5b,
100014b1,.text,,100014a0,FUN_100014a0,100014a0,100014bb,11,
100014cb,.text,,100014c0,FUN_100014c0,100014c0,10001514,b,
100014ec,.text,,100014c0,FUN_100014c0,100014c0,10001514,2c,
100014ff,.text,,100014c0,FUN_100014c0,100014c0,10001514,3f,
10001505,.text,,100014c0,FUN_100014c0,100014c0,10001514,45,
1000152b,.text,,10001520,FUN_10001520,10001520,1000158f,b,
10001535,.text,,10001520,FUN_10001520,10001520,1000158f,15,
1000153a,.text,,10001520,FUN_10001520,10001520,1000158f,1a,
10001542,.text,,10001520,FUN_10001520,10001520,1000158f,22,
1000154d,.text,,10001520,FUN_10001520,10001520,1000158f,2d,
10001563,.text,,10001520,FUN_10001520,10001520,1000158f,43,
1000157f,.text,,10001520,FUN_10001520,10001520,1000158f,5f,
10001597,.text,,10001590,FUN_10001590,10001590,10001623,7,
100015a1,.text,,10001590,FUN_10001590,10001590,10001623,11,
100015a6,.text,,10001590,FUN_10001590,10001590,10001623,16,
1000163a,.text,,10001630,FUN_10001630,10001630,1000172e,a,
10001665,.text,,10001630,FUN_10001630,10001630,1000172e,35,
1000166c,.text,,10001630,FUN_10001630,10001630,1000172e,3c,
10001671,.text,,10001630,FUN_10001630,10001630,1000172e,41,
10001676,.text,,10001630,FUN_10001630,10001630,1000172e,46,
1000168b,.text,,10001630,FUN_10001630,10001630,1000172e,5b,
10001714,.text,,10001630,FUN_10001630,10001630,1000172e,e4,
1000173b,.text,,10001730,FUN_10001730,10001730,10001760,b,
10001742,.text,,10001730,FUN_10001730,10001730,10001760,12,
1000174b,.text,,10001730,FUN_10001730,10001730,10001760,1b,
10001779,.text,,10001770,FUN_10001770,10001770,10001843,9,
100017b9,.text,,10001770,FUN_10001770,10001770,10001843,49,
10001819,.text,,10001770,FUN_10001770,10001770,10001843,a9,
1000185a,.text,,,,,,,
10001864,.text,,,,,,,
10001869,.text,,,,,,,
1000186e,.text,,,,,,,
10001882,.text,,,,,,,
10001887,.text,,,,,,,
1000195a,.text,,100018a0,FUN_100018a0,100018a0,10001977,ba,
10001996,.text,,10001980,FUN_10001980,10001980,10001acf,16,
10001a11,.text,,10001980,FUN_10001980,10001980,10001acf,91,
10001a98,.text,,10001980,FUN_10001980,10001980,10001acf,118,
10001ad5,.text,,10001ad0,FUN_10001ad0,10001ad0,10001af2,5,
10001b0c,.text,,10001b00,FUN_10001b00,10001b00,10001b27,c,
10001b34,.text,,10001b30,FUN_10001b30,10001b30,10001b8a,4,
10001bcb,.text,,10001b90,FUN_10001b90,10001b90,10001da8,3b,
10001c17,.text,,10001b90,FUN_10001b90,10001b90,10001da8,87,
10001c37,.text,,10001b90,FUN_10001b90,10001b90,10001da8,a7,
10001c53,.text,,10001b90,FUN_10001b90,10001b90,10001da8,c3,
10001c8b,.text,,10001b90,FUN_10001b90,10001b90,10001da8,fb,
10001cbd,.text,,10001b90,FUN_10001b90,10001b90,10001da8,12d,
10001d17,.text,,10001b90,FUN_10001b90,10001b90,10001da8,187,
10001d25,.text,,10001b90,FUN_10001b90,10001b90,10001da8,195,
10001d37,.text,,10001b90,FUN_10001b90,10001b90,10001da8,1a7,
10001d5e,.text,,10001b90,FUN_10001b90,10001b90,10001da8,1ce,
10001d92,.text,,10001b90,FUN_10001b90,10001b90,10001da8,202,
10001dc0,.text,,10001db0,FUN_10001db0,10001db0,10001e67,10,
10001dc6,.text,,10001db0,FUN_10001db0,10001db0,10001e67,16,
10001dd0,.text,,10001db0,FUN_10001db0,10001db0,10001e67,20,
10001dd7,.text,,10001db0,FUN_10001db0,10001db0,10001e67,27,
10001dde,.text,,10001db0,FUN_10001db0,10001db0,10001e67,2e,
10001df1,.text,,10001db0,FUN_10001db0,10001db0,10001e67,41,
10001e03,.text,,10001db0,FUN_10001db0,10001db0,10001e67,53,
10001e0e,.text,,10001db0,FUN_10001db0,10001db0,10001e67,5e,
10001e18,.text,,10001db0,FUN_10001db0,10001db0,10001e67,68,
10001e1e,.text,,10001db0,FUN_10001db0,10001db0,10001e67,6e,
10001e2e,.text,,10001db0,FUN_10001db0,10001db0,10001e67,7e,
10001e46,.text,,10001db0,FUN_10001db0,10001db0,10001e67,96,
10001e4d,.text,,10001db0,FUN_10001db0,10001db0,10001e67,9d,
10001e52,.text,,10001db0,FUN_10001db0,10001db0,10001e67,a2,
10001e95,.text,,10001e80,FUN_10001e80,10001e80,10001fa0,15,
10001e9d,.text,,10001e80,FUN_10001e80,10001e80,10001fa0,1d,
10001eac,.text,,10001e80,FUN_10001e80,10001e80,10001fa0,2c,
10001ebb,.text,,10001e80,FUN_10001e80,10001e80,10001fa0,3b,
10001ec5,.text,,10001e80,FUN_10001e80,10001e80,10001fa0,45,
10001ed6,.text,,10001e80,FUN_10001e80,10001e80,10001fa0,56,
10001ee0,.text,,10001e80,FUN_10001e80,10001e80,10001fa0,60,
10001efb,.text,,10001e80,FUN_10001e80,10001e80,10001fa0,7b,
10001f00,.text,,10001e80,FUN_10001e80,10001e80,10001fa0,80,
10001f09,.text,,10001e80,FUN_10001e80,10001e80,10001fa0,89,
10001f0f,.text,,10001e80,FUN_10001e80,10001e80,10001fa0,8f,
10001f15,.text,,10001e80,FUN_10001e80,10001e80,10001fa0,95,
10001f47,.text,,10001e80,FUN_10001e80,10001e80,10001fa0,c7,
10001f67,.text,,10001e80,FUN_10001e80,10001e80,10001fa0,e7,
10001f82,.text,,10001e80,FUN_10001e80,10001e80,10001fa0,102,
10001fc4,.text,,10001fb0,FUN_10001fb0,10001fb0,1000220e,14,
10001fea,.text,,10001fb0,FUN_10001fb0,10001fb0,1000220e,3a,
10002009,.text,,10001fb0,FUN_10001fb0,10001fb0,1000220e,59,
1000204d,.text,,10001fb0,FUN_10001fb0,10001fb0,1000220e,9d,
100020b2,.text,,10001fb0,FUN_10001fb0,10001fb0,1000220e,102,
100020e0,.text,,10001fb0,FUN_10001fb0,10001fb0,1000220e,130,
100021c2,.text,,10001fb0,FUN_10001fb0,10001fb0,1000220e,212,
1000221a,.text,,10002210,FUN_10002210,10002210,1000302c,a,
10002224,.text,,10002210,FUN_10002210,10002210,1000302c,14,
1000222e,.text,,10002210,FUN_10002210,10002210,1000302c,1e,
10002238,.text,,10002210,FUN_10002210,10002210,1000302c,28,
10002242,.text,,10002210,FUN_10002210,10002210,1000302c,32,
1000224c,.text,,10002210,FUN_10002210,10002210,1000302c,3c,
10002257,.text,,10002210,FUN_10002210,10002210,1000302c,47,
1000225f,.text,,10002210,FUN_10002210,10002210,1000302c,4f,
10002266,.text,,10002210,FUN_10002210,10002210,1000302c,56,
1000226b,.text,,10002210,FUN_10002210,10002210,1000302c,5b,
10002272,.text,,10002210,FUN_10002210,10002210,1000302c,62,
10002281,.text,,10002210,FUN_10002210,10002210,1000302c,71,
10002286,.text,,10002210,FUN_10002210,10002210,1000302c,76,
10002290,.text,,10002210,FUN_10002210,10002210,1000302c,80,
1000229a,.text,,10002210,FUN_10002210,10002210,1000302c,8a,
100022a7,.text,,10002210,FUN_10002210,10002210,1000302c,97,
100022ae,.text,,10002210,FUN_10002210,10002210,1000302c,9e,
100022b3,.text,,10002210,FUN_10002210,10002210,1000302c,a3,
100022ba,.text,,10002210,FUN_10002210,10002210,1000302c,aa,
100022c9,.text,,10002210,FUN_10002210,10002210,1000302c,b9,
100022cf,.text,,10002210,FUN_10002210,10002210,1000302c,bf,
100022d9,.text,,10002210,FUN_10002210,10002210,1000302c,c9,
100022e3,.text,,10002210,FUN_10002210,10002210,1000302c,d3,
100022f0,.text,,10002210,FUN_10002210,10002210,1000302c,e0,
100022fa,.text,,10002210,FUN_10002210,10002210,1000302c,ea,
100022ff,.text,,10002210,FUN_10002210,10002210,1000302c,ef,
10002306,.text,,10002210,FUN_10002210,10002210,1000302c,f6,
10002313,.text,,10002210,FUN_10002210,10002210,1000302c,103,
10002318,.text,,10002210,FUN_10002210,10002210,1000302c,108,
1000231e,.text,,10002210,FUN_10002210,10002210,1000302c,10e,
10002328,.text,,10002210,FUN_10002210,10002210,1000302c,118,
10002332,.text,,10002210,FUN_10002210,10002210,1000302c,122,
1000233f,.text,,10002210,FUN_10002210,10002210,1000302c,12f,
10002346,.text,,10002210,FUN_10002210,10002210,1000302c,136,
1000234b,.text,,10002210,FUN_10002210,10002210,1000302c,13b,
10002352,.text,,10002210,FUN_10002210,10002210,1000302c,142,
1000235c,.text,,10002210,FUN_10002210,10002210,1000302c,14c,
10002361,.text,,10002210,FUN_10002210,10002210,1000302c,151,
1000236b,.text,,10002210,FUN_10002210,10002210,1000302c,15b,
10002375,.text,,10002210,FUN_10002210,10002210,1000302c,165,
10002382,.text,,10002210,FUN_10002210,10002210,1000302c,172,
10002389,.text,,10002210,FUN_10002210,10002210,1000302c,179,
1000238e,.text,,10002210,FUN_10002210,10002210,1000302c,17e,
10002395,.text,,10002210,FUN_10002210,10002210,1000302c,185,
1000239f,.text,,10002210,FUN_10002210,10002210,1000302c,18f,
100023a4,.text,,10002210,FUN_10002210,10002210,1000302c,194,
100023ae,.text,,10002210,FUN_10002210,10002210,1000302c,19e,
100023b8,.text,,10002210,FUN_10002210,10002210,1000302c,1a8,
100023c5,.text,,10002210,FUN_10002210,10002210,1000302c,1b5,
100023cc,.text,,10002210,FUN_10002210,10002210,1000302c,1bc,
100023d1,.text,,10002210,FUN_10002210,10002210,1000302c,1c1,
100023d8,.text,,10002210,FUN_10002210,10002210,1000302c,1c8,
100023e2,.text,,10002210,FUN_10002210,10002210,1000302c,1d2,
100023e7,.text,,10002210,FUN_10002210,10002210,1000302c,1d7,
100023f1,.text,,10002210,FUN_10002210,10002210,1000302c,1e1,
100023fb,.text,,10002210,FUN_10002210,10002210,1000302c,1eb,
10002408,.text,,10002210,FUN_10002210,10002210,1000302c,1f8,
1000240f,.text,,10002210,FUN_10002210,10002210,1000302c,1ff,
10002414,.text,,10002210,FUN_10002210,10002210,1000302c,204,
1000241b,.text,,10002210,FUN_10002210,10002210,1000302c,20b,
10002425,.text,,10002210,FUN_10002210,10002210,1000302c,215,
1000242a,.text,,10002210,FUN_10002210,10002210,1000302c,21a,
10002434,.text,,10002210,FUN_10002210,10002210,1000302c,224,
1000243e,.text,,10002210,FUN_10002210,10002210,1000302c,22e,
1000244b,.text,,10002210,FUN_10002210,10002210,1000302c,23b,
10002452,.text,,10002210,FUN_10002210,10002210,1000302c,242,
10002457,.text,,10002210,FUN_10002210,10002210,1000302c,247,
1000245e,.text,,10002210,FUN_10002210,10002210,1000302c,24e,
10002468,.text,,10002210,FUN_10002210,10002210,1000302c,258,
1000246d,.text,,10002210,FUN_10002210,10002210,1000302c,25d,
10002477,.text,,10002210,FUN_10002210,10002210,1000302c,267,
10002481,.text,,10002210,FUN_10002210,10002210,1000302c,271,
1000248e,.text,,10002210,FUN_10002210,10002210,1000302c,27e,
10002495,.text,,10002210,FUN_10002210,10002210,1000302c,285,
1000249a,.text,,10002210,FUN_10002210,10002210,1000302c,28a,
100024a1,.text,,10002210,FUN_10002210,10002210,1000302c,291,
100024a6,.text,,10002210,FUN_10002210,10002210,1000302c,296,
100024b0,.text,,10002210,FUN_10002210,10002210,1000302c,2a0,
100024bb,.text,,10002210,FUN_10002210,10002210,1000302c,2ab,
100024d0,.text,,10002210,FUN_10002210,10002210,1000302c,2c0,
10002526,.text,,10002210,FUN_10002210,10002210,1000302c,316,
10002582,.text,,10002210,FUN_10002210,10002210,1000302c,372,
100025de,.text,,10002210,FUN_10002210,10002210,1000302c,3ce,
1000263a,.text,,10002210,FUN_10002210,10002210,1000302c,42a,
10002696,.text,,10002210,FUN_10002210,10002210,1000302c,486,
100026c1,.text,,10002210,FUN_10002210,10002210,1000302c,4b1,
10002705,.text,,10002210,FUN_10002210,10002210,1000302c,4f5,
10002765,.text,,10002210,FUN_10002210,10002210,1000302c,555,
100027c5,.text,,10002210,FUN_10002210,10002210,1000302c,5b5,
10002825,.text,,10002210,FUN_10002210,10002210,1000302c,615,
10002885,.text,,10002210,FUN_10002210,10002210,1000302c,675,
100028e5,.text,,10002210,FUN_10002210,10002210,1000302c,6d5,
10002a1a,.text,,10002210,FUN_10002210,10002210,1000302c,80a,
10002a42,.text,,10002210,FUN_10002210,10002210,1000302c,832,
10002a5e,.text,,10002210,FUN_10002210,10002210,1000302c,84e,
10002ac5,.text,,10002210,FUN_10002210,10002210,1000302c,8b5,
10002b21,.text,,10002210,FUN_10002210,10002210,1000302c,911,
10002b4c,.text,,10002210,FUN_10002210,10002210,1000302c,93c,
10002b90,.text,,10002210,FUN_10002210,10002210,1000302c,980,
10002bea,.text,,10002210,FUN_10002210,10002210,1000302c,9da,
10002c2a,.text,,10002210,FUN_10002210,10002210,1000302c,a1a,
10002caa,.text,,10002210,FUN_10002210,10002210,1000302c,a9a,
10002d39,.text,,10002210,FUN_10002210,10002210,1000302c,b29,
10002d95,.text,,10002210,FUN_10002210,10002210,1000302c,b85,
10002de9,.text,,10002210,FUN_10002210,10002210,1000302c,bd9,
10002e4d,.text,,10002210,FUN_10002210,10002210,1000302c,c3d,
10002ead,.text,,10002210,FUN_10002210,10002210,1000302c,c9d,
10002ed4,.text,,10002210,FUN_10002210,10002210,1000302c,cc4,
10002fb2,.text,,10002210,FUN_10002210,10002210,1000302c,da2,
10002fd8,.text,,10002210,FUN_10002210,10002210,1000302c,dc8,
10002ffb,.text,,10002210,FUN_10002210,10002210,1000302c,deb,
10003008,.text,,10002210,FUN_10002210,10002210,1000302c,df8,
1000300d,.text,,10002210,FUN_10002210,10002210,1000302c,dfd,
10003018,.text,,10002210,FUN_10002210,10002210,1000302c,e08,
1000301d,.text,,10002210,FUN_10002210,10002210,1000302c,e0d,
10003032,.text,,,,,,,
10003063,.text,,,,,,,
10003068,.text,,,,,,,
10003083,.text,,,,,,,
10003088,.text,,,,,,,
1000309d,.text,,,,,,,
100030b2,.text,,,,,,,
100030c5,.text,,,,,,,
100030cd,.text,,,,,,,
100030dc,.text,,,,,,,
100030ed,.text,,,,,,,
10003104,.text,,,,,,,
10003111,.text,,,,,,,
10003136,.text,,10003130,FUN_10003130,10003130,100031d9,6,
1000316a,.text,,10003130,FUN_10003130,10003130,100031d9,3a,
100031e2,.text,,,,,,,
10003217,.text,,10003200,FUN_10003200,10003200,1000333f,17,
1000324f,.text,,10003200,FUN_10003200,10003200,1000333f,4f,
100032fe,.text,,10003200,FUN_10003200,10003200,1000333f,fe,
10003307,.text,,10003200,FUN_10003200,10003200,1000333f,107,
10003346,.text,,10003340,FUN_10003340,10003340,100033ff,6,
1000350a,.text,,10003400,FUN_10003400,10003400,10003652,10a,
1000351e,.text,,10003400,FUN_10003400,10003400,10003652,11e,
10003526,.text,,10003400,FUN_10003400,10003400,10003652,126,
1000352e,.text,,10003400,FUN_10003400,10003400,10003652,12e,
1000354e,.text,,10003400,FUN_10003400,10003400,10003652,14e,
100035d4,.text,,10003400,FUN_10003400,10003400,10003652,1d4,
100035dc,.text,,10003400,FUN_10003400,10003400,10003652,1dc,
10003607,.text,,10003400,FUN_10003400,10003400,10003652,207,
100036ec,.text,,10003660,FUN_10003660,10003660,1000380b,8c,
100036fe,.text,,10003660,FUN_10003660,10003660,1000380b,9e,
10003708,.text,,10003660,FUN_10003660,10003660,1000380b,a8,
10003734,.text,,10003660,FUN_10003660,10003660,1000380b,d4,
1000378e,.text,,10003660,FUN_10003660,10003660,1000380b,12e,
10003796,.text,,10003660,FUN_10003660,10003660,1000380b,136,
100037c1,.text,,10003660,FUN_10003660,10003660,1000380b,161,
10003820,.text,,10003810,FUN_10003810,10003810,10003b9c,10,
1000382a,.text,,10003810,FUN_10003810,10003810,10003b9c,1a,
10003866,.text,,10003810,FUN_10003810,10003810,10003b9c,56,
10003874,.text,,10003810,FUN_10003810,10003810,10003b9c,64,
10003880,.text,,10003810,FUN_10003810,10003810,10003b9c,70,
1000388d,.text,,10003810,FUN_10003810,10003810,10003b9c,7d,
1000389b,.text,,10003810,FUN_10003810,10003810,10003b9c,8b,
100038bb,.text,,10003810,FUN_10003810,10003810,10003b9c,ab,
100038c8,.text,,10003810,FUN_10003810,10003810,10003b9c,b8,
100038d9,.text,,10003810,FUN_10003810,10003810,10003b9c,c9,
10003911,.text,,10003810,FUN_10003810,10003810,10003b9c,101,
10003965,.text,,10003810,FUN_10003810,10003810,10003b9c,155,
10003975,.text,,10003810,FUN_10003810,10003810,10003b9c,165,
100039bd,.text,,10003810,FUN_10003810,10003810,10003b9c,1ad,
10003b5c,.text,,10003810,FUN_10003810,10003810,10003b9c,34c,
10003b76,.text,,10003810,FUN_10003810,10003810,10003b9c,366,
10003b8a,.text,,10003810,FUN_10003810,10003810,10003b9c,37a,
10003ba4,.text,,10003ba0,FUN_10003ba0,10003ba0,10003e38,4,
10003be4,.text,,10003ba0,FUN_10003ba0,10003ba0,10003e38,44,
10003bee,.text,,10003ba0,FUN_10003ba0,10003ba0,10003e38,4e,
10003bf8,.text,,10003ba0,FUN_10003ba0,10003ba0,10003e38,58,
10003c02,.text,,10003ba0,FUN_10003ba0,10003ba0,10003e38,62,
10003c0c,.text,,10003ba0,FUN_10003ba0,10003ba0,10003e38,6c,
10003c11,.text,,10003ba0,FUN_10003ba0,10003ba0,10003e38,71,
10003c1b,.text,,10003ba0,FUN_10003ba0,10003ba0,10003e38,7b,
10003c31,.text,,10003ba0,FUN_10003ba0,10003ba0,10003e38,91,
10003c40,.text,,10003ba0,FUN_10003ba0,10003ba0,10003e38,a0,
10003c4a,.text,,10003ba0,FUN_10003ba0,10003ba0,10003e38,aa,
10003c57,.text,,10003ba0,FUN_10003ba0,10003ba0,10003e38,b7,
10003c63,.text,,10003ba0,FUN_10003ba0,10003ba0,10003e38,c3,
10003c6f,.text,,10003ba0,FUN_10003ba0,10003ba0,10003e38,cf,
10003c84,.text,,10003ba0,FUN_10003ba0,10003ba0,10003e38,e4,
10003c94,.text,,10003ba0,FUN_10003ba0,10003ba0,10003e38,f4,
10003c9e,.text,,10003ba0,FUN_10003ba0,10003ba0,10003e38,fe,
10003ca8,.text,,10003ba0,FUN_10003ba0,10003ba0,10003e38,108,
10003cb4,.text,,10003ba0,FUN_10003ba0,10003ba0,10003e38,114,
10003cc0,.text,,10003ba0,FUN_10003ba0,10003ba0,10003e38,120,
10003cd0,.text,,10003ba0,FUN_10003ba0,10003ba0,10003e38,130,
10003ce0,.text,,10003ba0,FUN_10003ba0,10003ba0,10003e38,140,
10003cea,.text,,10003ba0,FUN_10003ba0,10003ba0,10003e38,14a,
10003cf7,.text,,10003ba0,FUN_10003ba0,10003ba0,10003e38,157,
10003d03,.text,,10003ba0,FUN_10003ba0,10003ba0,10003e38,163,
10003d2f,.text,,10003ba0,FUN_10003ba0,10003ba0,10003e38,18f,
10003d39,.text,,10003ba0,FUN_10003ba0,10003ba0,10003e38,199,
10003d48,.text,,10003ba0,FUN_10003ba0,10003ba0,10003e38,1a8,
10003d52,.text,,10003ba0,FUN_10003ba0,10003ba0,10003e38,1b2,
10003d5c,.text,,10003ba0,FUN_10003ba0,10003ba0,10003e38,1bc,
10003d68,.text,,10003ba0,FUN_10003ba0,10003ba0,10003e38,1c8,
10003d6d,.text,,10003ba0,FUN_10003ba0,10003ba0,10003e38,1cd,
10003d77,.text,,10003ba0,FUN_10003ba0,10003ba0,10003e38,1d7,
10003d7c,.text,,10003ba0,FUN_10003ba0,10003ba0,10003e38,1dc,
10003d85,.text,,10003ba0,FUN_10003ba0,10003ba0,10003e38,1e5,
10003d8f,.text,,10003ba0,FUN_10003ba0,10003ba0,10003e38,1ef,
10003d9f,.text,,10003ba0,FUN_10003ba0,10003ba0,10003e38,1ff,
10003da9,.text,,10003ba0,FUN_10003ba0,10003ba0,10003e38,209,
10003db3,.text,,10003ba0,FUN_10003ba0,10003ba0,10003e38,213,
10003dbf,.text,,10003ba0,FUN_10003ba0,10003ba0,10003e38,21f,
10003dc4,.text,,10003ba0,FUN_10003ba0,10003ba0,10003e38,224,
10003dce,.text,,10003ba0,FUN_10003ba0,10003ba0,10003e38,22e,
10003dd3,.text,,10003ba0,FUN_10003ba0,10003ba0,10003e38,233,
10003ddc,.text,,10003ba0,FUN_10003ba0,10003ba0,10003e38,23c,
10003de6,.text,,10003ba0,FUN_10003ba0,10003ba0,10003e38,246,
10003df3,.text,,10003ba0,FUN_10003ba0,10003ba0,10003e38,253,
10003dfd,.text,,10003ba0,FUN_10003ba0,10003ba0,10003e38,25d,
10003e07,.text,,10003ba0,FUN_10003ba0,10003ba0,10003e38,267,
10003e13,.text,,10003ba0,FUN_10003ba0,10003ba0,10003e38,273,
10003e18,.text,,10003ba0,FUN_10003ba0,10003ba0,10003e38,278,
10003e22,.text,,10003ba0,FUN_10003ba0,10003ba0,10003e38,282,
10003e2e,.text,,10003ba0,FUN_10003ba0,10003ba0,10003e38,28e,
10003f4a,.text,,10003f40,FUN_10003f40,10003f40,10003f77,a,
10003f5c,.text,,10003f40,FUN_10003f40,10003f40,10003f77,1c,
10003f82,.text,,10003f80,FUN_10003f80,10003f80,10003fa1,2,
10003f90,.text,,10003f80,FUN_10003f80,10003f80,10003fa1,10,
10003fbd,.text,,10003fb0,FUN_10003fb0,10003fb0,10003fdf,d,
10003fcb,.text,,10003fb0,FUN_10003fb0,10003fb0,10003fdf,1b,
10004014,.text,,10004000,FUN_10004000,10004000,100042b6,14,
1000403b,.text,,10004000,FUN_10004000,10004000,100042b6,3b,
10004076,.text,,10004000,FUN_10004000,10004000,100042b6,76,
100040b3,.text,,10004000,FUN_10004000,10004000,100042b6,b3,
100040f3,.text,,10004000,FUN_10004000,10004000,100042b6,f3,
10004133,.text,,10004000,FUN_10004000,10004000,100042b6,133,
10004173,.text,,10004000,FUN_10004000,10004000,100042b6,173,
100041b3,.text,,10004000,FUN_10004000,10004000,100042b6,1b3,
100041f3,.text,,10004000,FUN_10004000,10004000,100042b6,1f3,
10004233,.text,,10004000,FUN_10004000,10004000,100042b6,233,
10004273,.text,,10004000,FUN_10004000,10004000,100042b6,273,
100042d7,.text,,100042c0,FUN_100042c0,100042c0,1000442b,17,
10004315,.text,,100042c0,FUN_100042c0,100042c0,1000442b,55,
1000431b,.text,,100042c0,FUN_100042c0,100042c0,1000442b,5b,
10004342,.text,,100042c0,FUN_100042c0,100042c0,1000442b,82,
10004359,.text,,100042c0,FUN_100042c0,100042c0,1000442b,99,
10004363,.text,,100042c0,FUN_100042c0,100042c0,1000442b,a3,
10004379,.text,,100042c0,FUN_100042c0,100042c0,1000442b,b9,
1000439a,.text,,100042c0,FUN_100042c0,100042c0,1000442b,da,
100043ce,.text,,100042c0,FUN_100042c0,100042c0,1000442b,10e,
10004459,.text,,10004430,FUN_10004430,10004430,100046ed,29,
10004495,.text,,10004430,FUN_10004430,10004430,100046ed,65,
100044d5,.text,,10004430,FUN_10004430,10004430,100046ed,a5,
10004515,.text,,10004430,FUN_10004430,10004430,100046ed,e5,
10004555,.text,,10004430,FUN_10004430,10004430,100046ed,125,
10004595,.text,,10004430,FUN_10004430,10004430,100046ed,165,
100045d7,.text,,10004430,FUN_10004430,10004430,100046ed,1a7,
1000461c,.text,,10004430,FUN_10004430,10004430,100046ed,1ec,
1000466c,.text,,10004430,FUN_10004430,10004430,100046ed,23c,
10004693,.text,,10004430,FUN_10004430,10004430,100046ed,263,
100046b4,.text,,10004430,FUN_10004430,10004430,100046ed,284,
100046da,.text,,10004430,FUN_10004430,10004430,100046ed,2aa,
1000472b,.text,,100046f0,FUN_100046f0,100046f0,100049f3,3b,
10004743,.text,,100046f0,FUN_100046f0,100046f0,100049f3,53,
1000475b,.text,,100046f0,FUN_100046f0,100046f0,100049f3,6b,
1000476d,.text,,100046f0,FUN_100046f0,100046f0,100049f3,7d,
100047b1,.text,,100046f0,FUN_100046f0,100046f0,100049f3,c1,
100047c8,.text,,100046f0,FUN_100046f0,100046f0,100049f3,d8,
100047fd,.text,,100046f0,FUN_100046f0,100046f0,100049f3,10d,
10004811,.text,,100046f0,FUN_100046f0,100046f0,100049f3,121,
10004825,.text,,100046f0,FUN_100046f0,100046f0,100049f3,135,
10004839,.text,,100046f0,FUN_100046f0,100046f0,100049f3,149,
1000484d,.text,,100046f0,FUN_100046f0,100046f0,100049f3,15d,
10004889,.text,,100046f0,FUN_100046f0,100046f0,100049f3,199,
100048b5,.text,,100046f0,FUN_100046f0,100046f0,100049f3,1c5,
100048e6,.text,,100046f0,FUN_100046f0,100046f0,100049f3,1f6,
100048fc,.text,,100046f0,FUN_100046f0,100046f0,100049f3,20c,
10004912,.text,,100046f0,FUN_100046f0,100046f0,100049f3,222,
10004928,.text,,100046f0,FUN_100046f0,100046f0,100049f3,238,
1000493e,.text,,100046f0,FUN_100046f0,100046f0,100049f3,24e,
10004969,.text,,100046f0,FUN_100046f0,100046f0,100049f3,279,
1000499b,.text,,100046f0,FUN_100046f0,100046f0,100049f3,2ab,
100049a0,.text,,100046f0,FUN_100046f0,100046f0,100049f3,2b0,
10004a04,.text,,10004a00,FUN_10004a00,10004a00,10004a5e,4,
10004a26,.text,,10004a00,FUN_10004a00,10004a00,10004a5e,26,
10004a2b,.text,,10004a00,FUN_10004a00,10004a00,10004a5e,2b,
10004a4a,.text,,10004a00,FUN_10004a00,10004a00,10004a5e,4a,
10004a71,.text,,10004a60,FUN_10004a60,10004a60,10004aa9,11,
10004a89,.text,,10004a60,FUN_10004a60,10004a60,10004aa9,29,
10004aa3,.text,,10004a60,FUN_10004a60,10004a60,10004aa9,43,
10004ac6,.text,,10004ab0,FUN_10004ab0,10004ab0,10004b0e,16,
10004b12,.text,,,,,,,
10004b18,.text,,,,,,,
10004b2b,.text,,,,,,,
10004b6e,.text,,,,,,,
10004b76,.text,,,,,,,
10004b95,.text,,,,,,,
10004b9d,.text,,,,,,,
10004bb9,.text,,10004bb0,FUN_10004bb0,10004bb0,100050d6,9,
10004c03,.text,,10004bb0,FUN_10004bb0,10004bb0,100050d6,53,
10004c20,.text,,10004bb0,FUN_10004bb0,10004bb0,100050d6,70,
10004c31,.text,,10004bb0,FUN_10004bb0,10004bb0,100050d6,81,
10004c41,.text,,10004bb0,FUN_10004bb0,10004bb0,100050d6,91,
10004c54,.text,,10004bb0,FUN_10004bb0,10004bb0,100050d6,a4,
10004c5d,.text,,10004bb0,FUN_10004bb0,10004bb0,100050d6,ad,
10004c6b,.text,,10004bb0,FUN_10004bb0,10004bb0,100050d6,bb,
10004c80,.text,,10004bb0,FUN_10004bb0,10004bb0,100050d6,d0,
10004cb1,.text,,10004bb0,FUN_10004bb0,10004bb0,100050d6,101,
10004cee,.text,,10004bb0,FUN_10004bb0,10004bb0,100050d6,13e,
10004cfa,.text,,10004bb0,FUN_10004bb0,10004bb0,100050d6,14a,
10004d44,.text,,10004bb0,FUN_10004bb0,10004bb0,100050d6,194,
10004d9d,.text,,10004bb0,FUN_10004bb0,10004bb0,100050d6,1ed,
10004db2,.text,,10004bb0,FUN_10004bb0,10004bb0,100050d6,202,
10004e11,.text,,10004bb0,FUN_10004bb0,10004bb0,100050d6,261,
10004e26,.text,,10004bb0,FUN_10004bb0,10004bb0,100050d6,276,
10004e85,.text,,10004bb0,FUN_10004bb0,10004bb0,100050d6,2d5,
10004e9a,.text,,10004bb0,FUN_10004bb0,10004bb0,100050d6,2ea,
10004eec,.text,,10004bb0,FUN_10004bb0,10004bb0,100050d6,33c,
10004ef5,.text,,10004bb0,FUN_10004bb0,10004bb0,100050d6,345,
10004f07,.text,,10004bb0,FUN_10004bb0,10004bb0,100050d6,357,
10004f2f,.text,,10004bb0,FUN_10004bb0,10004bb0,100050d6,37f,
10004f72,.text,,10004bb0,FUN_10004bb0,10004bb0,100050d6,3c2,
10004f7b,.text,,10004bb0,FUN_10004bb0,10004bb0,100050d6,3cb,
10004f8d,.text,,10004bb0,FUN_10004bb0,10004bb0,100050d6,3dd,
10004f9a,.text,,10004bb0,FUN_10004bb0,10004bb0,100050d6,3ea,
10004ffb,.text,,10004bb0,FUN_10004bb0,10004bb0,100050d6,44b,
10005003,.text,,10004bb0,FUN_10004bb0,10004bb0,100050d6,453,
10005026,.text,,10004bb0,FUN_10004bb0,10004bb0,100050d6,476,
10005048,.text,,10004bb0,FUN_10004bb0,10004bb0,100050d6,498,
10005065,.text,,10004bb0,FUN_10004bb0,10004bb0,100050d6,4b5,
1000508a,.text,,10004bb0,FUN_10004bb0,10004bb0,100050d6,4da,
100050b0,.text,,10004bb0,FUN_10004bb0,10004bb0,100050d6,500,
100050f6,.text,,100050e0,FUN_100050e0,100050e0,10005665,16,
10005172,.text,,100050e0,FUN_100050e0,100050e0,10005665,92,
100053fe,.text,,100050e0,FUN_100050e0,100050e0,10005665,31e,
1000540e,.text,,100050e0,FUN_100050e0,100050e0,10005665,32e,
10005674,.text,,10005670,FUN_10005670,10005670,1000585f,4,
100056b8,.text,,10005670,FUN_10005670,10005670,1000585f,48,
100056de,.text,,10005670,FUN_10005670,10005670,1000585f,6e,
100056e4,.text,,10005670,FUN_10005670,10005670,1000585f,74,
1000570a,.text,,10005670,FUN_10005670,10005670,1000585f,9a,
1000572f,.text,,10005670,FUN_10005670,10005670,1000585f,bf,
10005735,.text,,10005670,FUN_10005670,10005670,1000585f,c5,
10005751,.text,,10005670,FUN_10005670,10005670,1000585f,e1,
1000577e,.text,,10005670,FUN_10005670,10005670,1000585f,10e,
10005784,.text,,10005670,FUN_10005670,10005670,1000585f,114,
1000579d,.text,,10005670,FUN_10005670,10005670,1000585f,12d,
1000583a,.text,,10005670,FUN_10005670,10005670,1000585f,1ca,
10005843,.text,,10005670,FUN_10005670,10005670,1000585f,1d3,
10005882,.text,,10005860,FUN_10005860,10005860,10005b56,22,
10005b68,.text,,10005b60,FUN_10005b60,10005b60,10005d2f,8,
10005baf,.text,,10005b60,FUN_10005b60,10005b60,10005d2f,4f,
10005c10,.text,,10005b60,FUN_10005b60,10005b60,10005d2f,b0,
10005c1a,.text,,10005b60,FUN_10005b60,10005b60,10005d2f,ba,
10005c53,.text,,10005b60,FUN_10005b60,10005b60,10005d2f,f3,
10005c95,.text,,10005b60,FUN_10005b60,10005b60,10005d2f,135,
10005ca2,.text,,10005b60,FUN_10005b60,10005b60,10005d2f,142,
10005cb3,.text,,10005b60,FUN_10005b60,10005b60,10005d2f,153,
10005ce6,.text,,10005b60,FUN_10005b60,10005b60,10005d2f,186,
10005cfe,.text,,10005b60,FUN_10005b60,10005b60,10005d2f,19e,
10005d11,.text,,10005b60,FUN_10005b60,10005b60,10005d2f,1b1,
10005d38,.text,,10005d30,FUN_10005d30,10005d30,10005eea,8,
10005d6f,.text,,10005d30,FUN_10005d30,10005d30,10005eea,3f,
10005dd0,.text,,10005d30,FUN_10005d30,10005d30,10005eea,a0,
10005dda,.text,,10005d30,FUN_10005d30,10005d30,10005eea,aa,
10005e13,.text,,10005d30,FUN_10005d30,10005d30,10005eea,e3,
10005e55,.text,,10005d30,FUN_10005d30,10005d30,10005eea,125,
10005e62,.text,,10005d30,FUN_10005d30,10005d30,10005eea,132,
10005e79,.text,,10005d30,FUN_10005d30,10005d30,10005eea,149,
10005e9a,.text,,10005d30,FUN_10005d30,10005d30,10005eea,16a,
10005eac,.text,,10005d30,FUN_10005d30,10005d30,10005eea,17c,
10005ec4,.text,,10005d30,FUN_10005d30,10005d30,10005eea,194,
10005ed2,.text,,10005d30,FUN_10005d30,10005d30,10005eea,1a2,
10005ef8,.text,,10005ef0,FUN_10005ef0,10005ef0,100060c1,8,
10005f44,.text,,10005ef0,FUN_10005ef0,10005ef0,100060c1,54,
10005fa5,.text,,10005ef0,FUN_10005ef0,10005ef0,100060c1,b5,
10005faf,.text,,10005ef0,FUN_10005ef0,10005ef0,100060c1,bf,
10005fee,.text,,10005ef0,FUN_10005ef0,10005ef0,100060c1,fe,
1000602c,.text,,10005ef0,FUN_10005ef0,10005ef0,100060c1,13c,
10006039,.text,,10005ef0,FUN_10005ef0,10005ef0,100060c1,149,
10006050,.text,,10005ef0,FUN_10005ef0,10005ef0,100060c1,160,
10006071,.text,,10005ef0,FUN_10005ef0,10005ef0,100060c1,181,
10006083,.text,,10005ef0,FUN_10005ef0,10005ef0,100060c1,193,
1000609b,.text,,10005ef0,FUN_10005ef0,10005ef0,100060c1,1ab,
100060a9,.text,,10005ef0,FUN_10005ef0,10005ef0,100060c1,1b9,
100060d5,.text,,100060d0,FUN_100060d0,100060d0,10006321,5,
10006287,.text,,100060d0,FUN_100060d0,100060d0,10006321,1b7,
1000628e,.text,,100060d0,FUN_100060d0,100060d0,10006321,1be,
10006311,.text,,100060d0,FUN_100060d0,100060d0,10006321,241,
10006318,.text,,100060d0,FUN_100060d0,100060d0,10006321,248,
10006324,.text,,,,,,,switchdataD_10006324
10006328,.text,,,,,,,
1000632c,.text,,,,,,,
10006330,.text,,,,,,,
10006334,.text,,,,,,,
10006344,.text,,,,,,,switchdataD_10006344
10006348,.text,,,,,,,
1000634c,.text,,,,,,,
1000636a,.text,,10006360,FUN_10006360,10006360,10006785,a,
10006534,.text,,10006360,FUN_10006360,10006360,10006785,1d4,
10006638,.text,,10006360,FUN_10006360,10006360,10006785,2d8,
1000673c,.text,,10006360,FUN_10006360,10006360,10006785,3dc,
10006834,.text,,10006790,FUN_10006790,10006790,100069c0,a4,
10006843,.text,,10006790,FUN_10006790,10006790,100069c0,b3,
10006863,.text,,10006790,FUN_10006790,10006790,100069c0,d3,
10006872,.text,,10006790,FUN_10006790,10006790,100069c0,e2,
100068a1,.text,,10006790,FUN_10006790,10006790,100069c0,111,
100068b4,.text,,10006790,FUN_10006790,10006790,100069c0,124,
100068ba,.text,,10006790,FUN_10006790,10006790,100069c0,12a,
100068e8,.text,,10006790,FUN_10006790,10006790,100069c0,158,
100068ee,.text,,10006790,FUN_10006790,10006790,100069c0,15e,
10006939,.text,,10006790,FUN_10006790,10006790,100069c0,1a9,
1000694e,.text,,10006790,FUN_10006790,10006790,100069c0,1be,
10006975,.text,,10006790,FUN_10006790,10006790,100069c0,1e5,
10006990,.text,,10006790,FUN_10006790,10006790,100069c0,200,
100069a1,.text,,10006790,FUN_10006790,10006790,100069c0,211,
100069c4,.text,,,,,,,switchdataD_100069c4
100069c8,.text,,,,,,,
100069cc,.text,,,,,,,PTR_caseD_2_100069cc
100069d0,.text,,,,,,,
100069e8,.text,,100069e0,FUN_100069e0,100069e0,10006a4c,8,
10006a57,.text,,10006a50,FUN_10006a50,10006a50,10006ac1,7,
10006aad,.text,,10006a50,FUN_10006a50,10006a50,10006ac1,5d,
10006ad8,.text,,10006ad0,FUN_10006ad0,10006ad0,10006bd4,8,
10006b63,.text,,10006ad0,FUN_10006ad0,10006ad0,10006bd4,93,
10006b72,.text,,10006ad0,FUN_10006ad0,10006ad0,10006bd4,a2,
10006b9d,.text,,10006ad0,FUN_10006ad0,10006ad0,10006bd4,cd,
10006bac,.text,,10006ad0,FUN_10006ad0,10006ad0,10006bd4,dc,
10006cd8,.text,,10006be0,FUN_10006be0,10006be0,10007021,f8,
10006cf1,.text,,10006be0,FUN_10006be0,10006be0,10007021,111,
10006d39,.text,,10006be0,FUN_10006be0,10006be0,10007021,159,
10006d98,.text,,10006be0,FUN_10006be0,10006be0,10007021,1b8,
10006dad,.text,,10006be0,FUN_10006be0,10006be0,10007021,1cd,
10006df9,.text,,10006be0,FUN_10006be0,10006be0,10007021,219,
10006e0b,.text,,10006be0,FUN_10006be0,10006be0,10007021,22b,
10006e23,.text,,10006be0,FUN_10006be0,10006be0,10007021,243,
10006e69,.text,,10006be0,FUN_10006be0,10006be0,10007021,289,
10006eb5,.text,,10006be0,FUN_10006be0,10006be0,10007021,2d5,
10006ebb,.text,,10006be0,FUN_10006be0,10006be0,10007021,2db,
10006ec8,.text,,10006be0,FUN_10006be0,10006be0,10007021,2e8,
10006ed6,.text,,10006be0,FUN_10006be0,10006be0,10007021,2f6,
10006ef2,.text,,10006be0,FUN_10006be0,10006be0,10007021,312,
10006f0f,.text,,10006be0,FUN_10006be0,10006be0,10007021,32f,
10006f1c,.text,,10006be0,FUN_10006be0,10006be0,10007021,33c,
10006f4d,.text,,10006be0,FUN_10006be0,10006be0,10007021,36d,
10006fc8,.text,,10006be0,FUN_10006be0,10006be0,10007021,3e8,
10006fd6,.text,,10006be0,FUN_10006be0,10006be0,10007021,3f6,
100070fd,.text,,10007030,FUN_10007030,10007030,100073e7,cd,
10007116,.text,,10007030,FUN_10007030,10007030,100073e7,e6,
10007127,.text,,10007030,FUN_10007030,10007030,100073e7,f7,
10007131,.text,,10007030,FUN_10007030,10007030,100073e7,101,
10007137,.text,,10007030,FUN_10007030,10007030,100073e7,107,
10007157,.text,,10007030,FUN_10007030,10007030,100073e7,127,
10007178,.text,,10007030,FUN_10007030,10007030,100073e7,148,
1000717e,.text,,10007030,FUN_10007030,10007030,100073e7,14e,
100071c7,.text,,10007030,FUN_10007030,10007030,100073e7,197,
100071d7,.text,,10007030,FUN_10007030,10007030,100073e7,1a7,
100071e9,.text,,10007030,FUN_10007030,10007030,100073e7,1b9,
10007210,.text,,10007030,FUN_10007030,10007030,100073e7,1e0,
10007216,.text,,10007030,FUN_10007030,10007030,100073e7,1e6,
10007261,.text,,10007030,FUN_10007030,10007030,100073e7,231,
1000726b,.text,,10007030,FUN_10007030,10007030,100073e7,23b,
10007271,.text,,10007030,FUN_10007030,10007030,100073e7,241,
10007285,.text,,10007030,FUN_10007030,10007030,100073e7,255,
100072a1,.text,,10007030,FUN_10007030,10007030,100073e7,271,
100072b1,.text,,10007030,FUN_10007030,10007030,100073e7,281,
100072dd,.text,,10007030,FUN_10007030,10007030,100073e7,2ad,
100072ed,.text,,10007030,FUN_10007030,10007030,100073e7,2bd,
10007327,.text,,10007030,FUN_10007030,10007030,100073e7,2f7,
10007396,.text,,10007030,FUN_10007030,10007030,100073e7,366,
100073a4,.text,,10007030,FUN_10007030,10007030,100073e7,374,
10007401,.text,,100073f0,FUN_100073f0,100073f0,100074c8,11,
10007411,.text,,100073f0,FUN_100073f0,100073f0,100074c8,21,
10007441,.text,,100073f0,FUN_100073f0,100073f0,100074c8,51,
10007462,.text,,100073f0,FUN_100073f0,100073f0,100074c8,72,
10007483,.text,,100073f0,FUN_100073f0,100073f0,100074c8,93,
100074af,.text,,100073f0,FUN_100073f0,100073f0,100074c8,bf,
100074d7,.text,,100074d0,FUN_100074d0,100074d0,100076c6,7,
10007512,.text,,100074d0,FUN_100074d0,100074d0,100076c6,42,
1000751b,.text,,100074d0,FUN_100074d0,100074d0,100076c6,4b,
10007524,.text,,100074d0,FUN_100074d0,100074d0,100076c6,54,
1000752d,.text,,100074d0,FUN_100074d0,100074d0,100076c6,5d,
10007536,.text,,100074d0,FUN_100074d0,100074d0,100076c6,66,
1000753e,.text,,100074d0,FUN_100074d0,100074d0,100076c6,6e,
1000754d,.text,,100074d0,FUN_100074d0,100074d0,100076c6,7d,
1000757f,.text,,100074d0,FUN_100074d0,100074d0,100076c6,af,
10007585,.text,,100074d0,FUN_100074d0,100074d0,100076c6,b5,
1000758b,.text,,100074d0,FUN_100074d0,100074d0,100076c6,bb,
1000759c,.text,,100074d0,FUN_100074d0,100074d0,100076c6,cc,
100075c5,.text,,100074d0,FUN_100074d0,100074d0,100076c6,f5,
100075cb,.text,,100074d0,FUN_100074d0,100074d0,100076c6,fb,
100075d1,.text,,100074d0,FUN_100074d0,100074d0,100076c6,101,
100075e3,.text,,100074d0,FUN_100074d0,100074d0,100076c6,113,
1000760f,.text,,100074d0,FUN_100074d0,100074d0,100076c6,13f,
10007615,.text,,100074d0,FUN_100074d0,100074d0,100076c6,145,
1000761b,.text,,100074d0,FUN_100074d0,100074d0,100076c6,14b,
10007621,.text,,100074d0,FUN_100074d0,100074d0,100076c6,151,
10007633,.text,,100074d0,FUN_100074d0,100074d0,100076c6,163,
1000765c,.text,,100074d0,FUN_100074d0,100074d0,100076c6,18c,
10007662,.text,,100074d0,FUN_100074d0,100074d0,100076c6,192,
10007668,.text,,100074d0,FUN_100074d0,100074d0,100076c6,198,
1000766e,.text,,100074d0,FUN_100074d0,100074d0,100076c6,19e,
1000767e,.text,,100074d0,FUN_100074d0,100074d0,100076c6,1ae,
10007684,.text,,100074d0,FUN_100074d0,100074d0,100076c6,1b4,
1000768a,.text,,100074d0,FUN_100074d0,100074d0,100076c6,1ba,
10007690,.text,,100074d0,FUN_100074d0,100074d0,100076c6,1c0,
1000769e,.text,,100074d0,FUN_100074d0,100074d0,100076c6,1ce,
100076da,.text,,100076d0,FUN_100076d0,100076d0,10007f4d,a,
100076e5,.text,,100076d0,FUN_100076d0,100076d0,10007f4d,15,
10007713,.text,,100076d0,FUN_100076d0,100076d0,10007f4d,43,
10007718,.text,,100076d0,FUN_100076d0,100076d0,10007f4d,48,
10007750,.text,,100076d0,FUN_100076d0,100076d0,10007f4d,80,
10007782,.text,,100076d0,FUN_100076d0,100076d0,10007f4d,b2,
10007789,.text,,100076d0,FUN_100076d0,100076d0,10007f4d,b9,
100077d3,.text,,100076d0,FUN_100076d0,100076d0,10007f4d,103,
100077e9,.text,,100076d0,FUN_100076d0,100076d0,10007f4d,119,
100077f1,.text,,100076d0,FUN_100076d0,100076d0,10007f4d,121,
1000781e,.text,,100076d0,FUN_100076d0,100076d0,10007f4d,14e,
1000784f,.text,,100076d0,FUN_100076d0,100076d0,10007f4d,17f,
10007856,.text,,100076d0,FUN_100076d0,100076d0,10007f4d,186,
1000786c,.text,,100076d0,FUN_100076d0,100076d0,10007f4d,19c,
1000789c,.text,,100076d0,FUN_100076d0,100076d0,10007f4d,1cc,
100078a3,.text,,100076d0,FUN_100076d0,100076d0,10007f4d,1d3,
100078b9,.text,,100076d0,FUN_100076d0,100076d0,10007f4d,1e9,
100078ea,.text,,100076d0,FUN_100076d0,100076d0,10007f4d,21a,
100078f1,.text,,100076d0,FUN_100076d0,100076d0,10007f4d,221,
10007907,.text,,100076d0,FUN_100076d0,100076d0,10007f4d,237,
1000793a,.text,,100076d0,FUN_100076d0,100076d0,10007f4d,26a,
10007941,.text,,100076d0,FUN_100076d0,100076d0,10007f4d,271,
10007958,.text,,100076d0,FUN_100076d0,100076d0,10007f4d,288,
10007965,.text,,100076d0,FUN_100076d0,100076d0,10007f4d,295,
10007980,.text,,100076d0,FUN_100076d0,100076d0,10007f4d,2b0,
100079a0,.text,,100076d0,FUN_100076d0,100076d0,10007f4d,2d0,
100079b0,.text,,100076d0,FUN_100076d0,100076d0,10007f4d,2e0,
100079c9,.text,,100076d0,FUN_100076d0,100076d0,10007f4d,2f9,
100079ea,.text,,100076d0,FUN_100076d0,100076d0,10007f4d,31a,
10007a03,.text,,100076d0,FUN_100076d0,100076d0,10007f4d,333,
10007a11,.text,,100076d0,FUN_100076d0,100076d0,10007f4d,341,
10007a89,.text,,100076d0,FUN_100076d0,100076d0,10007f4d,3b9,
10007acc,.text,,100076d0,FUN_100076d0,100076d0,10007f4d,3fc,
10007afb,.text,,100076d0,FUN_100076d0,100076d0,10007f4d,42b,
10007b2e,.text,,100076d0,FUN_100076d0,100076d0,10007f4d,45e,
10007b68,.text,,100076d0,FUN_100076d0,100076d0,10007f4d,498,
10007bde,.text,,100076d0,FUN_100076d0,100076d0,10007f4d,50e,
10007c10,.text,,100076d0,FUN_100076d0,100076d0,10007f4d,540,
10007c1c,.text,,100076d0,FUN_100076d0,100076d0,10007f4d,54c,
10007c28,.text,,100076d0,FUN_100076d0,100076d0,10007f4d,558,
10007c33,.text,,100076d0,FUN_100076d0,100076d0,10007f4d,563,
10007c4d,.text,,100076d0,FUN_100076d0,100076d0,10007f4d,57d,
10007cca,.text,,100076d0,FUN_100076d0,100076d0,10007f4d,5fa,
10007cfc,.text,,100076d0,FUN_100076d0,100076d0,10007f4d,62c,
10007d5c,.text,,100076d0,FUN_100076d0,100076d0,10007f4d,68c,
10007d76,.text,,100076d0,FUN_100076d0,100076d0,10007f4d,6a6,
10007d9b,.text,,100076d0,FUN_100076d0,100076d0,10007f4d,6cb,
10007dad,.text,,100076d0,FUN_100076d0,100076d0,10007f4d,6dd,
10007db3,.text,,100076d0,FUN_100076d0,100076d0,10007f4d,6e3,
10007e18,.text,,100076d0,FUN_100076d0,100076d0,10007f4d,748,
10007e1e,.text,,100076d0,FUN_100076d0,100076d0,10007f4d,74e,
10007ebf,.text,,100076d0,FUN_100076d0,100076d0,10007f4d,7ef,
10007ec6,.text,,100076d0,FUN_100076d0,100076d0,10007f4d,7f6,
10007ecc,.text,,100076d0,FUN_100076d0,100076d0,10007f4d,7fc,
10007ed6,.text,,100076d0,FUN_100076d0,100076d0,10007f4d,806,
10007ede,.text,,100076d0,FUN_100076d0,100076d0,10007f4d,80e,
10007ee4,.text,,100076d0,FUN_100076d0,100076d0,10007f4d,814,
10007eee,.text,,100076d0,FUN_100076d0,100076d0,10007f4d,81e,
10007f19,.text,,100076d0,FUN_100076d0,100076d0,10007f4d,849,
10007f52,.text,,,,,,,
10007f92,.text,,,,,,,
10007f98,.text,,,,,,,
10007fa2,.text,,,,,,,
10007fa7,.text,,,,,,,
10007fb3,.text,,,,,,,
10007fc0,.text,,,,,,,
10007fcf,.text,,,,,,,
10008006,.text,,10008000,FUN_10008000,10008000,10008133,6,
10008065,.text,,10008000,FUN_10008000,10008000,10008133,65,
10008094,.text,,10008000,FUN_10008000,10008000,10008133,94,
1000809c,.text,,10008000,FUN_10008000,10008000,10008133,9c,
100080af,.text,,10008000,FUN_10008000,10008000,10008133,af,
1000810a,.text,,10008000,FUN_10008000,10008000,10008133,10a,
10008147,.text,,10008140,FUN_10008140,10008140,1000877c,7,
10008151,.text,,10008140,FUN_10008140,10008140,1000877c,11,
10008157,.text,,10008140,FUN_10008140,10008140,1000877c,17,
10008165,.text,,10008140,FUN_10008140,10008140,1000877c,25,
1000816f,.text,,10008140,FUN_10008140,10008140,1000877c,2f,
10008182,.text,,10008140,FUN_10008140,10008140,1000877c,42,
10008188,.text,,10008140,FUN_10008140,10008140,1000877c,48,
10008199,.text,,10008140,FUN_10008140,10008140,1000877c,59,
100081a3,.text,,10008140,FUN_10008140,10008140,1000877c,63,
100081a9,.text,,10008140,FUN_10008140,10008140,1000877c,69,
100081b7,.text,,10008140,FUN_10008140,10008140,1000877c,77,
100081c1,.text,,10008140,FUN_10008140,10008140,1000877c,81,
100081d2,.text,,10008140,FUN_10008140,10008140,1000877c,92,
100081d8,.text,,10008140,FUN_10008140,10008140,1000877c,98,
100081e9,.text,,10008140,FUN_10008140,10008140,1000877c,a9,
100081f3,.text,,10008140,FUN_10008140,10008140,1000877c,b3,
100081f9,.text,,10008140,FUN_10008140,10008140,1000877c,b9,
10008207,.text,,10008140,FUN_10008140,10008140,1000877c,c7,
10008211,.text,,10008140,FUN_10008140,10008140,1000877c,d1,
10008222,.text,,10008140,FUN_10008140,10008140,1000877c,e2,
10008228,.text,,10008140,FUN_10008140,10008140,1000877c,e8,
10008241,.text,,10008140,FUN_10008140,10008140,1000877c,101,
1000824b,.text,,10008140,FUN_10008140,10008140,1000877c,10b,
10008255,.text,,10008140,FUN_10008140,10008140,1000877c,115,
1000825f,.text,,10008140,FUN_10008140,10008140,1000877c,11f,
10008270,.text,,10008140,FUN_10008140,10008140,1000877c,130,
1000827b,.text,,10008140,FUN_10008140,10008140,1000877c,13b,
10008282,.text,,10008140,FUN_10008140,10008140,1000877c,142,
10008287,.text,,10008140,FUN_10008140,10008140,1000877c,147,
1000828c,.text,,10008140,FUN_10008140,10008140,1000877c,14c,
100082f8,.text,,10008140,FUN_10008140,10008140,1000877c,1b8,
1000830a,.text,,10008140,FUN_10008140,10008140,1000877c,1ca,
10008318,.text,,10008140,FUN_10008140,10008140,1000877c,1d8,
1000831e,.text,,10008140,FUN_10008140,10008140,1000877c,1de,
10008327,.text,,10008140,FUN_10008140,10008140,1000877c,1e7,
10008330,.text,,10008140,FUN_10008140,10008140,1000877c,1f0,
10008339,.text,,10008140,FUN_10008140,10008140,1000877c,1f9,
1000834f,.text,,10008140,FUN_10008140,10008140,1000877c,20f,
10008359,.text,,10008140,FUN_10008140,10008140,1000877c,219,
10008363,.text,,10008140,FUN_10008140,10008140,1000877c,223,
1000836d,.text,,10008140,FUN_10008140,10008140,1000877c,22d,
10008377,.text,,10008140,FUN_10008140,10008140,1000877c,237,
1000837e,.text,,10008140,FUN_10008140,10008140,1000877c,23e,
10008383,.text,,10008140,FUN_10008140,10008140,1000877c,243,
10008388,.text,,10008140,FUN_10008140,10008140,1000877c,248,
10008392,.text,,10008140,FUN_10008140,10008140,1000877c,252,
100083f1,.text,,10008140,FUN_10008140,10008140,1000877c,2b1,
10008401,.text,,10008140,FUN_10008140,10008140,1000877c,2c1,
1000840b,.text,,10008140,FUN_10008140,10008140,1000877c,2cb,
10008411,.text,,10008140,FUN_10008140,10008140,1000877c,2d1,
1000841b,.text,,10008140,FUN_10008140,10008140,1000877c,2db,
10008425,.text,,10008140,FUN_10008140,10008140,1000877c,2e5,
1000842f,.text,,10008140,FUN_10008140,10008140,1000877c,2ef,
10008439,.text,,10008140,FUN_10008140,10008140,1000877c,2f9,
1000843e,.text,,10008140,FUN_10008140,10008140,1000877c,2fe,
10008443,.text,,10008140,FUN_10008140,10008140,1000877c,303,
1000844d,.text,,10008140,FUN_10008140,10008140,1000877c,30d,
100084ac,.text,,10008140,FUN_10008140,10008140,1000877c,36c,
100084bc,.text,,10008140,FUN_10008140,10008140,1000877c,37c,
100084c6,.text,,10008140,FUN_10008140,10008140,1000877c,386,
100084cc,.text,,10008140,FUN_10008140,10008140,1000877c,38c,
100084d6,.text,,10008140,FUN_10008140,10008140,1000877c,396,
100084e0,.text,,10008140,FUN_10008140,10008140,1000877c,3a0,
100084ea,.text,,10008140,FUN_10008140,10008140,1000877c,3aa,
100084f1,.text,,10008140,FUN_10008140,10008140,1000877c,3b1,
100084f6,.text,,10008140,FUN_10008140,10008140,1000877c,3b6,
100084fb,.text,,10008140,FUN_10008140,10008140,1000877c,3bb,
10008505,.text,,10008140,FUN_10008140,10008140,1000877c,3c5,
10008564,.text,,10008140,FUN_10008140,10008140,1000877c,424,
10008574,.text,,10008140,FUN_10008140,10008140,1000877c,434,
1000857e,.text,,10008140,FUN_10008140,10008140,1000877c,43e,
10008584,.text,,10008140,FUN_10008140,10008140,1000877c,444,
1000858e,.text,,10008140,FUN_10008140,10008140,1000877c,44e,
10008598,.text,,10008140,FUN_10008140,10008140,1000877c,458,
100085a2,.text,,10008140,FUN_10008140,10008140,1000877c,462,
100085ac,.text,,10008140,FUN_10008140,10008140,1000877c,46c,
100085b1,.text,,10008140,FUN_10008140,10008140,1000877c,471,
100085b6,.text,,10008140,FUN_10008140,10008140,1000877c,476,
100085c0,.text,,10008140,FUN_10008140,10008140,1000877c,480,
1000861f,.text,,10008140,FUN_10008140,10008140,1000877c,4df,
10008630,.text,,10008140,FUN_10008140,10008140,1000877c,4f0,
10008635,.text,,10008140,FUN_10008140,10008140,1000877c,4f5,
1000863f,.text,,10008140,FUN_10008140,10008140,1000877c,4ff,
10008649,.text,,10008140,FUN_10008140,10008140,1000877c,509,
10008653,.text,,10008140,FUN_10008140,10008140,1000877c,513,
1000865d,.text,,10008140,FUN_10008140,10008140,1000877c,51d,
10008664,.text,,10008140,FUN_10008140,10008140,1000877c,524,
10008669,.text,,10008140,FUN_10008140,10008140,1000877c,529,
1000866e,.text,,10008140,FUN_10008140,10008140,1000877c,52e,
10008678,.text,,10008140,FUN_10008140,10008140,1000877c,538,
100086d7,.text,,10008140,FUN_10008140,10008140,1000877c,597,
100086e7,.text,,10008140,FUN_10008140,10008140,1000877c,5a7,
100086f3,.text,,10008140,FUN_10008140,10008140,1000877c,5b3,
100086f9,.text,,10008140,FUN_10008140,10008140,1000877c,5b9,
100086ff,.text,,10008140,FUN_10008140,10008140,1000877c,5bf,
10008709,.text,,10008140,FUN_10008140,10008140,1000877c,5c9,
10008713,.text,,10008140,FUN_10008140,10008140,1000877c,5d3,
10008722,.text,,10008140,FUN_10008140,10008140,1000877c,5e2,
10008727,.text,,10008140,FUN_10008140,10008140,1000877c,5e7,
10008731,.text,,10008140,FUN_10008140,10008140,1000877c,5f1,
1000873b,.text,,10008140,FUN_10008140,10008140,1000877c,5fb,
10008745,.text,,10008140,FUN_10008140,10008140,1000877c,605,
1000874f,.text,,10008140,FUN_10008140,10008140,1000877c,60f,
1000875b,.text,,10008140,FUN_10008140,10008140,1000877c,61b,
10008760,.text,,10008140,FUN_10008140,10008140,1000877c,620,
10008782,.text,,,,,,,
10008791,.text,,,,,,,
10008796,.text,,,,,,,
1000879b,.text,,,,,,,
100087a0,.text,,,,,,,
100087a5,.text,,,,,,,
100087ad,.text,,,,,,,
100087bd,.text,,,,,,,
100087c4,.text,,,,,,,
100087cb,.text,,,,,,,
100087d1,.text,,,,,,,
100087e1,.text,,,,,,,
100087e7,.text,,,,,,,
100087ed,.text,,,,,,,
100087fe,.text,,,,,,,
1000880f,.text,,,,,,,
1000881f,.text,,,,,,,
10008825,.text,,,,,,,
10008831,.text,,,,,,,
10008837,.text,,,,,,,
1000883e,.text,,,,,,,
10008846,.text,,,,,,,
1000884f,.text,,,,,,,
10008857,.text,,,,,,,
10008860,.text,,,,,,,
10008869,.text,,,,,,,
10008872,.text,,,,,,,
1000887b,.text,,,,,,,
10008880,.text,,,,,,,
10008887,.text,,,,,,,
10008892,.text,,,,,,,
1000889b,.text,,,,,,,
100088a4,.text,,,,,,,
100088ab,.text,,,,,,,
100088b4,.text,,,,,,,
100088bc,.text,,,,,,,
100088c5,.text,,,,,,,
100088cd,.text,,,,,,,
100088d3,.text,,,,,,,
100088da,.text,,,,,,,
100088e2,.text,,,,,,,
100088eb,.text,,,,,,,
100088f3,.text,,,,,,,
100088fb,.text,,,,,,,
10008903,.text,,,,,,,
1000890c,.text,,,,,,,
10008914,.text,,,,,,,
1000891d,.text,,,,,,,
10008923,.text,,,,,,,
1000892a,.text,,,,,,,
10008934,.text,,,,,,,
10008942,.text,,,,,,,
1000894d,.text,,,,,,,
10008955,.text,,,,,,,
1000895b,.text,,,,,,,
10008968,.text,,,,,,,
1000896f,.text,,,,,,,
10008978,.text,,,,,,,
1000897f,.text,,,,,,,
10008990,.text,,,,,,,
10008997,.text,,,,,,,
1000899f,.text,,,,,,,
100089a6,.text,,,,,,,
100089b6,.text,,,,,,,
100089bd,.text,,,,,,,
100089c6,.text,,,,,,,
100089cd,.text,,,,,,,
100089de,.text,,,,,,,
100089e5,.text,,,,,,,
100089ee,.text,,,,,,,
100089f5,.text,,,,,,,
100089ff,.text,,,,,,,
10008a06,.text,,,,,,,
10008a10,.text,,,,,,,
10008a17,.text,,,,,,,
10008a21,.text,,,,,,,
10008a28,.text,,,,,,,
10008a31,.text,,,,,,,
10008a38,.text,,,,,,,
10008a47,.text,,,,,,,
10008a50,.text,,,,,,,
10008a5b,.text,,,,,,,
10008a64,.text,,,,,,,
10008a6f,.text,,,,,,,
10008a78,.text,,,,,,,
10008a83,.text,,,,,,,
10008a8c,.text,,,,,,,
10008a97,.text,,,,,,,
10008aa0,.text,,,,,,,
10008aab,.text,,,,,,,
10008ab4,.text,,,,,,,
10008abf,.text,,,,,,,
10008ac9,.text,,,,,,,
10008ad3,.text,,,,,,,
10008add,.text,,,,,,,
10008ae7,.text,,,,,,,
10008af1,.text,,,,,,,
10008afb,.text,,,,,,,
10008b04,.text,,,,,,,
10008b15,.text,,,,,,,
10008b1d,.text,,,,,,,
10008b2e,.text,,,,,,,
10008b37,.text,,,,,,,
10008b48,.text,,,,,,,
10008b52,.text,,,,,,,
10008b5c,.text,,,,,,,
10008cba,.text,,10008cb0,FUN_10008cb0,10008cb0,10008d1d,a,
10008cd9,.text,,10008cb0,FUN_10008cb0,10008cb0,10008d1d,29,
10008cfb,.text,,10008cb0,FUN_10008cb0,10008cb0,10008d1d,4b,
10008d4b,.text,,10008d20,FUN_10008d20,10008d20,10008d93,2b,
10008d54,.text,,10008d20,FUN_10008d20,10008d20,10008d93,34,
10008d6b,.text,,10008d20,FUN_10008d20,10008d20,10008d93,4b,
10008e04,.text,,10008e00,FUN_10008e00,10008e00,10008e31,4,
10008e49,.text,,10008e40,FUN_10008e40,10008e40,10008eaa,9,
10008ebc,.text,,10008eb0,FUN_10008eb0,10008eb0,10008f0c,c,
10008f1e,.text,,10008f10,FUN_10008f10,10008f10,10008f93,e,
10008fbf,.text,,10008fa0,FUN_10008fa0,10008fa0,10009052,1f,
1000907f,.text,,10009060,FUN_10009060,10009060,10009112,1f,
1000912e,.text,,10009120,FUN_10009120,10009120,10009356,e,
10009135,.text,,10009120,FUN_10009120,10009120,10009356,15,
1000913b,.text,,10009120,FUN_10009120,10009120,10009356,1b,
10009186,.text,,10009120,FUN_10009120,10009120,10009356,66,
1000918d,.text,,10009120,FUN_10009120,10009120,10009356,6d,
100091a0,.text,,10009120,FUN_10009120,10009120,10009356,80,
100091a6,.text,,10009120,FUN_10009120,10009120,10009356,86,
100091b9,.text,,10009120,FUN_10009120,10009120,10009356,99,
100091c3,.text,,10009120,FUN_10009120,10009120,10009356,a3,
100091ef,.text,,10009120,FUN_10009120,10009120,10009356,cf,
10009203,.text,,10009120,FUN_10009120,10009120,10009356,e3,
1000920d,.text,,10009120,FUN_10009120,10009120,10009356,ed,
10009253,.text,,10009120,FUN_10009120,10009120,10009356,133,
10009260,.text,,10009120,FUN_10009120,10009120,10009356,140,
1000926a,.text,,10009120,FUN_10009120,10009120,10009356,14a,
10009279,.text,,10009120,FUN_10009120,10009120,10009356,159,
10009283,.text,,10009120,FUN_10009120,10009120,10009356,163,
100092b5,.text,,10009120,FUN_10009120,10009120,10009356,195,
100092bf,.text,,10009120,FUN_10009120,10009120,10009356,19f,
100092ce,.text,,10009120,FUN_10009120,10009120,10009356,1ae,
100092d8,.text,,10009120,FUN_10009120,10009120,10009356,1b8,
100092e7,.text,,10009120,FUN_10009120,10009120,10009356,1c7,
100092f1,.text,,10009120,FUN_10009120,10009120,10009356,1d1,
10009325,.text,,10009120,FUN_10009120,10009120,10009356,205,
1000932f,.text,,10009120,FUN_10009120,10009120,10009356,20f,
10009341,.text,,10009120,FUN_10009120,10009120,10009356,221,
1000934b,.text,,10009120,FUN_10009120,10009120,10009356,22b,
10009362,.text,,10009360,FUN_10009360,10009360,1000942c,2,
1000936b,.text,,10009360,FUN_10009360,10009360,1000942c,b,
10009371,.text,,10009360,FUN_10009360,10009360,1000942c,11,
10009377,.text,,10009360,FUN_10009360,10009360,1000942c,17,
10009381,.text,,10009360,FUN_10009360,10009360,1000942c,21,
10009393,.text,,10009360,FUN_10009360,10009360,1000942c,33,
10009398,.text,,10009360,FUN_10009360,10009360,1000942c,38,
100093ab,.text,,10009360,FUN_10009360,10009360,1000942c,4b,
100093b8,.text,,10009360,FUN_10009360,10009360,1000942c,58,
100093be,.text,,10009360,FUN_10009360,10009360,1000942c,5e,
100093c3,.text,,10009360,FUN_10009360,10009360,1000942c,63,
100093da,.text,,10009360,FUN_10009360,10009360,1000942c,7a,
100093e2,.text,,10009360,FUN_10009360,10009360,1000942c,82,
100093eb,.text,,10009360,FUN_10009360,10009360,1000942c,8b,
10009407,.text,,10009360,FUN_10009360,10009360,1000942c,a7,
10009412,.text,,10009360,FUN_10009360,10009360,1000942c,b2,
10009417,.text,,10009360,FUN_10009360,10009360,1000942c,b7,
10009449,.text,,10009430,FUN_10009430,10009430,100094c4,19,
10009456,.text,,10009430,FUN_10009430,10009430,100094c4,26,
10009476,.text,,10009430,FUN_10009430,10009430,100094c4,46,
100094d6,.text,,100094d0,FUN_100094d0,100094d0,10009572,6,
100094ec,.text,,100094d0,FUN_100094d0,100094d0,10009572,1c,
1000950c,.text,,100094d0,FUN_100094d0,100094d0,10009572,3c,
1000951e,.text,,100094d0,FUN_100094d0,100094d0,10009572,4e,
10009568,.text,,100094d0,FUN_100094d0,100094d0,10009572,98,
10009582,.text,,10009580,FUN_10009580,10009580,100095e1,2,
1000958a,.text,,10009580,FUN_10009580,10009580,100095e1,a,
10009596,.text,,10009580,FUN_10009580,10009580,100095e1,16,
1000959b,.text,,10009580,FUN_10009580,10009580,100095e1,1b,
100095a1,.text,,10009580,FUN_10009580,10009580,100095e1,21,
100095a8,.text,,10009580,FUN_10009580,10009580,100095e1,28,
100095b3,.text,,10009580,FUN_10009580,10009580,100095e1,33,
100095c0,.text,,10009580,FUN_10009580,10009580,100095e1,40,
100095ca,.text,,10009580,FUN_10009580,10009580,100095e1,4a,
100095db,.text,,10009580,FUN_10009580,10009580,100095e1,5b,
100095f3,.text,,100095f0,FUN_100095f0,100095f0,1000960e,3,
100095f8,.text,,100095f0,FUN_100095f0,100095f0,1000960e,8,
10009600,.text,,100095f0,FUN_100095f0,100095f0,1000960e,10,
1000960b,.text,,100095f0,FUN_100095f0,100095f0,1000960e,1b,
1000961e,.text,,10009610,FUN_10009610,10009610,100096d9,e,
1000962b,.text,,10009610,FUN_10009610,10009610,100096d9,1b,
10009632,.text,,10009610,FUN_10009610,10009610,100096d9,22,
10009636,.text,,10009610,FUN_10009610,10009610,100096d9,26,
1000963c,.text,,10009610,FUN_10009610,10009610,100096d9,2c,
10009642,.text,,10009610,FUN_10009610,10009610,100096d9,32,
10009648,.text,,10009610,FUN_10009610,10009610,100096d9,38,
1000964e,.text,,10009610,FUN_10009610,10009610,100096d9,3e,
10009654,.text,,10009610,FUN_10009610,10009610,100096d9,44,
1000965a,.text,,10009610,FUN_10009610,10009610,100096d9,4a,
1000967b,.text,,10009610,FUN_10009610,10009610,100096d9,6b,
1000968a,.text,,10009610,FUN_10009610,10009610,100096d9,7a,
10009691,.text,,10009610,FUN_10009610,10009610,100096d9,81,
10009695,.text,,10009610,FUN_10009610,10009610,100096d9,85,
1000969b,.text,,10009610,FUN_10009610,10009610,100096d9,8b,
100096a1,.text,,10009610,FUN_10009610,10009610,100096d9,91,
100096a7,.text,,10009610,FUN_10009610,10009610,100096d9,97,
100096ad,.text,,10009610,FUN_10009610,10009610,100096d9,9d,
100096b3,.text,,10009610,FUN_10009610,10009610,100096d9,a3,
100096b9,.text,,10009610,FUN_10009610,10009610,100096d9,a9,
100096eb,.text,,100096e0,FUN_100096e0,100096e0,10009783,b,
100096f5,.text,,100096e0,FUN_100096e0,100096e0,10009783,15,
100096fc,.text,,100096e0,FUN_100096e0,100096e0,10009783,1c,
10009700,.text,,100096e0,FUN_100096e0,100096e0,10009783,20,
10009706,.text,,100096e0,FUN_100096e0,100096e0,10009783,26,
1000970d,.text,,100096e0,FUN_100096e0,100096e0,10009783,2d,
10009718,.text,,100096e0,FUN_100096e0,100096e0,10009783,38,
1000972e,.text,,100096e0,FUN_100096e0,100096e0,10009783,4e,
10009735,.text,,100096e0,FUN_100096e0,100096e0,10009783,55,
10009739,.text,,100096e0,FUN_100096e0,100096e0,10009783,59,
1000973f,.text,,100096e0,FUN_100096e0,100096e0,10009783,5f,
10009746,.text,,100096e0,FUN_100096e0,100096e0,10009783,66,
1000979b,.text,,10009790,FUN_10009790,10009790,100098d9,b,
100097af,.text,,10009790,FUN_10009790,10009790,100098d9,1f,
100097c3,.text,,10009790,FUN_10009790,10009790,100098d9,33,
100097d7,.text,,10009790,FUN_10009790,10009790,100098d9,47,
100097eb,.text,,10009790,FUN_10009790,10009790,100098d9,5b,
100097ff,.text,,10009790,FUN_10009790,10009790,100098d9,6f,
10009813,.text,,10009790,FUN_10009790,10009790,100098d9,83,
10009827,.text,,10009790,FUN_10009790,10009790,100098d9,97,
1000983b,.text,,10009790,FUN_10009790,10009790,100098d9,ab,
1000984f,.text,,10009790,FUN_10009790,10009790,100098d9,bf,
10009863,.text,,10009790,FUN_10009790,10009790,100098d9,d3,
10009877,.text,,10009790,FUN_10009790,10009790,100098d9,e7,
1000988b,.text,,10009790,FUN_10009790,10009790,100098d9,fb,
1000989f,.text,,10009790,FUN_10009790,10009790,100098d9,10f,
100098b3,.text,,10009790,FUN_10009790,10009790,100098d9,123,
100098c7,.text,,10009790,FUN_10009790,10009790,100098d9,137,
10009af9,.text,,10009af0,FUN_10009af0,10009af0,10009b47,9,
10009b59,.text,,10009b50,FUN_10009b50,10009b50,10009ba7,9,
10009bb9,.text,,10009bb0,FUN_10009bb0,10009bb0,10009c07,9,
10009c19,.text,,10009c10,FUN_10009c10,10009c10,10009c67,9,
10009c79,.text,,10009c70,FUN_10009c70,10009c70,10009cc7,9,
10009cd9,.text,,10009cd0,FUN_10009cd0,10009cd0,10009d27,9,
10009d39,.text,,10009d30,FUN_10009d30,10009d30,10009d87,9,
10009d99,.text,,10009d90,FUN_10009d90,10009d90,10009de7,9,
10009df9,.text,,10009df0,FUN_10009df0,10009df0,10009e47,9,
10009e59,.text,,10009e50,FUN_10009e50,10009e50,10009ea7,9,
10009eb9,.text,,10009eb0,FUN_10009eb0,10009eb0,10009f07,9,
10009f19,.text,,10009f10,FUN_10009f10,10009f10,10009f67,9,
10009f79,.text,,10009f70,FUN_10009f70,10009f70,10009fc7,9,
10009fd9,.text,,10009fd0,FUN_10009fd0,10009fd0,1000a027,9,
1000a039,.text,,1000a030,FUN_1000a030,1000a030,1000a087,9,
1000a093,.text,,1000a090,FUN_1000a090,1000a090,1000a10f,3,
1000a098,.text,,1000a090,FUN_1000a090,1000a090,1000a10f,8,
1000a09d,.text,,1000a090,FUN_1000a090,1000a090,1000a10f,d,
1000a0a2,.text,,1000a090,FUN_1000a090,1000a090,1000a10f,12,
1000a0a7,.text,,1000a090,FUN_1000a090,1000a090,1000a10f,17,
1000a0ac,.text,,1000a090,FUN_1000a090,1000a090,1000a10f,1c,
1000a0b1,.text,,1000a090,FUN_1000a090,1000a090,1000a10f,21,
1000a0b6,.text,,1000a090,FUN_1000a090,1000a090,1000a10f,26,
1000a0bb,.text,,1000a090,FUN_1000a090,1000a090,1000a10f,2b,
1000a0c0,.text,,1000a090,FUN_1000a090,1000a090,1000a10f,30,
1000a0c5,.text,,1000a090,FUN_1000a090,1000a090,1000a10f,35,
1000a0ca,.text,,1000a090,FUN_1000a090,1000a090,1000a10f,3a,
1000a0cf,.text,,1000a090,FUN_1000a090,1000a090,1000a10f,3f,
1000a0d4,.text,,1000a090,FUN_1000a090,1000a090,1000a10f,44,
1000a0d9,.text,,1000a090,FUN_1000a090,1000a090,1000a10f,49,
1000a0de,.text,,1000a090,FUN_1000a090,1000a090,1000a10f,4e,
1000a0e3,.text,,1000a090,FUN_1000a090,1000a090,1000a10f,53,
1000a0e8,.text,,1000a090,FUN_1000a090,1000a090,1000a10f,58,
1000a0ed,.text,,1000a090,FUN_1000a090,1000a090,1000a10f,5d,
1000a0f2,.text,,1000a090,FUN_1000a090,1000a090,1000a10f,62,
1000a0f7,.text,,1000a090,FUN_1000a090,1000a090,1000a10f,67,
1000a0fc,.text,,1000a090,FUN_1000a090,1000a090,1000a10f,6c,
1000a102,.text,,1000a090,FUN_1000a090,1000a090,1000a10f,72,
1000a106,.text,,1000a090,FUN_1000a090,1000a090,1000a10f,76,
1000a10b,.text,,1000a090,FUN_1000a090,1000a090,1000a10f,7b,
1000a119,.text,,1000a110,FUN_1000a110,1000a110,1000a167,9,
1000a179,.text,,1000a170,FUN_1000a170,1000a170,1000a1c7,9,
1000a1d9,.text,,1000a1d0,FUN_1000a1d0,1000a1d0,1000a227,9,
1000a239,.text,,1000a230,FUN_1000a230,1000a230,1000a287,9,
1000a299,.text,,1000a290,FUN_1000a290,1000a290,1000a2e7,9,
1000a2f9,.text,,1000a2f0,FUN_1000a2f0,1000a2f0,1000a347,9,
1000a352,.text,,1000a350,FUN_1000a350,1000a350,1000a4e5,2,
1000a35b,.text,,1000a350,FUN_1000a350,1000a350,1000a4e5,b,
1000a361,.text,,1000a350,FUN_1000a350,1000a350,1000a4e5,11,
1000a367,.text,,1000a350,FUN_1000a350,1000a350,1000a4e5,17,
1000a371,.text,,1000a350,FUN_1000a350,1000a350,1000a4e5,21,
1000a382,.text,,1000a350,FUN_1000a350,1000a350,1000a4e5,32,
1000a388,.text,,1000a350,FUN_1000a350,1000a350,1000a4e5,38,
1000a39d,.text,,1000a350,FUN_1000a350,1000a350,1000a4e5,4d,
1000a3aa,.text,,1000a350,FUN_1000a350,1000a350,1000a4e5,5a,
1000a3b1,.text,,1000a350,FUN_1000a350,1000a350,1000a4e5,61,
1000a3b7,.text,,1000a350,FUN_1000a350,1000a350,1000a4e5,67,
1000a3ce,.text,,1000a350,FUN_1000a350,1000a350,1000a4e5,7e,
1000a3d3,.text,,1000a350,FUN_1000a350,1000a350,1000a4e5,83,
1000a3dd,.text,,1000a350,FUN_1000a350,1000a350,1000a4e5,8d,
1000a3f8,.text,,1000a350,FUN_1000a350,1000a350,1000a4e5,a8,
1000a402,.text,,1000a350,FUN_1000a350,1000a350,1000a4e5,b2,
1000a408,.text,,1000a350,FUN_1000a350,1000a350,1000a4e5,b8,
1000a423,.text,,1000a350,FUN_1000a350,1000a350,1000a4e5,d3,
1000a42a,.text,,1000a350,FUN_1000a350,1000a350,1000a4e5,da,
1000a43e,.text,,1000a350,FUN_1000a350,1000a350,1000a4e5,ee,
1000a452,.text,,1000a350,FUN_1000a350,1000a350,1000a4e5,102,
1000a46b,.text,,1000a350,FUN_1000a350,1000a350,1000a4e5,11b,
1000a518,.text,,1000a4f0,FUN_1000a4f0,1000a4f0,1000a558,28,
1000a563,.text,,1000a560,FUN_1000a560,1000a560,1000a566,3,
1000a618,.text,,,,,,,PTR_LAB_1000a618
1000a61c,.text,,,,,,,
1000a620,.text,,,,,,,
1000a624,.text,,,,,,,
1000a628,.text,,,,,,,
1000a62c,.text,,,,,,,
1000a630,.text,,,,,,,
1000a634,.text,,,,,,,
1000a638,.text,,,,,,,
1000a63c,.text,,,,,,,
1000a640,.text,,,,,,,
1000a644,.text,,,,,,,
1000a648,.text,,,,,,,
1000a64c,.text,,,,,,,
1000a650,.text,,,,,,,
1000a654,.text,,,,,,,
1000a658,.text,,,,,,,
1000a65c,.text,,,,,,,
1000a660,.text,,,,,,,
1000a664,.text,,,,,,,
1000a668,.text,,,,,,,
1000a66c,.text,,,,,,,
1000a670,.text,,,,,,,
1000a674,.text,,,,,,,
1000a678,.text,,,,,,,
1000a67c,.text,,,,,,,
1000a685,.text,,1000a680,FUN_1000a680,1000a680,1000a733,5,
1000a68d,.text,,1000a680,FUN_1000a680,1000a680,1000a733,d,
1000a69d,.text,,1000a680,FUN_1000a680,1000a680,1000a733,1d,
1000a6a5,.text,,1000a680,FUN_1000a680,1000a680,1000a733,25,
1000a6ac,.text,,1000a680,FUN_1000a680,1000a680,1000a733,2c,
1000a6bb,.text,,1000a680,FUN_1000a680,1000a680,1000a733,3b,
1000a6cd,.text,,1000a680,FUN_1000a680,1000a680,1000a733,4d,
1000a6d4,.text,,1000a680,FUN_1000a680,1000a680,1000a733,54,
1000a6de,.text,,1000a680,FUN_1000a680,1000a680,1000a733,5e,
1000a6e4,.text,,1000a680,FUN_1000a680,1000a680,1000a733,64,
1000a6f2,.text,,1000a680,FUN_1000a680,1000a680,1000a733,72,
1000a6fb,.text,,1000a680,FUN_1000a680,1000a680,1000a733,7b,
1000a705,.text,,1000a680,FUN_1000a680,1000a680,1000a733,85,
1000a70c,.text,,1000a680,FUN_1000a680,1000a680,1000a733,8c,
1000a716,.text,,1000a680,FUN_1000a680,1000a680,1000a733,96,
1000a724,.text,,1000a680,FUN_1000a680,1000a680,1000a733,a4,
1000a72c,.text,,1000a680,FUN_1000a680,1000a680,1000a733,ac,
1000a745,.text,,1000a740,FUN_1000a740,1000a740,1000a7f3,5,
1000a74d,.text,,1000a740,FUN_1000a740,1000a740,1000a7f3,d,
1000a75d,.text,,1000a740,FUN_1000a740,1000a740,1000a7f3,1d,
1000a765,.text,,1000a740,FUN_1000a740,1000a740,1000a7f3,25,
1000a76c,.text,,1000a740,FUN_1000a740,1000a740,1000a7f3,2c,
1000a77b,.text,,1000a740,FUN_1000a740,1000a740,1000a7f3,3b,
1000a78d,.text,,1000a740,FUN_1000a740,1000a740,1000a7f3,4d,
1000a794,.text,,1000a740,FUN_1000a740,1000a740,1000a7f3,54,
1000a79e,.text,,1000a740,FUN_1000a740,1000a740,1000a7f3,5e,
1000a7a4,.text,,1000a740,FUN_1000a740,1000a740,1000a7f3,64,
1000a7b2,.text,,1000a740,FUN_1000a740,1000a740,1000a7f3,72,
1000a7bb,.text,,1000a740,FUN_1000a740,1000a740,1000a7f3,7b,
1000a7c5,.text,,1000a740,FUN_1000a740,1000a740,1000a7f3,85,
1000a7cc,.text,,1000a740,FUN_1000a740,1000a740,1000a7f3,8c,
1000a7d6,.text,,1000a740,FUN_1000a740,1000a740,1000a7f3,96,
1000a7e4,.text,,1000a740,FUN_1000a740,1000a740,1000a7f3,a4,
1000a7ec,.text,,1000a740,FUN_1000a740,1000a740,1000a7f3,ac,
1000a80c,.text,,1000a800,FUN_1000a800,1000a800,1000a8be,c,
1000a81b,.text,,1000a800,FUN_1000a800,1000a800,1000a8be,1b,
1000a821,.text,,1000a800,FUN_1000a800,1000a800,1000a8be,21,
1000a825,.text,,1000a800,FUN_1000a800,1000a800,1000a8be,25,
1000a834,.text,,1000a800,FUN_1000a800,1000a800,1000a8be,34,
1000a843,.text,,1000a800,FUN_1000a800,1000a800,1000a8be,43,
1000a852,.text,,1000a800,FUN_1000a800,1000a800,1000a8be,52,
1000a90a,.text,,1000a8c0,FUN_1000a8c0,1000a8c0,1000a938,4a,
1000a912,.text,,1000a8c0,FUN_1000a8c0,1000a8c0,1000a938,52,
1000a91a,.text,,1000a8c0,FUN_1000a8c0,1000a8c0,1000a938,5a,
1000a922,.text,,1000a8c0,FUN_1000a8c0,1000a8c0,1000a938,62,
1000a92a,.text,,1000a8c0,FUN_1000a8c0,1000a8c0,1000a938,6a,
1000a945,.text,,1000a940,FUN_1000a940,1000a940,1000aa02,5,
1000a94d,.text,,1000a940,FUN_1000a940,1000a940,1000aa02,d,
1000a969,.text,,1000a940,FUN_1000a940,1000a940,1000aa02,29,
1000a974,.text,,1000a940,FUN_1000a940,1000a940,1000aa02,34,
1000a97b,.text,,1000a940,FUN_1000a940,1000a940,1000aa02,3b,
1000a98a,.text,,1000a940,FUN_1000a940,1000a940,1000aa02,4a,
1000a99c,.text,,1000a940,FUN_1000a940,1000a940,1000aa02,5c,
1000a9a3,.text,,1000a940,FUN_1000a940,1000a940,1000aa02,63,
1000a9ad,.text,,1000a940,FUN_1000a940,1000a940,1000aa02,6d,
1000a9b3,.text,,1000a940,FUN_1000a940,1000a940,1000aa02,73,
1000a9c1,.text,,1000a940,FUN_1000a940,1000a940,1000aa02,81,
1000a9ca,.text,,1000a940,FUN_1000a940,1000a940,1000aa02,8a,
1000a9d4,.text,,1000a940,FUN_1000a940,1000a940,1000aa02,94,
1000a9db,.text,,1000a940,FUN_1000a940,1000a940,1000aa02,9b,
1000a9e5,.text,,1000a940,FUN_1000a940,1000a940,1000aa02,a5,
1000a9f3,.text,,1000a940,FUN_1000a940,1000a940,1000aa02,b3,
1000a9fb,.text,,1000a940,FUN_1000a940,1000a940,1000aa02,bb,
1000aa15,.text,,1000aa10,FUN_1000aa10,1000aa10,1000aad2,5,
1000aa1d,.text,,1000aa10,FUN_1000aa10,1000aa10,1000aad2,d,
1000aa39,.text,,1000aa10,FUN_1000aa10,1000aa10,1000aad2,29,
1000aa44,.text,,1000aa10,FUN_1000aa10,1000aa10,1000aad2,34,
1000aa4b,.text,,1000aa10,FUN_1000aa10,1000aa10,1000aad2,3b,
1000aa5a,.text,,1000aa10,FUN_1000aa10,1000aa10,1000aad2,4a,
1000aa6c,.text,,1000aa10,FUN_1000aa10,1000aa10,1000aad2,5c,
1000aa73,.text,,1000aa10,FUN_1000aa10,1000aa10,1000aad2,63,
1000aa7d,.text,,1000aa10,FUN_1000aa10,1000aa10,1000aad2,6d,
1000aa83,.text,,1000aa10,FUN_1000aa10,1000aa10,1000aad2,73,
1000aa91,.text,,1000aa10,FUN_1000aa10,1000aa10,1000aad2,81,
1000aa9a,.text,,1000aa10,FUN_1000aa10,1000aa10,1000aad2,8a,
1000aaa4,.text,,1000aa10,FUN_1000aa10,1000aa10,1000aad2,94,
1000aaab,.text,,1000aa10,FUN_1000aa10,1000aa10,1000aad2,9b,
1000aab5,.text,,1000aa10,FUN_1000aa10,1000aa10,1000aad2,a5,
1000aac3,.text,,1000aa10,FUN_1000aa10,1000aa10,1000aad2,b3,
1000aacb,.text,,1000aa10,FUN_1000aa10,1000aa10,1000aad2,bb,
1000ab2a,.text,,1000aae0,FUN_1000aae0,1000aae0,1000ab58,4a,
1000ab32,.text,,1000aae0,FUN_1000aae0,1000aae0,1000ab58,52,
1000ab3a,.text,,1000aae0,FUN_1000aae0,1000aae0,1000ab58,5a,
1000ab42,.text,,1000aae0,FUN_1000aae0,1000aae0,1000ab58,62,
1000ab4a,.text,,1000aae0,FUN_1000aae0,1000aae0,1000ab58,6a,
1000ab65,.text,,1000ab60,FUN_1000ab60,1000ab60,1000ac16,5,
1000ab6d,.text,,1000ab60,FUN_1000ab60,1000ab60,1000ac16,d,
1000ab7d,.text,,1000ab60,FUN_1000ab60,1000ab60,1000ac16,1d,
1000ab88,.text,,1000ab60,FUN_1000ab60,1000ab60,1000ac16,28,
1000ab8f,.text,,1000ab60,FUN_1000ab60,1000ab60,1000ac16,2f,
1000ab9e,.text,,1000ab60,FUN_1000ab60,1000ab60,1000ac16,3e,
1000abb0,.text,,1000ab60,FUN_1000ab60,1000ab60,1000ac16,50,
1000abb7,.text,,1000ab60,FUN_1000ab60,1000ab60,1000ac16,57,
1000abc1,.text,,1000ab60,FUN_1000ab60,1000ab60,1000ac16,61,
1000abc7,.text,,1000ab60,FUN_1000ab60,1000ab60,1000ac16,67,
1000abd5,.text,,1000ab60,FUN_1000ab60,1000ab60,1000ac16,75,
1000abde,.text,,1000ab60,FUN_1000ab60,1000ab60,1000ac16,7e,
1000abe8,.text,,1000ab60,FUN_1000ab60,1000ab60,1000ac16,88,
1000abef,.text,,1000ab60,FUN_1000ab60,1000ab60,1000ac16,8f,
1000abf9,.text,,1000ab60,FUN_1000ab60,1000ab60,1000ac16,99,
1000ac07,.text,,1000ab60,FUN_1000ab60,1000ab60,1000ac16,a7,
1000ac0f,.text,,1000ab60,FUN_1000ab60,1000ab60,1000ac16,af,
1000ac6a,.text,,1000ac20,FUN_1000ac20,1000ac20,1000ac98,4a,
1000ac72,.text,,1000ac20,FUN_1000ac20,1000ac20,1000ac98,52,
1000ac7a,.text,,1000ac20,FUN_1000ac20,1000ac20,1000ac98,5a,
1000ac82,.text,,1000ac20,FUN_1000ac20,1000ac20,1000ac98,62,
1000ac8a,.text,,1000ac20,FUN_1000ac20,1000ac20,1000ac98,6a,
1000aca5,.text,,1000aca0,FUN_1000aca0,1000aca0,1000ad56,5,
1000acad,.text,,1000aca0,FUN_1000aca0,1000aca0,1000ad56,d,
1000acbd,.text,,1000aca0,FUN_1000aca0,1000aca0,1000ad56,1d,
1000acc8,.text,,1000aca0,FUN_1000aca0,1000aca0,1000ad56,28,
1000accf,.text,,1000aca0,FUN_1000aca0,1000aca0,1000ad56,2f,
1000acde,.text,,1000aca0,FUN_1000aca0,1000aca0,1000ad56,3e,
1000acf0,.text,,1000aca0,FUN_1000aca0,1000aca0,1000ad56,50,
1000acf7,.text,,1000aca0,FUN_1000aca0,1000aca0,1000ad56,57,
1000ad01,.text,,1000aca0,FUN_1000aca0,1000aca0,1000ad56,61,
1000ad07,.text,,1000aca0,FUN_1000aca0,1000aca0,1000ad56,67,
1000ad15,.text,,1000aca0,FUN_1000aca0,1000aca0,1000ad56,75,
1000ad1e,.text,,1000aca0,FUN_1000aca0,1000aca0,1000ad56,7e,
1000ad28,.text,,1000aca0,FUN_1000aca0,1000aca0,1000ad56,88,
1000ad2f,.text,,1000aca0,FUN_1000aca0,1000aca0,1000ad56,8f,
1000ad39,.text,,1000aca0,FUN_1000aca0,1000aca0,1000ad56,99,
1000ad47,.text,,1000aca0,FUN_1000aca0,1000aca0,1000ad56,a7,
1000ad4f,.text,,1000aca0,FUN_1000aca0,1000aca0,1000ad56,af,
1000adaa,.text,,1000ad60,FUN_1000ad60,1000ad60,1000add8,4a,
1000adb2,.text,,1000ad60,FUN_1000ad60,1000ad60,1000add8,52,
1000adba,.text,,1000ad60,FUN_1000ad60,1000ad60,1000add8,5a,
1000adc2,.text,,1000ad60,FUN_1000ad60,1000ad60,1000add8,62,
1000adca,.text,,1000ad60,FUN_1000ad60,1000ad60,1000add8,6a,
1000ade5,.text,,1000ade0,FUN_1000ade0,1000ade0,1000ae96,5,
1000aded,.text,,1000ade0,FUN_1000ade0,1000ade0,1000ae96,d,
1000adfd,.text,,1000ade0,FUN_1000ade0,1000ade0,1000ae96,1d,
1000ae08,.text,,1000ade0,FUN_1000ade0,1000ade0,1000ae96,28,
1000ae0f,.text,,1000ade0,FUN_1000ade0,1000ade0,1000ae96,2f,
1000ae1e,.text,,1000ade0,FUN_1000ade0,1000ade0,1000ae96,3e,
1000ae30,.text,,1000ade0,FUN_1000ade0,1000ade0,1000ae96,50,
1000ae37,.text,,1000ade0,FUN_1000ade0,1000ade0,1000ae96,57,
1000ae41,.text,,1000ade0,FUN_1000ade0,1000ade0,1000ae96,61,
1000ae47,.text,,1000ade0,FUN_1000ade0,1000ade0,1000ae96,67,
1000ae55,.text,,1000ade0,FUN_1000ade0,1000ade0,1000ae96,75,
1000ae5e,.text,,1000ade0,FUN_1000ade0,1000ade0,1000ae96,7e,
1000ae68,.text,,1000ade0,FUN_1000ade0,1000ade0,1000ae96,88,
1000ae6f,.text,,1000ade0,FUN_1000ade0,1000ade0,1000ae96,8f,
1000ae79,.text,,1000ade0,FUN_1000ade0,1000ade0,1000ae96,99,
1000ae87,.text,,1000ade0,FUN_1000ade0,1000ade0,1000ae96,a7,
1000ae8f,.text,,1000ade0,FUN_1000ade0,1000ade0,1000ae96,af,
1000aeea,.text,,1000aea0,FUN_1000aea0,1000aea0,1000af18,4a,
1000aef2,.text,,1000aea0,FUN_1000aea0,1000aea0,1000af18,52,
1000aefa,.text,,1000aea0,FUN_1000aea0,1000aea0,1000af18,5a,
1000af02,.text,,1000aea0,FUN_1000aea0,1000aea0,1000af18,62,
1000af0a,.text,,1000aea0,FUN_1000aea0,1000aea0,1000af18,6a,
1000af25,.text,,1000af20,FUN_1000af20,1000af20,1000afd6,5,
1000af2d,.text,,1000af20,FUN_1000af20,1000af20,1000afd6,d,
1000af3d,.text,,1000af20,FUN_1000af20,1000af20,1000afd6,1d,
1000af48,.text,,1000af20,FUN_1000af20,1000af20,1000afd6,28,
1000af4f,.text,,1000af20,FUN_1000af20,1000af20,1000afd6,2f,
1000af5e,.text,,1000af20,FUN_1000af20,1000af20,1000afd6,3e,
1000af70,.text,,1000af20,FUN_1000af20,1000af20,1000afd6,50,
1000af77,.text,,1000af20,FUN_1000af20,1000af20,1000afd6,57,
1000af81,.text,,1000af20,FUN_1000af20,1000af20,1000afd6,61,
1000af87,.text,,1000af20,FUN_1000af20,1000af20,1000afd6,67,
1000af95,.text,,1000af20,FUN_1000af20,1000af20,1000afd6,75,
1000af9e,.text,,1000af20,FUN_1000af20,1000af20,1000afd6,7e,
1000afa8,.text,,1000af20,FUN_1000af20,1000af20,1000afd6,88,
1000afaf,.text,,1000af20,FUN_1000af20,1000af20,1000afd6,8f,
1000afb9,.text,,1000af20,FUN_1000af20,1000af20,1000afd6,99,
1000afc7,.text,,1000af20,FUN_1000af20,1000af20,1000afd6,a7,
1000afcf,.text,,1000af20,FUN_1000af20,1000af20,1000afd6,af,
1000b02a,.text,,1000afe0,FUN_1000afe0,1000afe0,1000b058,4a,
1000b032,.text,,1000afe0,FUN_1000afe0,1000afe0,1000b058,52,
1000b03a,.text,,1000afe0,FUN_1000afe0,1000afe0,1000b058,5a,
1000b042,.text,,1000afe0,FUN_1000afe0,1000afe0,1000b058,62,
1000b04a,.text,,1000afe0,FUN_1000afe0,1000afe0,1000b058,6a,
1000b065,.text,,1000b060,FUN_1000b060,1000b060,1000b119,5,
1000b06d,.text,,1000b060,FUN_1000b060,1000b060,1000b119,d,
1000b080,.text,,1000b060,FUN_1000b060,1000b060,1000b119,20,
1000b08b,.text,,1000b060,FUN_1000b060,1000b060,1000b119,2b,
1000b092,.text,,1000b060,FUN_1000b060,1000b060,1000b119,32,
1000b0a1,.text,,1000b060,FUN_1000b060,1000b060,1000b119,41,
1000b0b3,.text,,1000b060,FUN_1000b060,1000b060,1000b119,53,
1000b0ba,.text,,1000b060,FUN_1000b060,1000b060,1000b119,5a,
1000b0c4,.text,,1000b060,FUN_1000b060,1000b060,1000b119,64,
1000b0ca,.text,,1000b060,FUN_1000b060,1000b060,1000b119,6a,
1000b0d8,.text,,1000b060,FUN_1000b060,1000b060,1000b119,78,
1000b0e1,.text,,1000b060,FUN_1000b060,1000b060,1000b119,81,
1000b0eb,.text,,1000b060,FUN_1000b060,1000b060,1000b119,8b,
1000b0f2,.text,,1000b060,FUN_1000b060,1000b060,1000b119,92,
1000b0fc,.text,,1000b060,FUN_1000b060,1000b060,1000b119,9c,
1000b10a,.text,,1000b060,FUN_1000b060,1000b060,1000b119,aa,
1000b112,.text,,1000b060,FUN_1000b060,1000b060,1000b119,b2,
1000b16a,.text,,1000b120,FUN_1000b120,1000b120,1000b198,4a,
1000b172,.text,,1000b120,FUN_1000b120,1000b120,1000b198,52,
1000b17a,.text,,1000b120,FUN_1000b120,1000b120,1000b198,5a,
1000b182,.text,,1000b120,FUN_1000b120,1000b120,1000b198,62,
1000b18a,.text,,1000b120,FUN_1000b120,1000b120,1000b198,6a,
1000b1a5,.text,,1000b1a0,FUN_1000b1a0,1000b1a0,1000b256,5,
1000b1ad,.text,,1000b1a0,FUN_1000b1a0,1000b1a0,1000b256,d,
1000b1bd,.text,,1000b1a0,FUN_1000b1a0,1000b1a0,1000b256,1d,
1000b1c8,.text,,1000b1a0,FUN_1000b1a0,1000b1a0,1000b256,28,
1000b1cf,.text,,1000b1a0,FUN_1000b1a0,1000b1a0,1000b256,2f,
1000b1de,.text,,1000b1a0,FUN_1000b1a0,1000b1a0,1000b256,3e,
1000b1f0,.text,,1000b1a0,FUN_1000b1a0,1000b1a0,1000b256,50,
1000b1f7,.text,,1000b1a0,FUN_1000b1a0,1000b1a0,1000b256,57,
1000b201,.text,,1000b1a0,FUN_1000b1a0,1000b1a0,1000b256,61,
1000b207,.text,,1000b1a0,FUN_1000b1a0,1000b1a0,1000b256,67,
1000b215,.text,,1000b1a0,FUN_1000b1a0,1000b1a0,1000b256,75,
1000b21e,.text,,1000b1a0,FUN_1000b1a0,1000b1a0,1000b256,7e,
1000b228,.text,,1000b1a0,FUN_1000b1a0,1000b1a0,1000b256,88,
1000b22f,.text,,1000b1a0,FUN_1000b1a0,1000b1a0,1000b256,8f,
1000b239,.text,,1000b1a0,FUN_1000b1a0,1000b1a0,1000b256,99,
1000b247,.text,,1000b1a0,FUN_1000b1a0,1000b1a0,1000b256,a7,
1000b24f,.text,,1000b1a0,FUN_1000b1a0,1000b1a0,1000b256,af,
1000b2aa,.text,,1000b260,FUN_1000b260,1000b260,1000b2d8,4a,
1000b2b2,.text,,1000b260,FUN_1000b260,1000b260,1000b2d8,52,
1000b2ba,.text,,1000b260,FUN_1000b260,1000b260,1000b2d8,5a,
1000b2c2,.text,,1000b260,FUN_1000b260,1000b260,1000b2d8,62,
1000b2ca,.text,,1000b260,FUN_1000b260,1000b260,1000b2d8,6a,
1000b2e5,.text,,1000b2e0,FUN_1000b2e0,1000b2e0,1000b396,5,
1000b2ed,.text,,1000b2e0,FUN_1000b2e0,1000b2e0,1000b396,d,
1000b2fd,.text,,1000b2e0,FUN_1000b2e0,1000b2e0,1000b396,1d,
1000b308,.text,,1000b2e0,FUN_1000b2e0,1000b2e0,1000b396,28,
1000b30f,.text,,1000b2e0,FUN_1000b2e0,1000b2e0,1000b396,2f,
1000b31e,.text,,1000b2e0,FUN_1000b2e0,1000b2e0,1000b396,3e,
1000b330,.text,,1000b2e0,FUN_1000b2e0,1000b2e0,1000b396,50,
1000b337,.text,,1000b2e0,FUN_1000b2e0,1000b2e0,1000b396,57,
1000b341,.text,,1000b2e0,FUN_1000b2e0,1000b2e0,1000b396,61,
1000b347,.text,,1000b2e0,FUN_1000b2e0,1000b2e0,1000b396,67,
1000b355,.text,,1000b2e0,FUN_1000b2e0,1000b2e0,1000b396,75,
1000b35e,.text,,1000b2e0,FUN_1000b2e0,1000b2e0,1000b396,7e,
1000b368,.text,,1000b2e0,FUN_1000b2e0,1000b2e0,1000b396,88,
1000b36f,.text,,1000b2e0,FUN_1000b2e0,1000b2e0,1000b396,8f,
1000b379,.text,,1000b2e0,FUN_1000b2e0,1000b2e0,1000b396,99,
1000b387,.text,,1000b2e0,FUN_1000b2e0,1000b2e0,1000b396,a7,
1000b38f,.text,,1000b2e0,FUN_1000b2e0,1000b2e0,1000b396,af,
1000b3a5,.text,,1000b3a0,FUN_1000b3a0,1000b3a0,1000b456,5,
1000b3ad,.text,,1000b3a0,FUN_1000b3a0,1000b3a0,1000b456,d,
1000b3bd,.text,,1000b3a0,FUN_1000b3a0,1000b3a0,1000b456,1d,
1000b3c8,.text,,1000b3a0,FUN_1000b3a0,1000b3a0,1000b456,28,
1000b3cf,.text,,1000b3a0,FUN_1000b3a0,1000b3a0,1000b456,2f,
1000b3de,.text,,1000b3a0,FUN_1000b3a0,1000b3a0,1000b456,3e,
1000b3f0,.text,,1000b3a0,FUN_1000b3a0,1000b3a0,1000b456,50,
1000b3f7,.text,,1000b3a0,FUN_1000b3a0,1000b3a0,1000b456,57,
1000b401,.text,,1000b3a0,FUN_1000b3a0,1000b3a0,1000b456,61,
1000b407,.text,,1000b3a0,FUN_1000b3a0,1000b3a0,1000b456,67,
1000b415,.text,,1000b3a0,FUN_1000b3a0,1000b3a0,1000b456,75,
1000b41e,.text,,1000b3a0,FUN_1000b3a0,1000b3a0,1000b456,7e,
1000b428,.text,,1000b3a0,FUN_1000b3a0,1000b3a0,1000b456,88,
1000b42f,.text,,1000b3a0,FUN_1000b3a0,1000b3a0,1000b456,8f,
1000b439,.text,,1000b3a0,FUN_1000b3a0,1000b3a0,1000b456,99,
1000b447,.text,,1000b3a0,FUN_1000b3a0,1000b3a0,1000b456,a7,
1000b44f,.text,,1000b3a0,FUN_1000b3a0,1000b3a0,1000b456,af,
1000b4aa,.text,,1000b460,FUN_1000b460,1000b460,1000b4d8,4a,
1000b4b2,.text,,1000b460,FUN_1000b460,1000b460,1000b4d8,52,
1000b4ba,.text,,1000b460,FUN_1000b460,1000b460,1000b4d8,5a,
1000b4c2,.text,,1000b460,FUN_1000b460,1000b460,1000b4d8,62,
1000b4ca,.text,,1000b460,FUN_1000b460,1000b460,1000b4d8,6a,
1000b4e5,.text,,1000b4e0,FUN_1000b4e0,1000b4e0,1000b596,5,
1000b4ed,.text,,1000b4e0,FUN_1000b4e0,1000b4e0,1000b596,d,
1000b4fd,.text,,1000b4e0,FUN_1000b4e0,1000b4e0,1000b596,1d,
1000b508,.text,,1000b4e0,FUN_1000b4e0,1000b4e0,1000b596,28,
1000b50f,.text,,1000b4e0,FUN_1000b4e0,1000b4e0,1000b596,2f,
1000b51e,.text,,1000b4e0,FUN_1000b4e0,1000b4e0,1000b596,3e,
1000b530,.text,,1000b4e0,FUN_1000b4e0,1000b4e0,1000b596,50,
1000b537,.text,,1000b4e0,FUN_1000b4e0,1000b4e0,1000b596,57,
1000b541,.text,,1000b4e0,FUN_1000b4e0,1000b4e0,1000b596,61,
1000b547,.text,,1000b4e0,FUN_1000b4e0,1000b4e0,1000b596,67,
1000b555,.text,,1000b4e0,FUN_1000b4e0,1000b4e0,1000b596,75,
1000b55e,.text,,1000b4e0,FUN_1000b4e0,1000b4e0,1000b596,7e,
1000b568,.text,,1000b4e0,FUN_1000b4e0,1000b4e0,1000b596,88,
1000b56f,.text,,1000b4e0,FUN_1000b4e0,1000b4e0,1000b596,8f,
1000b579,.text,,1000b4e0,FUN_1000b4e0,1000b4e0,1000b596,99,
1000b587,.text,,1000b4e0,FUN_1000b4e0,1000b4e0,1000b596,a7,
1000b58f,.text,,1000b4e0,FUN_1000b4e0,1000b4e0,1000b596,af,
1000b5ea,.text,,1000b5a0,FUN_1000b5a0,1000b5a0,1000b618,4a,
1000b5f2,.text,,1000b5a0,FUN_1000b5a0,1000b5a0,1000b618,52,
1000b5fa,.text,,1000b5a0,FUN_1000b5a0,1000b5a0,1000b618,5a,
1000b602,.text,,1000b5a0,FUN_1000b5a0,1000b5a0,1000b618,62,
1000b60a,.text,,1000b5a0,FUN_1000b5a0,1000b5a0,1000b618,6a,
1000b625,.text,,1000b620,FUN_1000b620,1000b620,1000b6d6,5,
1000b62d,.text,,1000b620,FUN_1000b620,1000b620,1000b6d6,d,
1000b63d,.text,,1000b620,FUN_1000b620,1000b620,1000b6d6,1d,
1000b648,.text,,1000b620,FUN_1000b620,1000b620,1000b6d6,28,
1000b64f,.text,,1000b620,FUN_1000b620,1000b620,1000b6d6,2f,
1000b65e,.text,,1000b620,FUN_1000b620,1000b620,1000b6d6,3e,
1000b670,.text,,1000b620,FUN_1000b620,1000b620,1000b6d6,50,
1000b677,.text,,1000b620,FUN_1000b620,1000b620,1000b6d6,57,
1000b681,.text,,1000b620,FUN_1000b620,1000b620,1000b6d6,61,
1000b687,.text,,1000b620,FUN_1000b620,1000b620,1000b6d6,67,
1000b695,.text,,1000b620,FUN_1000b620,1000b620,1000b6d6,75,
1000b69e,.text,,1000b620,FUN_1000b620,1000b620,1000b6d6,7e,
1000b6a8,.text,,1000b620,FUN_1000b620,1000b620,1000b6d6,88,
1000b6af,.text,,1000b620,FUN_1000b620,1000b620,1000b6d6,8f,
1000b6b9,.text,,1000b620,FUN_1000b620,1000b620,1000b6d6,99,
1000b6c7,.text,,1000b620,FUN_1000b620,1000b620,1000b6d6,a7,
1000b6cf,.text,,1000b620,FUN_1000b620,1000b620,1000b6d6,af,
1000b72a,.text,,1000b6e0,FUN_1000b6e0,1000b6e0,1000b758,4a,
1000b732,.text,,1000b6e0,FUN_1000b6e0,1000b6e0,1000b758,52,
1000b73a,.text,,1000b6e0,FUN_1000b6e0,1000b6e0,1000b758,5a,
1000b742,.text,,1000b6e0,FUN_1000b6e0,1000b6e0,1000b758,62,
1000b74a,.text,,1000b6e0,FUN_1000b6e0,1000b6e0,1000b758,6a,
1000b765,.text,,1000b760,FUN_1000b760,1000b760,1000b816,5,
1000b76d,.text,,1000b760,FUN_1000b760,1000b760,1000b816,d,
1000b77d,.text,,1000b760,FUN_1000b760,1000b760,1000b816,1d,
1000b788,.text,,1000b760,FUN_1000b760,1000b760,1000b816,28,
1000b78f,.text,,1000b760,FUN_1000b760,1000b760,1000b816,2f,
1000b79e,.text,,1000b760,FUN_1000b760,1000b760,1000b816,3e,
1000b7b0,.text,,1000b760,FUN_1000b760,1000b760,1000b816,50,
1000b7b7,.text,,1000b760,FUN_1000b760,1000b760,1000b816,57,
1000b7c1,.text,,1000b760,FUN_1000b760,1000b760,1000b816,61,
1000b7c7,.text,,1000b760,FUN_1000b760,1000b760,1000b816,67,
1000b7d5,.text,,1000b760,FUN_1000b760,1000b760,1000b816,75,
1000b7de,.text,,1000b760,FUN_1000b760,1000b760,1000b816,7e,
1000b7e8,.text,,1000b760,FUN_1000b760,1000b760,1000b816,88,
1000b7ef,.text,,1000b760,FUN_1000b760,1000b760,1000b816,8f,
1000b7f9,.text,,1000b760,FUN_1000b760,1000b760,1000b816,99,
1000b807,.text,,1000b760,FUN_1000b760,1000b760,1000b816,a7,
1000b80f,.text,,1000b760,FUN_1000b760,1000b760,1000b816,af,
1000b825,.text,,1000b820,FUN_1000b820,1000b820,1000b8d6,5,
1000b82d,.text,,1000b820,FUN_1000b820,1000b820,1000b8d6,d,
1000b83d,.text,,1000b820,FUN_1000b820,1000b820,1000b8d6,1d,
1000b848,.text,,1000b820,FUN_1000b820,1000b820,1000b8d6,28,
1000b84f,.text,,1000b820,FUN_1000b820,1000b820,1000b8d6,2f,
1000b85e,.text,,1000b820,FUN_1000b820,1000b820,1000b8d6,3e,
1000b870,.text,,1000b820,FUN_1000b820,1000b820,1000b8d6,50,
1000b877,.text,,1000b820,FUN_1000b820,1000b820,1000b8d6,57,
1000b881,.text,,1000b820,FUN_1000b820,1000b820,1000b8d6,61,
1000b887,.text,,1000b820,FUN_1000b820,1000b820,1000b8d6,67,
1000b895,.text,,1000b820,FUN_1000b820,1000b820,1000b8d6,75,
1000b89e,.text,,1000b820,FUN_1000b820,1000b820,1000b8d6,7e,
1000b8a8,.text,,1000b820,FUN_1000b820,1000b820,1000b8d6,88,
1000b8af,.text,,1000b820,FUN_1000b820,1000b820,1000b8d6,8f,
1000b8b9,.text,,1000b820,FUN_1000b820,1000b820,1000b8d6,99,
1000b8c7,.text,,1000b820,FUN_1000b820,1000b820,1000b8d6,a7,
1000b8cf,.text,,1000b820,FUN_1000b820,1000b820,1000b8d6,af,
1000b92a,.text,,1000b8e0,FUN_1000b8e0,1000b8e0,1000b958,4a,
1000b932,.text,,1000b8e0,FUN_1000b8e0,1000b8e0,1000b958,52,
1000b93a,.text,,1000b8e0,FUN_1000b8e0,1000b8e0,1000b958,5a,
1000b942,.text,,1000b8e0,FUN_1000b8e0,1000b8e0,1000b958,62,
1000b94a,.text,,1000b8e0,FUN_1000b8e0,1000b8e0,1000b958,6a,
1000b965,.text,,1000b960,FUN_1000b960,1000b960,1000ba16,5,
1000b96d,.text,,1000b960,FUN_1000b960,1000b960,1000ba16,d,
1000b97d,.text,,1000b960,FUN_1000b960,1000b960,1000ba16,1d,
1000b988,.text,,1000b960,FUN_1000b960,1000b960,1000ba16,28,
1000b98f,.text,,1000b960,FUN_1000b960,1000b960,1000ba16,2f,
1000b99e,.text,,1000b960,FUN_1000b960,1000b960,1000ba16,3e,
1000b9b0,.text,,1000b960,FUN_1000b960,1000b960,1000ba16,50,
1000b9b7,.text,,1000b960,FUN_1000b960,1000b960,1000ba16,57,
1000b9c1,.text,,1000b960,FUN_1000b960,1000b960,1000ba16,61,
1000b9c7,.text,,1000b960,FUN_1000b960,1000b960,1000ba16,67,
1000b9d5,.text,,1000b960,FUN_1000b960,1000b960,1000ba16,75,
1000b9de,.text,,1000b960,FUN_1000b960,1000b960,1000ba16,7e,
1000b9e8,.text,,1000b960,FUN_1000b960,1000b960,1000ba16,88,
1000b9ef,.text,,1000b960,FUN_1000b960,1000b960,1000ba16,8f,
1000b9f9,.text,,1000b960,FUN_1000b960,1000b960,1000ba16,99,
1000ba07,.text,,1000b960,FUN_1000b960,1000b960,1000ba16,a7,
1000ba0f,.text,,1000b960,FUN_1000b960,1000b960,1000ba16,af,
1000ba25,.text,,1000ba20,FUN_1000ba20,1000ba20,1000bad6,5,
1000ba2d,.text,,1000ba20,FUN_1000ba20,1000ba20,1000bad6,d,
1000ba3d,.text,,1000ba20,FUN_1000ba20,1000ba20,1000bad6,1d,
1000ba48,.text,,1000ba20,FUN_1000ba20,1000ba20,1000bad6,28,
1000ba4f,.text,,1000ba20,FUN_1000ba20,1000ba20,1000bad6,2f,
1000ba5e,.text,,1000ba20,FUN_1000ba20,1000ba20,1000bad6,3e,
1000ba70,.text,,1000ba20,FUN_1000ba20,1000ba20,1000bad6,50,
1000ba77,.text,,1000ba20,FUN_1000ba20,1000ba20,1000bad6,57,
1000ba81,.text,,1000ba20,FUN_1000ba20,1000ba20,1000bad6,61,
1000ba87,.text,,1000ba20,FUN_1000ba20,1000ba20,1000bad6,67,
1000ba95,.text,,1000ba20,FUN_1000ba20,1000ba20,1000bad6,75,
1000ba9e,.text,,1000ba20,FUN_1000ba20,1000ba20,1000bad6,7e,
1000baa8,.text,,1000ba20,FUN_1000ba20,1000ba20,1000bad6,88,
1000baaf,.text,,1000ba20,FUN_1000ba20,1000ba20,1000bad6,8f,
1000bab9,.text,,1000ba20,FUN_1000ba20,1000ba20,1000bad6,99,
1000bac7,.text,,1000ba20,FUN_1000ba20,1000ba20,1000bad6,a7,
1000bacf,.text,,1000ba20,FUN_1000ba20,1000ba20,1000bad6,af,
1000bb2a,.text,,1000bae0,FUN_1000bae0,1000bae0,1000bb58,4a,
1000bb32,.text,,1000bae0,FUN_1000bae0,1000bae0,1000bb58,52,
1000bb3a,.text,,1000bae0,FUN_1000bae0,1000bae0,1000bb58,5a,
1000bb42,.text,,1000bae0,FUN_1000bae0,1000bae0,1000bb58,62,
1000bb4a,.text,,1000bae0,FUN_1000bae0,1000bae0,1000bb58,6a,
1000bbaa,.text,,1000bb60,FUN_1000bb60,1000bb60,1000bbd8,4a,
1000bbb2,.text,,1000bb60,FUN_1000bb60,1000bb60,1000bbd8,52,
1000bbba,.text,,1000bb60,FUN_1000bb60,1000bb60,1000bbd8,5a,
1000bbc2,.text,,1000bb60,FUN_1000bb60,1000bb60,1000bbd8,62,
1000bbca,.text,,1000bb60,FUN_1000bb60,1000bb60,1000bbd8,6a,
1000bbe5,.text,,1000bbe0,FUN_1000bbe0,1000bbe0,1000bc96,5,
1000bbed,.text,,1000bbe0,FUN_1000bbe0,1000bbe0,1000bc96,d,
1000bbfd,.text,,1000bbe0,FUN_1000bbe0,1000bbe0,1000bc96,1d,
1000bc08,.text,,1000bbe0,FUN_1000bbe0,1000bbe0,1000bc96,28,
1000bc0f,.text,,1000bbe0,FUN_1000bbe0,1000bbe0,1000bc96,2f,
1000bc1e,.text,,1000bbe0,FUN_1000bbe0,1000bbe0,1000bc96,3e,
1000bc30,.text,,1000bbe0,FUN_1000bbe0,1000bbe0,1000bc96,50,
1000bc37,.text,,1000bbe0,FUN_1000bbe0,1000bbe0,1000bc96,57,
1000bc41,.text,,1000bbe0,FUN_1000bbe0,1000bbe0,1000bc96,61,
1000bc47,.text,,1000bbe0,FUN_1000bbe0,1000bbe0,1000bc96,67,
1000bc55,.text,,1000bbe0,FUN_1000bbe0,1000bbe0,1000bc96,75,
1000bc5e,.text,,1000bbe0,FUN_1000bbe0,1000bbe0,1000bc96,7e,
1000bc68,.text,,1000bbe0,FUN_1000bbe0,1000bbe0,1000bc96,88,
1000bc6f,.text,,1000bbe0,FUN_1000bbe0,1000bbe0,1000bc96,8f,
1000bc79,.text,,1000bbe0,FUN_1000bbe0,1000bbe0,1000bc96,99,
1000bc87,.text,,1000bbe0,FUN_1000bbe0,1000bbe0,1000bc96,a7,
1000bc8f,.text,,1000bbe0,FUN_1000bbe0,1000bbe0,1000bc96,af,
1000bcea,.text,,1000bca0,FUN_1000bca0,1000bca0,1000bd18,4a,
1000bcf2,.text,,1000bca0,FUN_1000bca0,1000bca0,1000bd18,52,
1000bcfa,.text,,1000bca0,FUN_1000bca0,1000bca0,1000bd18,5a,
1000bd02,.text,,1000bca0,FUN_1000bca0,1000bca0,1000bd18,62,
1000bd0a,.text,,1000bca0,FUN_1000bca0,1000bca0,1000bd18,6a,
1000bd25,.text,,1000bd20,FUN_1000bd20,1000bd20,1000bdd6,5,
1000bd2d,.text,,1000bd20,FUN_1000bd20,1000bd20,1000bdd6,d,
1000bd3d,.text,,1000bd20,FUN_1000bd20,1000bd20,1000bdd6,1d,
1000bd48,.text,,1000bd20,FUN_1000bd20,1000bd20,1000bdd6,28,
1000bd4f,.text,,1000bd20,FUN_1000bd20,1000bd20,1000bdd6,2f,
1000bd5e,.text,,1000bd20,FUN_1000bd20,1000bd20,1000bdd6,3e,
1000bd70,.text,,1000bd20,FUN_1000bd20,1000bd20,1000bdd6,50,
1000bd77,.text,,1000bd20,FUN_1000bd20,1000bd20,1000bdd6,57,
1000bd81,.text,,1000bd20,FUN_1000bd20,1000bd20,1000bdd6,61,
1000bd87,.text,,1000bd20,FUN_1000bd20,1000bd20,1000bdd6,67,
1000bd95,.text,,1000bd20,FUN_1000bd20,1000bd20,1000bdd6,75,
1000bd9e,.text,,1000bd20,FUN_1000bd20,1000bd20,1000bdd6,7e,
1000bda8,.text,,1000bd20,FUN_1000bd20,1000bd20,1000bdd6,88,
1000bdaf,.text,,1000bd20,FUN_1000bd20,1000bd20,1000bdd6,8f,
1000bdb9,.text,,1000bd20,FUN_1000bd20,1000bd20,1000bdd6,99,
1000bdc7,.text,,1000bd20,FUN_1000bd20,1000bd20,1000bdd6,a7,
1000bdcf,.text,,1000bd20,FUN_1000bd20,1000bd20,1000bdd6,af,
1000be2a,.text,,1000bde0,FUN_1000bde0,1000bde0,1000be58,4a,
1000be32,.text,,1000bde0,FUN_1000bde0,1000bde0,1000be58,52,
1000be3a,.text,,1000bde0,FUN_1000bde0,1000bde0,1000be58,5a,
1000be42,.text,,1000bde0,FUN_1000bde0,1000bde0,1000be58,62,
1000be4a,.text,,1000bde0,FUN_1000bde0,1000bde0,1000be58,6a,
1000be65,.text,,1000be60,FUN_1000be60,1000be60,1000bf16,5,
1000be6d,.text,,1000be60,FUN_1000be60,1000be60,1000bf16,d,
1000be7d,.text,,1000be60,FUN_1000be60,1000be60,1000bf16,1d,
1000be88,.text,,1000be60,FUN_1000be60,1000be60,1000bf16,28,
1000be8f,.text,,1000be60,FUN_1000be60,1000be60,1000bf16,2f,
1000be9e,.text,,1000be60,FUN_1000be60,1000be60,1000bf16,3e,
1000beb0,.text,,1000be60,FUN_1000be60,1000be60,1000bf16,50,
1000beb7,.text,,1000be60,FUN_1000be60,1000be60,1000bf16,57,
1000bec1,.text,,1000be60,FUN_1000be60,1000be60,1000bf16,61,
1000bec7,.text,,1000be60,FUN_1000be60,1000be60,1000bf16,67,
1000bed5,.text,,1000be60,FUN_1000be60,1000be60,1000bf16,75,
1000bede,.text,,1000be60,FUN_1000be60,1000be60,1000bf16,7e,
1000bee8,.text,,1000be60,FUN_1000be60,1000be60,1000bf16,88,
1000beef,.text,,1000be60,FUN_1000be60,1000be60,1000bf16,8f,
1000bef9,.text,,1000be60,FUN_1000be60,1000be60,1000bf16,99,
1000bf07,.text,,1000be60,FUN_1000be60,1000be60,1000bf16,a7,
1000bf0f,.text,,1000be60,FUN_1000be60,1000be60,1000bf16,af,
1000bf6a,.text,,1000bf20,FUN_1000bf20,1000bf20,1000bf98,4a,
1000bf72,.text,,1000bf20,FUN_1000bf20,1000bf20,1000bf98,52,
1000bf7a,.text,,1000bf20,FUN_1000bf20,1000bf20,1000bf98,5a,
1000bf82,.text,,1000bf20,FUN_1000bf20,1000bf20,1000bf98,62,
1000bf8a,.text,,1000bf20,FUN_1000bf20,1000bf20,1000bf98,6a,
1000bfa5,.text,,1000bfa0,FUN_1000bfa0,1000bfa0,1000c056,5,
1000bfad,.text,,1000bfa0,FUN_1000bfa0,1000bfa0,1000c056,d,
1000bfbd,.text,,1000bfa0,FUN_1000bfa0,1000bfa0,1000c056,1d,
1000bfc8,.text,,1000bfa0,FUN_1000bfa0,1000bfa0,1000c056,28,
1000bfcf,.text,,1000bfa0,FUN_1000bfa0,1000bfa0,1000c056,2f,
1000bfde,.text,,1000bfa0,FUN_1000bfa0,1000bfa0,1000c056,3e,
1000bff0,.text,,1000bfa0,FUN_1000bfa0,1000bfa0,1000c056,50,
1000bff7,.text,,1000bfa0,FUN_1000bfa0,1000bfa0,1000c056,57,
1000c001,.text,,1000bfa0,FUN_1000bfa0,1000bfa0,1000c056,61,
1000c007,.text,,1000bfa0,FUN_1000bfa0,1000bfa0,1000c056,67,
1000c015,.text,,1000bfa0,FUN_1000bfa0,1000bfa0,1000c056,75,
1000c01e,.text,,1000bfa0,FUN_1000bfa0,1000bfa0,1000c056,7e,
1000c028,.text,,1000bfa0,FUN_1000bfa0,1000bfa0,1000c056,88,
1000c02f,.text,,1000bfa0,FUN_1000bfa0,1000bfa0,1000c056,8f,
1000c039,.text,,1000bfa0,FUN_1000bfa0,1000bfa0,1000c056,99,
1000c047,.text,,1000bfa0,FUN_1000bfa0,1000bfa0,1000c056,a7,
1000c04f,.text,,1000bfa0,FUN_1000bfa0,1000bfa0,1000c056,af,
1000c0aa,.text,,1000c060,FUN_1000c060,1000c060,1000c0d8,4a,
1000c0b2,.text,,1000c060,FUN_1000c060,1000c060,1000c0d8,52,
1000c0ba,.text,,1000c060,FUN_1000c060,1000c060,1000c0d8,5a,
1000c0c2,.text,,1000c060,FUN_1000c060,1000c060,1000c0d8,62,
1000c0ca,.text,,1000c060,FUN_1000c060,1000c060,1000c0d8,6a,
1000c0e5,.text,,1000c0e0,FUN_1000c0e0,1000c0e0,1000c196,5,
1000c0ed,.text,,1000c0e0,FUN_1000c0e0,1000c0e0,1000c196,d,
1000c0fd,.text,,1000c0e0,FUN_1000c0e0,1000c0e0,1000c196,1d,
1000c108,.text,,1000c0e0,FUN_1000c0e0,1000c0e0,1000c196,28,
1000c10f,.text,,1000c0e0,FUN_1000c0e0,1000c0e0,1000c196,2f,
1000c11e,.text,,1000c0e0,FUN_1000c0e0,1000c0e0,1000c196,3e,
1000c130,.text,,1000c0e0,FUN_1000c0e0,1000c0e0,1000c196,50,
1000c137,.text,,1000c0e0,FUN_1000c0e0,1000c0e0,1000c196,57,
1000c141,.text,,1000c0e0,FUN_1000c0e0,1000c0e0,1000c196,61,
1000c147,.text,,1000c0e0,FUN_1000c0e0,1000c0e0,1000c196,67,
1000c155,.text,,1000c0e0,FUN_1000c0e0,1000c0e0,1000c196,75,
1000c15e,.text,,1000c0e0,FUN_1000c0e0,1000c0e0,1000c196,7e,
1000c168,.text,,1000c0e0,FUN_1000c0e0,1000c0e0,1000c196,88,
1000c16f,.text,,1000c0e0,FUN_1000c0e0,1000c0e0,1000c196,8f,
1000c179,.text,,1000c0e0,FUN_1000c0e0,1000c0e0,1000c196,99,
1000c187,.text,,1000c0e0,FUN_1000c0e0,1000c0e0,1000c196,a7,
1000c18f,.text,,1000c0e0,FUN_1000c0e0,1000c0e0,1000c196,af,
1000c1ea,.text,,1000c1a0,FUN_1000c1a0,1000c1a0,1000c218,4a,
1000c1f2,.text,,1000c1a0,FUN_1000c1a0,1000c1a0,1000c218,52,
1000c1fa,.text,,1000c1a0,FUN_1000c1a0,1000c1a0,1000c218,5a,
1000c202,.text,,1000c1a0,FUN_1000c1a0,1000c1a0,1000c218,62,
1000c20a,.text,,1000c1a0,FUN_1000c1a0,1000c1a0,1000c218,6a,
1000c225,.text,,1000c220,FUN_1000c220,1000c220,1000c2d6,5,
1000c22d,.text,,1000c220,FUN_1000c220,1000c220,1000c2d6,d,
1000c23d,.text,,1000c220,FUN_1000c220,1000c220,1000c2d6,1d,
1000c248,.text,,1000c220,FUN_1000c220,1000c220,1000c2d6,28,
1000c24f,.text,,1000c220,FUN_1000c220,1000c220,1000c2d6,2f,
1000c25e,.text,,1000c220,FUN_1000c220,1000c220,1000c2d6,3e,
1000c270,.text,,1000c220,FUN_1000c220,1000c220,1000c2d6,50,
1000c277,.text,,1000c220,FUN_1000c220,1000c220,1000c2d6,57,
1000c281,.text,,1000c220,FUN_1000c220,1000c220,1000c2d6,61,
1000c287,.text,,1000c220,FUN_1000c220,1000c220,1000c2d6,67,
1000c295,.text,,1000c220,FUN_1000c220,1000c220,1000c2d6,75,
1000c29e,.text,,1000c220,FUN_1000c220,1000c220,1000c2d6,7e,
1000c2a8,.text,,1000c220,FUN_1000c220,1000c220,1000c2d6,88,
1000c2af,.text,,1000c220,FUN_1000c220,1000c220,1000c2d6,8f,
1000c2b9,.text,,1000c220,FUN_1000c220,1000c220,1000c2d6,99,
1000c2c7,.text,,1000c220,FUN_1000c220,1000c220,1000c2d6,a7,
1000c2cf,.text,,1000c220,FUN_1000c220,1000c220,1000c2d6,af,
1000c32a,.text,,1000c2e0,FUN_1000c2e0,1000c2e0,1000c358,4a,
1000c332,.text,,1000c2e0,FUN_1000c2e0,1000c2e0,1000c358,52,
1000c33a,.text,,1000c2e0,FUN_1000c2e0,1000c2e0,1000c358,5a,
1000c342,.text,,1000c2e0,FUN_1000c2e0,1000c2e0,1000c358,62,
1000c34a,.text,,1000c2e0,FUN_1000c2e0,1000c2e0,1000c358,6a,
1000c365,.text,,1000c360,FUN_1000c360,1000c360,1000c416,5,
1000c36d,.text,,1000c360,FUN_1000c360,1000c360,1000c416,d,
1000c37d,.text,,1000c360,FUN_1000c360,1000c360,1000c416,1d,
1000c388,.text,,1000c360,FUN_1000c360,1000c360,1000c416,28,
1000c38f,.text,,1000c360,FUN_1000c360,1000c360,1000c416,2f,
1000c39e,.text,,1000c360,FUN_1000c360,1000c360,1000c416,3e,
1000c3b0,.text,,1000c360,FUN_1000c360,1000c360,1000c416,50,
1000c3b7,.text,,1000c360,FUN_1000c360,1000c360,1000c416,57,
1000c3c1,.text,,1000c360,FUN_1000c360,1000c360,1000c416,61,
1000c3c7,.text,,1000c360,FUN_1000c360,1000c360,1000c416,67,
1000c3d5,.text,,1000c360,FUN_1000c360,1000c360,1000c416,75,
1000c3de,.text,,1000c360,FUN_1000c360,1000c360,1000c416,7e,
1000c3e8,.text,,1000c360,FUN_1000c360,1000c360,1000c416,88,
1000c3ef,.text,,1000c360,FUN_1000c360,1000c360,1000c416,8f,
1000c3f9,.text,,1000c360,FUN_1000c360,1000c360,1000c416,99,
1000c407,.text,,1000c360,FUN_1000c360,1000c360,1000c416,a7,
1000c40f,.text,,1000c360,FUN_1000c360,1000c360,1000c416,af,
1000c427,.text,,1000c420,FUN_1000c420,1000c420,1000c47c,7,
1000c42f,.text,,1000c420,FUN_1000c420,1000c420,1000c47c,f,
1000c434,.text,,1000c420,FUN_1000c420,1000c420,1000c47c,14,
1000c43a,.text,,1000c420,FUN_1000c420,1000c420,1000c47c,1a,
1000c444,.text,,1000c420,FUN_1000c420,1000c420,1000c47c,24,
1000c457,.text,,1000c420,FUN_1000c420,1000c420,1000c47c,37,
1000c46a,.text,,1000c420,FUN_1000c420,1000c420,1000c47c,4a,
1000c478,.text,,1000c420,FUN_1000c420,1000c420,1000c47c,58,
1000c491,.text,,1000c480,FUN_1000c480,1000c480,1000c63d,11,
1000c4a7,.text,,1000c480,FUN_1000c480,1000c480,1000c63d,27,
1000c4ae,.text,,1000c480,FUN_1000c480,1000c480,1000c63d,2e,
1000c4b2,.text,,1000c480,FUN_1000c480,1000c480,1000c63d,32,
1000c4b8,.text,,1000c480,FUN_1000c480,1000c480,1000c63d,38,
1000c4bf,.text,,1000c480,FUN_1000c480,1000c480,1000c63d,3f,
1000c4e6,.text,,1000c480,FUN_1000c480,1000c480,1000c63d,66,
1000c4fc,.text,,1000c480,FUN_1000c480,1000c480,1000c63d,7c,
1000c503,.text,,1000c480,FUN_1000c480,1000c480,1000c63d,83,
1000c507,.text,,1000c480,FUN_1000c480,1000c480,1000c63d,87,
1000c50d,.text,,1000c480,FUN_1000c480,1000c480,1000c63d,8d,
1000c514,.text,,1000c480,FUN_1000c480,1000c480,1000c63d,94,
1000c53c,.text,,1000c480,FUN_1000c480,1000c480,1000c63d,bc,
1000c552,.text,,1000c480,FUN_1000c480,1000c480,1000c63d,d2,
1000c559,.text,,1000c480,FUN_1000c480,1000c480,1000c63d,d9,
1000c55d,.text,,1000c480,FUN_1000c480,1000c480,1000c63d,dd,
1000c563,.text,,1000c480,FUN_1000c480,1000c480,1000c63d,e3,
1000c56a,.text,,1000c480,FUN_1000c480,1000c480,1000c63d,ea,
1000c592,.text,,1000c480,FUN_1000c480,1000c480,1000c63d,112,
1000c5a8,.text,,1000c480,FUN_1000c480,1000c480,1000c63d,128,
1000c5af,.text,,1000c480,FUN_1000c480,1000c480,1000c63d,12f,
1000c5b3,.text,,1000c480,FUN_1000c480,1000c480,1000c63d,133,
1000c5b9,.text,,1000c480,FUN_1000c480,1000c480,1000c63d,139,
1000c5c0,.text,,1000c480,FUN_1000c480,1000c480,1000c63d,140,
1000c5e8,.text,,1000c480,FUN_1000c480,1000c480,1000c63d,168,
1000c5fe,.text,,1000c480,FUN_1000c480,1000c480,1000c63d,17e,
1000c605,.text,,1000c480,FUN_1000c480,1000c480,1000c63d,185,
1000c609,.text,,1000c480,FUN_1000c480,1000c480,1000c63d,189,
1000c60f,.text,,1000c480,FUN_1000c480,1000c480,1000c63d,18f,
1000c616,.text,,1000c480,FUN_1000c480,1000c480,1000c63d,196,
1000caa3,.text,,,,,,,
1000caf3,.text,,,,,,,
1000cb43,.text,,,,,,,
1000cb93,.text,,,,,,,
1000cbe3,.text,,,,,,,
1000cdd1,.text,,1000cdc0,FUN_1000cdc0,1000cdc0,1000cf7d,11,
1000cde7,.text,,1000cdc0,FUN_1000cdc0,1000cdc0,1000cf7d,27,
1000cdee,.text,,1000cdc0,FUN_1000cdc0,1000cdc0,1000cf7d,2e,
1000cdf2,.text,,1000cdc0,FUN_1000cdc0,1000cdc0,1000cf7d,32,
1000cdf8,.text,,1000cdc0,FUN_1000cdc0,1000cdc0,1000cf7d,38,
1000cdff,.text,,1000cdc0,FUN_1000cdc0,1000cdc0,1000cf7d,3f,
1000ce26,.text,,1000cdc0,FUN_1000cdc0,1000cdc0,1000cf7d,66,
1000ce3c,.text,,1000cdc0,FUN_1000cdc0,1000cdc0,1000cf7d,7c,
1000ce43,.text,,1000cdc0,FUN_1000cdc0,1000cdc0,1000cf7d,83,
1000ce47,.text,,1000cdc0,FUN_1000cdc0,1000cdc0,1000cf7d,87,
1000ce4d,.text,,1000cdc0,FUN_1000cdc0,1000cdc0,1000cf7d,8d,
1000ce54,.text,,1000cdc0,FUN_1000cdc0,1000cdc0,1000cf7d,94,
1000ce7c,.text,,1000cdc0,FUN_1000cdc0,1000cdc0,1000cf7d,bc,
1000ce92,.text,,1000cdc0,FUN_1000cdc0,1000cdc0,1000cf7d,d2,
1000ce99,.text,,1000cdc0,FUN_1000cdc0,1000cdc0,1000cf7d,d9,
1000ce9d,.text,,1000cdc0,FUN_1000cdc0,1000cdc0,1000cf7d,dd,
1000cea3,.text,,1000cdc0,FUN_1000cdc0,1000cdc0,1000cf7d,e3,
1000ceaa,.text,,1000cdc0,FUN_1000cdc0,1000cdc0,1000cf7d,ea,
1000ced2,.text,,1000cdc0,FUN_1000cdc0,1000cdc0,1000cf7d,112,
1000cee8,.text,,1000cdc0,FUN_1000cdc0,1000cdc0,1000cf7d,128,
1000ceef,.text,,1000cdc0,FUN_1000cdc0,1000cdc0,1000cf7d,12f,
1000cef3,.text,,1000cdc0,FUN_1000cdc0,1000cdc0,1000cf7d,133,
1000cef9,.text,,1000cdc0,FUN_1000cdc0,1000cdc0,1000cf7d,139,
1000cf00,.text,,1000cdc0,FUN_1000cdc0,1000cdc0,1000cf7d,140,
1000cf28,.text,,1000cdc0,FUN_1000cdc0,1000cdc0,1000cf7d,168,
1000cf3e,.text,,1000cdc0,FUN_1000cdc0,1000cdc0,1000cf7d,17e,
1000cf45,.text,,1000cdc0,FUN_1000cdc0,1000cdc0,1000cf7d,185,
1000cf49,.text,,1000cdc0,FUN_1000cdc0,1000cdc0,1000cf7d,189,
1000cf4f,.text,,1000cdc0,FUN_1000cdc0,1000cdc0,1000cf7d,18f,
1000cf56,.text,,1000cdc0,FUN_1000cdc0,1000cdc0,1000cf7d,196,
1000cf87,.text,,1000cf80,FUN_1000cf80,1000cf80,1000cfdc,7,
1000cf8f,.text,,1000cf80,FUN_1000cf80,1000cf80,1000cfdc,f,
1000cf94,.text,,1000cf80,FUN_1000cf80,1000cf80,1000cfdc,14,
1000cf9a,.text,,1000cf80,FUN_1000cf80,1000cf80,1000cfdc,1a,
1000cfa4,.text,,1000cf80,FUN_1000cf80,1000cf80,1000cfdc,24,
1000cfb7,.text,,1000cf80,FUN_1000cf80,1000cf80,1000cfdc,37,
1000cfca,.text,,1000cf80,FUN_1000cf80,1000cf80,1000cfdc,4a,
1000cfd8,.text,,1000cf80,FUN_1000cf80,1000cf80,1000cfdc,58,
1000cff5,.text,,1000cfe0,FUN_1000cfe0,1000cfe0,1000d02f,15,
1000d05a,.text,,1000d030,FUN_1000d030,1000d030,1000d139,2a,
1000d066,.text,,1000d030,FUN_1000d030,1000d030,1000d139,36,
1000d06c,.text,,1000d030,FUN_1000d030,1000d030,1000d139,3c,
1000d071,.text,,1000d030,FUN_1000d030,1000d030,1000d139,41,
1000d076,.text,,1000d030,FUN_1000d030,1000d030,1000d139,46,
1000d083,.text,,1000d030,FUN_1000d030,1000d030,1000d139,53,
1000d089,.text,,1000d030,FUN_1000d030,1000d030,1000d139,59,
1000d09c,.text,,1000d030,FUN_1000d030,1000d030,1000d139,6c,
1000d0a9,.text,,1000d030,FUN_1000d030,1000d030,1000d139,79,
1000d0b0,.text,,1000d030,FUN_1000d030,1000d030,1000d139,80,
1000d0b6,.text,,1000d030,FUN_1000d030,1000d030,1000d139,86,
1000d0cd,.text,,1000d030,FUN_1000d030,1000d030,1000d139,9d,
1000d0d2,.text,,1000d030,FUN_1000d030,1000d030,1000d139,a2,
1000d0dc,.text,,1000d030,FUN_1000d030,1000d030,1000d139,ac,
1000d0f7,.text,,1000d030,FUN_1000d030,1000d030,1000d139,c7,
1000d101,.text,,1000d030,FUN_1000d030,1000d030,1000d139,d1,
1000d107,.text,,1000d030,FUN_1000d030,1000d030,1000d139,d7,
1000d127,.text,,1000d030,FUN_1000d030,1000d030,1000d139,f7,
1000d158,.text,,1000d140,FUN_1000d140,1000d140,1000d247,18,
1000d161,.text,,1000d140,FUN_1000d140,1000d140,1000d247,21,
1000d167,.text,,1000d140,FUN_1000d140,1000d140,1000d247,27,
1000d16d,.text,,1000d140,FUN_1000d140,1000d140,1000d247,2d,
1000d177,.text,,1000d140,FUN_1000d140,1000d140,1000d247,37,
1000d18c,.text,,1000d140,FUN_1000d140,1000d140,1000d247,4c,
1000d194,.text,,1000d140,FUN_1000d140,1000d140,1000d247,54,
1000d1a7,.text,,1000d140,FUN_1000d140,1000d140,1000d247,67,
1000d1b4,.text,,1000d140,FUN_1000d140,1000d140,1000d247,74,
1000d1bb,.text,,1000d140,FUN_1000d140,1000d140,1000d247,7b,
1000d1c1,.text,,1000d140,FUN_1000d140,1000d140,1000d247,81,
1000d1d8,.text,,1000d140,FUN_1000d140,1000d140,1000d247,98,
1000d1dd,.text,,1000d140,FUN_1000d140,1000d140,1000d247,9d,
1000d1e7,.text,,1000d140,FUN_1000d140,1000d140,1000d247,a7,
1000d203,.text,,1000d140,FUN_1000d140,1000d140,1000d247,c3,
1000d20d,.text,,1000d140,FUN_1000d140,1000d140,1000d247,cd,
1000d213,.text,,1000d140,FUN_1000d140,1000d140,1000d247,d3,
1000d231,.text,,1000d140,FUN_1000d140,1000d140,1000d247,f1,
1000d25a,.text,,1000d250,FUN_1000d250,1000d250,1000d2fa,a,
1000d38f,.text,,1000d380,FUN_1000d380,1000d380,1000d3f3,f,
1000d43c,.text,,1000d400,FUN_1000d400,1000d400,1000d453,3c,
1000d447,.text,,1000d400,FUN_1000d400,1000d400,1000d453,47,
1000d469,.text,,1000d460,FUN_1000d460,1000d460,1000d4b8,9,
1000d4c9,.text,,1000d4c0,FUN_1000d4c0,1000d4c0,1000d518,9,
1000d529,.text,,1000d520,FUN_1000d520,1000d520,1000d578,9,
1000d589,.text,,1000d580,FUN_1000d580,1000d580,1000d5d8,9,
1000d5e9,.text,,1000d5e0,FUN_1000d5e0,1000d5e0,1000d638,9,
1000d649,.text,,1000d640,FUN_1000d640,1000d640,1000d698,9,
1000d6a9,.text,,1000d6a0,FUN_1000d6a0,1000d6a0,1000d6f8,9,
1000d709,.text,,1000d700,FUN_1000d700,1000d700,1000d758,9,
1000d769,.text,,1000d760,FUN_1000d760,1000d760,1000d7b8,9,
1000d7c9,.text,,1000d7c0,FUN_1000d7c0,1000d7c0,1000d818,9,
1000d829,.text,,1000d820,FUN_1000d820,1000d820,1000d878,9,
1000d889,.text,,1000d880,FUN_1000d880,1000d880,1000d8d8,9,
1000d8e9,.text,,1000d8e0,FUN_1000d8e0,1000d8e0,1000d938,9,
1000d949,.text,,1000d940,FUN_1000d940,1000d940,1000d998,9,
1000d9a9,.text,,1000d9a0,FUN_1000d9a0,1000d9a0,1000d9f8,9,
1000da09,.text,,1000da00,FUN_1000da00,1000da00,1000da58,9,
1000da69,.text,,1000da60,FUN_1000da60,1000da60,1000dabd,9,
1000dac9,.text,,1000dac0,FUN_1000dac0,1000dac0,1000db1d,9,
1000db29,.text,,1000db20,FUN_1000db20,1000db20,1000db7d,9,
1000db89,.text,,1000db80,FUN_1000db80,1000db80,1000dbdd,9,
1000dbe9,.text,,1000dbe0,FUN_1000dbe0,1000dbe0,1000dc3d,9,
1000dc49,.text,,1000dc40,FUN_1000dc40,1000dc40,1000dc9d,9,
1000dca9,.text,,1000dca0,FUN_1000dca0,1000dca0,1000dcfd,9,
1000dd09,.text,,1000dd00,FUN_1000dd00,1000dd00,1000dd5d,9,
1000dd69,.text,,1000dd60,FUN_1000dd60,1000dd60,1000ddbd,9,
1000ddc9,.text,,1000ddc0,FUN_1000ddc0,1000ddc0,1000de1d,9,
1000de29,.text,,1000de20,FUN_1000de20,1000de20,1000de7d,9,
1000de89,.text,,1000de80,FUN_1000de80,1000de80,1000dedd,9,
1000dee9,.text,,1000dee0,FUN_1000dee0,1000dee0,1000df3d,9,
1000df49,.text,,1000df40,FUN_1000df40,1000df40,1000df9d,9,
1000dfa9,.text,,1000dfa0,FUN_1000dfa0,1000dfa0,1000dffd,9,
1000e009,.text,,1000e000,FUN_1000e000,1000e000,1000e05d,9,
1000e069,.text,,1000e060,FUN_1000e060,1000e060,1000e0bd,9,
1000e0c9,.text,,1000e0c0,FUN_1000e0c0,1000e0c0,1000e11d,9,
1000e129,.text,,1000e120,FUN_1000e120,1000e120,1000e17d,9,
1000e189,.text,,1000e180,FUN_1000e180,1000e180,1000e1dd,9,
1000e1e9,.text,,1000e1e0,FUN_1000e1e0,1000e1e0,1000e23d,9,
1000e249,.text,,1000e240,FUN_1000e240,1000e240,1000e29d,9,
1000e2a9,.text,,1000e2a0,FUN_1000e2a0,1000e2a0,1000e2fd,9,
1000e309,.text,,1000e300,FUN_1000e300,1000e300,1000e35d,9,
1000e369,.text,,1000e360,FUN_1000e360,1000e360,1000e3bd,9,
1000e3c9,.text,,1000e3c0,FUN_1000e3c0,1000e3c0,1000e41d,9,
1000e429,.text,,1000e420,FUN_1000e420,1000e420,1000e47d,9,
1000e489,.text,,1000e480,FUN_1000e480,1000e480,1000e4dd,9,
1000e4e9,.text,,1000e4e0,FUN_1000e4e0,1000e4e0,1000e53d,9,
1000e549,.text,,1000e540,FUN_1000e540,1000e540,1000e59d,9,
1000e5a9,.text,,1000e5a0,FUN_1000e5a0,1000e5a0,1000e5fd,9,
1000e609,.text,,1000e600,FUN_1000e600,1000e600,1000e65d,9,
1000e669,.text,,1000e660,FUN_1000e660,1000e660,1000e6bd,9,
1000e6c9,.text,,1000e6c0,FUN_1000e6c0,1000e6c0,1000e71d,9,
1000e729,.text,,1000e720,FUN_1000e720,1000e720,1000e77d,9,
1000e789,.text,,1000e780,FUN_1000e780,1000e780,1000e7dd,9,
1000e7e9,.text,,1000e7e0,FUN_1000e7e0,1000e7e0,1000e83d,9,
1000e849,.text,,1000e840,FUN_1000e840,1000e840,1000e89d,9,
1000e8a9,.text,,1000e8a0,FUN_1000e8a0,1000e8a0,1000e8fd,9,
1000e909,.text,,1000e900,FUN_1000e900,1000e900,1000e95d,9,
1000e969,.text,,1000e960,FUN_1000e960,1000e960,1000e9bd,9,
1000e9c9,.text,,1000e9c0,FUN_1000e9c0,1000e9c0,1000ea1d,9,
1000ea29,.text,,1000ea20,FUN_1000ea20,1000ea20,1000ea7d,9,
1000ea89,.text,,1000ea80,FUN_1000ea80,1000ea80,1000eadd,9,
1000eae9,.text,,1000eae0,FUN_1000eae0,1000eae0,1000eb3d,9,
1000eb49,.text,,1000eb40,FUN_1000eb40,1000eb40,1000eb9d,9,
1000eba9,.text,,1000eba0,FUN_1000eba0,1000eba0,1000ebfd,9,
1000ec09,.text,,1000ec00,FUN_1000ec00,1000ec00,1000ec5d,9,
1000ec69,.text,,1000ec60,FUN_1000ec60,1000ec60,1000ecbd,9,
1000ecc9,.text,,1000ecc0,FUN_1000ecc0,1000ecc0,1000ed1d,9,
1000ed29,.text,,1000ed20,FUN_1000ed20,1000ed20,1000ed7d,9,
1000ed89,.text,,1000ed80,FUN_1000ed80,1000ed80,1000eddd,9,
1000ede9,.text,,1000ede0,FUN_1000ede0,1000ede0,1000ee3d,9,
1000ee49,.text,,1000ee40,FUN_1000ee40,1000ee40,1000ee9d,9,
1000eea9,.text,,1000eea0,FUN_1000eea0,1000eea0,1000eefd,9,
1000ef09,.text,,1000ef00,FUN_1000ef00,1000ef00,1000ef5d,9,
1000ef69,.text,,1000ef60,FUN_1000ef60,1000ef60,1000efbd,9,
1000efc9,.text,,1000efc0,FUN_1000efc0,1000efc0,1000f01d,9,
1000f029,.text,,1000f020,FUN_1000f020,1000f020,1000f07d,9,
1000f089,.text,,1000f080,FUN_1000f080,1000f080,1000f0dd,9,
1000f0e9,.text,,1000f0e0,FUN_1000f0e0,1000f0e0,1000f13d,9,
1000f149,.text,,1000f140,FUN_1000f140,1000f140,1000f19d,9,
1000f1a9,.text,,1000f1a0,FUN_1000f1a0,1000f1a0,1000f1fd,9,
1000f209,.text,,1000f200,FUN_1000f200,1000f200,1000f25d,9,
1000f269,.text,,1000f260,FUN_1000f260,1000f260,1000f2bd,9,
1000f2c9,.text,,1000f2c0,FUN_1000f2c0,1000f2c0,1000f31d,9,
1000f329,.text,,1000f320,FUN_1000f320,1000f320,1000f37d,9,
1000f389,.text,,1000f380,FUN_1000f380,1000f380,1000f3dd,9,
1000f3e9,.text,,1000f3e0,FUN_1000f3e0,1000f3e0,1000f43d,9,
1000f449,.text,,1000f440,FUN_1000f440,1000f440,1000f49d,9,
1000f4a9,.text,,1000f4a0,FUN_1000f4a0,1000f4a0,1000f511,9,
1000f529,.text,,1000f520,FUN_1000f520,1000f520,1000f591,9,
1000f5a9,.text,,1000f5a0,FUN_1000f5a0,1000f5a0,1000f611,9,
1000f629,.text,,1000f620,FUN_1000f620,1000f620,1000f691,9,
1000f6a9,.text,,1000f6a0,FUN_1000f6a0,1000f6a0,1000f711,9,
1000f729,.text,,1000f720,FUN_1000f720,1000f720,1000f791,9,
1000f7a9,.text,,1000f7a0,FUN_1000f7a0,1000f7a0,1000f811,9,
1000f829,.text,,1000f820,FUN_1000f820,1000f820,1000f891,9,
1000f8a9,.text,,1000f8a0,FUN_1000f8a0,1000f8a0,1000f911,9,
1000f929,.text,,1000f920,FUN_1000f920,1000f920,1000f991,9,
1000f9a9,.text,,1000f9a0,FUN_1000f9a0,1000f9a0,1000fa11,9,
1000fa29,.text,,1000fa20,FUN_1000fa20,1000fa20,1000fa91,9,
1000faa9,.text,,1000faa0,FUN_1000faa0,1000faa0,1000fb11,9,
1000fb29,.text,,1000fb20,FUN_1000fb20,1000fb20,1000fb91,9,
1000fba9,.text,,1000fba0,FUN_1000fba0,1000fba0,1000fc11,9,
1000fc29,.text,,1000fc20,FUN_1000fc20,1000fc20,1000fc91,9,
1000fca9,.text,,1000fca0,FUN_1000fca0,1000fca0,1000fd11,9,
1000fd29,.text,,1000fd20,FUN_1000fd20,1000fd20,1000fd91,9,
1000fda9,.text,,1000fda0,FUN_1000fda0,1000fda0,1000fe11,9,
1000fe29,.text,,1000fe20,FUN_1000fe20,1000fe20,1000fe91,9,
1000fea9,.text,,1000fea0,FUN_1000fea0,1000fea0,1000ff11,9,
1000ff29,.text,,1000ff20,FUN_1000ff20,1000ff20,1000ff91,9,
1000ffa9,.text,,1000ffa0,FUN_1000ffa0,1000ffa0,10010011,9,
10010029,.text,,10010020,FUN_10010020,10010020,10010091,9,
100100a9,.text,,100100a0,FUN_100100a0,100100a0,10010111,9,
100101b7,.text,,100101a5,FUN_100101a5,100101a5,100101c1,12,
100101dd,.text,,100101c2,FUN_100101c2,100101c2,100101f0,1b,
100101e8,.text,,100101c2,FUN_100101c2,100101c2,100101f0,26,
10010204,.text,,100101f2,FUN_100101f2,100101f2,1001020e,12,
10010247,.text,,1001023b,FUN_1001023b,1001023b,10010257,c,
10010260,.text,,10010258,FUN_10010258,10010258,10010264,8,
100102d4,.text,,100102c3,exception,100102c3,100102e9,11,
10010321,.text,,1001031f,FUN_1001031f,1001031f,10010329,2,
10010334,.text,,1001032a,FUN_1001032a,1001032a,10010350,a,
10010362,.text,,10010351,exception,10010351,10010375,11,
100103f7,.text,,100103e4,FID_conflict:_sscanf,100103e4,10010405,13,
10010410,.text,,10010406,__onexit_nolock,10010406,100104bb,a,
10010417,.text,,10010406,__onexit_nolock,10010406,100104bb,11,
1001041f,.text,,10010406,__onexit_nolock,10010406,100104bb,19,
1001048f,.text,,10010406,__onexit_nolock,10010406,100104bb,89,
10010494,.text,,10010406,__onexit_nolock,10010406,100104bb,8e,
1001049d,.text,,10010406,__onexit_nolock,10010406,100104bb,97,
100104ac,.text,,10010406,__onexit_nolock,10010406,100104bb,a6,
100104cf,.text,,,,,,,
100104d4,.text,,,,,,,
100104d9,.text,,,,,,,
100104f0,.text,,100104ed,__onexit,100104ed,10010522,3,
10010543,.text,,10010540,_fgets,10010540,1001066c,3,
100105ca,.text,,10010540,_fgets,10010540,1001066c,8a,
100105d1,.text,,10010540,_fgets,10010540,1001066c,91,
100105f3,.text,,10010540,_fgets,10010540,1001066c,b3,
100105fa,.text,,10010540,_fgets,10010540,1001066c,ba,
1001067b,.text,,10010678,__fsopen,10010678,10010729,3,
100106f6,.text,,10010678,__fsopen,10010678,10010729,7e,
10010766,.text,,10010761,~type_info,10010761,10010770,5,
10010822,.text,,1001081f,_fclose,1001081f,10010887,3,
100108bb,.text,,10010893,FUN_10010893,10010893,10010911,28,
100108c1,.text,,10010893,FUN_10010893,10010893,10010911,2e,
100108c6,.text,,10010893,FUN_10010893,10010893,10010911,33,
100108ce,.text,,10010893,FUN_10010893,10010893,10010911,3b,
100108de,.text,,10010893,FUN_10010893,10010893,10010911,4b,
100108e8,.text,,10010893,FUN_10010893,10010893,10010911,55,
100108ee,.text,,10010893,FUN_10010893,10010893,10010911,5b,
10010902,.text,,10010893,FUN_10010893,10010893,10010911,6f,
10010916,.text,,10010913,_fputs,10010913,10010a0d,3,
10010978,.text,,10010913,_fputs,10010913,10010a0d,65,
1001097f,.text,,10010913,_fputs,10010913,10010a0d,6c,
100109a1,.text,,10010913,_fputs,10010913,10010a0d,8e,
100109a8,.text,,10010913,_fputs,10010913,10010a0d,95,
10010b44,.text,,10010b1a,_LocaleUpdate,10010b1a,10010ba0,2a,
10010b4c,.text,,10010b1a,_LocaleUpdate,10010b1a,10010ba0,32,
10010b61,.text,,10010b1a,_LocaleUpdate,10010b1a,10010ba0,47,
10010b6c,.text,,10010b1a,_LocaleUpdate,10010b1a,10010ba0,52,
10010c8c,.text,,10010c83,__strnicmp,10010c83,10010cd5,9,
10010f5c,.text,,10010f59,__CRT_INIT@12,10010f59,100110bc,3,
10010f94,.text,,10010f59,__CRT_INIT@12,10010f59,100110bc,3b,
10010f99,.text,,10010f59,__CRT_INIT@12,10010f59,100110bc,40,
10010fa3,.text,,10010f59,__CRT_INIT@12,10010f59,100110bc,4a,
10010fd7,.text,,10010f59,__CRT_INIT@12,10010f59,100110bc,7e,
10010fef,.text,,10010f59,__CRT_INIT@12,10010f59,100110bc,96,
10010ff7,.text,,10010f59,__CRT_INIT@12,10010f59,100110bc,9e,
10011000,.text,,10010f59,__CRT_INIT@12,10010f59,100110bc,a7,
10011039,.text,,10011032,FUN_10011032,10011032,10011045,7,
1001106d,.text,,10010f59,__CRT_INIT@12,10010f59,100110bc,114,
10011073,.text,,10010f59,__CRT_INIT@12,10010f59,100110bc,11a,
10011079,.text,,10010f59,__CRT_INIT@12,10010f59,100110bc,120,
1001108e,.text,,10010f59,__CRT_INIT@12,10010f59,100110bc,135,
100110c0,.text,,100110bd,___DllMainCRTStartup,100110bd,100111b2,3,
100110dc,.text,,100110bd,___DllMainCRTStartup,100110bd,100111b2,1f,
100110f4,.text,,100110bd,___DllMainCRTStartup,100110bd,100111b2,37,
10011147,.text,,100110bd,___DllMainCRTStartup,100110bd,100111b2,8a,
10011174,.text,,100110bd,___DllMainCRTStartup,100110bd,100111b2,b7,
1001120a,.text,,100111e0,FID_conflict:_memcpy,100111e0,10011540,2a,
1001123c,.text,,100111e0,FID_conflict:_memcpy,100111e0,10011540,5c,
10011254,.text,,100111e0,FID_conflict:_memcpy,100111e0,10011540,74,
1001125b,.text,,100111e0,FID_conflict:_memcpy,100111e0,10011540,7b,
10011263,.text,,100111e0,FID_conflict:_memcpy,100111e0,10011540,83,
10011268,.text,,,,,,,switchdataD_10011268
1001126c,.text,,,,,,,
10011270,.text,,,,,,,
10011299,.text,,100111e0,FID_conflict:_memcpy,100111e0,10011540,b9,
100112bf,.text,,100111e0,FID_conflict:_memcpy,100111e0,10011540,df,
100112dd,.text,,100111e0,FID_conflict:_memcpy,100111e0,10011540,fd,
100112e4,.text,,,,,,,switchdataD_100112e4
100112e8,.text,,,,,,,
100112ec,.text,,,,,,,
100112f0,.text,,,,,,,
100112f4,.text,,,,,,,
100112f8,.text,,,,,,,
100112fc,.text,,,,,,,
10011300,.text,,,,,,,
1001134a,.text,,100111e0,FID_conflict:_memcpy,100111e0,10011540,16a,
10011350,.text,,,,,,,switchdataD_10011350
10011354,.text,,,,,,,
10011358,.text,,,,,,,
1001135c,.text,,,,,,,
100113c2,.text,,100111e0,FID_conflict:_memcpy,100111e0,10011540,1e2,
100113cd,.text,,100111e0,FID_conflict:_memcpy,100111e0,10011540,1ed,
100113e8,.text,,100111e0,FID_conflict:_memcpy,100111e0,10011540,208,
100113ef,.text,,100111e0,FID_conflict:_memcpy,100111e0,10011540,20f,
100113f4,.text,,,,,,,switchdataD_100113f4
100113f8,.text,,,,,,,
100113fc,.text,,,,,,,
1001141d,.text,,100111e0,FID_conflict:_memcpy,100111e0,10011540,23d,
10011447,.text,,100111e0,FID_conflict:_memcpy,100111e0,10011540,267,
10011479,.text,,100111e0,FID_conflict:_memcpy,100111e0,10011540,299,
10011480,.text,,,,,,,switchdataD_10011480
10011484,.text,,,,,,,
10011488,.text,,,,,,,
1001148c,.text,,,,,,,
10011490,.text,,,,,,,
10011494,.text,,,,,,,
10011498,.text,,,,,,,
1001149c,.text,,,,,,,PTR_caseD_0_1001149c
100114e6,.text,,100111e0,FID_conflict:_memcpy,100111e0,10011540,306,
100114ec,.text,,,,,,,switchdataD_100114ec
100114f0,.text,,,,,,,
100114f4,.text,,,,,,,
100114f8,.text,,,,,,,
10011543,.text,,10011541,__purecall,10011541,1001156a,2,
10011549,.text,,10011541,__purecall,10011541,1001156a,8,
1001157c,.text,,1001156b,__CxxThrowException@8,1001156b,100115b6,11,
100115af,.text,,1001156b,__CxxThrowException@8,1001156b,100115b6,44,
100115c9,.text,,100115b7,_malloc,100115b7,1001164a,12,
100115f8,.text,,100115b7,_malloc,100115b7,1001164a,41,
100115fe,.text,,100115b7,_malloc,100115b7,1001164a,47,
1001160d,.text,,100115b7,_malloc,100115b7,1001164a,56,
100116ed,.text,,100116db,_free,100116db,10011714,12,
100116f3,.text,,100116db,_free,100116db,10011714,18,
10011705,.text,,100116db,_free,100116db,10011714,2a,
1001171e,.text,,10011715,FUN_10011715,10011715,10011723,9,
10011730,.text,,10011724,__call_reportfault,10011724,1001184c,c,
10011810,.text,,10011724,__call_reportfault,10011724,1001184c,ec,
1001181a,.text,,10011724,__call_reportfault,10011724,1001184c,f6,
10011827,.text,,10011724,__call_reportfault,10011724,1001184c,103,
10011865,.text,,1001184d,__invoke_watson,1001184d,10011871,18,
1001186c,.text,,1001184d,__invoke_watson,1001184d,10011871,1f,
10011879,.text,,10011872,FUN_10011872,10011872,1001189d,7,
1001187f,.text,,10011872,FUN_10011872,10011872,1001189d,d,
100118bc,.text,,100118af,__get_errno_from_oserr,100118af,100118f0,d,
100118d8,.text,,100118af,__get_errno_from_oserr,100118af,100118f0,29,
100118fb,.text,,100118f1,__errno,100118f1,10011903,a,
1001190e,.text,,10011904,___doserrno,10011904,10011916,a,
100119fd,.text,,100119f1,__input_l,100119f1,100129f4,c,
10011a76,.text,,100119f1,__input_l,100119f1,100129f4,85,
10011a94,.text,,100119f1,__input_l,100119f1,100129f4,a3,
10011aba,.text,,100119f1,__input_l,100119f1,100129f4,c9,
100121a5,.text,,100119f1,__input_l,100119f1,100129f4,7b4,
100121ab,.text,,100119f1,__input_l,100119f1,100129f4,7ba,
10012a0f,.text,,100129f5,__malloc_crt,100129f5,10012a39,1a,
10012a18,.text,,100129f5,__malloc_crt,100129f5,10012a39,23,
10012a24,.text,,100129f5,__malloc_crt,100129f5,10012a39,2f,
10012a5b,.text,,10012a3a,__calloc_crt,10012a3a,10012a85,21,
10012a64,.text,,10012a3a,__calloc_crt,10012a3a,10012a85,2a,
10012a70,.text,,10012a3a,__calloc_crt,10012a3a,10012a85,36,
10012aa9,.text,,10012a86,__realloc_crt,10012a86,10012ad3,23,
10012ab2,.text,,10012a86,__realloc_crt,10012a86,10012ad3,2c,
10012abe,.text,,10012a86,__realloc_crt,10012a86,10012ad3,38,
10012afb,.text,,10012ad4,__recalloc_crt,10012ad4,10012b25,27,
10012b04,.text,,10012ad4,__recalloc_crt,10012ad4,10012b25,30,
10012b10,.text,,10012ad4,__recalloc_crt,10012ad4,10012b25,3c,
10012b4d,.text,,10012b26,__msize,10012b26,10012b58,27,
10012b53,.text,,10012b26,__msize,10012b26,10012b58,2d,
10012b5f,.text,,10012b59,___crtCorExitProcess,10012b59,10012b83,6,
10012b65,.text,,10012b59,___crtCorExitProcess,10012b59,10012b83,c,
10012b6e,.text,,10012b59,___crtCorExitProcess,10012b59,10012b83,15,
10012b75,.text,,10012b59,___crtCorExitProcess,10012b59,10012b83,1c,
10012b97,.text,,10012b84,___crtExitProcess,10012b84,10012b9a,13,
10012c0c,.text,,10012c05,__cinit,10012c05,10012c9b,7,
10012c14,.text,,10012c05,__cinit,10012c05,10012c9b,f,
10012c27,.text,,10012c05,__cinit,10012c05,10012c9b,22,
10012c32,.text,,10012c05,__cinit,10012c05,10012c9b,2d,
10012c37,.text,,10012c05,__cinit,10012c05,10012c9b,32,
10012c49,.text,,10012c05,__cinit,10012c05,10012c9b,44,
10012c53,.text,,10012c05,__cinit,10012c05,10012c9b,4e,
10012c58,.text,,10012c05,__cinit,10012c05,10012c9b,53,
10012c74,.text,,10012c05,__cinit,10012c05,10012c9b,6f,
10012c7e,.text,,10012c05,__cinit,10012c05,10012c9b,79,
10012c94,.text,,10012c05,__cinit,10012c05,10012c9b,8f,
10012c9f,.text,,10012c9c,doexit,10012c9c,10012ddb,3,
10012cb9,.text,,10012c9c,doexit,10012c9c,10012ddb,1d,
10012cc4,.text,,10012c9c,doexit,10012c9c,10012ddb,28,
10012ccc,.text,,10012c9c,doexit,10012c9c,10012ddb,30,
10012cdc,.text,,10012c9c,doexit,10012c9c,10012ddb,40,
10012ce2,.text,,10012c9c,doexit,10012c9c,10012ddb,46,
10012cf3,.text,,10012c9c,doexit,10012c9c,10012ddb,57,
10012d2c,.text,,10012c9c,doexit,10012c9c,10012ddb,90,
10012d36,.text,,10012c9c,doexit,10012c9c,10012ddb,9a,
10012d5c,.text,,10012c9c,doexit,10012c9c,10012ddb,c0,
10012d63,.text,,10012c9c,doexit,10012c9c,10012ddb,c7,
10012d7d,.text,,10012c9c,doexit,10012c9c,10012ddb,e1,
10012d84,.text,,10012c9c,doexit,10012c9c,10012ddb,e8,
10012daf,.text,,10012c9c,doexit,10012c9c,10012ddb,113,
10012e21,.text,,10012e20,__SEH_prolog4,10012e20,10012e64,1,
10012e3e,.text,,10012e20,__SEH_prolog4,10012e20,10012e64,1e,
10012ea2,.text,,10012e90,__except_handler4,10012e90,1001301e,12,
10012f7c,.text,,10012e90,__except_handler4,10012e90,1001301e,ec,
10012f84,.text,,10012e90,__except_handler4,10012e90,1001301e,f4,
10012f9c,.text,,10012e90,__except_handler4,10012e90,1001301e,10c,
10012fb7,.text,,10012e90,__except_handler4,10012e90,1001301e,127,
1001300e,.text,,10012e90,__except_handler4,10012e90,1001301e,17e,
10013020,.text,,1001301f,FUN_1001301f,1001301f,10013024,1,
10013026,.text,,,,,,,
10013040,.text,,,,,,,
1001304f,.text,,,,,,,
1001305c,.text,,,,,,,
10013068,.text,,,,,,,
10013078,.text,,,,,,,
1001307f,.text,,,,,,,
1001308e,.text,,,,,,,
1001309a,.text,,,,,,,
100130a7,.text,,,,,,,
100130cb,.text,,,,,,,
100130dd,.text,,,,,,,
100130eb,.text,,,,,,,
10013100,.text,,100130f6,__lock_file,100130f6,10013136,a,
1001310a,.text,,100130f6,__lock_file,100130f6,10013136,14,
10013130,.text,,100130f6,__lock_file,100130f6,10013136,3a,
10013163,.text,,10013137,__lock_file2,10013137,10013168,2c,
10013172,.text,,10013169,__unlock_file,10013169,100131a4,9,
1001317b,.text,,10013169,__unlock_file,10013169,100131a4,12,
1001319f,.text,,10013169,__unlock_file,10013169,100131a4,36,
100131ce,.text,,100131a5,__unlock_file2,100131a5,100131d3,29,
10013289,.text,,100131d4,__filbuf,100131d4,100132f5,b5,
100132a0,.text,,100131d4,__filbuf,100131d4,100132f5,cc,
10013305,.text,,100132f6,__ioinit,100132f6,1001353a,f,
1001332b,.text,,100132f6,__ioinit,100132f6,1001353a,35,
10013331,.text,,100132f6,__ioinit,100132f6,1001353a,3b,
1001335b,.text,,100132f6,__ioinit,100132f6,1001353a,65,
100133a0,.text,,100132f6,__ioinit,100132f6,1001353a,aa,
100133a7,.text,,100132f6,__ioinit,100132f6,1001353a,b1,
100133bc,.text,,100132f6,__ioinit,100132f6,1001353a,c6,
10013403,.text,,100132f6,__ioinit,100132f6,1001353a,10d,
1001340d,.text,,100132f6,__ioinit,100132f6,1001353a,117,
10013438,.text,,100132f6,__ioinit,100132f6,1001353a,142,
10013450,.text,,100132f6,__ioinit,100132f6,1001353a,15a,
1001346e,.text,,100132f6,__ioinit,100132f6,1001353a,178,
10013492,.text,,100132f6,__ioinit,100132f6,1001353a,19c,
100134c2,.text,,100132f6,__ioinit,100132f6,1001353a,1cc,
100134d4,.text,,100132f6,__ioinit,100132f6,1001353a,1de,
10013502,.text,,100132f6,__ioinit,100132f6,1001353a,20c,
10013525,.text,,100132f6,__ioinit,100132f6,1001353a,22f,
1001352b,.text,,100132f6,__ioinit,100132f6,1001353a,235,
10013540,.text,,1001353b,__ioterm,1001353b,1001358d,5,
10013560,.text,,1001353b,__ioterm,1001353b,1001358d,25,
10013585,.text,,1001353b,__ioterm,1001353b,1001358d,4a,
100135bd,.text,,100135b4,__openfile,100135b4,1001384a,9,
10013764,.text,,100135b4,__openfile,100135b4,1001384a,1b0,
1001378d,.text,,100135b4,__openfile,100135b4,1001384a,1d9,
100137ac,.text,,100135b4,__openfile,100135b4,1001384a,1f8,
100137cb,.text,,100135b4,__openfile,100135b4,1001384a,217,
10013826,.text,,100135b4,__openfile,100135b4,1001384a,272,
1001384e,.text,,1001384b,__getstream,1001384b,10013971,3,
10013870,.text,,1001384b,__getstream,1001384b,10013971,25,
1001387b,.text,,1001384b,__getstream,1001384b,10013971,30,
100138b1,.text,,1001384b,__getstream,1001384b,10013971,66,
100138c1,.text,,1001384b,__getstream,1001384b,10013971,76,
100138eb,.text,,1001384b,__getstream,1001384b,10013971,a0,
100138fc,.text,,1001384b,__getstream,1001384b,10013971,b1,
10013909,.text,,1001384b,__getstream,1001384b,10013971,be,
10013910,.text,,1001384b,__getstream,1001384b,10013971,c5,
10013920,.text,,1001384b,__getstream,1001384b,10013971,d5,
10013932,.text,,1001384b,__getstream,1001384b,10013971,e7,
10013937,.text,,1001384b,__getstream,1001384b,10013971,ec,
10013995,.text,,10013980,__local_unwind4,10013980,10013a0f,15,
100139a1,.text,,10013980,__local_unwind4,10013980,10013a0f,21,
10013aac,.text,,10013aa2,_EH4_GlobalUnwind2,10013aa2,10013aba,a,
10013ad5,.text,,10013ad2,_Type_info_dtor,10013ad2,10013b38,3,
10013af5,.text,,10013ad2,_Type_info_dtor,10013ad2,10013b38,23,
10013afa,.text,,10013ad2,_Type_info_dtor,10013ad2,10013b38,28,
10013bef,.text,,10013bd8,__close_nolock,10013bd8,10013c73,17,
10013c2c,.text,,10013bd8,__close_nolock,10013bd8,10013c73,54,
10013c36,.text,,10013bd8,__close_nolock,10013bd8,10013c73,5e,
10013c4e,.text,,10013bd8,__close_nolock,10013bd8,10013c73,76,
10013c77,.text,,10013c74,__close,10013c74,10013d2c,3,
10013ca9,.text,,10013c74,__close,10013c74,10013d2c,35,
10013cd1,.text,,10013c74,__close,10013c74,10013d2c,5d,
10013e1c,.text,,10013e19,flsall,10013e19,10013ee9,3,
10013e3f,.text,,10013e19,flsall,10013e19,10013ee9,26,
10013e4a,.text,,10013e19,flsall,10013e19,10013ee9,31,
10013e6d,.text,,10013e19,flsall,10013e19,10013ee9,54,
10013ebc,.text,,10013ebb,FUN_10013ebb,10013ebb,10013ecb,1,
10013f05,.text,,10013efc,FUN_10013efc,10013efc,10013f0a,9,
10013f12,.text,,10013f0b,__callnewh,10013f0b,10013f32,7,
10013f18,.text,,10013f0b,__callnewh,10013f0b,10013f32,d,
10013f6f,.text,,10013f33,__stbuf,10013f33,10013fce,3c,
10013f81,.text,,10013f33,__stbuf,10013f33,10013fce,4e,
10014285,.text,,10014252,setSBCS,10014252,100142b5,33,
100142c2,.text,,100142b6,setSBUpLow,100142b6,10014445,c,
100142d9,.text,,100142b6,setSBUpLow,100142b6,10014445,23,
10014449,.text,,10014446,___updatetmbcinfo,10014446,100144dd,3,
1001445a,.text,,10014446,___updatetmbcinfo,10014446,100144dd,14,
10014494,.text,,10014446,___updatetmbcinfo,10014446,100144dd,4e,
100144a1,.text,,10014446,___updatetmbcinfo,10014446,100144dd,5b,
100144ab,.text,,10014446,___updatetmbcinfo,10014446,100144dd,65,
100144b9,.text,,10014446,___updatetmbcinfo,10014446,100144dd,73,
100144c2,.text,,10014446,___updatetmbcinfo,10014446,100144dd,7c,
100144cc,.text,,10014446,___updatetmbcinfo,10014446,100144dd,86,
10014500,.text,,100144ea,getSystemCP,100144ea,10014565,16,
1001450b,.text,,100144ea,getSystemCP,100144ea,10014565,21,
10014515,.text,,100144ea,getSystemCP,100144ea,10014565,2b,
1001452e,.text,,100144ea,getSystemCP,100144ea,10014565,44,
10014538,.text,,100144ea,getSystemCP,100144ea,10014565,4e,
1001454b,.text,,100144ea,getSystemCP,100144ea,10014565,61,
1001456f,.text,,10014566,__setmbcp_nolock,10014566,1001474e,9,
100145a6,.text,,10014566,__setmbcp_nolock,10014566,1001474e,40,
100145db,.text,,10014566,__setmbcp_nolock,10014566,1001474e,75,
100145ee,.text,,10014566,__setmbcp_nolock,10014566,1001474e,88,
1001465e,.text,,10014566,__setmbcp_nolock,10014566,1001474e,f8,
1001467b,.text,,10014566,__setmbcp_nolock,10014566,1001474e,115,
100146c4,.text,,10014566,__setmbcp_nolock,10014566,1001474e,15e,
10014733,.text,,10014566,__setmbcp_nolock,10014566,1001474e,1cd,
10014752,.text,,1001474f,__setmbcp,1001474f,100148e8,3,
100147c7,.text,,1001474f,__setmbcp,1001474f,100148e8,78,
100147d3,.text,,1001474f,__setmbcp,1001474f,100148e8,84,
100147e6,.text,,1001474f,__setmbcp,1001474f,100148e8,97,
100147f8,.text,,1001474f,__setmbcp,1001474f,100148e8,a9,
10014813,.text,,1001474f,__setmbcp,1001474f,100148e8,c4,
1001481b,.text,,1001474f,__setmbcp,1001474f,100148e8,cc,
10014823,.text,,1001474f,__setmbcp,1001474f,100148e8,d4,
1001483a,.text,,1001474f,__setmbcp,1001474f,100148e8,eb,
10014853,.text,,1001474f,__setmbcp,1001474f,100148e8,104,
1001486f,.text,,1001474f,__setmbcp,1001474f,100148e8,120,
10014878,.text,,1001474f,__setmbcp,1001474f,100148e8,129,
1001487e,.text,,1001474f,__setmbcp,1001474f,100148e8,12f,
10014887,.text,,1001474f,__setmbcp,1001474f,100148e8,138,
1001488c,.text,,1001474f,__setmbcp,1001474f,100148e8,13d,
1001489b,.text,,1001474f,__setmbcp,1001474f,100148e8,14c,
100148c2,.text,,1001474f,__setmbcp,1001474f,100148e8,173,
100148eb,.text,,100148e9,___initmbctable,100148e9,10014906,2,
100148fc,.text,,100148e9,___initmbctable,100148e9,10014906,13,
10014910,.text,,10014907,___addlocaleref,10014907,10014995,9,
1001495c,.text,,10014907,___addlocaleref,10014907,10014995,55,
100149ab,.text,,10014996,___removelocaleref,10014996,10014a2e,15,
100149f3,.text,,10014996,___removelocaleref,10014996,10014a2e,5d,
10014a47,.text,,10014a2f,___freetlocinfo,10014a2f,10014b79,18,
10014b0a,.text,,10014a2f,___freetlocinfo,10014a2f,10014b79,db,
10014b38,.text,,10014a2f,___freetlocinfo,10014a2f,10014b79,109,
10014bb0,.text,,10014b7a,__updatetlocinfoEx_nolock,10014b7a,10014bc6,36,
10014bca,.text,,10014bc7,___updatetlocinfo,10014bc7,10014c33,3,
10014bdb,.text,,10014bc7,___updatetlocinfo,10014bc7,10014c33,14,
10014c14,.text,,10014bc7,___updatetlocinfo,10014bc7,10014c33,4d,
10014c44,.text,,10014c40,FUN_10014c40,10014c40,10014c48,4,
10014c4b,.text,,,,,,,
10014c57,.text,,10014c52,___set_flsgetvalue,10014c52,10014c85,5,
10014c5d,.text,,10014c52,___set_flsgetvalue,10014c52,10014c85,b,
10014c69,.text,,10014c52,___set_flsgetvalue,10014c52,10014c85,17,
10014c6f,.text,,10014c52,___set_flsgetvalue,10014c52,10014c85,1d,
10014c78,.text,,10014c52,___set_flsgetvalue,10014c52,10014c85,26,
10014c7e,.text,,10014c52,___set_flsgetvalue,10014c52,10014c85,2c,
10014c87,.text,,10014c86,__mtterm,10014c86,10014cc2,1,
10014c93,.text,,10014c86,__mtterm,10014c86,10014cc2,d,
10014c99,.text,,10014c86,__mtterm,10014c86,10014cc2,13,
10014ca1,.text,,10014c86,__mtterm,10014c86,10014cc2,1b,
10014ca7,.text,,10014c86,__mtterm,10014c86,10014cc2,21,
10014cb3,.text,,10014c86,__mtterm,10014c86,10014cc2,2d,
10014cb9,.text,,10014c86,__mtterm,10014c86,10014cc2,33,
10014cc6,.text,,10014cc3,__initptd,10014cc3,10014d5e,3,
10014cd0,.text,,10014cc3,__initptd,10014cc3,10014d5e,d,
10014cd6,.text,,10014cc3,__initptd,10014cc3,10014d5e,13,
10014ce0,.text,,10014cc3,__initptd,10014cc3,10014d5e,1d,
10014d02,.text,,10014cc3,__initptd,10014cc3,10014d5e,3f,
10014d17,.text,,10014cc3,__initptd,10014cc3,10014d5e,54,
10014d3d,.text,,10014cc3,__initptd,10014cc3,10014d5e,7a,
10014d7d,.text,,10014d77,__getptd_noexit,10014d77,10014def,6,
10014d83,.text,,10014d77,__getptd_noexit,10014d77,10014def,c,
10014dad,.text,,10014d77,__getptd_noexit,10014d77,10014def,36,
10014db3,.text,,10014d77,__getptd_noexit,10014d77,10014def,3c,
10014db9,.text,,10014d77,__getptd_noexit,10014d77,10014def,42,
10014dcf,.text,,10014d77,__getptd_noexit,10014d77,10014def,58,
10014de7,.text,,10014d77,__getptd_noexit,10014d77,10014def,70,
10014e0d,.text,,10014e0a,__freefls@4,10014e0a,10014f20,3,
10014e87,.text,,10014e0a,__freefls@4,10014e0a,10014f20,7d,
10014eaa,.text,,10014e0a,__freefls@4,10014e0a,10014f20,a0,
10014eb4,.text,,10014e0a,__freefls@4,10014e0a,10014f20,aa,
10014eec,.text,,10014e0a,__freefls@4,10014e0a,10014f20,e2,
10014ef4,.text,,10014e0a,__freefls@4,10014e0a,10014f20,ea,
10014f40,.text,,10014f39,__freeptd,10014f39,10014fa6,7,
10014f50,.text,,10014f39,__freeptd,10014f39,10014fa6,17,
10014f56,.text,,10014f39,__freeptd,10014f39,10014fa6,1d,
10014f62,.text,,10014f39,__freeptd,10014f39,10014fa6,29,
10014f68,.text,,10014f39,__freeptd,10014f39,10014fa6,2f,
10014f78,.text,,10014f39,__freeptd,10014f39,10014fa6,3f,
10014f7e,.text,,10014f39,__freeptd,10014f39,10014fa6,45,
10014f84,.text,,10014f39,__freeptd,10014f39,10014fa6,4b,
10014f93,.text,,10014f39,__freeptd,10014f39,10014fa6,5a,
10014fa1,.text,,10014f39,__freeptd,10014f39,10014fa6,68,
10014fab,.text,,10014fa7,__mtinit,10014fa7,10015121,4,
10014fb1,.text,,10014fa7,__mtinit,10014fa7,10015121,a,
10014fc7,.text,,10014fa7,__mtinit,10014fa7,10015121,20,
10014fcc,.text,,10014fa7,__mtinit,10014fa7,10015121,25,
10014fd4,.text,,10014fa7,__mtinit,10014fa7,10015121,2d,
10014fda,.text,,10014fa7,__mtinit,10014fa7,10015121,33,
10014fe1,.text,,10014fa7,__mtinit,10014fa7,10015121,3a,
10014fe7,.text,,10014fa7,__mtinit,10014fa7,10015121,40,
10014fee,.text,,10014fa7,__mtinit,10014fa7,10015121,47,
10014ff4,.text,,10014fa7,__mtinit,10014fa7,10015121,4d,
10014ffc,.text,,10014fa7,__mtinit,10014fa7,10015121,55,
10015003,.text,,10014fa7,__mtinit,10014fa7,10015121,5c,
10015008,.text,,10014fa7,__mtinit,10014fa7,10015121,61,
10015010,.text,,10014fa7,__mtinit,10014fa7,10015121,69,
10015019,.text,,10014fa7,__mtinit,10014fa7,10015121,72,
10015025,.text,,10014fa7,__mtinit,10014fa7,10015121,7e,
1001502a,.text,,10014fa7,__mtinit,10014fa7,10015121,83,
1001502f,.text,,10014fa7,__mtinit,10014fa7,10015121,88,
10015035,.text,,10014fa7,__mtinit,10014fa7,10015121,8e,
10015039,.text,,10014fa7,__mtinit,10014fa7,10015121,92,
1001503f,.text,,10014fa7,__mtinit,10014fa7,10015121,98,
10015044,.text,,10014fa7,__mtinit,10014fa7,10015121,9d,
1001504a,.text,,10014fa7,__mtinit,10014fa7,10015121,a3,
1001504f,.text,,10014fa7,__mtinit,10014fa7,10015121,a8,
1001505e,.text,,10014fa7,__mtinit,10014fa7,10015121,b7,
10015074,.text,,10014fa7,__mtinit,10014fa7,10015121,cd,
1001507a,.text,,10014fa7,__mtinit,10014fa7,10015121,d3,
10015082,.text,,10014fa7,__mtinit,10014fa7,10015121,db,
10015087,.text,,10014fa7,__mtinit,10014fa7,10015121,e0,
1001508f,.text,,10014fa7,__mtinit,10014fa7,10015121,e8,
10015094,.text,,10014fa7,__mtinit,10014fa7,10015121,ed,
1001509c,.text,,10014fa7,__mtinit,10014fa7,10015121,f5,
100150a1,.text,,10014fa7,__mtinit,10014fa7,10015121,fa,
100150a8,.text,,10014fa7,__mtinit,10014fa7,10015121,101,
100150b7,.text,,10014fa7,__mtinit,10014fa7,10015121,110,
100150bc,.text,,10014fa7,__mtinit,10014fa7,10015121,115,
100150c2,.text,,10014fa7,__mtinit,10014fa7,10015121,11b,
100150cb,.text,,10014fa7,__mtinit,10014fa7,10015121,124,
100150eb,.text,,10014fa7,__mtinit,10014fa7,10015121,144,
100150f1,.text,,10014fa7,__mtinit,10014fa7,10015121,14a,
10015109,.text,,10014fa7,__mtinit,10014fa7,10015121,162,
1001523e,.text,,10015237,_tolower,10015237,10015262,7,
100153d5,.text,,100152d1,__flsbuf,100152d1,10015434,104,
100153dc,.text,,100152d1,__flsbuf,100152d1,10015434,10b,
100154e8,.text,,100154dc,__output_l,100154dc,10016064,c,
10015580,.text,,100154dc,__output_l,100154dc,10016064,a4,
1001559e,.text,,100154dc,__output_l,100154dc,10016064,c2,
100155c4,.text,,100154dc,__output_l,100154dc,10016064,e8,
10015624,.text,,100154dc,__output_l,100154dc,10016064,148,
10015633,.text,,100154dc,__output_l,100154dc,10016064,157,
1001564e,.text,,100154dc,__output_l,100154dc,10016064,172,
1001599c,.text,,100154dc,__output_l,100154dc,10016064,4c0,
10015a8c,.text,,100154dc,__output_l,100154dc,10016064,5b0,
10015bd7,.text,,100154dc,__output_l,100154dc,10016064,6fb,
10015c1a,.text,,100154dc,__output_l,100154dc,10016064,73e,
10015c46,.text,,100154dc,__output_l,100154dc,10016064,76a,
10015c67,.text,,100154dc,__output_l,100154dc,10016064,78b,
10015e47,.text,,100154dc,__output_l,100154dc,10016064,96b,
10016068,.text,,,,,,,switchdataD_10016068
1001606c,.text,,,,,,,
10016070,.text,,,,,,,
10016074,.text,,,,,,,
10016078,.text,,,,,,,
1001607c,.text,,,,,,,
10016080,.text,,,,,,,
10016084,.text,,,,,,,
100160c8,.text,,10016088,__read_nolock,10016088,1001663e,40,
100160f9,.text,,10016088,__read_nolock,10016088,1001663e,71,
1001627e,.text,,10016088,__read_nolock,10016088,1001663e,1f6,
10016334,.text,,10016088,__read_nolock,10016088,1001663e,2ac,
1001633e,.text,,10016088,__read_nolock,10016088,1001663e,2b6,
100163f2,.text,,10016088,__read_nolock,10016088,1001663e,36a,
10016401,.text,,10016088,__read_nolock,10016088,1001663e,379,
10016478,.text,,10016088,__read_nolock,10016088,1001663e,3f0,
10016485,.text,,10016088,__read_nolock,10016088,1001663e,3fd,
1001655a,.text,,10016088,__read_nolock,10016088,1001663e,4d2,
10016564,.text,,10016088,__read_nolock,10016088,1001663e,4dc,
10016604,.text,,10016088,__read_nolock,10016088,1001663e,57c,
10016642,.text,,1001663f,__read,1001663f,10016729,3,
10016674,.text,,1001663f,__read,1001663f,10016729,35,
1001669c,.text,,1001663f,__read,1001663f,10016729,5d,
10016760,.text,,10016740,_memset,10016740,100167b9,20,
100167eb,.text,,100167ba,__lseek_nolock,100167ba,1001682e,31,
100167f8,.text,,100167ba,__lseek_nolock,100167ba,1001682e,3e,
10016818,.text,,100167ba,__lseek_nolock,100167ba,1001682e,5e,
10016900,.text,,100168fe,FUN_100168fe,100168fe,100169d8,2,
1001690f,.text,,100168fe,FUN_100168fe,100168fe,100169d8,11,
10016947,.text,,100168fe,FUN_100168fe,100168fe,100169d8,49,
10016951,.text,,100168fe,FUN_100168fe,100168fe,100169d8,53,
10016992,.text,,100168fe,FUN_100168fe,100168fe,100169d8,94,
1001699d,.text,,100168fe,FUN_100168fe,100168fe,100169d8,9f,
100169a7,.text,,100168fe,FUN_100168fe,100168fe,100169d8,a9,
100169b8,.text,,100168fe,FUN_100168fe,100168fe,100169d8,ba,
100169c3,.text,,100168fe,FUN_100168fe,100168fe,100169d8,c5,
10016b83,.text,,10016b74,__setargv,10016b74,10016c2e,f,
10016b94,.text,,10016b74,__setargv,10016b74,10016c2e,20,
10016b9c,.text,,10016b74,__setargv,10016b74,10016c2e,28,
10016ba2,.text,,10016b74,__setargv,10016b74,10016c2e,2e,
10016ba7,.text,,10016b74,__setargv,10016b74,10016c2e,33,
10016bad,.text,,10016b74,__setargv,10016b74,10016c2e,39,
10016c19,.text,,10016b74,__setargv,10016b74,10016c2e,a5,
10016c1f,.text,,10016b74,__setargv,10016b74,10016c2e,ab,
10016c3b,.text,,10016c2f,___crtGetEnvironmentStringsA,10016c2f,10016cc5,c,
10016c63,.text,,10016c2f,___crtGetEnvironmentStringsA,10016c2f,10016cc5,34,
10016caf,.text,,10016c2f,___crtGetEnvironmentStringsA,10016c2f,10016cc5,80,
10016cbb,.text,,10016c2f,___crtGetEnvironmentStringsA,10016c2f,10016cc5,8c,
10016cca,.text,,10016cc6,__RTC_Initialize,10016cc6,10016ceb,4,
10016ccf,.text,,10016cc6,__RTC_Initialize,10016cc6,10016ceb,9,
10016cf0,.text,,10016cec,FUN_10016cec,10016cec,10016d11,4,
10016cf5,.text,,10016cec,FUN_10016cec,10016cec,10016d11,9,
10016d1d,.text,,10016d12,__heap_init,10016d12,10016d2f,b,
10016d29,.text,,10016d12,__heap_init,10016d12,10016d2f,17,
10016d32,.text,,10016d30,__heap_term,10016d30,10016d43,2,
10016d38,.text,,10016d30,__heap_term,10016d30,10016d43,8,
10016d3e,.text,,10016d30,__heap_term,10016d30,10016d43,e,
10016eb7,.text,,10016eae,___security_init_cookie,10016eae,10016f48,9,
10016eda,.text,,10016eae,___security_init_cookie,10016eae,10016f48,2c,
10016ee7,.text,,10016eae,___security_init_cookie,10016eae,10016f48,39,
10016ef3,.text,,10016eae,___security_init_cookie,10016eae,10016f48,45,
10016efb,.text,,10016eae,___security_init_cookie,10016eae,10016f48,4d,
10016f03,.text,,10016eae,___security_init_cookie,10016eae,10016f48,55,
10016f0f,.text,,10016eae,___security_init_cookie,10016eae,10016f48,61,
10016f38,.text,,10016eae,___security_init_cookie,10016eae,10016f48,8a,
10016f40,.text,,10016eae,___security_init_cookie,10016eae,10016f48,92,
10017050,.text,,,,,,,
10017055,.text,,,,,,,
1001706f,.text,,1001705c,_abort,1001705c,1001708d,13,
10017098,.text,,1001708f,__set_abort_behavior,1001708f,100170af,9,
100170aa,.text,,1001708f,__set_abort_behavior,1001708f,100170af,1b,
100170bd,.text,,100170b0,__GET_RTERRMSG,100170b0,100170d5,d,
100170d0,.text,,100170b0,__GET_RTERRMSG,100170b0,100170d5,20,
100170e2,.text,,100170d6,__NMSG_WRITE,100170d6,10017284,c,
10017129,.text,,100170d6,__NMSG_WRITE,100170d6,10017284,53,
10017141,.text,,100170d6,__NMSG_WRITE,100170d6,10017284,6b,
1001714b,.text,,100170d6,__NMSG_WRITE,100170d6,10017284,75,
10017166,.text,,100170d6,__NMSG_WRITE,100170d6,10017284,90,
1001716e,.text,,100170d6,__NMSG_WRITE,100170d6,10017284,98,
10017174,.text,,100170d6,__NMSG_WRITE,100170d6,10017284,9e,
10017182,.text,,100170d6,__NMSG_WRITE,100170d6,10017284,ac,
100171b6,.text,,100170d6,__NMSG_WRITE,100170d6,10017284,e0,
100171c3,.text,,100170d6,__NMSG_WRITE,100170d6,10017284,ed,
100171d8,.text,,100170d6,__NMSG_WRITE,100170d6,10017284,102,
10017209,.text,,100170d6,__NMSG_WRITE,100170d6,10017284,133,
10017226,.text,,100170d6,__NMSG_WRITE,100170d6,10017284,150,
10017272,.text,,100170d6,__NMSG_WRITE,100170d6,10017284,19c,
100172a0,.text,,10017285,__FF_MSGBANNER,10017285,100172bd,1b,
100172c7,.text,,100172be,FUN_100172be,100172be,100172cc,9,
100172cf,.text,,100172cd,FUN_100172cd,100172cd,100172d4,2,
100172d7,.text,,100172d5,__security_check_cookie,100172d5,100172e3,2,
1001731a,.text,,100172f0,FID_conflict:_memcpy,100172f0,10017650,2a,
1001734c,.text,,100172f0,FID_conflict:_memcpy,100172f0,10017650,5c,
10017364,.text,,100172f0,FID_conflict:_memcpy,100172f0,10017650,74,
1001736b,.text,,100172f0,FID_conflict:_memcpy,100172f0,10017650,7b,
10017373,.text,,100172f0,FID_conflict:_memcpy,100172f0,10017650,83,
10017378,.text,,,,,,,switchdataD_10017378
1001737c,.text,,,,,,,
10017380,.text,,,,,,,
100173a9,.text,,100172f0,FID_conflict:_memcpy,100172f0,10017650,b9,
100173cf,.text,,100172f0,FID_conflict:_memcpy,100172f0,10017650,df,
100173ed,.text,,100172f0,FID_conflict:_memcpy,100172f0,10017650,fd,
100173f4,.text,,,,,,,switchdataD_100173f4
100173f8,.text,,,,,,,
100173fc,.text,,,,,,,
10017400,.text,,,,,,,
10017404,.text,,,,,,,
10017408,.text,,,,,,,
1001740c,.text,,,,,,,
10017410,.text,,,,,,,
1001745a,.text,,100172f0,FID_conflict:_memcpy,100172f0,10017650,16a,
10017460,.text,,,,,,,switchdataD_10017460
10017464,.text,,,,,,,
10017468,.text,,,,,,,
1001746c,.text,,,,,,,
100174d2,.text,,100172f0,FID_conflict:_memcpy,100172f0,10017650,1e2,
100174dd,.text,,100172f0,FID_conflict:_memcpy,100172f0,10017650,1ed,
100174f8,.text,,100172f0,FID_conflict:_memcpy,100172f0,10017650,208,
100174ff,.text,,100172f0,FID_conflict:_memcpy,100172f0,10017650,20f,
10017504,.text,,,,,,,switchdataD_10017504
10017508,.text,,,,,,,
1001750c,.text,,,,,,,
1001752d,.text,,100172f0,FID_conflict:_memcpy,100172f0,10017650,23d,
10017557,.text,,100172f0,FID_conflict:_memcpy,100172f0,10017650,267,
10017589,.text,,100172f0,FID_conflict:_memcpy,100172f0,10017650,299,
10017590,.text,,,,,,,switchdataD_10017590
10017594,.text,,,,,,,
10017598,.text,,,,,,,
1001759c,.text,,,,,,,
100175a0,.text,,,,,,,
100175a4,.text,,,,,,,
100175a8,.text,,,,,,,
100175ac,.text,,,,,,,PTR_caseD_0_100175ac
100175f6,.text,,100172f0,FID_conflict:_memcpy,100172f0,10017650,306,
100175fc,.text,,,,,,,switchdataD_100175fc
10017600,.text,,,,,,,
10017604,.text,,,,,,,
10017608,.text,,,,,,,
100176a9,.text,,100176a2,_isdigit,100176a2,100176cf,7,
100176b5,.text,,100176a2,_isdigit,100176a2,100176cf,13,
1001772d,.text,,10017726,_isxdigit,10017726,10017755,7,
10017739,.text,,10017726,_isxdigit,10017726,10017755,13,
100177ae,.text,,100177a7,_isspace,100177a7,100177d4,7,
100177ba,.text,,100177a7,_isspace,100177a7,100177d4,13,
100177f1,.text,,100177d5,__ungetc_nolock,100177d5,100178b7,1c,
1001780e,.text,,100177d5,__ungetc_nolock,100177d5,100178b7,39,
10017833,.text,,100177d5,__ungetc_nolock,100177d5,100178b7,5e,
10017952,.text,,100178b8,__mbtowc_l,100178b8,100179cd,9a,
100179c0,.text,,100178b8,__mbtowc_l,100178b8,100179cd,108,
10017a3b,.text,,10017a33,__initp_misc_cfltcvt_tab,10017a33,10017a55,8,
10017a41,.text,,10017a33,__initp_misc_cfltcvt_tab,10017a33,10017a55,e,
10017a47,.text,,10017a33,__initp_misc_cfltcvt_tab,10017a33,10017a55,14,
10017ad3,.text,,10017a94,__calloc_impl,10017a94,10017b15,3f,
10017ad9,.text,,10017a94,__calloc_impl,10017a94,10017b15,45,
10017ae3,.text,,10017a94,__calloc_impl,10017a94,10017b15,4f,
10017b51,.text,,10017b16,_realloc,10017b16,10017bc2,3b,
10017b57,.text,,10017b16,_realloc,10017b16,10017bc2,41,
10017b63,.text,,10017b16,_realloc,10017b16,10017bc2,4d,
10017b9a,.text,,10017b16,_realloc,10017b16,10017bc2,84,
10017bb2,.text,,10017b16,_realloc,10017b16,10017bc2,9c,
10017c38,.text,,10017c31,__mtinitlocks,10017c31,10017c7a,7,
10017c3f,.text,,10017c31,__mtinitlocks,10017c31,10017c7a,e,
10017c49,.text,,10017c31,__mtinitlocks,10017c31,10017c7a,18,
10017c5b,.text,,10017c31,__mtinitlocks,10017c31,10017c7a,2a,
10017c72,.text,,10017c31,__mtinitlocks,10017c31,10017c7a,41,
10017c80,.text,,10017c7b,__mtdeletelocks,10017c7b,10017cd1,5,
10017c86,.text,,10017c7b,__mtdeletelocks,10017c7b,10017cd1,b,
10017ca9,.text,,10017c7b,__mtdeletelocks,10017c7b,10017cd1,2e,
10017cb0,.text,,10017c7b,__mtdeletelocks,10017c7b,10017cd1,35,
10017cc9,.text,,10017c7b,__mtdeletelocks,10017c7b,10017cd1,4e,
10017cdd,.text,,10017cd2,FUN_10017cd2,10017cd2,10017ce8,b,
10017ce3,.text,,10017cd2,FUN_10017cd2,10017cd2,10017ce8,11,
10017cec,.text,,10017ce9,__mtinitlocknum,10017ce9,10017da1,3,
10017cff,.text,,10017ce9,__mtinitlocknum,10017ce9,10017da1,16,
10017d23,.text,,10017ce9,__mtinitlocknum,10017ce9,10017da1,3a,
10017d63,.text,,10017ce9,__mtinitlocknum,10017ce9,10017da1,7a,
10017db7,.text,,10017dab,__lock,10017dab,10017ddd,c,
10017dd7,.text,,10017dab,__lock,10017dab,10017ddd,2c,
10017de1,.text,,10017dde,terminate,10017dde,10017e10,3,
10017e2d,.text,,10017e2a,_inconsistency,10017e2a,10017e60,3,
10017e38,.text,,10017e2a,_inconsistency,10017e2a,10017e60,e,
10017e3e,.text,,10017e2a,_inconsistency,10017e2a,10017e60,14,
10017e63,.text,,10017e62,FUN_10017e62,10017e62,10017e72,1,
10017e69,.text,,10017e62,FUN_10017e62,10017e62,10017e72,7,
10017e6e,.text,,10017e62,FUN_10017e62,10017e62,10017e72,c,
10017e7c,.text,,10017e73,__initp_misc_winsig,10017e73,10017e90,9,
10017e81,.text,,10017e73,__initp_misc_winsig,10017e73,10017e90,e,
10017e86,.text,,10017e73,__initp_misc_winsig,10017e73,10017e90,13,
10017e8b,.text,,10017e73,__initp_misc_winsig,10017e73,10017e90,18,
10017e9b,.text,,10017e91,siglookup,10017e91,10017ec7,a,
10017eca,.text,,10017ec8,FUN_10017ec8,10017ec8,10017ed4,2,
10017ed0,.text,,10017ec8,FUN_10017ec8,10017ec8,10017ed4,8,
10017ed8,.text,,10017ed5,_raise,10017ed5,10018077,3,
10017f1f,.text,,10017ed5,_raise,10017ed5,10018077,4a,
10017f24,.text,,10017ed5,_raise,10017ed5,10018077,4f,
10017f5e,.text,,10017ed5,_raise,10017ed5,10018077,89,
10017f63,.text,,10017ed5,_raise,10017ed5,10018077,8e,
10017f6a,.text,,10017ed5,_raise,10017ed5,10018077,95,
10017f6f,.text,,10017ed5,_raise,10017ed5,10018077,9a,
10017f76,.text,,10017ed5,_raise,10017ed5,10018077,a1,
10017f7b,.text,,10017ed5,_raise,10017ed5,10018077,a6,
10017f89,.text,,10017ed5,_raise,10017ed5,10018077,b4,
10017fea,.text,,10017ed5,_raise,10017ed5,10018077,115,
10017ff3,.text,,10017ed5,_raise,10017ed5,10018077,11e,
10017ff9,.text,,10017ed5,_raise,10017ed5,10018077,124,
10018081,.text,,10018078,FUN_10018078,10018078,10018086,9,
10018128,.text,,10018120,__IsNonwritableInCurrentImage,10018120,100181db,8,
1001812d,.text,,10018120,__IsNonwritableInCurrentImage,10018120,100181db,d,
1001813f,.text,,10018120,__IsNonwritableInCurrentImage,10018120,100181db,1f,
1001815d,.text,,10018120,__IsNonwritableInCurrentImage,10018120,100181db,3d,
10018171,.text,,10018120,__IsNonwritableInCurrentImage,10018120,100181db,51,
10018177,.text,,10018120,__IsNonwritableInCurrentImage,10018120,100181db,57,
100181df,.text,,100181dc,__fcloseall,100181dc,1001826e,3,
10018200,.text,,100181dc,__fcloseall,100181dc,1001826e,24,
10018209,.text,,100181dc,__fcloseall,100181dc,1001826e,2d,
10018230,.text,,100181dc,__fcloseall,100181dc,1001826e,54,
1001823d,.text,,100181dc,__fcloseall,100181dc,1001826e,61,
10018242,.text,,100181dc,__fcloseall,100181dc,1001826e,66,
10018250,.text,,100181dc,__fcloseall,100181dc,1001826e,74,
1001827f,.text,,10018278,__getbuf,10018278,100182c0,7,
10018465,.text,,100182c1,FUN_100182c1,100182c1,100189f3,1a4,
100184e5,.text,,100182c1,FUN_100182c1,100182c1,100189f3,224,
10018550,.text,,100182c1,FUN_100182c1,100182c1,100189f3,28f,
10018563,.text,,100182c1,FUN_100182c1,100182c1,100189f3,2a2,
10018582,.text,,100182c1,FUN_100182c1,100182c1,100189f3,2c1,
10018594,.text,,100182c1,FUN_100182c1,100182c1,100189f3,2d3,
100185a7,.text,,100182c1,FUN_100182c1,100182c1,100189f3,2e6,
100185b9,.text,,100182c1,FUN_100182c1,100182c1,100189f3,2f8,
100185f9,.text,,100182c1,FUN_100182c1,100182c1,100189f3,338,
10018619,.text,,100182c1,FUN_100182c1,100182c1,100189f3,358,
100188ed,.text,,100182c1,FUN_100182c1,100182c1,100189f3,62c,
1001890f,.text,,100182c1,FUN_100182c1,100182c1,100189f3,64e,
10018948,.text,,100182c1,FUN_100182c1,100182c1,100189f3,687,
1001896f,.text,,100182c1,FUN_100182c1,100182c1,100189f3,6ae,
1001898f,.text,,100182c1,FUN_100182c1,100182c1,100189f3,6ce,
10018999,.text,,100182c1,FUN_100182c1,100182c1,100189f3,6d8,
100189b0,.text,,100182c1,FUN_100182c1,100182c1,100189f3,6ef,
100189d5,.text,,100182c1,FUN_100182c1,100182c1,100189f3,714,
100189f8,.text,,100189f5,FID_conflict:__sopen_helper,100189f5,10018a85,3,
10018aa5,.text,,10018a8b,FUN_10018a8b,10018a8b,10018ab8,1a,
10018e6c,.text,,10018e60,__global_unwind2,10018e60,10018e7f,c,
10018ed1,.text,,10018ec5,__local_unwind2,10018ec5,10018f48,c,
10018edd,.text,,10018ec5,__local_unwind2,10018ec5,10018f48,18,
10018f55,.text,,,,,,,
10018f6f,.text,,10018f6c,__NLG_Notify1,10018f6c,10018f74,3,
10018f78,.text,,10018f75,__NLG_Notify,10018f75,10018f93,3,
10018fa7,.text,,10018f97,__set_osfhnd,10018f97,10019017,10,
10018fba,.text,,10018f97,__set_osfhnd,10018f97,10019017,23,
10018fcb,.text,,10018f97,__set_osfhnd,10018f97,10019017,34,
10018ff0,.text,,10018f97,__set_osfhnd,10018f97,10019017,59,
1001902b,.text,,10019018,__free_osfhnd,10019018,1001909d,13,
1001903e,.text,,10019018,__free_osfhnd,10019018,1001909d,26,
10019056,.text,,10019018,__free_osfhnd,10019018,1001909d,3e,
10019076,.text,,10019018,__free_osfhnd,10019018,1001909d,5e,
100190c9,.text,,1001909e,__get_osfhandle,1001909e,10019106,2b,
100190f1,.text,,1001909e,__get_osfhandle,1001909e,10019106,53,
1001910a,.text,,10019107,___lock_fhandle,10019107,10019197,3,
10019126,.text,,10019107,___lock_fhandle,10019107,10019197,1f,
10019153,.text,,10019107,___lock_fhandle,10019107,10019197,4c,
10019180,.text,,10019107,___lock_fhandle,10019107,10019197,79,
1001918b,.text,,10019107,___lock_fhandle,10019107,10019197,84,
100191b9,.text,,100191a6,__unlock_fhandle,100191a6,100191cc,13,
100191c7,.text,,100191a6,__unlock_fhandle,100191a6,100191cc,21,
100191d0,.text,,100191cd,__alloc_osfhnd,100191cd,1001935c,3,
10019210,.text,,100191cd,__alloc_osfhnd,100191cd,1001935c,43,
10019222,.text,,100191cd,__alloc_osfhnd,100191cd,1001935c,55,
1001925e,.text,,100191cd,__alloc_osfhnd,100191cd,1001935c,91,
10019283,.text,,100191cd,__alloc_osfhnd,100191cd,1001935c,b6,
10019290,.text,,100191cd,__alloc_osfhnd,100191cd,1001935c,c3,
100192b8,.text,,100191cd,__alloc_osfhnd,100191cd,1001935c,eb,
100192ea,.text,,100191cd,__alloc_osfhnd,100191cd,1001935c,11d,
100192f2,.text,,100191cd,__alloc_osfhnd,100191cd,1001935c,125,
10019330,.text,,100191cd,__alloc_osfhnd,100191cd,1001935c,163,
10019376,.text,,10019366,__write_nolock,10019366,10019a62,10,
100193d5,.text,,10019366,__write_nolock,10019366,10019a62,6f,
10019478,.text,,10019366,__write_nolock,10019366,10019a62,112,
10019498,.text,,10019366,__write_nolock,10019366,10019a62,132,
10019588,.text,,10019366,__write_nolock,10019366,10019a62,222,
100195b1,.text,,10019366,__write_nolock,10019366,10019a62,24b,
1001960a,.text,,10019366,__write_nolock,10019366,10019a62,2a4,
10019778,.text,,10019366,__write_nolock,10019366,10019a62,412,
10019852,.text,,10019366,__write_nolock,10019366,10019a62,4ec,
10019922,.text,,10019366,__write_nolock,10019366,10019a62,5bc,
10019953,.text,,10019366,__write_nolock,10019366,10019a62,5ed,
10019969,.text,,10019366,__write_nolock,10019366,10019a62,603,
100199aa,.text,,10019366,__write_nolock,10019366,10019a62,644,
100199c9,.text,,10019366,__write_nolock,10019366,10019a62,663,
10019a66,.text,,10019a63,__write,10019a63,10019b2b,3,
10019a98,.text,,10019a63,__write,10019a63,10019b2b,35,
10019ac0,.text,,10019a63,__write,10019a63,10019b2b,5d,
10019b3a,.text,,10019b37,__commit,10019b37,10019c04,3,
10019b64,.text,,10019b37,__commit,10019b37,10019c04,2d,
10019b84,.text,,10019b37,__commit,10019b37,10019c04,4d,
10019bba,.text,,10019b37,__commit,10019b37,10019c04,83,
10019bc4,.text,,10019b37,__commit,10019b37,10019c04,8d,
10019c32,.text,,10019c10,__isatty,10019c10,10019c65,22,
10019c55,.text,,10019c10,__isatty,10019c10,10019c65,45,
10019c8f,.text,,10019c86,__crtLCMapStringA_stat,10019c86,10019e6c,9,
10019cd8,.text,,10019c86,__crtLCMapStringA_stat,10019c86,10019e6c,52,
10019d71,.text,,10019c86,__crtLCMapStringA_stat,10019c86,10019e6c,eb,
10019e41,.text,,10019c86,__crtLCMapStringA_stat,10019c86,10019e6c,1bb,
10019ebb,.text,,10019eb3,__crtGetStringTypeA_stat,10019eb3,10019f99,8,
10019ede,.text,,10019eb3,__crtGetStringTypeA_stat,10019eb3,10019f99,2b,
10019f77,.text,,10019eb3,__crtGetStringTypeA_stat,10019eb3,10019f99,c4,
1001a362,.text,,1001a351,___free_lconv_num,1001a351,1001a3b9,11,
1001a374,.text,,1001a351,___free_lconv_num,1001a351,1001a3b9,23,
1001a386,.text,,1001a351,___free_lconv_num,1001a351,1001a3b9,35,
1001a398,.text,,1001a351,___free_lconv_num,1001a351,1001a3b9,47,
1001a3aa,.text,,1001a351,___free_lconv_num,1001a351,1001a3b9,59,
1001a3d0,.text,,1001a3ba,___free_lconv_mon,1001a3ba,1001a4b7,16,
1001a3e2,.text,,1001a3ba,___free_lconv_mon,1001a3ba,1001a4b7,28,
1001a3f4,.text,,1001a3ba,___free_lconv_mon,1001a3ba,1001a4b7,3a,
1001a406,.text,,1001a3ba,___free_lconv_mon,1001a3ba,1001a4b7,4c,
1001a418,.text,,1001a3ba,___free_lconv_mon,1001a3ba,1001a4b7,5e,
1001a42a,.text,,1001a3ba,___free_lconv_mon,1001a3ba,1001a4b7,70,
1001a43c,.text,,1001a3ba,___free_lconv_mon,1001a3ba,1001a4b7,82,
1001a44e,.text,,1001a3ba,___free_lconv_mon,1001a3ba,1001a4b7,94,
1001a460,.text,,1001a3ba,___free_lconv_mon,1001a3ba,1001a4b7,a6,
1001a472,.text,,1001a3ba,___free_lconv_mon,1001a3ba,1001a4b7,b8,
1001a484,.text,,1001a3ba,___free_lconv_mon,1001a3ba,1001a4b7,ca,
1001a496,.text,,1001a3ba,___free_lconv_mon,1001a3ba,1001a4b7,dc,
1001a4a8,.text,,1001a3ba,___free_lconv_mon,1001a3ba,1001a4b7,ee,
1001a644,.text,,1001a600,__lseeki64_nolock,1001a600,1001a684,44,
1001a651,.text,,1001a600,__lseeki64_nolock,1001a600,1001a684,51,
1001a66a,.text,,1001a600,__lseeki64_nolock,1001a600,1001a684,6a,
1001a688,.text,,1001a685,__lseeki64,1001a685,1001a764,3,
1001a6c4,.text,,1001a685,__lseeki64,1001a685,1001a764,3f,
1001a6ec,.text,,1001a685,__lseeki64,1001a685,1001a764,67,
1001a770,.text,,1001a76f,__get_printf_count_output,1001a76f,1001a784,1,
1001a77b,.text,,1001a76f,__get_printf_count_output,1001a76f,1001a784,c,
1001a88f,.text,,1001a785,__wctomb_s_l,1001a785,1001a8d9,10a,
1001a8ad,.text,,1001a785,__wctomb_s_l,1001a785,1001a8d9,128,
1001aac3,.text,,1001aaba,___crtMessageBoxW,1001aaba,1001ac25,9,
1001aae6,.text,,1001aaba,___crtMessageBoxW,1001aaba,1001ac25,2c,
1001aaf1,.text,,1001aaba,___crtMessageBoxW,1001aaba,1001ac25,37,
1001aaf7,.text,,1001aaba,___crtMessageBoxW,1001aaba,1001ac25,3d,
1001ab07,.text,,1001aaba,___crtMessageBoxW,1001aaba,1001ac25,4d,
1001ab0c,.text,,1001aaba,___crtMessageBoxW,1001aaba,1001ac25,52,
1001ab1d,.text,,1001aaba,___crtMessageBoxW,1001aaba,1001ac25,63,
1001ab25,.text,,1001aaba,___crtMessageBoxW,1001aaba,1001ac25,6b,
1001ab2b,.text,,1001aaba,___crtMessageBoxW,1001aaba,1001ac25,71,
1001ab35,.text,,1001aaba,___crtMessageBoxW,1001aaba,1001ac25,7b,
1001ab3b,.text,,1001aaba,___crtMessageBoxW,1001aaba,1001ac25,81,
1001ab45,.text,,1001aaba,___crtMessageBoxW,1001aaba,1001ac25,8b,
1001ab4b,.text,,1001aaba,___crtMessageBoxW,1001aaba,1001ac25,91,
1001ab55,.text,,1001aaba,___crtMessageBoxW,1001aaba,1001ac25,9b,
1001ab5e,.text,,1001aaba,___crtMessageBoxW,1001aaba,1001ac25,a4,
1001ab69,.text,,1001aaba,___crtMessageBoxW,1001aaba,1001ac25,af,
1001ab6e,.text,,1001aaba,___crtMessageBoxW,1001aaba,1001ac25,b4,
1001ab77,.text,,1001aaba,___crtMessageBoxW,1001aaba,1001ac25,bd,
1001ab81,.text,,1001aaba,___crtMessageBoxW,1001aaba,1001ac25,c7,
1001ab8c,.text,,1001aaba,___crtMessageBoxW,1001aaba,1001ac25,d2,
1001abc7,.text,,1001aaba,___crtMessageBoxW,1001aaba,1001ac25,10d,
1001abe1,.text,,1001aaba,___crtMessageBoxW,1001aaba,1001ac25,127,
1001abfb,.text,,1001aaba,___crtMessageBoxW,1001aaba,1001ac25,141,
1001adfd,.text,,1001ade6,__set_error_mode,1001ade6,1001ae24,17,
1001ae04,.text,,1001ade6,__set_error_mode,1001ade6,1001ae24,1e,
1001ae0a,.text,,1001ade6,__set_error_mode,1001ade6,1001ae24,24,
1001ae31,.text,,1001ae25,___report_gsfailure,1001ae25,1001af2a,c,
1001ae37,.text,,1001ae25,___report_gsfailure,1001ae25,1001af2a,12,
1001ae3d,.text,,1001ae25,___report_gsfailure,1001ae25,1001af2a,18,
1001ae43,.text,,1001ae25,___report_gsfailure,1001ae25,1001af2a,1e,
1001ae49,.text,,1001ae25,___report_gsfailure,1001ae25,1001af2a,24,
1001ae4f,.text,,1001ae25,___report_gsfailure,1001ae25,1001af2a,2a,
1001ae56,.text,,1001ae25,___report_gsfailure,1001ae25,1001af2a,31,
1001ae5d,.text,,1001ae25,___report_gsfailure,1001ae25,1001af2a,38,
1001ae64,.text,,1001ae25,___report_gsfailure,1001ae25,1001af2a,3f,
1001ae6b,.text,,1001ae25,___report_gsfailure,1001ae25,1001af2a,46,
1001ae72,.text,,1001ae25,___report_gsfailure,1001ae25,1001af2a,4d,
1001ae79,.text,,1001ae25,___report_gsfailure,1001ae25,1001af2a,54,
1001ae80,.text,,1001ae25,___report_gsfailure,1001ae25,1001af2a,5b,
1001ae88,.text,,1001ae25,___report_gsfailure,1001ae25,1001af2a,63,
1001ae90,.text,,1001ae25,___report_gsfailure,1001ae25,1001af2a,6b,
1001ae98,.text,,1001ae25,___report_gsfailure,1001ae25,1001af2a,73,
1001aea4,.text,,1001ae25,___report_gsfailure,1001ae25,1001af2a,7f,
1001aead,.text,,1001ae25,___report_gsfailure,1001ae25,1001af2a,88,
1001aeb2,.text,,1001ae25,___report_gsfailure,1001ae25,1001af2a,8d,
1001aeb8,.text,,1001ae25,___report_gsfailure,1001ae25,1001af2a,93,
1001aec2,.text,,1001ae25,___report_gsfailure,1001ae25,1001af2a,9d,
1001aecb,.text,,1001ae25,___report_gsfailure,1001ae25,1001af2a,a6,
1001aed6,.text,,1001ae25,___report_gsfailure,1001ae25,1001af2a,b1,
1001aee2,.text,,1001ae25,___report_gsfailure,1001ae25,1001af2a,bd,
1001aee7,.text,,1001ae25,___report_gsfailure,1001ae25,1001af2a,c2,
1001aef7,.text,,1001ae25,___report_gsfailure,1001ae25,1001af2a,d2,
1001aefc,.text,,1001ae25,___report_gsfailure,1001ae25,1001af2a,d7,
1001af02,.text,,1001ae25,___report_gsfailure,1001ae25,1001af2a,dd,
1001af08,.text,,1001ae25,___report_gsfailure,1001ae25,1001af2a,e3,
1001af1e,.text,,1001ae25,___report_gsfailure,1001ae25,1001af2a,f9,
1001af25,.text,,1001ae25,___report_gsfailure,1001ae25,1001af2a,100,
1001af9f,.text,,1001af34,__chsize_nolock,1001af34,1001b0e9,6b,
1001afa6,.text,,1001af34,__chsize_nolock,1001af34,1001b0e9,72,
1001b022,.text,,1001af34,__chsize_nolock,1001af34,1001b0e9,ee,
1001b029,.text,,1001af34,__chsize_nolock,1001af34,1001b0e9,f5,
1001b084,.text,,1001af34,__chsize_nolock,1001af34,1001b0e9,150,
1001b0b1,.text,,1001af34,__chsize_nolock,1001af34,1001b0e9,17d,
1001b0ff,.text,,1001b0ea,__setmode_nolock,1001b0ea,1001b1a4,15,
1001b1c8,.text,,1001b1a5,FUN_1001b1a5,1001b1a5,1001b1d1,23,
1001b1da,.text,,1001b1d2,__putwch_nolock,1001b1d2,1001b213,8,
1001b1e7,.text,,1001b1d2,__putwch_nolock,1001b1d2,1001b213,15,
1001b206,.text,,1001b1d2,__putwch_nolock,1001b1d2,1001b213,34,
1001b28b,.text,,1001b27c,___initconout,1001b27c,1001b29a,f,
1001b291,.text,,1001b27c,___initconout,1001b27c,1001b29a,15,
1001b296,.text,,1001b27c,___initconout,1001b27c,1001b29a,1a,
1001b29c,.text,,1001b29b,FUN_1001b29b,1001b29b,1001b2b1,1,
1001b2ad,.text,,1001b29b,FUN_1001b29b,1001b29b,1001b2b1,12,
1001b2b4,.text,,1001b2b2,RtlUnwind,1001b2b2,1001b2b7,2,
1001b2b9,.text,,1001b2b8,__cfltcvt_init,1001b2b8,1001b317,1,
1001b2be,.text,,1001b2b8,__cfltcvt_init,1001b2b8,1001b317,6,
1001b2c4,.text,,1001b2b8,__cfltcvt_init,1001b2b8,1001b317,c,
1001b2c8,.text,,1001b2b8,__cfltcvt_init,1001b2b8,1001b317,10,
1001b2ce,.text,,1001b2b8,__cfltcvt_init,1001b2b8,1001b317,16,
1001b2d2,.text,,1001b2b8,__cfltcvt_init,1001b2b8,1001b317,1a,
1001b2d8,.text,,1001b2b8,__cfltcvt_init,1001b2b8,1001b317,20,
1001b2dc,.text,,1001b2b8,__cfltcvt_init,1001b2b8,1001b317,24,
1001b2e2,.text,,1001b2b8,__cfltcvt_init,1001b2b8,1001b317,2a,
1001b2e6,.text,,1001b2b8,__cfltcvt_init,1001b2b8,1001b317,2e,
1001b2eb,.text,,1001b2b8,__cfltcvt_init,1001b2b8,1001b317,33,
1001b2f1,.text,,1001b2b8,__cfltcvt_init,1001b2b8,1001b317,39,
1001b2f5,.text,,1001b2b8,__cfltcvt_init,1001b2b8,1001b317,3d,
1001b2fb,.text,,1001b2b8,__cfltcvt_init,1001b2b8,1001b317,43,
1001b2ff,.text,,1001b2b8,__cfltcvt_init,1001b2b8,1001b317,47,
1001b305,.text,,1001b2b8,__cfltcvt_init,1001b2b8,1001b317,4d,
1001b309,.text,,1001b2b8,__cfltcvt_init,1001b2b8,1001b317,51,
1001b30f,.text,,1001b2b8,__cfltcvt_init,1001b2b8,1001b317,57,
1001b313,.text,,1001b2b8,__cfltcvt_init,1001b2b8,1001b317,5b,
1001b342,.text,,,,,,,
1001b382,.text,,1001b380,FUN_1001b380,1001b380,1001b3ce,2,
1001b3e9,.text,,1001b3d8,FUN_1001b3d8,1001b3d8,1001b468,11,
1001b3f7,.text,,1001b3d8,FUN_1001b3d8,1001b3d8,1001b468,1f,
1001b409,.text,,1001b3d8,FUN_1001b3d8,1001b3d8,1001b468,31,
1001b414,.text,,1001b3d8,FUN_1001b3d8,1001b3d8,1001b468,3c,
1001b441,.text,,1001b3d8,FUN_1001b3d8,1001b3d8,1001b468,69,
1001b44c,.text,,1001b3d8,FUN_1001b3d8,1001b3d8,1001b468,74,
1001b45e,.text,,1001b3d8,FUN_1001b3d8,1001b3d8,1001b468,86,
1001b472,.text,,,,,,,
1001b4b2,.text,,1001b4b0,FUN_1001b4b0,1001b4b0,1001b4fe,2,
1001b519,.text,,1001b508,FUN_1001b508,1001b508,1001b598,11,
1001b527,.text,,1001b508,FUN_1001b508,1001b508,1001b598,1f,
1001b539,.text,,1001b508,FUN_1001b508,1001b508,1001b598,31,
1001b544,.text,,1001b508,FUN_1001b508,1001b508,1001b598,3c,
1001b571,.text,,1001b508,FUN_1001b508,1001b508,1001b598,69,
1001b57c,.text,,1001b508,FUN_1001b508,1001b508,1001b598,74,
1001b58e,.text,,1001b508,FUN_1001b508,1001b508,1001b598,86,
1001b5e0,.text,,1001b5bd,FUN_1001b5bd,1001b5bd,1001ca3a,23,
1001b5f2,.text,,1001b5bd,FUN_1001b5bd,1001b5bd,1001ca3a,35,
1001b632,.text,,1001b5bd,FUN_1001b5bd,1001b5bd,1001ca3a,75,
1001b63d,.text,,1001b5bd,FUN_1001b5bd,1001b5bd,1001ca3a,80,
1001b64f,.text,,1001b5bd,FUN_1001b5bd,1001b5bd,1001ca3a,92,
1001b6aa,.text,,1001b693,_UnwindNestedFrames,1001b693,1001b6e6,17,
1001b763,.text,,1001b750,_CallSETranslator,1001b750,1001b826,13,
1001b77b,.text,,1001b750,_CallSETranslator,1001b750,1001b826,2b,
1001b780,.text,,1001b750,_CallSETranslator,1001b750,1001b826,30,
1001b9e7,.text,,1001b9de,_CallCatchBlock2,1001b9de,1001ba3d,9,
1001ba07,.text,,1001b9de,_CallCatchBlock2,1001b9de,1001ba3d,29,
1001ba42,.text,,1001ba40,FUN_1001ba40,1001ba40,1001baea,2,
1001ba5e,.text,,,,,,,
1001bd6c,.text,,1001bc9e,FUN_1001bc9e,1001bc9e,1001bdfd,ce,
1001bdc2,.text,,1001bc9e,FUN_1001bc9e,1001bc9e,1001bdfd,124,
1001be08,.text,,1001bdff,__cftoe_l,1001bdff,1001bec5,9,
1001c368,.text,,1001c35f,__cftof_l,1001c35f,1001c41f,9,
1001c429,.text,,1001c420,__cftog_l,1001c420,1001c50c,9,
1001c5e4,.text,,,,,,,
1001c5e9,.text,,,,,,,
1001c629,.text,,1001c60e,FUN_1001c60e,1001c60e,1001c7b6,1b,
1001c635,.text,,1001c60e,FUN_1001c60e,1001c60e,1001c7b6,27,
1001c645,.text,,1001c60e,FUN_1001c60e,1001c60e,1001c7b6,37,
1001c651,.text,,1001c60e,FUN_1001c60e,1001c60e,1001c7b6,43,
1001c66e,.text,,1001c60e,FUN_1001c60e,1001c60e,1001c7b6,60,
1001c674,.text,,1001c60e,FUN_1001c60e,1001c60e,1001c7b6,66,
1001c689,.text,,1001c60e,FUN_1001c60e,1001c60e,1001c7b6,7b,
1001c6ae,.text,,1001c60e,FUN_1001c60e,1001c60e,1001c7b6,a0,
1001c6f3,.text,,1001c60e,FUN_1001c60e,1001c60e,1001c7b6,e5,
1001c6ff,.text,,1001c60e,FUN_1001c60e,1001c60e,1001c7b6,f1,
1001c77a,.text,,1001c60e,FUN_1001c60e,1001c60e,1001c7b6,16c,
1001c790,.text,,1001c60e,FUN_1001c60e,1001c60e,1001c7b6,182,
1001c7a0,.text,,1001c60e,FUN_1001c60e,1001c60e,1001c7b6,192,
1001c7e9,.text,,,,,,,
1001c850,.text,,,,,,,
1001c8f8,.text,,,,,,,
1001c96c,.text,,,,,,,
1001c9cb,.text,,1001c9bc,FUN_1001c9bc,1001c9bc,1001c9d4,f,
1001cacc,.text,,,,,,,
1001cadc,.text,,,,,,,
1001caed,.text,,,,,,,
1001caf5,.text,,,,,,,
1001cb05,.text,,,,,,,
1001cb16,.text,,,,,,,
1001cbb9,.text,,1001cb9e,FUN_1001cb9e,1001cb9e,1001cd28,1b,
1001cbc5,.text,,1001cb9e,FUN_1001cb9e,1001cb9e,1001cd28,27,
1001cbd5,.text,,1001cb9e,FUN_1001cb9e,1001cb9e,1001cd28,37,
1001cbe1,.text,,1001cb9e,FUN_1001cb9e,1001cb9e,1001cd28,43,
1001cbfe,.text,,1001cb9e,FUN_1001cb9e,1001cb9e,1001cd28,60,
1001cc04,.text,,1001cb9e,FUN_1001cb9e,1001cb9e,1001cd28,66,
1001cc19,.text,,1001cb9e,FUN_1001cb9e,1001cb9e,1001cd28,7b,
1001cc3e,.text,,1001cb9e,FUN_1001cb9e,1001cb9e,1001cd28,a0,
1001cc83,.text,,1001cb9e,FUN_1001cb9e,1001cb9e,1001cd28,e5,
1001cc8f,.text,,1001cb9e,FUN_1001cb9e,1001cb9e,1001cd28,f1,
1001cd0e,.text,,1001cb9e,FUN_1001cb9e,1001cb9e,1001cd28,170,
1001cd2e,.text,,,,,,,
1001cd41,.text,,1001cd37,FUN_1001cd37,1001cd37,1001cd5d,a,
1001ce0f,.text,,1001ce0c,___FrameUnwindToState,1001ce0c,1001cec7,3,
1001cf30,.text,,1001cf2d,___DestructExceptionObject,1001cf2d,1001cf6f,3,
1001d029,.text,,1001d026,FUN_1001d026,1001d026,1001d056,3,
1001d072,.text,,1001d06f,CallCatchBlock,1001d06f,1001d189,3,
1001d20e,.text,,1001d20b,___BuildCatchObjectHelper,1001d20b,1001d389,3,
1001d38d,.text,,1001d38a,___BuildCatchObject,1001d38a,1001d40e,3,
1001d6bc,.text,,1001d591,FindHandler,1001d591,1001d905,12b,
1001d6ec,.text,,1001d591,FindHandler,1001d591,1001d905,15b,
1001d6f6,.text,,1001d591,FindHandler,1001d591,1001d905,165,
1001d701,.text,,1001d591,FindHandler,1001d591,1001d905,170,
1001d918,.text,,1001d906,FUN_1001d906,1001d906,1001d922,12,
1001da65,.text,,1001da5c,FID_conflict:__atoflt_l,1001da5c,1001db03,9,
1001db0d,.text,,1001db04,FID_conflict:__atoflt_l,1001db04,1001dbab,9,
1001dd1b,.text,,1001dd12,FUN_1001dd12,1001dd12,1001dd9e,9,
1001df1c,.text,,1001defe,__87except,1001defe,1001e03c,1e,
1001e010,.text,,1001defe,__87except,1001defe,1001e03c,112,
1001e055,.text,,1001e03d,__EH_prolog3_catch,1001e03d,1001e072,18,
1001e08e,.text,,1001e085,FID_conflict:__ld12tod,1001e085,1001e5d5,9,
1001e111,.text,,1001e085,FID_conflict:__ld12tod,1001e085,1001e5d5,8c,
1001e205,.text,,1001e085,FID_conflict:__ld12tod,1001e085,1001e5d5,180,
1001e20d,.text,,1001e085,FID_conflict:__ld12tod,1001e085,1001e5d5,188,
1001e2be,.text,,1001e085,FID_conflict:__ld12tod,1001e085,1001e5d5,239,
1001e39f,.text,,1001e085,FID_conflict:__ld12tod,1001e085,1001e5d5,31a,
1001e437,.text,,1001e085,FID_conflict:__ld12tod,1001e085,1001e5d5,3b2,
1001e43d,.text,,1001e085,FID_conflict:__ld12tod,1001e085,1001e5d5,3b8,
1001e4de,.text,,1001e085,FID_conflict:__ld12tod,1001e085,1001e5d5,459,
1001e4e4,.text,,1001e085,FID_conflict:__ld12tod,1001e085,1001e5d5,45f,
1001e4f2,.text,,1001e085,FID_conflict:__ld12tod,1001e085,1001e5d5,46d,
1001e58e,.text,,1001e085,FID_conflict:__ld12tod,1001e085,1001e5d5,509,
1001e5a5,.text,,1001e085,FID_conflict:__ld12tod,1001e085,1001e5d5,520,
1001e5df,.text,,1001e5d6,FID_conflict:__ld12tod,1001e5d6,1001eb26,9,
1001e662,.text,,1001e5d6,FID_conflict:__ld12tod,1001e5d6,1001eb26,8c,
1001e756,.text,,1001e5d6,FID_conflict:__ld12tod,1001e5d6,1001eb26,180,
1001e75e,.text,,1001e5d6,FID_conflict:__ld12tod,1001e5d6,1001eb26,188,
1001e80f,.text,,1001e5d6,FID_conflict:__ld12tod,1001e5d6,1001eb26,239,
1001e8f0,.text,,1001e5d6,FID_conflict:__ld12tod,1001e5d6,1001eb26,31a,
1001e988,.text,,1001e5d6,FID_conflict:__ld12tod,1001e5d6,1001eb26,3b2,
1001e98e,.text,,1001e5d6,FID_conflict:__ld12tod,1001e5d6,1001eb26,3b8,
1001ea2f,.text,,1001e5d6,FID_conflict:__ld12tod,1001e5d6,1001eb26,459,
1001ea35,.text,,1001e5d6,FID_conflict:__ld12tod,1001e5d6,1001eb26,45f,
1001ea43,.text,,1001e5d6,FID_conflict:__ld12tod,1001e5d6,1001eb26,46d,
1001eadf,.text,,1001e5d6,FID_conflict:__ld12tod,1001e5d6,1001eb26,509,
1001eaf6,.text,,1001e5d6,FID_conflict:__ld12tod,1001e5d6,1001eb26,520,
1001eb30,.text,,1001eb27,___strgtold12_l,1001eb27,1001f1cf,9,
1001ebb3,.text,,1001eb27,___strgtold12_l,1001eb27,1001f1cf,8c,
1001ee70,.text,,1001eb27,___strgtold12_l,1001eb27,1001f1cf,349,
1001ee87,.text,,1001eb27,___strgtold12_l,1001eb27,1001f1cf,360,
1001f1d3,.text,,,,,,,switchdataD_1001f1d3
1001f1d7,.text,,,,,,,PTR_caseD_1_1001f1d7
1001f1db,.text,,,,,,,PTR_caseD_2_1001f1db
1001f1df,.text,,,,,,,
1001f1e3,.text,,,,,,,
1001f1e7,.text,,,,,,,
1001f1eb,.text,,,,,,,
1001f1ef,.text,,,,,,,PTR_caseD_7_1001f1ef
1001f1f3,.text,,,,,,,PTR_caseD_8_1001f1f3
1001f1f7,.text,,,,,,,PTR_caseD_9_1001f1f7
1001f1fb,.text,,,,,,,
1001f1ff,.text,,,,,,,
1001f20c,.text,,1001f203,$I10_OUTPUT,1001f203,1001fafa,9,
1001f2ce,.text,,1001f203,$I10_OUTPUT,1001f203,1001fafa,cb,
1001f2f6,.text,,1001f203,$I10_OUTPUT,1001f203,1001fafa,f3,
1001f306,.text,,1001f203,$I10_OUTPUT,1001f203,1001fafa,103,
1001f323,.text,,1001f203,$I10_OUTPUT,1001f203,1001fafa,120,
1001f374,.text,,1001f203,$I10_OUTPUT,1001f203,1001fafa,171,
1001f398,.text,,1001f203,$I10_OUTPUT,1001f203,1001fafa,195,
1001fd9f,.text,,1001fc29,__control87,1001fc29,1001ff3a,176,
10020161,.text,,1001ff3b,__raise_exc_ex,1001ff3b,10020216,226,
100202c7,.text,,1002023a,__handle_exc,1002023a,1002041d,8d,
100202e2,.text,,1002023a,__handle_exc,1002023a,1002041d,a8,
100202f8,.text,,1002023a,__handle_exc,1002023a,1002041d,be,
1002030e,.text,,1002023a,__handle_exc,1002023a,1002041d,d4,
10020316,.text,,1002023a,__handle_exc,1002023a,1002041d,dc,
10020383,.text,,1002023a,__handle_exc,1002023a,1002041d,149,
100204ab,.text,,1002049a,FUN_1002049a,1002049a,100204f1,11,
100204bd,.text,,1002049a,FUN_1002049a,1002049a,100204f1,23,
100204cf,.text,,1002049a,FUN_1002049a,1002049a,100204f1,35,
100204f5,.text,,100204f2,___set_fpsr_sse2,100204f2,10020563,3,
10020502,.text,,100204f2,___set_fpsr_sse2,100204f2,10020563,10,
10020510,.text,,100204f2,___set_fpsr_sse2,100204f2,10020563,1e,
10020540,.text,,,,,,,
10020849,.text,,,,,,,
10020864,.text,,,,,,,
10020885,.text,,10020870,FUN_10020870,10020870,100208cb,15,
1002088c,.text,,10020870,FUN_10020870,10020870,100208cb,1c,
10020891,.text,,10020870,FUN_10020870,10020870,100208cb,21,
100208b8,.text,,10020870,FUN_10020870,10020870,100208cb,48,
100208c3,.text,,10020870,FUN_10020870,10020870,100208cb,53,
100208d7,.text,,,,,,,
100208df,.text,,,,,,,
100208e6,.text,,,,,,,
100208eb,.text,,,,,,,
100208f0,.text,,,,,,,
100208fe,.text,,,,,,,
10020902,.text,,,,,,,
10020911,.text,,,,,,,
10020921,.text,,,,,,,
10020931,.text,,,,,,,
10020941,.text,,,,,,,
10020951,.text,,,,,,,
10020961,.text,,,,,,,
10020971,.text,,,,,,,
10020981,.text,,,,,,,
10020991,.text,,,,,,,
100209a1,.text,,,,,,,
100209b1,.text,,,,,,,
100209c1,.text,,,,,,,
100209d1,.text,,,,,,,
100209e1,.text,,,,,,,
100209f6,.text,,,,,,,
100209fc,.text,,,,,,,
10020a00,.text,,,,,,,
10020a11,.text,,,,,,,
10020a21,.text,,,,,,,
10020a31,.text,,,,,,,
10020a41,.text,,,,,,,
10020a51,.text,,,,,,,
10020a61,.text,,,,,,,
10020a91,.text,,10020a90,FUN_10020a90,10020a90,10020ae6,1,
10020a9a,.text,,10020a90,FUN_10020a90,10020a90,10020ae6,a,
10020a9e,.text,,10020a90,FUN_10020a90,10020a90,10020ae6,e,
10020ab0,.text,,10020a90,FUN_10020a90,10020a90,10020ae6,20,
10020ab6,.text,,10020a90,FUN_10020a90,10020a90,10020ae6,26,
10020abc,.text,,10020a90,FUN_10020a90,10020a90,10020ae6,2c,
10020ac2,.text,,10020a90,FUN_10020a90,10020a90,10020ae6,32,
10020ad5,.text,,10020a90,FUN_10020a90,10020a90,10020ae6,45,
10020adb,.text,,10020a90,FUN_10020a90,10020a90,10020ae6,4b,
10020ae1,.text,,10020a90,FUN_10020a90,10020a90,10020ae6,51,
10020af1,.text,,10020af0,FUN_10020af0,10020af0,10020b46,1,
10020afa,.text,,10020af0,FUN_10020af0,10020af0,10020b46,a,
10020afe,.text,,10020af0,FUN_10020af0,10020af0,10020b46,e,
10020b10,.text,,10020af0,FUN_10020af0,10020af0,10020b46,20,
10020b16,.text,,10020af0,FUN_10020af0,10020af0,10020b46,26,
10020b1c,.text,,10020af0,FUN_10020af0,10020af0,10020b46,2c,
10020b22,.text,,10020af0,FUN_10020af0,10020af0,10020b46,32,
10020b35,.text,,10020af0,FUN_10020af0,10020af0,10020b46,45,
10020b3b,.text,,10020af0,FUN_10020af0,10020af0,10020b46,4b,
10020b41,.text,,10020af0,FUN_10020af0,10020af0,10020b46,51,
10020b51,.text,,10020b50,FUN_10020b50,10020b50,10020ba6,1,
10020b5a,.text,,10020b50,FUN_10020b50,10020b50,10020ba6,a,
10020b5e,.text,,10020b50,FUN_10020b50,10020b50,10020ba6,e,
10020b70,.text,,10020b50,FUN_10020b50,10020b50,10020ba6,20,
10020b76,.text,,10020b50,FUN_10020b50,10020b50,10020ba6,26,
10020b7c,.text,,10020b50,FUN_10020b50,10020b50,10020ba6,2c,
10020b82,.text,,10020b50,FUN_10020b50,10020b50,10020ba6,32,
10020b95,.text,,10020b50,FUN_10020b50,10020b50,10020ba6,45,
10020b9b,.text,,10020b50,FUN_10020b50,10020b50,10020ba6,4b,
10020ba1,.text,,10020b50,FUN_10020b50,10020b50,10020ba6,51,
10020bb1,.text,,10020bb0,FUN_10020bb0,10020bb0,10020c06,1,
10020bba,.text,,10020bb0,FUN_10020bb0,10020bb0,10020c06,a,
10020bbe,.text,,10020bb0,FUN_10020bb0,10020bb0,10020c06,e,
10020bd0,.text,,10020bb0,FUN_10020bb0,10020bb0,10020c06,20,
10020bd6,.text,,10020bb0,FUN_10020bb0,10020bb0,10020c06,26,
10020bdc,.text,,10020bb0,FUN_10020bb0,10020bb0,10020c06,2c,
10020be2,.text,,10020bb0,FUN_10020bb0,10020bb0,10020c06,32,
10020bf5,.text,,10020bb0,FUN_10020bb0,10020bb0,10020c06,45,
10020bfb,.text,,10020bb0,FUN_10020bb0,10020bb0,10020c06,4b,
10020c01,.text,,10020bb0,FUN_10020bb0,10020bb0,10020c06,51,
10020c11,.text,,10020c10,FUN_10020c10,10020c10,10020c66,1,
10020c1a,.text,,10020c10,FUN_10020c10,10020c10,10020c66,a,
10020c1e,.text,,10020c10,FUN_10020c10,10020c10,10020c66,e,
10020c30,.text,,10020c10,FUN_10020c10,10020c10,10020c66,20,
10020c36,.text,,10020c10,FUN_10020c10,10020c10,10020c66,26,
10020c3c,.text,,10020c10,FUN_10020c10,10020c10,10020c66,2c,
10020c42,.text,,10020c10,FUN_10020c10,10020c10,10020c66,32,
10020c55,.text,,10020c10,FUN_10020c10,10020c10,10020c66,45,
10020c5b,.text,,10020c10,FUN_10020c10,10020c10,10020c66,4b,
10020c61,.text,,10020c10,FUN_10020c10,10020c10,10020c66,51,
10020c71,.text,,10020c70,FUN_10020c70,10020c70,10020cc6,1,
10020c7a,.text,,10020c70,FUN_10020c70,10020c70,10020cc6,a,
10020c7e,.text,,10020c70,FUN_10020c70,10020c70,10020cc6,e,
10020c90,.text,,10020c70,FUN_10020c70,10020c70,10020cc6,20,
10020c96,.text,,10020c70,FUN_10020c70,10020c70,10020cc6,26,
10020c9c,.text,,10020c70,FUN_10020c70,10020c70,10020cc6,2c,
10020ca2,.text,,10020c70,FUN_10020c70,10020c70,10020cc6,32,
10020cb5,.text,,10020c70,FUN_10020c70,10020c70,10020cc6,45,
10020cbb,.text,,10020c70,FUN_10020c70,10020c70,10020cc6,4b,
10020cc1,.text,,10020c70,FUN_10020c70,10020c70,10020cc6,51,
10020cd1,.text,,10020cd0,FUN_10020cd0,10020cd0,10020d26,1,
10020cda,.text,,10020cd0,FUN_10020cd0,10020cd0,10020d26,a,
10020cde,.text,,10020cd0,FUN_10020cd0,10020cd0,10020d26,e,
10020cf0,.text,,10020cd0,FUN_10020cd0,10020cd0,10020d26,20,
10020cf6,.text,,10020cd0,FUN_10020cd0,10020cd0,10020d26,26,
10020cfc,.text,,10020cd0,FUN_10020cd0,10020cd0,10020d26,2c,
10020d02,.text,,10020cd0,FUN_10020cd0,10020cd0,10020d26,32,
10020d15,.text,,10020cd0,FUN_10020cd0,10020cd0,10020d26,45,
10020d1b,.text,,10020cd0,FUN_10020cd0,10020cd0,10020d26,4b,
10020d21,.text,,10020cd0,FUN_10020cd0,10020cd0,10020d26,51,
10020d31,.text,,10020d30,FUN_10020d30,10020d30,10020d86,1,
10020d3a,.text,,10020d30,FUN_10020d30,10020d30,10020d86,a,
10020d3e,.text,,10020d30,FUN_10020d30,10020d30,10020d86,e,
10020d50,.text,,10020d30,FUN_10020d30,10020d30,10020d86,20,
10020d56,.text,,10020d30,FUN_10020d30,10020d30,10020d86,26,
10020d5c,.text,,10020d30,FUN_10020d30,10020d30,10020d86,2c,
10020d62,.text,,10020d30,FUN_10020d30,10020d30,10020d86,32,
10020d75,.text,,10020d30,FUN_10020d30,10020d30,10020d86,45,
10020d7b,.text,,10020d30,FUN_10020d30,10020d30,10020d86,4b,
10020d81,.text,,10020d30,FUN_10020d30,10020d30,10020d86,51,
10020d91,.text,,10020d90,FUN_10020d90,10020d90,10020de6,1,
10020d9a,.text,,10020d90,FUN_10020d90,10020d90,10020de6,a,
10020d9e,.text,,10020d90,FUN_10020d90,10020d90,10020de6,e,
10020db0,.text,,10020d90,FUN_10020d90,10020d90,10020de6,20,
10020db6,.text,,10020d90,FUN_10020d90,10020d90,10020de6,26,
10020dbc,.text,,10020d90,FUN_10020d90,10020d90,10020de6,2c,
10020dc2,.text,,10020d90,FUN_10020d90,10020d90,10020de6,32,
10020dd5,.text,,10020d90,FUN_10020d90,10020d90,10020de6,45,
10020ddb,.text,,10020d90,FUN_10020d90,10020d90,10020de6,4b,
10020de1,.text,,10020d90,FUN_10020d90,10020d90,10020de6,51,
10020df1,.text,,10020df0,FUN_10020df0,10020df0,10020e46,1,
10020dfa,.text,,10020df0,FUN_10020df0,10020df0,10020e46,a,
10020dfe,.text,,10020df0,FUN_10020df0,10020df0,10020e46,e,
10020e10,.text,,10020df0,FUN_10020df0,10020df0,10020e46,20,
10020e16,.text,,10020df0,FUN_10020df0,10020df0,10020e46,26,
10020e1c,.text,,10020df0,FUN_10020df0,10020df0,10020e46,2c,
10020e22,.text,,10020df0,FUN_10020df0,10020df0,10020e46,32,
10020e35,.text,,10020df0,FUN_10020df0,10020df0,10020e46,45,
10020e3b,.text,,10020df0,FUN_10020df0,10020df0,10020e46,4b,
10020e41,.text,,10020df0,FUN_10020df0,10020df0,10020e46,51,
10020e51,.text,,10020e50,FUN_10020e50,10020e50,10020ea6,1,
10020e5a,.text,,10020e50,FUN_10020e50,10020e50,10020ea6,a,
10020e5e,.text,,10020e50,FUN_10020e50,10020e50,10020ea6,e,
10020e70,.text,,10020e50,FUN_10020e50,10020e50,10020ea6,20,
10020e76,.text,,10020e50,FUN_10020e50,10020e50,10020ea6,26,
10020e7c,.text,,10020e50,FUN_10020e50,10020e50,10020ea6,2c,
10020e82,.text,,10020e50,FUN_10020e50,10020e50,10020ea6,32,
10020e95,.text,,10020e50,FUN_10020e50,10020e50,10020ea6,45,
10020e9b,.text,,10020e50,FUN_10020e50,10020e50,10020ea6,4b,
10020ea1,.text,,10020e50,FUN_10020e50,10020e50,10020ea6,51,
10020eb1,.text,,10020eb0,FUN_10020eb0,10020eb0,10020f06,1,
10020eba,.text,,10020eb0,FUN_10020eb0,10020eb0,10020f06,a,
10020ebe,.text,,10020eb0,FUN_10020eb0,10020eb0,10020f06,e,
10020ed0,.text,,10020eb0,FUN_10020eb0,10020eb0,10020f06,20,
10020ed6,.text,,10020eb0,FUN_10020eb0,10020eb0,10020f06,26,
10020edc,.text,,10020eb0,FUN_10020eb0,10020eb0,10020f06,2c,
10020ee2,.text,,10020eb0,FUN_10020eb0,10020eb0,10020f06,32,
10020ef5,.text,,10020eb0,FUN_10020eb0,10020eb0,10020f06,45,
10020efb,.text,,10020eb0,FUN_10020eb0,10020eb0,10020f06,4b,
10020f01,.text,,10020eb0,FUN_10020eb0,10020eb0,10020f06,51,
10020f11,.text,,10020f10,FUN_10020f10,10020f10,10020f66,1,
10020f1a,.text,,10020f10,FUN_10020f10,10020f10,10020f66,a,
10020f1e,.text,,10020f10,FUN_10020f10,10020f10,10020f66,e,
10020f30,.text,,10020f10,FUN_10020f10,10020f10,10020f66,20,
10020f36,.text,,10020f10,FUN_10020f10,10020f10,10020f66,26,
10020f3c,.text,,10020f10,FUN_10020f10,10020f10,10020f66,2c,
10020f42,.text,,10020f10,FUN_10020f10,10020f10,10020f66,32,
10020f55,.text,,10020f10,FUN_10020f10,10020f10,10020f66,45,
10020f5b,.text,,10020f10,FUN_10020f10,10020f10,10020f66,4b,
10020f61,.text,,10020f10,FUN_10020f10,10020f10,10020f66,51,
10020f71,.text,,10020f70,FUN_10020f70,10020f70,10020fc6,1,
10020f7a,.text,,10020f70,FUN_10020f70,10020f70,10020fc6,a,
10020f7e,.text,,10020f70,FUN_10020f70,10020f70,10020fc6,e,
10020f90,.text,,10020f70,FUN_10020f70,10020f70,10020fc6,20,
10020f96,.text,,10020f70,FUN_10020f70,10020f70,10020fc6,26,
10020f9c,.text,,10020f70,FUN_10020f70,10020f70,10020fc6,2c,
10020fa2,.text,,10020f70,FUN_10020f70,10020f70,10020fc6,32,
10020fb5,.text,,10020f70,FUN_10020f70,10020f70,10020fc6,45,
10020fbb,.text,,10020f70,FUN_10020f70,10020f70,10020fc6,4b,
10020fc1,.text,,10020f70,FUN_10020f70,10020f70,10020fc6,51,
10020fd1,.text,,10020fd0,FUN_10020fd0,10020fd0,10021026,1,
10020fda,.text,,10020fd0,FUN_10020fd0,10020fd0,10021026,a,
10020fde,.text,,10020fd0,FUN_10020fd0,10020fd0,10021026,e,
10020ff0,.text,,10020fd0,FUN_10020fd0,10020fd0,10021026,20,
10020ff6,.text,,10020fd0,FUN_10020fd0,10020fd0,10021026,26,
10020ffc,.text,,10020fd0,FUN_10020fd0,10020fd0,10021026,2c,
10021002,.text,,10020fd0,FUN_10020fd0,10020fd0,10021026,32,
10021015,.text,,10020fd0,FUN_10020fd0,10020fd0,10021026,45,
1002101b,.text,,10020fd0,FUN_10020fd0,10020fd0,10021026,4b,
10021021,.text,,10020fd0,FUN_10020fd0,10020fd0,10021026,51,
10021031,.text,,10021030,FUN_10021030,10021030,10021086,1,
1002103a,.text,,10021030,FUN_10021030,10021030,10021086,a,
1002103e,.text,,10021030,FUN_10021030,10021030,10021086,e,
10021050,.text,,10021030,FUN_10021030,10021030,10021086,20,
10021056,.text,,10021030,FUN_10021030,10021030,10021086,26,
1002105c,.text,,10021030,FUN_10021030,10021030,10021086,2c,
10021062,.text,,10021030,FUN_10021030,10021030,10021086,32,
10021075,.text,,10021030,FUN_10021030,10021030,10021086,45,
1002107b,.text,,10021030,FUN_10021030,10021030,10021086,4b,
10021081,.text,,10021030,FUN_10021030,10021030,10021086,51,
10021091,.text,,10021090,FUN_10021090,10021090,100210e6,1,
1002109a,.text,,10021090,FUN_10021090,10021090,100210e6,a,
1002109e,.text,,10021090,FUN_10021090,10021090,100210e6,e,
100210b0,.text,,10021090,FUN_10021090,10021090,100210e6,20,
100210b6,.text,,10021090,FUN_10021090,10021090,100210e6,26,
100210bc,.text,,10021090,FUN_10021090,10021090,100210e6,2c,
100210c2,.text,,10021090,FUN_10021090,10021090,100210e6,32,
100210d5,.text,,10021090,FUN_10021090,10021090,100210e6,45,
100210db,.text,,10021090,FUN_10021090,10021090,100210e6,4b,
100210e1,.text,,10021090,FUN_10021090,10021090,100210e6,51,
100210f1,.text,,100210f0,FUN_100210f0,100210f0,10021146,1,
100210fa,.text,,100210f0,FUN_100210f0,100210f0,10021146,a,
100210fe,.text,,100210f0,FUN_100210f0,100210f0,10021146,e,
10021110,.text,,100210f0,FUN_100210f0,100210f0,10021146,20,
10021116,.text,,100210f0,FUN_100210f0,100210f0,10021146,26,
1002111c,.text,,100210f0,FUN_100210f0,100210f0,10021146,2c,
10021122,.text,,100210f0,FUN_100210f0,100210f0,10021146,32,
10021135,.text,,100210f0,FUN_100210f0,100210f0,10021146,45,
1002113b,.text,,100210f0,FUN_100210f0,100210f0,10021146,4b,
10021141,.text,,100210f0,FUN_100210f0,100210f0,10021146,51,
10021151,.text,,10021150,FUN_10021150,10021150,100211a6,1,
1002115a,.text,,10021150,FUN_10021150,10021150,100211a6,a,
1002115e,.text,,10021150,FUN_10021150,10021150,100211a6,e,
10021170,.text,,10021150,FUN_10021150,10021150,100211a6,20,
10021176,.text,,10021150,FUN_10021150,10021150,100211a6,26,
1002117c,.text,,10021150,FUN_10021150,10021150,100211a6,2c,
10021182,.text,,10021150,FUN_10021150,10021150,100211a6,32,
10021195,.text,,10021150,FUN_10021150,10021150,100211a6,45,
1002119b,.text,,10021150,FUN_10021150,10021150,100211a6,4b,
100211a1,.text,,10021150,FUN_10021150,10021150,100211a6,51,
100211b1,.text,,100211b0,FUN_100211b0,100211b0,10021206,1,
100211ba,.text,,100211b0,FUN_100211b0,100211b0,10021206,a,
100211be,.text,,100211b0,FUN_100211b0,100211b0,10021206,e,
100211d0,.text,,100211b0,FUN_100211b0,100211b0,10021206,20,
100211d6,.text,,100211b0,FUN_100211b0,100211b0,10021206,26,
100211dc,.text,,100211b0,FUN_100211b0,100211b0,10021206,2c,
100211e2,.text,,100211b0,FUN_100211b0,100211b0,10021206,32,
100211f5,.text,,100211b0,FUN_100211b0,100211b0,10021206,45,
100211fb,.text,,100211b0,FUN_100211b0,100211b0,10021206,4b,
10021201,.text,,100211b0,FUN_100211b0,100211b0,10021206,51,
10021211,.text,,10021210,FUN_10021210,10021210,10021266,1,
1002121a,.text,,10021210,FUN_10021210,10021210,10021266,a,
1002121e,.text,,10021210,FUN_10021210,10021210,10021266,e,
10021230,.text,,10021210,FUN_10021210,10021210,10021266,20,
10021236,.text,,10021210,FUN_10021210,10021210,10021266,26,
1002123c,.text,,10021210,FUN_10021210,10021210,10021266,2c,
10021242,.text,,10021210,FUN_10021210,10021210,10021266,32,
10021255,.text,,10021210,FUN_10021210,10021210,10021266,45,
1002125b,.text,,10021210,FUN_10021210,10021210,10021266,4b,
10021261,.text,,10021210,FUN_10021210,10021210,10021266,51,
10021269,.text,,10021267,FUN_10021267,10021267,1002127a,2,
1002126d,.text,,10021267,FUN_10021267,10021267,1002127a,6,
10021272,.text,,10021267,FUN_10021267,10021267,1002127a,b,
