address,memory_block,symbols,data_or_code_unit,incoming_references
10022068,".rdata","PTR_GetCommandLineA_10022068[Label,DEFAULT,primary]","10022068:addr 00028b04:type=pointer","10010f92:READ@10010f59:__CRT_INIT@12"
100220c4,".rdata","PTR_GetACP_100220c4[Label,DEFAULT,primary]","100220c4:addr 00028ce2:type=pointer","10014536:READ@100144ea:getSystemCP"
100220c8,".rdata","PTR_GetOEMCP_100220c8[Label,DEFAULT,primary]","100220c8:addr 00028cec:type=pointer","10014513:READ@100144ea:getSystemCP"
10022154,".rdata","DAT_10022154[Label,DEFAULT,primary]","10022154:undefined4 00000000h:type=undefined4","10012c63:READ@10012c05:__cinit|10012c52:DATA@10012c05:__cinit"
100221b4,".rdata","DAT_100221b4[Label,DEFAULT,primary]","100221b4:?? 00h:type=undefined","10012c57:DATA@10012c05:__cinit"
100221b8,".rdata","DAT_100221b8[Label,DEFAULT,primary]","100221b8:?? 00h:type=undefined","10012c36:DATA@10012c05:__cinit"
100221d0,".rdata","DAT_100221d0[Label,DEFAULT,primary]","100221d0:?? 00h:type=undefined","10012c31:DATA@10012c05:__cinit"
100221d4,".rdata","DAT_100221d4[Label,DEFAULT,primary]","100221d4:undefined4 00000000h:type=undefined4","10012d59:DATA@10012c9c:doexit|10012d6c:READ@10012c9c:doexit"
100221e4,".rdata","DAT_100221e4[Label,DEFAULT,primary]","100221e4:undefined4 00000000h:type=undefined4","10012d7a:DATA@10012c9c:doexit|10012d8d:READ@10012c9c:doexit"
10022268,".rdata","DAT_10022268[Label,DEFAULT,primary]","10022268:undefined4 00000000h:type=undefined4","100110f3:READ@100110bd:___DllMainCRTStartup|10011146:READ@100110bd:___DllMainCRTStartup|10011173:READ@100110bd:___DllMainCRTStartup"
1002226c,".rdata","DAT_1002226c[Label,DEFAULT,primary]","1002226c:undefined4 E06D7363h:type=undefined4","10011583:READ@1001156b:__CxxThrowException@8|1001157b:DATA@1001156b:__CxxThrowException@8"
100226f0,".rdata","DAT_100226f0[Label,DEFAULT,primary]","100226f0:?? 3Dh    =:type=undefined","10015621:DATA@100154dc:__output_l|100237d8:DATA"
10022710,".rdata","DAT_10022710[Label,DEFAULT,primary]","10022710:?? 06h:type=undefined","1001562f:DATA@100154dc:__output_l"
10022770,".rdata","DAT_10022770[Label,DEFAULT,primary]","10022770:?? 05h:type=undefined","10014cdd:DATA@10014cc3:__initptd|10014e86:DATA@10014e0a:__freefls@4"
10022800,".rdata","DAT_10022800[Label,DEFAULT,primary]","10022800:undefined4 00000003h:type=undefined4","10017fe8:READ@10017ed5:_raise|10017ff7:READ@10017ed5:_raise"
10022804,".rdata","DAT_10022804[Label,DEFAULT,primary]","10022804:undefined4 00000009h:type=undefined4","10017ff1:READ@10017ed5:_raise"
1002280c,".rdata","DAT_1002280c[Label,DEFAULT,primary]","1002280c:undefined4 0000000Ch:type=undefined4","10017e99:READ@10017e91:siglookup"
10023090,".rdata","DAT_10023090[Label,DEFAULT,primary]","10023090:undefined4 00000002h:type=undefined4","100170ba:READ@100170b0:__GET_RTERRMSG"
10023094,".rdata","","10023094:?? 30h    0:type=undefined",""
100243dc,".rdata","DAT_100243dc[Label,DEFAULT,primary]","100243dc:undefined2 005Ch:type=undefined2","10001cba:READ@10001b90:FUN_10001b90"
10024424,".rdata","DAT_10024424[Label,DEFAULT,primary]","10024424:?? 6Dh    m:type=undefined","10001eff:DATA@10001e80:FUN_10001e80"
10024650,".rdata","DAT_10024650[Label,DEFAULT,primary]","10024650:undefined4 00642520h:type=undefined4","100039bb:READ@10003810:FUN_10003810"
10024a14,".rdata","DAT_10024a14[Label,DEFAULT,primary]","10024a14:undefined4 006E6F5Fh:type=undefined4","10007f18:READ@100076d0:FUN_100076d0"
10024e70,".rdata","DAT_10024e70[Label,DEFAULT,primary]","10024e70:?? 00h:type=undefined","10004ef3:READ@10004bb0:FUN_10004bb0|10004f79:READ@10004bb0:FUN_10004bb0|1000740f:READ@100073f0:FUN_100073f0|10008d52:READ@10008d20:FUN_10008d20"
10024e78,".rdata","DAT_10024e78[Label,DEFAULT,primary]","10024e78:?? 00h:type=undefined","10004eea:READ@10004bb0:FUN_10004bb0|10004f70:READ@10004bb0:FUN_10004bb0|10008d49:READ@10008d20:FUN_10008d20"
10024e80,".rdata","DAT_10024e80[Label,DEFAULT,primary]","10024e80:?? 1Dh:type=undefined","1000694c:READ@10006790:FUN_10006790|10006973:READ@10006790:FUN_10006790|1000699f:READ@10006790:FUN_10006790"
10024e88,".rdata","DAT_10024e88[Label,DEFAULT,primary]","10024e88:?? 00h:type=undefined","10003706:READ@10003660:FUN_10003660|10006ed4:READ@10006be0:FUN_10006be0"
10024e90,".rdata","DAT_10024e90[Label,DEFAULT,primary]","10024e90:?? 00h:type=undefined","10004d9b:READ@10004bb0:FUN_10004bb0|10004db0:READ@10004bb0:FUN_10004bb0|10004e0f:READ@10004bb0:FUN_10004bb0|10004e24:READ@10004bb0:FUN_10004bb0|10004e83:READ@10004bb0:FUN_10004bb0|10004e98:READ@10004bb0:FUN_10004bb0|10007ed4:READ@100076d0:FUN_100076d0|10007eec:READ@100076d0:FUN_100076d0|10006937:READ@10006790:FUN_10006790|1000698e:READ@10006790:FUN_10006790"
10024e98,".rdata","DAT_10024e98[Label,DEFAULT,primary]","10024e98:?? 00h:type=undefined","100068b8:READ@10006790:FUN_10006790|100068ec:READ@10006790:FUN_10006790"
10024ea0,".rdata","DAT_10024ea0[Label,DEFAULT,primary]","10024ea0:?? 00h:type=undefined","100068b2:READ@10006790:FUN_10006790|100068e6:READ@10006790:FUN_10006790"
10024ea8,".rdata","DAT_10024ea8[Label,DEFAULT,primary]","10024ea8:?? 00h:type=undefined","10004a48:READ@10004a00:FUN_10004a00"
10024eb0,".rdata","DAT_10024eb0[Label,DEFAULT,primary]","10024eb0:?? 00h:type=undefined","10005e98:READ@10005d30:FUN_10005d30|1000606f:READ@10005ef0:FUN_10005ef0|1000743f:READ@100073f0:FUN_100073f0|10007460:READ@100073f0:FUN_100073f0|10007481:READ@100073f0:FUN_100073f0|100074ad:READ@100073f0:FUN_100073f0"
10024ec0,".rdata","DAT_10024ec0[Label,DEFAULT,primary]","10024ec0:?? 00h:type=undefined","10006fd4:READ@10006be0:FUN_10006be0|100073a2:READ@10007030:FUN_10007030"
10024ec8,".rdata","DAT_10024ec8[Label,DEFAULT,primary]","10024ec8:?? 00h:type=undefined","10005ce4:READ@10005b60:FUN_10005b60|10005eaa:READ@10005d30:FUN_10005d30|10006081:READ@10005ef0:FUN_10005ef0|10006fc6:READ@10006be0:FUN_10006be0|10007394:READ@10007030:FUN_10007030"
10024ed0,".rdata","DAT_10024ed0[Label,DEFAULT,primary]","10024ed0:?? 00h:type=undefined","10006f4b:READ@10006be0:FUN_10006be0|10007325:READ@10007030:FUN_10007030"
10024ed8,".rdata","DAT_10024ed8[Label,DEFAULT,primary]","10024ed8:?? CDh:type=undefined","10005ca0:READ@10005b60:FUN_10005b60|10005e60:READ@10005d30:FUN_10005d30|10006037:READ@10005ef0:FUN_10005ef0|10006f1a:READ@10006be0:FUN_10006be0|100072eb:READ@10007030:FUN_10007030"
10024ee0,".rdata","DAT_10024ee0[Label,DEFAULT,primary]","10024ee0:?? 9Ah:type=undefined","10005c93:READ@10005b60:FUN_10005b60|10005e53:READ@10005d30:FUN_10005d30|1000602a:READ@10005ef0:FUN_10005ef0|10006f0d:READ@10006be0:FUN_10006be0|100072db:READ@10007030:FUN_10007030"
10024ee8,".rdata","DAT_10024ee8[Label,DEFAULT,primary]","10024ee8:?? 33h    3:type=undefined","100072af:READ@10007030:FUN_10007030"
10024eec,".rdata","DAT_10024eec[Label,DEFAULT,primary]","10024eec:?? 33h    3:type=undefined","10006ef0:READ@10006be0:FUN_10006be0|1000729f:READ@10007030:FUN_10007030"
10024ef0,".rdata","DAT_10024ef0[Label,DEFAULT,primary]","10024ef0:?? 33h    3:type=undefined","10007283:READ@10007030:FUN_10007030"
10024ef8,".rdata","DAT_10024ef8[Label,DEFAULT,primary]","10024ef8:?? CDh:type=undefined","10006eb3:READ@10006be0:FUN_10006be0|1000726f:READ@10007030:FUN_10007030"
10024f00,".rdata","DAT_10024f00[Label,DEFAULT,primary]","10024f00:?? 9Ah:type=undefined","1000717c:READ@10007030:FUN_10007030|10007214:READ@10007030:FUN_10007030"
10024f08,".rdata","DAT_10024f08[Label,DEFAULT,primary]","10024f08:?? 00h:type=undefined","10007176:READ@10007030:FUN_10007030|1000720e:READ@10007030:FUN_10007030|10007787:READ@100076d0:FUN_100076d0|100077ef:READ@100076d0:FUN_100076d0"
10024f10,".rdata","DAT_10024f10[Label,DEFAULT,primary]","10024f10:?? 00h:type=undefined","10006d37:READ@10006be0:FUN_10006be0|10006dab:READ@10006be0:FUN_10006be0|10006e67:READ@10006be0:FUN_10006be0|10007155:READ@10007030:FUN_10007030|100071e7:READ@10007030:FUN_10007030"
10024f14,".rdata","DAT_10024f14[Label,DEFAULT,primary]","10024f14:?? 00h:type=undefined","10007135:READ@10007030:FUN_10007030|100071c5:READ@10007030:FUN_10007030"
10024f28,".rdata","DAT_10024f28[Label,DEFAULT,primary]","10024f28:?? 00h:type=undefined","10005c0e:READ@10005b60:FUN_10005b60|10005dce:READ@10005d30:FUN_10005d30|10005fa3:READ@10005ef0:FUN_10005ef0|10006cef:READ@10006be0:FUN_10006be0|10006d96:READ@10006be0:FUN_10006be0|10006df7:READ@10006be0:FUN_10006be0|10007114:READ@10007030:FUN_10007030|100071d5:READ@10007030:FUN_10007030"
10024f30,".rdata","DAT_10024f30[Label,DEFAULT,primary]","10024f30:?? 00h:type=undefined","10006cd6:READ@10006be0:FUN_10006be0|10006e21:READ@10006be0:FUN_10006be0|100070fb:READ@10007030:FUN_10007030"
10024f38,".rdata","DAT_10024f38[Label,DEFAULT,primary]","10024f38:?? 00h:type=undefined","10006e09:READ@10006be0:FUN_10006be0"
10024f3c,".rdata","DAT_10024f3c[Label,DEFAULT,primary]","10024f3c:?? 66h    f:type=undefined","10005ed0:READ@10005d30:FUN_10005d30|100060a7:READ@10005ef0:FUN_10005ef0"
10024f40,".rdata","DAT_10024f40[Label,DEFAULT,primary]","10024f40:?? 00h:type=undefined","10005c18:READ@10005b60:FUN_10005b60|10005ec2:READ@10005d30:FUN_10005d30|10006099:READ@10005ef0:FUN_10005ef0"
10024f48,".rdata","DAT_10024f48[Label,DEFAULT,primary]","10024f48:?? 66h    f:type=undefined","10005c51:READ@10005b60:FUN_10005b60|10005e11:READ@10005d30:FUN_10005d30|10005fec:READ@10005ef0:FUN_10005ef0"
10024f50,".rdata","DAT_10024f50[Label,DEFAULT,primary]","10024f50:?? 00h:type=undefined","10005dd8:READ@10005d30:FUN_10005d30|10005fad:READ@10005ef0:FUN_10005ef0"
10024f58,".rdata","DAT_10024f58[Label,DEFAULT,primary]","10024f58:?? 9Ah:type=undefined","10005bad:READ@10005b60:FUN_10005b60|10005d6d:READ@10005d30:FUN_10005d30|10005f42:READ@10005ef0:FUN_10005ef0"
10024f60,".rdata","DAT_10024f60[Label,DEFAULT,primary]","10024f60:?? CDh:type=undefined","10005d0f:READ@10005b60:FUN_10005b60"
10024f68,".rdata","DAT_10024f68[Label,DEFAULT,primary]","10024f68:?? CDh:type=undefined","10005cfc:READ@10005b60:FUN_10005b60"
10024f70,".rdata","DAT_10024f70[Label,DEFAULT,primary]","10024f70:?? 00h:type=undefined","100080ad:READ@10008000:FUN_10008000"
10024f78,".rdata","DAT_10024f78[Label,DEFAULT,primary]","10024f78:?? 00h:type=undefined","1000809a:READ@10008000:FUN_10008000"
10024f80,".rdata","DAT_10024f80[Label,DEFAULT,primary]","10024f80:?? 00h:type=undefined","10008092:READ@10008000:FUN_10008000"
10024f88,".rdata","DAT_10024f88[Label,DEFAULT,primary]","10024f88:?? 00h:type=undefined","10020381:READ@1002023a:__handle_exc|10007fb1:READ"
10024f90,".rdata","DAT_10024f90[Label,DEFAULT,primary]","10024f90:?? 00h:type=undefined","10007ebd:READ@100076d0:FUN_100076d0"
10024f94,".rdata","DAT_10024f94[Label,DEFAULT,primary]","10024f94:?? 00h:type=undefined","10007a01:READ@100076d0:FUN_100076d0|10007af9:READ@100076d0:FUN_100076d0|10007bdc:READ@100076d0:FUN_100076d0|10007d74:READ@100076d0:FUN_100076d0"
10024f98,".rdata","DAT_10024f98[Label,DEFAULT,primary]","10024f98:?? 00h:type=undefined","10006aab:READ@10006a50:FUN_10006a50"
10024fa0,".rdata","DAT_10024fa0[Label,DEFAULT,primary]","10024fa0:?? 7Ah    z:type=undefined","10006532:READ@10006360:FUN_10006360|10006636:READ@10006360:FUN_10006360|1000673a:READ@10006360:FUN_10006360"
10024fa8,".rdata","DAT_10024fa8[Label,DEFAULT,primary]","10024fa8:?? 00h:type=undefined","10005024:READ@10004bb0:FUN_10004bb0"
10024fac,".rdata","DAT_10024fac[Label,DEFAULT,primary]","10024fac:?? 00h:type=undefined","10005001:READ@10004bb0:FUN_10004bb0"
10024fb0,".rdata","DAT_10024fb0[Label,DEFAULT,primary]","10024fb0:?? 00h:type=undefined","10004ff9:READ@10004bb0:FUN_10004bb0"
10024fb8,".rdata","DAT_10024fb8[Label,DEFAULT,primary]","10024fb8:?? 00h:type=undefined","10004f2d:READ@10004bb0:FUN_10004bb0|10004f98:READ@10004bb0:FUN_10004bb0"
10024fc0,".rdata","DAT_10024fc0[Label,DEFAULT,primary]","10024fc0:?? 00h:type=undefined","10004d42:READ@10004bb0:FUN_10004bb0"
10024fc8,".rdata","DAT_10024fc8[Label,DEFAULT,primary]","10024fc8:?? 00h:type=undefined","10003605:READ@10003400:FUN_10003400|100037bf:READ@10003660:FUN_10003660"
10024fd0,".rdata","DAT_10024fd0[Label,DEFAULT,primary]","10024fd0:?? 00h:type=undefined","1000354c:READ@10003400:FUN_10003400|10003732:READ@10003660:FUN_10003660"
10024fd8,".rdata","DAT_10024fd8[Label,DEFAULT,primary]","10024fd8:?? 00h:type=undefined","10003508:READ@10003400:FUN_10003400|100036fc:READ@10003660:FUN_10003660"
10024fe0,".rdata","DAT_10024fe0[Label,DEFAULT,primary]","10024fe0:?? 66h    f:type=undefined","1000352c:READ@10003400:FUN_10003400"
10024fe8,".rdata","DAT_10024fe8[Label,DEFAULT,primary]","10024fe8:?? 00h:type=undefined","1000351c:READ@10003400:FUN_10003400"
10024ff0,".rdata","DAT_10024ff0[Label,DEFAULT,primary]","10024ff0:?? 00h:type=undefined","10003305:READ@10003200:FUN_10003200"
10024ff8,".rdata","DAT_10024ff8[Label,DEFAULT,primary]","10024ff8:?? 00h:type=undefined","100032fc:READ@10003200:FUN_10003200"
10025000,".rdata","DAT_10025000[Label,DEFAULT,primary]","10025000:?? 00h:type=undefined","10003168:READ@10003130:FUN_10003130"
10025010,".rdata","DAT_10025010[Label,DEFAULT,primary]","10025010:?? 00h:type=undefined","1001c672:DATA@1001c60e:FUN_1001c60e|1001c6c6:DATA@1001c60e:FUN_1001c60e|1001c6f7:DATA@1001c60e:FUN_1001c60e"
10025018,".rdata","DAT_10025018[Label,DEFAULT,primary]","10025018:?? 00h:type=undefined","1001c691:DATA@1001c60e:FUN_1001c60e|1001c70b:DATA@1001c60e:FUN_1001c60e|1001c720:DATA@1001c60e:FUN_1001c60e"
10025020,".rdata","DAT_10025020[Label,DEFAULT,primary]","10025020:?? 00h:type=undefined","1001c72d:DATA@1001c60e:FUN_1001c60e"
10025028,".rdata","DAT_10025028[Label,DEFAULT,primary]","10025028:?? 00h:type=undefined","1001c6ce:DATA@1001c60e:FUN_1001c60e"
10025810,".rdata","DAT_10025810[Label,DEFAULT,primary]","10025810:?? 55h    U:type=undefined","1001c6fb:READ@1001c60e:FUN_1001c60e"
10025818,".rdata","","10025818:?? 00h:type=undefined",""
10025820,".rdata","DAT_10025820[Label,DEFAULT,primary]","10025820:?? 11h:type=undefined","1001c6aa:READ@1001c60e:FUN_1001c60e"
10025828,".rdata","","10025828:?? 55h    U:type=undefined",""
10025830,".rdata","DAT_10025830[Label,DEFAULT,primary]","10025830:?? 1Ah:type=undefined","1001c6ef:READ@1001c60e:FUN_1001c60e"
10025838,".rdata","","10025838:?? 17h:type=undefined",""
10025840,".rdata","DAT_10025840[Label,DEFAULT,primary]","10025840:?? 34h    4:type=undefined","1001c66a:READ@1001c60e:FUN_1001c60e"
10025848,".rdata","","10025848:?? 1Ah:type=undefined",""
10025850,".rdata","DAT_10025850[Label,DEFAULT,primary]","10025850:undefined8 40245F306DC9C883h:type=undefined8","1001c625:READ@1001c60e:FUN_1001c60e"
10025858,".rdata","DAT_10025858[Label,DEFAULT,primary]","10025858:undefined8 4338000000000000h:type=undefined8","1001c631:READ@1001c60e:FUN_1001c60e"
10025860,".rdata","DAT_10025860[Label,DEFAULT,primary]","10025860:?? 00h:type=undefined","1001c64d:READ@1001c60e:FUN_1001c60e"
10025868,".rdata","","10025868:?? 00h:type=undefined",""
10025870,".rdata","DAT_10025870[Label,DEFAULT,primary]","10025870:undefined8 3FB921FB54400000h:type=undefined8","1001c641:READ@1001c60e:FUN_1001c60e"
10025878,".rdata","DAT_10025878[Label,DEFAULT,primary]","10025878:?? 73h    s:type=undefined","1001c685:READ@1001c60e:FUN_1001c60e"
10025890,".rdata","DAT_10025890[Label,DEFAULT,primary]","10025890:?? FFh:type=undefined","1001c776:READ@1001c60e:FUN_1001c60e"
100258b0,".rdata","DAT_100258b0[Label,DEFAULT,primary]","100258b0:?? 00h:type=undefined","1001b630:READ@1001b5bd:FUN_1001b5bd|1001b43f:READ@1001b3d8:FUN_1001b3d8|1001b56f:READ@1001b508:FUN_1001b508"
100258e8,".rdata","DAT_100258e8[Label,DEFAULT,primary]","100258e8:undefined2 027Fh:type=undefined2","1001b3e7:READ@1001b3d8:FUN_1001b3d8|1001b517:READ@1001b508:FUN_1001b508"
100258ea,".rdata","DAT_100258ea[Label,DEFAULT,primary]","100258ea:?? 35h    5:type=undefined","1001b412:READ@1001b3d8:FUN_1001b3d8|1001b542:READ@1001b508:FUN_1001b508"
10025930,".rdata","DAT_10025930[Label,DEFAULT,primary]","10025930:?? 00h:type=undefined","1001cc02:DATA@1001cb9e:FUN_1001cb9e|1001cc56:DATA@1001cb9e:FUN_1001cb9e|1001cc87:DATA@1001cb9e:FUN_1001cb9e"
10026130,".rdata","DAT_10026130[Label,DEFAULT,primary]","10026130:?? 55h    U:type=undefined","1001cc8b:READ@1001cb9e:FUN_1001cb9e"
10026140,".rdata","DAT_10026140[Label,DEFAULT,primary]","10026140:?? 11h:type=undefined","1001cc3a:READ@1001cb9e:FUN_1001cb9e"
10026150,".rdata","DAT_10026150[Label,DEFAULT,primary]","10026150:?? 1Ah:type=undefined","1001cc7f:READ@1001cb9e:FUN_1001cb9e"
10026160,".rdata","DAT_10026160[Label,DEFAULT,primary]","10026160:?? 34h    4:type=undefined","1001cbfa:READ@1001cb9e:FUN_1001cb9e"
10026170,".rdata","DAT_10026170[Label,DEFAULT,primary]","10026170:undefined8 40245F306DC9C883h:type=undefined8","1001cbb5:READ@1001cb9e:FUN_1001cb9e"
10026178,".rdata","DAT_10026178[Label,DEFAULT,primary]","10026178:undefined8 4338000000000000h:type=undefined8","1001cbc1:READ@1001cb9e:FUN_1001cb9e"
10026180,".rdata","DAT_10026180[Label,DEFAULT,primary]","10026180:?? 00h:type=undefined","1001cbdd:READ@1001cb9e:FUN_1001cb9e"
10026190,".rdata","DAT_10026190[Label,DEFAULT,primary]","10026190:undefined8 3FB921FB54400000h:type=undefined8","1001cbd1:READ@1001cb9e:FUN_1001cb9e"
10026198,".rdata","DAT_10026198[Label,DEFAULT,primary]","10026198:?? 73h    s:type=undefined","1001cc15:READ@1001cb9e:FUN_1001cb9e"
100261c0,".rdata","DAT_100261c0[Label,DEFAULT,primary]","100261c0:undefined8 3FF0000000000000h:type=undefined8","1001cd0a:READ@1001cb9e:FUN_1001cb9e"
100281ac,".rdata","DAT_100281ac[Label,DEFAULT,primary]","100281ac:?? 00h:type=undefined","100101dc:DATA@100101c2:FUN_100101c2"
10028228,".rdata","DAT_10028228[Label,DEFAULT,primary]","10028228:?? FEh:type=undefined","1001067a:DATA@10010678:__fsopen"
10028500,".rdata","DAT_10028500[Label,DEFAULT,primary]","10028500:?? FEh:type=undefined","100189f7:DATA@100189f5:FID_conflict:__sopen_helper"
10028608,".rdata","DAT_10028608[Label,DEFAULT,primary]","10028608:?? 00h:type=undefined","1000d43b:DATA@1000d400:FUN_1000d400|1000147f:DATA@10001430:FUN_10001430|100208b7:DATA@10020870:FUN_10020870|10010901:DATA@10010893:FUN_10010893"
10029060,".data","DAT_10029060[Label,DEFAULT,primary]","10029060:undefined4 00000001h:type=undefined4","100118b9:READ@100118af:__get_errno_from_oserr"
100291c8,".data","DAT_100291c8[Label,DEFAULT,primary]","100291c8:?? 0Ch:type=undefined","100118fa:DATA@100118f1:__errno"
100291cc,".data","DAT_100291cc[Label,DEFAULT,primary]","100291cc:?? 08h:type=undefined","1001190d:DATA@10011904:___doserrno"
10029430,".data","DAT_10029430[Label,DEFAULT,primary]","10029430:?? 00h:type=undefined","10013108:DATA@100130f6:__lock_file|1001317a:DATA@10013169:__unlock_file"
10029450,".data","DAT_10029450[Label,DEFAULT,primary]","10029450:?? FFh:type=undefined","100105d0:DATA@10010540:_fgets|100105f9:DATA@10010540:_fgets|1001097e:DATA@10010913:_fputs|100109a7:DATA@10010913:_fputs|10011a75:DATA@100119f1:__input_l|1001329f:DATA@100131d4:__filbuf|100153db:DATA@100152d1:__flsbuf|1001557f:DATA@100154dc:__output_l|100177f0:DATA@100177d5:__ungetc_nolock|1001308c:DATA"
10029490,".data","DAT_10029490[Label,DEFAULT,primary]","10029490:undefined4 BB40E64Eh:type=undefined4","10026324:DATA|10012e3d:READ@10012e20:__SEH_prolog4|100170e1:READ@100170d6:__NMSG_WRITE|1001172f:READ@10011724:__call_reportfault|100172d5:READ@100172d5:__security_check_cookie|1001aeca:READ@1001ae25:___report_gsfailure|1001aac2:READ@1001aaba:___crtMessageBoxW|100139a0:READ@10013980:__local_unwind4|1001456e:READ@10014566:__setmbcp_nolock|100142c1:READ@100142b6:setSBUpLow|10016eb6:READ@10016eae:___security_init_cookie|10016f36:WRITE@10016eae:___security_init_cookie|1001813e:READ@10018120:__IsNonwritableInCurrentImage|10019375:READ@10019366:__write_nolock|10019c8e:READ@10019c86:__crtLCMapStringA_stat|10019eba:READ@10019eb3:__crtGetStringTypeA_stat|100154e7:READ@100154dc:__output_l|1001df1b:READ@1001defe:__87except|100119fc:READ@100119f1:__input_l|10012ea0:READ@10012e90:__except_handler4|10018edc:READ@10018ec5:__local_unwind2|1001b9e6:READ@1001b9de:_CallCatchBlock2|1001b77f:READ@1001b750:_CallSETranslator|1001e054:READ@1001e03d:__EH_prolog3_catch|1001da64:READ@1001da5c:FID_conflict:__atoflt_l|1001db0c:READ@1001db04:FID_conflict:__atoflt_l|1001e08d:READ@1001e085:FID_conflict:__ld12tod|1001e5de:READ@1001e5d6:FID_conflict:__ld12tod|1001eb2f:READ@1001eb27:___strgtold12_l|1001be07:READ@1001bdff:__cftoe_l|1001dd1a:READ@1001dd12:FUN_1001dd12|1001f20b:READ@1001f203:$I10_OUTPUT|1001c367:READ@1001c35f:__cftof_l|1001c428:READ@1001c420:__cftog_l|1001a76f:READ@1001a76f:__get_printf_count_output|100106f5:DATA@10010678:__fsopen|10012fb6:DATA@10012e90:__except_handler4|1001300d:DATA@10012e90:__except_handler4"
10029494,".data","DAT_10029494[Label,DEFAULT,primary]","10029494:undefined4 44BF19B1h:type=undefined4","1001aed5:READ@1001ae25:___report_gsfailure|10016ed9:WRITE@10016eae:___security_init_cookie|10016f3e:WRITE@10016eae:___security_init_cookie"
100294a0,".data","DAT_100294a0[Label,DEFAULT,primary]","100294a0:?? 00h:type=undefined","100144bd:DATA@10014446:___updatetmbcinfo|100144c6:DATA@10014446:___updatetmbcinfo|100144c9:DATA@10014446:___updatetmbcinfo|10014cff:DATA@10014cc3:__initptd|10014d12:DATA@10014cc3:__initptd|10014876:DATA@1001474f:__setmbcp|10014892:DATA@1001474f:__setmbcp|10014284:DATA@10014252:setSBCS|100144a9:DATA@10014446:___updatetmbcinfo|100147d2:DATA@1001474f:__setmbcp|1001488b:DATA@1001474f:__setmbcp|100148c0:DATA@1001474f:__setmbcp|10014eb2:DATA@10014e0a:__freefls@4|100298c8:DATA"
100296c0,".data","DAT_100296c0[Label,DEFAULT,primary]","100296c0:undefined1 00h:type=undefined1","10014851:WRITE@1001474f:__setmbcp"
100297c8,".data","DAT_100297c8[Label,DEFAULT,primary]","100297c8:undefined1 00h:type=undefined1","1001486d:WRITE@1001474f:__setmbcp"
100298cc,".data","","100298cc:?? 01h:type=undefined",""
100298d0,".data","DAT_100298d0[Label,DEFAULT,primary]","100298d0:undefined4 000003A4h:type=undefined4","100145a4:READ@10014566:__setmbcp_nolock"
100298e0,".data","DAT_100298e0[Label,DEFAULT,primary]","100298e0:?? A6h:type=undefined","10014692:DATA@10014566:__setmbcp_nolock|1001465c:DATA@10014566:__setmbcp_nolock"
100299c0,".data","DAT_100299c0[Label,DEFAULT,primary]","100299c0:undefined4 FFFFFFFEh:type=undefined4","100147f6:READ@1001474f:__setmbcp|10014459:READ@10014446:___updatetmbcinfo|10010b4a:READ@10010b1a:_LocaleUpdate|10010b6a:READ@10010b1a:_LocaleUpdate|10014bda:READ@10014bc7:___updatetlocinfo"
10029b30,".data","DAT_10029b30[Label,DEFAULT,primary]","10029b30:?? 01h:type=undefined","10014d41:DATA@10014cc3:__initptd|10014d44:DATA@10014cc3:__initptd|10014c12:DATA@10014bc7:___updatetlocinfo|10014bae:DATA@10014b7a:__updatetlocinfoEx_nolock|10014ef2:DATA@10014e0a:__freefls@4|10029c08:DATA"
10029c0c,".data","DAT_10029c0c[Label,DEFAULT,primary]","10029c0c:undefined4 FFFFFFFFh:type=undefined4","10014d81:READ@10014d77:__getptd_noexit|10014dab:READ@10014d77:__getptd_noexit|1001106b:READ@10010f59:__CRT_INIT@12|10011037:READ@10011032:FUN_10011032|10014c86:READ@10014c86:__mtterm|10014c9f:READ_WRITE@10014c86:__mtterm|10014f3e:READ@10014f39:__freeptd|10014f60:READ@10014f39:__freeptd|10014f76:READ@10014f39:__freeptd|100150ca:WRITE@10014fa7:__mtinit|100150e9:READ@10014fa7:__mtinit"
10029c10,".data","DAT_10029c10[Label,DEFAULT,primary]","10029c10:undefined4 FFFFFFFFh:type=undefined4","10014c55:READ@10014c52:___set_flsgetvalue|10014c76:READ@10014c52:___set_flsgetvalue|10014ca6:READ@10014c86:__mtterm|10014cb7:READ_WRITE@10014c86:__mtterm|10014f4e:READ@10014f39:__freeptd|10014f66:READ@10014f39:__freeptd|10014f92:READ@10014f39:__freeptd|1001504e:WRITE@10014fa7:__mtinit"
10029c30,".data","DAT_10029c30[Label,DEFAULT,primary]","10029c30:?? 00h:type=undefined","100163f0:DATA@10016088:__read_nolock|100163fe:DATA@10016088:__read_nolock"
10029d30,".data","DAT_10029d30[Label,DEFAULT,primary]","10029d30:undefined4 00000002h:type=undefined4","10017097:READ@1001708f:__set_abort_behavior|100170a8:WRITE@1001708f:__set_abort_behavior|1001706d:READ@1001705c:_abort"
10029d70,".data","DAT_10029d70[Label,DEFAULT,primary]","10029d70:undefined4 00000000h:type=undefined4","10017c46:DATA@10017c31:__mtinitlocks|10017c4d:WRITE@10017c31:__mtinitlocks|10017c54:READ@10017c31:__mtinitlocks|10017c6f:READ_WRITE@10017c31:__mtinitlocks|10017c8b:READ@10017c7b:__mtdeletelocks|10017cb5:READ@10017c7b:__mtdeletelocks|10017cda:DATA@10017cd2:FUN_10017cd2|10017d27:DATA@10017ce9:__mtinitlocknum|10017d57:DATA@10017ce9:__mtinitlocknum|10017d82:DATA@10017ce9:__mtinitlocknum|10017dbb:DATA@10017dab:__lock|10017dd3:DATA@10017dab:__lock|10017c85:DATA@10017c7b:__mtdeletelocks|10017caf:DATA@10017c7b:__mtdeletelocks|10017d20:DATA@10017ce9:__mtinitlocknum|10017db4:DATA@10017dab:__lock"
10029d74,".data","DAT_10029d74[Label,DEFAULT,primary]","10029d74:undefined4 00000001h:type=undefined4","10017c3c:READ@10017c31:__mtinitlocks|10017c91:READ@10017c7b:__mtdeletelocks|10017cbb:READ@10017c7b:__mtdeletelocks"
10029f10,".data","DAT_10029f10[Label,DEFAULT,primary]","10029f10:undefined4 FFFFFFFEh:type=undefined4","1001b1d8:READ@1001b1d2:__putwch_nolock|1001b1e6:READ@1001b1d2:__putwch_nolock|1001b295:WRITE@1001b27c:___initconout|1001b29b:READ@1001b29b:FUN_1001b29b"
100374bc,".data","DAT_100374bc[Label,DEFAULT,primary]","100374bc:undefined1 FFh:type=undefined1","10004c3f:READ@10004bb0:FUN_10004bb0|10004c6a:WRITE@10004bb0:FUN_10004bb0"
100374c0,".data","DAT_100374c0[Label,DEFAULT,primary]","100374c0:undefined4 0000AFFFh:type=undefined4","10007cc7:READ@100076d0:FUN_100076d0"
10037594,".data","DAT_10037594[Label,DEFAULT,primary]","10037594:undefined4 00B4E3F0h:type=undefined4","10007c0f:READ@100076d0:FUN_100076d0|10007c1a:READ@100076d0:FUN_100076d0|10007c26:READ@100076d0:FUN_100076d0|10007c32:READ@100076d0:FUN_100076d0"
1003759c,".data","DAT_1003759c[Label,DEFAULT,primary]","1003759c:undefined4 00A9B0C8h:type=undefined4","10005b66:READ@10005b60:FUN_10005b60|10005d36:READ@10005d30:FUN_10005d30|10005ef6:READ@10005ef0:FUN_10005ef0|10007711:READ@100076d0:FUN_100076d0"
100375b8,".data","DAT_100375b8[Label,DEFAULT,primary]","100375b8:undefined4 00000000h:type=undefined4","1000a988:READ@1000a940:FUN_1000a940|1000a9b1:READ@1000a940:FUN_1000a940|1000a9a2:DATA@1000a940:FUN_1000a940|1000a9da:DATA@1000a940:FUN_1000a940|10020aaf:READ@10020a90:FUN_10020a90|10020ad3:WRITE@10020a90:FUN_10020a90"
100375bc,".data","DAT_100375bc[Label,DEFAULT,primary]","100375bc:undefined4 00000000h:type=undefined4","1000a97a:READ@1000a940:FUN_1000a940|1000a9ac:READ@1000a940:FUN_1000a940|1000a9c0:READ@1000a940:FUN_1000a940|1000a9c9:WRITE@1000a940:FUN_1000a940|1000a9e4:READ@1000a940:FUN_1000a940|1000a9f2:READ@1000a940:FUN_1000a940|1000a9fa:WRITE@1000a940:FUN_1000a940|10020ad9:WRITE@10020a90:FUN_10020a90"
100375c0,".data","DAT_100375c0[Label,DEFAULT,primary]","100375c0:undefined4 00000000h:type=undefined4","1000a99a:READ@1000a940:FUN_1000a940|1000a9d2:READ@1000a940:FUN_1000a940|10020adf:WRITE@10020a90:FUN_10020a90"
100375c8,".data","DAT_100375c8[Label,DEFAULT,primary]","100375c8:undefined4 00000000h:type=undefined4","1000aa58:READ@1000aa10:FUN_1000aa10|1000aa81:READ@1000aa10:FUN_1000aa10|1000aa72:DATA@1000aa10:FUN_1000aa10|1000aaaa:DATA@1000aa10:FUN_1000aa10|10020a90:READ@10020a90:FUN_10020a90|10020ab4:WRITE@10020a90:FUN_10020a90"
100375cc,".data","DAT_100375cc[Label,DEFAULT,primary]","100375cc:undefined4 00000000h:type=undefined4","1000aa4a:READ@1000aa10:FUN_1000aa10|1000aa7c:READ@1000aa10:FUN_1000aa10|1000aa90:READ@1000aa10:FUN_1000aa10|1000aa99:WRITE@1000aa10:FUN_1000aa10|1000aab4:READ@1000aa10:FUN_1000aa10|1000aac2:READ@1000aa10:FUN_1000aa10|1000aaca:WRITE@1000aa10:FUN_1000aa10|10020aba:WRITE@10020a90:FUN_10020a90"
100375d0,".data","DAT_100375d0[Label,DEFAULT,primary]","100375d0:undefined4 00000000h:type=undefined4","1000aa6a:READ@1000aa10:FUN_1000aa10|1000aaa2:READ@1000aa10:FUN_1000aa10|10020ac0:WRITE@10020a90:FUN_10020a90"
100375f0,".data","DAT_100375f0[Label,DEFAULT,primary]","100375f0:undefined4 00000000h:type=undefined4","10020b0f:READ@10020af0:FUN_10020af0|10020b33:WRITE@10020af0:FUN_10020af0"
100375f4,".data","DAT_100375f4[Label,DEFAULT,primary]","100375f4:?? 00h:type=undefined","10020b39:WRITE@10020af0:FUN_10020af0"
100375f8,".data","DAT_100375f8[Label,DEFAULT,primary]","100375f8:?? 00h:type=undefined","10020b3f:WRITE@10020af0:FUN_10020af0"
10037600,".data","DAT_10037600[Label,DEFAULT,primary]","10037600:undefined4 00000000h:type=undefined4","1000ab9c:READ@1000ab60:FUN_1000ab60|1000abc5:READ@1000ab60:FUN_1000ab60|1000abb6:DATA@1000ab60:FUN_1000ab60|1000abee:DATA@1000ab60:FUN_1000ab60|10020af0:READ@10020af0:FUN_10020af0|10020b14:WRITE@10020af0:FUN_10020af0"
10037604,".data","DAT_10037604[Label,DEFAULT,primary]","10037604:undefined4 00000000h:type=undefined4","1000ab8e:READ@1000ab60:FUN_1000ab60|1000abc0:READ@1000ab60:FUN_1000ab60|1000abd4:READ@1000ab60:FUN_1000ab60|1000abdd:WRITE@1000ab60:FUN_1000ab60|1000abf8:READ@1000ab60:FUN_1000ab60|1000ac06:READ@1000ab60:FUN_1000ab60|1000ac0e:WRITE@1000ab60:FUN_1000ab60|10020b1a:WRITE@10020af0:FUN_10020af0"
10037608,".data","DAT_10037608[Label,DEFAULT,primary]","10037608:undefined4 00000000h:type=undefined4","1000abae:READ@1000ab60:FUN_1000ab60|1000abe6:READ@1000ab60:FUN_1000ab60|10020b20:WRITE@10020af0:FUN_10020af0"
10037628,".data","DAT_10037628[Label,DEFAULT,primary]","10037628:undefined4 00000000h:type=undefined4","10020b6f:READ@10020b50:FUN_10020b50|10020b93:WRITE@10020b50:FUN_10020b50"
1003762c,".data","DAT_1003762c[Label,DEFAULT,primary]","1003762c:?? 00h:type=undefined","10020b99:WRITE@10020b50:FUN_10020b50"
10037630,".data","DAT_10037630[Label,DEFAULT,primary]","10037630:?? 00h:type=undefined","10020b9f:WRITE@10020b50:FUN_10020b50"
10037638,".data","DAT_10037638[Label,DEFAULT,primary]","10037638:undefined4 00000000h:type=undefined4","1000acdc:READ@1000aca0:FUN_1000aca0|1000ad05:READ@1000aca0:FUN_1000aca0|1000acf6:DATA@1000aca0:FUN_1000aca0|1000ad2e:DATA@1000aca0:FUN_1000aca0|10020b50:READ@10020b50:FUN_10020b50|10020b74:WRITE@10020b50:FUN_10020b50"
1003763c,".data","DAT_1003763c[Label,DEFAULT,primary]","1003763c:undefined4 00000000h:type=undefined4","1000acce:READ@1000aca0:FUN_1000aca0|1000ad00:READ@1000aca0:FUN_1000aca0|1000ad14:READ@1000aca0:FUN_1000aca0|1000ad1d:WRITE@1000aca0:FUN_1000aca0|1000ad38:READ@1000aca0:FUN_1000aca0|1000ad46:READ@1000aca0:FUN_1000aca0|1000ad4e:WRITE@1000aca0:FUN_1000aca0|10020b7a:WRITE@10020b50:FUN_10020b50"
10037640,".data","DAT_10037640[Label,DEFAULT,primary]","10037640:undefined4 00000000h:type=undefined4","1000acee:READ@1000aca0:FUN_1000aca0|1000ad26:READ@1000aca0:FUN_1000aca0|10020b80:WRITE@10020b50:FUN_10020b50"
10037660,".data","DAT_10037660[Label,DEFAULT,primary]","10037660:undefined4 00000000h:type=undefined4","10020bcf:READ@10020bb0:FUN_10020bb0|10020bf3:WRITE@10020bb0:FUN_10020bb0"
10037664,".data","DAT_10037664[Label,DEFAULT,primary]","10037664:?? 00h:type=undefined","10020bf9:WRITE@10020bb0:FUN_10020bb0"
10037668,".data","DAT_10037668[Label,DEFAULT,primary]","10037668:?? 00h:type=undefined","10020bff:WRITE@10020bb0:FUN_10020bb0"
10037670,".data","DAT_10037670[Label,DEFAULT,primary]","10037670:undefined4 00000000h:type=undefined4","1000ae1c:READ@1000ade0:FUN_1000ade0|1000ae45:READ@1000ade0:FUN_1000ade0|1000ae36:DATA@1000ade0:FUN_1000ade0|1000ae6e:DATA@1000ade0:FUN_1000ade0|10020bb0:READ@10020bb0:FUN_10020bb0|10020bd4:WRITE@10020bb0:FUN_10020bb0"
10037674,".data","DAT_10037674[Label,DEFAULT,primary]","10037674:undefined4 00000000h:type=undefined4","1000ae0e:READ@1000ade0:FUN_1000ade0|1000ae40:READ@1000ade0:FUN_1000ade0|1000ae54:READ@1000ade0:FUN_1000ade0|1000ae5d:WRITE@1000ade0:FUN_1000ade0|1000ae78:READ@1000ade0:FUN_1000ade0|1000ae86:READ@1000ade0:FUN_1000ade0|1000ae8e:WRITE@1000ade0:FUN_1000ade0|10020bda:WRITE@10020bb0:FUN_10020bb0"
10037678,".data","DAT_10037678[Label,DEFAULT,primary]","10037678:undefined4 00000000h:type=undefined4","1000ae2e:READ@1000ade0:FUN_1000ade0|1000ae66:READ@1000ade0:FUN_1000ade0|10020be0:WRITE@10020bb0:FUN_10020bb0"
10037698,".data","DAT_10037698[Label,DEFAULT,primary]","10037698:undefined4 00000000h:type=undefined4","10020c2f:READ@10020c10:FUN_10020c10|10020c53:WRITE@10020c10:FUN_10020c10"
1003769c,".data","DAT_1003769c[Label,DEFAULT,primary]","1003769c:?? 00h:type=undefined","10020c59:WRITE@10020c10:FUN_10020c10"
100376a0,".data","DAT_100376a0[Label,DEFAULT,primary]","100376a0:?? 00h:type=undefined","10020c5f:WRITE@10020c10:FUN_10020c10"
100376a8,".data","DAT_100376a8[Label,DEFAULT,primary]","100376a8:undefined4 00000000h:type=undefined4","1000af5c:READ@1000af20:FUN_1000af20|1000af85:READ@1000af20:FUN_1000af20|1000af76:DATA@1000af20:FUN_1000af20|1000afae:DATA@1000af20:FUN_1000af20|10020c10:READ@10020c10:FUN_10020c10|10020c34:WRITE@10020c10:FUN_10020c10"
100376ac,".data","DAT_100376ac[Label,DEFAULT,primary]","100376ac:undefined4 00000000h:type=undefined4","1000af4e:READ@1000af20:FUN_1000af20|1000af80:READ@1000af20:FUN_1000af20|1000af94:READ@1000af20:FUN_1000af20|1000af9d:WRITE@1000af20:FUN_1000af20|1000afb8:READ@1000af20:FUN_1000af20|1000afc6:READ@1000af20:FUN_1000af20|1000afce:WRITE@1000af20:FUN_1000af20|10020c3a:WRITE@10020c10:FUN_10020c10"
100376b0,".data","DAT_100376b0[Label,DEFAULT,primary]","100376b0:undefined4 00000000h:type=undefined4","1000af6e:READ@1000af20:FUN_1000af20|1000afa6:READ@1000af20:FUN_1000af20|10020c40:WRITE@10020c10:FUN_10020c10"
100376d0,".data","DAT_100376d0[Label,DEFAULT,primary]","100376d0:undefined4 00000000h:type=undefined4","10020c8f:READ@10020c70:FUN_10020c70|10020cb3:WRITE@10020c70:FUN_10020c70"
100376d4,".data","DAT_100376d4[Label,DEFAULT,primary]","100376d4:?? 00h:type=undefined","10020cb9:WRITE@10020c70:FUN_10020c70"
100376d8,".data","DAT_100376d8[Label,DEFAULT,primary]","100376d8:?? 00h:type=undefined","10020cbf:WRITE@10020c70:FUN_10020c70"
100376e0,".data","DAT_100376e0[Label,DEFAULT,primary]","100376e0:undefined4 00000000h:type=undefined4","1000b09f:READ@1000b060:FUN_1000b060|1000b0c8:READ@1000b060:FUN_1000b060|1000b0b9:DATA@1000b060:FUN_1000b060|1000b0f1:DATA@1000b060:FUN_1000b060|10020c70:READ@10020c70:FUN_10020c70|10020c94:WRITE@10020c70:FUN_10020c70"
100376e4,".data","DAT_100376e4[Label,DEFAULT,primary]","100376e4:undefined4 00000000h:type=undefined4","1000b091:READ@1000b060:FUN_1000b060|1000b0c3:READ@1000b060:FUN_1000b060|1000b0d7:READ@1000b060:FUN_1000b060|1000b0e0:WRITE@1000b060:FUN_1000b060|1000b0fb:READ@1000b060:FUN_1000b060|1000b109:READ@1000b060:FUN_1000b060|1000b111:WRITE@1000b060:FUN_1000b060|10020c9a:WRITE@10020c70:FUN_10020c70"
100376e8,".data","DAT_100376e8[Label,DEFAULT,primary]","100376e8:undefined4 00000000h:type=undefined4","1000b0b1:READ@1000b060:FUN_1000b060|1000b0e9:READ@1000b060:FUN_1000b060|10020ca0:WRITE@10020c70:FUN_10020c70"
10037708,".data","DAT_10037708[Label,DEFAULT,primary]","10037708:undefined4 00000000h:type=undefined4","10020cef:READ@10020cd0:FUN_10020cd0|10020d13:WRITE@10020cd0:FUN_10020cd0"
1003770c,".data","DAT_1003770c[Label,DEFAULT,primary]","1003770c:?? 00h:type=undefined","10020d19:WRITE@10020cd0:FUN_10020cd0"
10037710,".data","DAT_10037710[Label,DEFAULT,primary]","10037710:?? 00h:type=undefined","10020d1f:WRITE@10020cd0:FUN_10020cd0"
10037718,".data","DAT_10037718[Label,DEFAULT,primary]","10037718:undefined4 00000000h:type=undefined4","1000b1dc:READ@1000b1a0:FUN_1000b1a0|1000b205:READ@1000b1a0:FUN_1000b1a0|1000b1f6:DATA@1000b1a0:FUN_1000b1a0|1000b22e:DATA@1000b1a0:FUN_1000b1a0|10020cd0:READ@10020cd0:FUN_10020cd0|10020cf4:WRITE@10020cd0:FUN_10020cd0"
1003771c,".data","DAT_1003771c[Label,DEFAULT,primary]","1003771c:undefined4 00000000h:type=undefined4","1000b1ce:READ@1000b1a0:FUN_1000b1a0|1000b200:READ@1000b1a0:FUN_1000b1a0|1000b214:READ@1000b1a0:FUN_1000b1a0|1000b21d:WRITE@1000b1a0:FUN_1000b1a0|1000b238:READ@1000b1a0:FUN_1000b1a0|1000b246:READ@1000b1a0:FUN_1000b1a0|1000b24e:WRITE@1000b1a0:FUN_1000b1a0|10020cfa:WRITE@10020cd0:FUN_10020cd0"
10037720,".data","DAT_10037720[Label,DEFAULT,primary]","10037720:undefined4 00000000h:type=undefined4","1000b1ee:READ@1000b1a0:FUN_1000b1a0|1000b226:READ@1000b1a0:FUN_1000b1a0|10020d00:WRITE@10020cd0:FUN_10020cd0"
10037740,".data","DAT_10037740[Label,DEFAULT,primary]","10037740:undefined4 00000000h:type=undefined4","1000b31c:READ@1000b2e0:FUN_1000b2e0|1000b345:READ@1000b2e0:FUN_1000b2e0|1000b336:DATA@1000b2e0:FUN_1000b2e0|1000b36e:DATA@1000b2e0:FUN_1000b2e0|10020d4f:READ@10020d30:FUN_10020d30|10020d73:WRITE@10020d30:FUN_10020d30"
10037744,".data","DAT_10037744[Label,DEFAULT,primary]","10037744:undefined4 00000000h:type=undefined4","1000b30e:READ@1000b2e0:FUN_1000b2e0|1000b340:READ@1000b2e0:FUN_1000b2e0|1000b354:READ@1000b2e0:FUN_1000b2e0|1000b35d:WRITE@1000b2e0:FUN_1000b2e0|1000b378:READ@1000b2e0:FUN_1000b2e0|1000b386:READ@1000b2e0:FUN_1000b2e0|1000b38e:WRITE@1000b2e0:FUN_1000b2e0|10020d79:WRITE@10020d30:FUN_10020d30"
10037748,".data","DAT_10037748[Label,DEFAULT,primary]","10037748:undefined4 00000000h:type=undefined4","1000b32e:READ@1000b2e0:FUN_1000b2e0|1000b366:READ@1000b2e0:FUN_1000b2e0|10020d7f:WRITE@10020d30:FUN_10020d30"
10037750,".data","DAT_10037750[Label,DEFAULT,primary]","10037750:undefined4 00000000h:type=undefined4","1000b3dc:READ@1000b3a0:FUN_1000b3a0|1000b405:READ@1000b3a0:FUN_1000b3a0|1000b3f6:DATA@1000b3a0:FUN_1000b3a0|1000b42e:DATA@1000b3a0:FUN_1000b3a0|10020d30:READ@10020d30:FUN_10020d30|10020d54:WRITE@10020d30:FUN_10020d30"
10037754,".data","DAT_10037754[Label,DEFAULT,primary]","10037754:undefined4 00000000h:type=undefined4","1000b3ce:READ@1000b3a0:FUN_1000b3a0|1000b400:READ@1000b3a0:FUN_1000b3a0|1000b414:READ@1000b3a0:FUN_1000b3a0|1000b41d:WRITE@1000b3a0:FUN_1000b3a0|1000b438:READ@1000b3a0:FUN_1000b3a0|1000b446:READ@1000b3a0:FUN_1000b3a0|1000b44e:WRITE@1000b3a0:FUN_1000b3a0|10020d5a:WRITE@10020d30:FUN_10020d30"
10037758,".data","DAT_10037758[Label,DEFAULT,primary]","10037758:undefined4 00000000h:type=undefined4","1000b3ee:READ@1000b3a0:FUN_1000b3a0|1000b426:READ@1000b3a0:FUN_1000b3a0|10020d60:WRITE@10020d30:FUN_10020d30"
10037778,".data","DAT_10037778[Label,DEFAULT,primary]","10037778:undefined4 00000000h:type=undefined4","10020daf:READ@10020d90:FUN_10020d90|10020dd3:WRITE@10020d90:FUN_10020d90"
1003777c,".data","DAT_1003777c[Label,DEFAULT,primary]","1003777c:?? 00h:type=undefined","10020dd9:WRITE@10020d90:FUN_10020d90"
10037780,".data","DAT_10037780[Label,DEFAULT,primary]","10037780:?? 00h:type=undefined","10020ddf:WRITE@10020d90:FUN_10020d90"
10037788,".data","DAT_10037788[Label,DEFAULT,primary]","10037788:undefined4 00000000h:type=undefined4","1000b51c:READ@1000b4e0:FUN_1000b4e0|1000b545:READ@1000b4e0:FUN_1000b4e0|1000b536:DATA@1000b4e0:FUN_1000b4e0|1000b56e:DATA@1000b4e0:FUN_1000b4e0|10020d90:READ@10020d90:FUN_10020d90|10020db4:WRITE@10020d90:FUN_10020d90"
1003778c,".data","DAT_1003778c[Label,DEFAULT,primary]","1003778c:undefined4 00000000h:type=undefined4","1000b50e:READ@1000b4e0:FUN_1000b4e0|1000b540:READ@1000b4e0:FUN_1000b4e0|1000b554:READ@1000b4e0:FUN_1000b4e0|1000b55d:WRITE@1000b4e0:FUN_1000b4e0|1000b578:READ@1000b4e0:FUN_1000b4e0|1000b586:READ@1000b4e0:FUN_1000b4e0|1000b58e:WRITE@1000b4e0:FUN_1000b4e0|10020dba:WRITE@10020d90:FUN_10020d90"
10037790,".data","DAT_10037790[Label,DEFAULT,primary]","10037790:undefined4 00000000h:type=undefined4","1000b52e:READ@1000b4e0:FUN_1000b4e0|1000b566:READ@1000b4e0:FUN_1000b4e0|10020dc0:WRITE@10020d90:FUN_10020d90"
100377b0,".data","DAT_100377b0[Label,DEFAULT,primary]","100377b0:undefined4 00000000h:type=undefined4","10020e0f:READ@10020df0:FUN_10020df0|10020e33:WRITE@10020df0:FUN_10020df0"
100377b4,".data","DAT_100377b4[Label,DEFAULT,primary]","100377b4:?? 00h:type=undefined","10020e39:WRITE@10020df0:FUN_10020df0"
100377b8,".data","DAT_100377b8[Label,DEFAULT,primary]","100377b8:?? 00h:type=undefined","10020e3f:WRITE@10020df0:FUN_10020df0"
100377c0,".data","DAT_100377c0[Label,DEFAULT,primary]","100377c0:undefined4 00000000h:type=undefined4","1000b65c:READ@1000b620:FUN_1000b620|1000b685:READ@1000b620:FUN_1000b620|1000b676:DATA@1000b620:FUN_1000b620|1000b6ae:DATA@1000b620:FUN_1000b620|10020df0:READ@10020df0:FUN_10020df0|10020e14:WRITE@10020df0:FUN_10020df0"
100377c4,".data","DAT_100377c4[Label,DEFAULT,primary]","100377c4:undefined4 00000000h:type=undefined4","1000b64e:READ@1000b620:FUN_1000b620|1000b680:READ@1000b620:FUN_1000b620|1000b694:READ@1000b620:FUN_1000b620|1000b69d:WRITE@1000b620:FUN_1000b620|1000b6b8:READ@1000b620:FUN_1000b620|1000b6c6:READ@1000b620:FUN_1000b620|1000b6ce:WRITE@1000b620:FUN_1000b620|10020e1a:WRITE@10020df0:FUN_10020df0"
100377c8,".data","DAT_100377c8[Label,DEFAULT,primary]","100377c8:undefined4 00000000h:type=undefined4","1000b66e:READ@1000b620:FUN_1000b620|1000b6a6:READ@1000b620:FUN_1000b620|10020e20:WRITE@10020df0:FUN_10020df0"
100377e8,".data","DAT_100377e8[Label,DEFAULT,primary]","100377e8:undefined4 00000000h:type=undefined4","1000b79c:READ@1000b760:FUN_1000b760|1000b7c5:READ@1000b760:FUN_1000b760|1000b7b6:DATA@1000b760:FUN_1000b760|1000b7ee:DATA@1000b760:FUN_1000b760|10020e6f:READ@10020e50:FUN_10020e50|10020e93:WRITE@10020e50:FUN_10020e50"
100377ec,".data","DAT_100377ec[Label,DEFAULT,primary]","100377ec:undefined4 00000000h:type=undefined4","1000b78e:READ@1000b760:FUN_1000b760|1000b7c0:READ@1000b760:FUN_1000b760|1000b7d4:READ@1000b760:FUN_1000b760|1000b7dd:WRITE@1000b760:FUN_1000b760|1000b7f8:READ@1000b760:FUN_1000b760|1000b806:READ@1000b760:FUN_1000b760|1000b80e:WRITE@1000b760:FUN_1000b760|10020e99:WRITE@10020e50:FUN_10020e50"
100377f0,".data","DAT_100377f0[Label,DEFAULT,primary]","100377f0:undefined4 00000000h:type=undefined4","1000b7ae:READ@1000b760:FUN_1000b760|1000b7e6:READ@1000b760:FUN_1000b760|10020e9f:WRITE@10020e50:FUN_10020e50"
100377f8,".data","DAT_100377f8[Label,DEFAULT,primary]","100377f8:undefined4 00000000h:type=undefined4","1000b85c:READ@1000b820:FUN_1000b820|1000b885:READ@1000b820:FUN_1000b820|1000b876:DATA@1000b820:FUN_1000b820|1000b8ae:DATA@1000b820:FUN_1000b820|10020e50:READ@10020e50:FUN_10020e50|10020e74:WRITE@10020e50:FUN_10020e50"
100377fc,".data","DAT_100377fc[Label,DEFAULT,primary]","100377fc:undefined4 00000000h:type=undefined4","1000b84e:READ@1000b820:FUN_1000b820|1000b880:READ@1000b820:FUN_1000b820|1000b894:READ@1000b820:FUN_1000b820|1000b89d:WRITE@1000b820:FUN_1000b820|1000b8b8:READ@1000b820:FUN_1000b820|1000b8c6:READ@1000b820:FUN_1000b820|1000b8ce:WRITE@1000b820:FUN_1000b820|10020e7a:WRITE@10020e50:FUN_10020e50"
10037800,".data","DAT_10037800[Label,DEFAULT,primary]","10037800:undefined4 00000000h:type=undefined4","1000b86e:READ@1000b820:FUN_1000b820|1000b8a6:READ@1000b820:FUN_1000b820|10020e80:WRITE@10020e50:FUN_10020e50"
10037820,".data","DAT_10037820[Label,DEFAULT,primary]","10037820:undefined4 00000000h:type=undefined4","1000b99c:READ@1000b960:FUN_1000b960|1000b9c5:READ@1000b960:FUN_1000b960|1000b9b6:DATA@1000b960:FUN_1000b960|1000b9ee:DATA@1000b960:FUN_1000b960|10020ecf:READ@10020eb0:FUN_10020eb0|10020ef3:WRITE@10020eb0:FUN_10020eb0"
10037824,".data","DAT_10037824[Label,DEFAULT,primary]","10037824:undefined4 00000000h:type=undefined4","1000b98e:READ@1000b960:FUN_1000b960|1000b9c0:READ@1000b960:FUN_1000b960|1000b9d4:READ@1000b960:FUN_1000b960|1000b9dd:WRITE@1000b960:FUN_1000b960|1000b9f8:READ@1000b960:FUN_1000b960|1000ba06:READ@1000b960:FUN_1000b960|1000ba0e:WRITE@1000b960:FUN_1000b960|10020ef9:WRITE@10020eb0:FUN_10020eb0"
10037828,".data","DAT_10037828[Label,DEFAULT,primary]","10037828:undefined4 00000000h:type=undefined4","1000b9ae:READ@1000b960:FUN_1000b960|1000b9e6:READ@1000b960:FUN_1000b960|10020eff:WRITE@10020eb0:FUN_10020eb0"
10037830,".data","DAT_10037830[Label,DEFAULT,primary]","10037830:undefined4 00000000h:type=undefined4","1000ba5c:READ@1000ba20:FUN_1000ba20|1000ba85:READ@1000ba20:FUN_1000ba20|1000ba76:DATA@1000ba20:FUN_1000ba20|1000baae:DATA@1000ba20:FUN_1000ba20|10020eb0:READ@10020eb0:FUN_10020eb0|10020ed4:WRITE@10020eb0:FUN_10020eb0"
10037834,".data","DAT_10037834[Label,DEFAULT,primary]","10037834:undefined4 00000000h:type=undefined4","1000ba4e:READ@1000ba20:FUN_1000ba20|1000ba80:READ@1000ba20:FUN_1000ba20|1000ba94:READ@1000ba20:FUN_1000ba20|1000ba9d:WRITE@1000ba20:FUN_1000ba20|1000bab8:READ@1000ba20:FUN_1000ba20|1000bac6:READ@1000ba20:FUN_1000ba20|1000bace:WRITE@1000ba20:FUN_1000ba20|10020eda:WRITE@10020eb0:FUN_10020eb0"
10037838,".data","DAT_10037838[Label,DEFAULT,primary]","10037838:undefined4 00000000h:type=undefined4","1000ba6e:READ@1000ba20:FUN_1000ba20|1000baa6:READ@1000ba20:FUN_1000ba20|10020ee0:WRITE@10020eb0:FUN_10020eb0"
10037858,".data","DAT_10037858[Label,DEFAULT,primary]","10037858:undefined4 00000000h:type=undefined4","10020f2f:READ@10020f10:FUN_10020f10|10020f53:WRITE@10020f10:FUN_10020f10"
1003785c,".data","DAT_1003785c[Label,DEFAULT,primary]","1003785c:?? 00h:type=undefined","10020f59:WRITE@10020f10:FUN_10020f10"
10037860,".data","DAT_10037860[Label,DEFAULT,primary]","10037860:?? 00h:type=undefined","10020f5f:WRITE@10020f10:FUN_10020f10"
10037868,".data","DAT_10037868[Label,DEFAULT,primary]","10037868:undefined4 00000000h:type=undefined4","10020f10:READ@10020f10:FUN_10020f10|10020f34:WRITE@10020f10:FUN_10020f10"
1003786c,".data","DAT_1003786c[Label,DEFAULT,primary]","1003786c:?? 00h:type=undefined","10020f3a:WRITE@10020f10:FUN_10020f10"
10037870,".data","DAT_10037870[Label,DEFAULT,primary]","10037870:?? 00h:type=undefined","10020f40:WRITE@10020f10:FUN_10020f10"
10037890,".data","DAT_10037890[Label,DEFAULT,primary]","10037890:undefined4 00000000h:type=undefined4","10020f8f:READ@10020f70:FUN_10020f70|10020fb3:WRITE@10020f70:FUN_10020f70"
10037894,".data","DAT_10037894[Label,DEFAULT,primary]","10037894:?? 00h:type=undefined","10020fb9:WRITE@10020f70:FUN_10020f70"
10037898,".data","DAT_10037898[Label,DEFAULT,primary]","10037898:?? 00h:type=undefined","10020fbf:WRITE@10020f70:FUN_10020f70"
100378a0,".data","DAT_100378a0[Label,DEFAULT,primary]","100378a0:undefined4 00000000h:type=undefined4","1000bc1c:READ@1000bbe0:FUN_1000bbe0|1000bc45:READ@1000bbe0:FUN_1000bbe0|1000bc36:DATA@1000bbe0:FUN_1000bbe0|1000bc6e:DATA@1000bbe0:FUN_1000bbe0|10020f70:READ@10020f70:FUN_10020f70|10020f94:WRITE@10020f70:FUN_10020f70"
100378a4,".data","DAT_100378a4[Label,DEFAULT,primary]","100378a4:undefined4 00000000h:type=undefined4","1000bc0e:READ@1000bbe0:FUN_1000bbe0|1000bc40:READ@1000bbe0:FUN_1000bbe0|1000bc54:READ@1000bbe0:FUN_1000bbe0|1000bc5d:WRITE@1000bbe0:FUN_1000bbe0|1000bc78:READ@1000bbe0:FUN_1000bbe0|1000bc86:READ@1000bbe0:FUN_1000bbe0|1000bc8e:WRITE@1000bbe0:FUN_1000bbe0|10020f9a:WRITE@10020f70:FUN_10020f70"
100378a8,".data","DAT_100378a8[Label,DEFAULT,primary]","100378a8:undefined4 00000000h:type=undefined4","1000bc2e:READ@1000bbe0:FUN_1000bbe0|1000bc66:READ@1000bbe0:FUN_1000bbe0|10020fa0:WRITE@10020f70:FUN_10020f70"
100378c8,".data","DAT_100378c8[Label,DEFAULT,primary]","100378c8:undefined4 00000000h:type=undefined4","1002104f:READ@10021030:FUN_10021030|10021073:WRITE@10021030:FUN_10021030"
100378cc,".data","DAT_100378cc[Label,DEFAULT,primary]","100378cc:?? 00h:type=undefined","10021079:WRITE@10021030:FUN_10021030"
100378d0,".data","DAT_100378d0[Label,DEFAULT,primary]","100378d0:?? 00h:type=undefined","1002107f:WRITE@10021030:FUN_10021030"
100378d8,".data","DAT_100378d8[Label,DEFAULT,primary]","100378d8:undefined4 00000000h:type=undefined4","1000bd5c:READ@1000bd20:FUN_1000bd20|1000bd85:READ@1000bd20:FUN_1000bd20|1000bd76:DATA@1000bd20:FUN_1000bd20|1000bdae:DATA@1000bd20:FUN_1000bd20|10021030:READ@10021030:FUN_10021030|10021054:WRITE@10021030:FUN_10021030"
100378dc,".data","DAT_100378dc[Label,DEFAULT,primary]","100378dc:undefined4 00000000h:type=undefined4","1000bd4e:READ@1000bd20:FUN_1000bd20|1000bd80:READ@1000bd20:FUN_1000bd20|1000bd94:READ@1000bd20:FUN_1000bd20|1000bd9d:WRITE@1000bd20:FUN_1000bd20|1000bdb8:READ@1000bd20:FUN_1000bd20|1000bdc6:READ@1000bd20:FUN_1000bd20|1000bdce:WRITE@1000bd20:FUN_1000bd20|1002105a:WRITE@10021030:FUN_10021030"
100378e0,".data","DAT_100378e0[Label,DEFAULT,primary]","100378e0:undefined4 00000000h:type=undefined4","1000bd6e:READ@1000bd20:FUN_1000bd20|1000bda6:READ@1000bd20:FUN_1000bd20|10021060:WRITE@10021030:FUN_10021030"
10037900,".data","DAT_10037900[Label,DEFAULT,primary]","10037900:undefined4 00000000h:type=undefined4","100210af:READ@10021090:FUN_10021090|100210d3:WRITE@10021090:FUN_10021090"
10037904,".data","DAT_10037904[Label,DEFAULT,primary]","10037904:?? 00h:type=undefined","100210d9:WRITE@10021090:FUN_10021090"
10037908,".data","DAT_10037908[Label,DEFAULT,primary]","10037908:?? 00h:type=undefined","100210df:WRITE@10021090:FUN_10021090"
10037910,".data","DAT_10037910[Label,DEFAULT,primary]","10037910:undefined4 00000000h:type=undefined4","1000be9c:READ@1000be60:FUN_1000be60|1000bec5:READ@1000be60:FUN_1000be60|1000beb6:DATA@1000be60:FUN_1000be60|1000beee:DATA@1000be60:FUN_1000be60|10021090:READ@10021090:FUN_10021090|100210b4:WRITE@10021090:FUN_10021090"
10037914,".data","DAT_10037914[Label,DEFAULT,primary]","10037914:undefined4 00000000h:type=undefined4","1000be8e:READ@1000be60:FUN_1000be60|1000bec0:READ@1000be60:FUN_1000be60|1000bed4:READ@1000be60:FUN_1000be60|1000bedd:WRITE@1000be60:FUN_1000be60|1000bef8:READ@1000be60:FUN_1000be60|1000bf06:READ@1000be60:FUN_1000be60|1000bf0e:WRITE@1000be60:FUN_1000be60|100210ba:WRITE@10021090:FUN_10021090"
10037918,".data","DAT_10037918[Label,DEFAULT,primary]","10037918:undefined4 00000000h:type=undefined4","1000beae:READ@1000be60:FUN_1000be60|1000bee6:READ@1000be60:FUN_1000be60|100210c0:WRITE@10021090:FUN_10021090"
10037938,".data","DAT_10037938[Label,DEFAULT,primary]","10037938:undefined4 00000000h:type=undefined4","1002110f:READ@100210f0:FUN_100210f0|10021133:WRITE@100210f0:FUN_100210f0"
1003793c,".data","DAT_1003793c[Label,DEFAULT,primary]","1003793c:?? 00h:type=undefined","10021139:WRITE@100210f0:FUN_100210f0"
10037940,".data","DAT_10037940[Label,DEFAULT,primary]","10037940:?? 00h:type=undefined","1002113f:WRITE@100210f0:FUN_100210f0"
10037948,".data","DAT_10037948[Label,DEFAULT,primary]","10037948:undefined4 00000000h:type=undefined4","1000bfdc:READ@1000bfa0:FUN_1000bfa0|1000c005:READ@1000bfa0:FUN_1000bfa0|1000bff6:DATA@1000bfa0:FUN_1000bfa0|1000c02e:DATA@1000bfa0:FUN_1000bfa0|100210f0:READ@100210f0:FUN_100210f0|10021114:WRITE@100210f0:FUN_100210f0"
1003794c,".data","DAT_1003794c[Label,DEFAULT,primary]","1003794c:undefined4 00000000h:type=undefined4","1000bfce:READ@1000bfa0:FUN_1000bfa0|1000c000:READ@1000bfa0:FUN_1000bfa0|1000c014:READ@1000bfa0:FUN_1000bfa0|1000c01d:WRITE@1000bfa0:FUN_1000bfa0|1000c038:READ@1000bfa0:FUN_1000bfa0|1000c046:READ@1000bfa0:FUN_1000bfa0|1000c04e:WRITE@1000bfa0:FUN_1000bfa0|1002111a:WRITE@100210f0:FUN_100210f0"
10037950,".data","DAT_10037950[Label,DEFAULT,primary]","10037950:undefined4 00000000h:type=undefined4","1000bfee:READ@1000bfa0:FUN_1000bfa0|1000c026:READ@1000bfa0:FUN_1000bfa0|10021120:WRITE@100210f0:FUN_100210f0"
10037970,".data","DAT_10037970[Label,DEFAULT,primary]","10037970:undefined4 00000000h:type=undefined4","1002116f:READ@10021150:FUN_10021150|10021193:WRITE@10021150:FUN_10021150"
10037974,".data","DAT_10037974[Label,DEFAULT,primary]","10037974:?? 00h:type=undefined","10021199:WRITE@10021150:FUN_10021150"
10037978,".data","DAT_10037978[Label,DEFAULT,primary]","10037978:?? 00h:type=undefined","1002119f:WRITE@10021150:FUN_10021150"
10037980,".data","DAT_10037980[Label,DEFAULT,primary]","10037980:undefined4 00000000h:type=undefined4","1000c11c:READ@1000c0e0:FUN_1000c0e0|1000c145:READ@1000c0e0:FUN_1000c0e0|1000c136:DATA@1000c0e0:FUN_1000c0e0|1000c16e:DATA@1000c0e0:FUN_1000c0e0|10021150:READ@10021150:FUN_10021150|10021174:WRITE@10021150:FUN_10021150"
10037984,".data","DAT_10037984[Label,DEFAULT,primary]","10037984:undefined4 00000000h:type=undefined4","1000c10e:READ@1000c0e0:FUN_1000c0e0|1000c140:READ@1000c0e0:FUN_1000c0e0|1000c154:READ@1000c0e0:FUN_1000c0e0|1000c15d:WRITE@1000c0e0:FUN_1000c0e0|1000c178:READ@1000c0e0:FUN_1000c0e0|1000c186:READ@1000c0e0:FUN_1000c0e0|1000c18e:WRITE@1000c0e0:FUN_1000c0e0|1002117a:WRITE@10021150:FUN_10021150"
10037988,".data","DAT_10037988[Label,DEFAULT,primary]","10037988:undefined4 00000000h:type=undefined4","1000c12e:READ@1000c0e0:FUN_1000c0e0|1000c166:READ@1000c0e0:FUN_1000c0e0|10021180:WRITE@10021150:FUN_10021150"
100379a8,".data","DAT_100379a8[Label,DEFAULT,primary]","100379a8:undefined4 00000000h:type=undefined4","100211cf:READ@100211b0:FUN_100211b0|100211f3:WRITE@100211b0:FUN_100211b0"
100379ac,".data","DAT_100379ac[Label,DEFAULT,primary]","100379ac:?? 00h:type=undefined","100211f9:WRITE@100211b0:FUN_100211b0"
100379b0,".data","DAT_100379b0[Label,DEFAULT,primary]","100379b0:?? 00h:type=undefined","100211ff:WRITE@100211b0:FUN_100211b0"
100379b8,".data","DAT_100379b8[Label,DEFAULT,primary]","100379b8:undefined4 00000000h:type=undefined4","1000c25c:READ@1000c220:FUN_1000c220|1000c285:READ@1000c220:FUN_1000c220|1000c276:DATA@1000c220:FUN_1000c220|1000c2ae:DATA@1000c220:FUN_1000c220|100211b0:READ@100211b0:FUN_100211b0|100211d4:WRITE@100211b0:FUN_100211b0"
100379bc,".data","DAT_100379bc[Label,DEFAULT,primary]","100379bc:undefined4 00000000h:type=undefined4","1000c24e:READ@1000c220:FUN_1000c220|1000c280:READ@1000c220:FUN_1000c220|1000c294:READ@1000c220:FUN_1000c220|1000c29d:WRITE@1000c220:FUN_1000c220|1000c2b8:READ@1000c220:FUN_1000c220|1000c2c6:READ@1000c220:FUN_1000c220|1000c2ce:WRITE@1000c220:FUN_1000c220|100211da:WRITE@100211b0:FUN_100211b0"
100379c0,".data","DAT_100379c0[Label,DEFAULT,primary]","100379c0:undefined4 00000000h:type=undefined4","1000c26e:READ@1000c220:FUN_1000c220|1000c2a6:READ@1000c220:FUN_1000c220|100211e0:WRITE@100211b0:FUN_100211b0"
100379e0,".data","DAT_100379e0[Label,DEFAULT,primary]","100379e0:undefined4 00000000h:type=undefined4","1002122f:READ@10021210:FUN_10021210|10021253:WRITE@10021210:FUN_10021210"
100379e4,".data","DAT_100379e4[Label,DEFAULT,primary]","100379e4:?? 00h:type=undefined","10021259:WRITE@10021210:FUN_10021210"
100379e8,".data","DAT_100379e8[Label,DEFAULT,primary]","100379e8:?? 00h:type=undefined","1002125f:WRITE@10021210:FUN_10021210"
100379f0,".data","DAT_100379f0[Label,DEFAULT,primary]","100379f0:undefined4 00000000h:type=undefined4","1000c39c:READ@1000c360:FUN_1000c360|1000c3c5:READ@1000c360:FUN_1000c360|1000c3b6:DATA@1000c360:FUN_1000c360|1000c3ee:DATA@1000c360:FUN_1000c360|10021210:READ@10021210:FUN_10021210|10021234:WRITE@10021210:FUN_10021210"
100379f4,".data","DAT_100379f4[Label,DEFAULT,primary]","100379f4:undefined4 00000000h:type=undefined4","1000c38e:READ@1000c360:FUN_1000c360|1000c3c0:READ@1000c360:FUN_1000c360|1000c3d4:READ@1000c360:FUN_1000c360|1000c3dd:WRITE@1000c360:FUN_1000c360|1000c3f8:READ@1000c360:FUN_1000c360|1000c406:READ@1000c360:FUN_1000c360|1000c40e:WRITE@1000c360:FUN_1000c360|1002123a:WRITE@10021210:FUN_10021210"
100379f8,".data","DAT_100379f8[Label,DEFAULT,primary]","100379f8:undefined4 00000000h:type=undefined4","1000c3ae:READ@1000c360:FUN_1000c360|1000c3e6:READ@1000c360:FUN_1000c360|10021240:WRITE@10021210:FUN_10021210"
10039570,".data","DAT_10039570[Label,DEFAULT,primary]","10039570:?? 73h    s:type=undefined","1001b407:DATA@1001b3d8:FUN_1001b3d8|1001b45c:DATA@1001b3d8:FUN_1001b3d8"
10039580,".data","DAT_10039580[Label,DEFAULT,primary]","10039580:?? 63h    c:type=undefined","1001b537:DATA@1001b508:FUN_1001b508|1001b58c:DATA@1001b508:FUN_1001b508"
10039590,".data","DAT_10039590[Label,DEFAULT,primary]","10039590:?? 73h    s:type=undefined","1001b5f0:DATA@1001b5bd:FUN_1001b5bd|1001b64d:DATA@1001b5bd:FUN_1001b5bd"
100395c0,".data","DAT_100395c0[Label,DEFAULT,primary]","100395c0:undefined4 00000400h:type=undefined4","1001e43b:READ@1001e085:FID_conflict:__ld12tod|1001e4e2:READ@1001e085:FID_conflict:__ld12tod"
100395c4,".data","DAT_100395c4[Label,DEFAULT,primary]","100395c4:undefined4 FFFFFC01h:type=undefined4","1001e204:READ@1001e085:FID_conflict:__ld12tod"
100395c8,".data","DAT_100395c8[Label,DEFAULT,primary]","100395c8:undefined4 00000035h:type=undefined4","1001e10f:READ@1001e085:FID_conflict:__ld12tod|1001e20b:READ@1001e085:FID_conflict:__ld12tod|1001e2bc:READ@1001e085:FID_conflict:__ld12tod"
100395cc,".data","DAT_100395cc[Label,DEFAULT,primary]","100395cc:undefined4 0000000Bh:type=undefined4","1001e39d:READ@1001e085:FID_conflict:__ld12tod|1001e435:READ@1001e085:FID_conflict:__ld12tod|1001e58c:READ@1001e085:FID_conflict:__ld12tod"
100395d0,".data","DAT_100395d0[Label,DEFAULT,primary]","100395d0:undefined4 00000040h:type=undefined4","1001e5a3:READ@1001e085:FID_conflict:__ld12tod"
100395d4,".data","DAT_100395d4[Label,DEFAULT,primary]","100395d4:undefined4 000003FFh:type=undefined4","1001e4dc:READ@1001e085:FID_conflict:__ld12tod|1001e4f0:READ@1001e085:FID_conflict:__ld12tod"
100395d8,".data","DAT_100395d8[Label,DEFAULT,primary]","100395d8:undefined4 00000080h:type=undefined4","1001e98c:READ@1001e5d6:FID_conflict:__ld12tod|1001ea33:READ@1001e5d6:FID_conflict:__ld12tod"
100395dc,".data","DAT_100395dc[Label,DEFAULT,primary]","100395dc:undefined4 FFFFFF81h:type=undefined4","1001e755:READ@1001e5d6:FID_conflict:__ld12tod"
100395e0,".data","DAT_100395e0[Label,DEFAULT,primary]","100395e0:undefined4 00000018h:type=undefined4","1001e660:READ@1001e5d6:FID_conflict:__ld12tod|1001e75c:READ@1001e5d6:FID_conflict:__ld12tod|1001e80d:READ@1001e5d6:FID_conflict:__ld12tod"
100395e4,".data","DAT_100395e4[Label,DEFAULT,primary]","100395e4:undefined4 00000008h:type=undefined4","1001e8ee:READ@1001e5d6:FID_conflict:__ld12tod|1001e986:READ@1001e5d6:FID_conflict:__ld12tod|1001eadd:READ@1001e5d6:FID_conflict:__ld12tod"
100395e8,".data","DAT_100395e8[Label,DEFAULT,primary]","100395e8:undefined4 00000020h:type=undefined4","1001eaf4:READ@1001e5d6:FID_conflict:__ld12tod"
100395ec,".data","DAT_100395ec[Label,DEFAULT,primary]","100395ec:undefined4 0000007Fh:type=undefined4","1001ea2d:READ@1001e5d6:FID_conflict:__ld12tod|1001ea41:READ@1001e5d6:FID_conflict:__ld12tod"
10039698,".data","DAT_10039698[Label,DEFAULT,primary]","10039698:?? 18h:type=undefined","1001f38a:DATA@1001f203:$I10_OUTPUT"
100396d8,".data","DAT_100396d8[Label,DEFAULT,primary]","100396d8:undefined4 00002694h:type=undefined4","1001e00e:READ@1001defe:__87except"
100396f4,".data","DAT_100396f4[Label,DEFAULT,primary]","100396f4:undefined4 00000001h:type=undefined4","1002050e:READ@100204f2:___set_fpsr_sse2"
100397f8,".data","DAT_100397f8[Label,DEFAULT,primary]","100397f8:?? 0Eh:type=undefined","1001f3a1:DATA@1001f203:$I10_OUTPUT"
100399b8,".data","DAT_100399b8[Label,DEFAULT,primary]","100399b8:?? 00h:type=undefined","1002030c:READ@1002023a:__handle_exc|10020314:READ@1002023a:__handle_exc"
100399c8,".data","DAT_100399c8[Label,DEFAULT,primary]","100399c8:?? FFh:type=undefined","100202c5:READ@1002023a:__handle_exc|100202e0:READ@1002023a:__handle_exc|100202f6:READ@1002023a:__handle_exc"
100399e0,".data","DAT_100399e0[Label,DEFAULT,primary]","100399e0:?? 00h:type=undefined","100108ec:WRITE@10010893:FUN_10010893|100108f8:DATA@10010893:FUN_10010893|100108c0:DATA@10010893:FUN_10010893|10021267:WRITE@10021267:FUN_10021267|10021271:DATA@10021267:FUN_10021267|100108d9:PARAM@10010893:FUN_10010893"
100399ec,".data","DAT_100399ec[Label,DEFAULT,primary]","100399ec:?? 00h:type=undefined","100108b9:READ@10010893:FUN_10010893|100108cc:READ_WRITE@10010893:FUN_10010893"
100399f0,".data","DAT_100399f0[Label,DEFAULT,primary]","100399f0:undefined4 00000000h:type=undefined4","100110da:READ@100110bd:___DllMainCRTStartup|10010fd5:READ_WRITE@10010f59:__CRT_INIT@12|10010fed:READ@10010f59:__CRT_INIT@12|10010ff5:READ_WRITE@10010f59:__CRT_INIT@12"
100399f4,".data","DAT_100399f4[Label,DEFAULT,primary]","100399f4:undefined4 00000000h:type=undefined4","10010fa2:WRITE@10010f59:__CRT_INIT@12|1001690d:READ@100168fe:FUN_100168fe|1001694f:READ@100168fe:FUN_100168fe|10016990:READ@100168fe:FUN_100168fe|1001699b:READ_WRITE@100168fe:FUN_100168fe"
100399fc,".data","DAT_100399fc[Label,DEFAULT,primary]","100399fc:undefined4 00000000h:type=undefined4","1001adfc:READ@1001ade6:__set_error_mode|1001ae03:READ@1001ade6:__set_error_mode|1001ae08:WRITE@1001ade6:__set_error_mode"
10039a00,".data","DAT_10039a00[Label,DEFAULT,primary]","10039a00:undefined4 00000000h:type=undefined4","10017127:READ@100170d6:__NMSG_WRITE|1001729e:READ@10017285:__FF_MSGBANNER|10018fc9:READ@10018f97:__set_osfhnd|10019054:READ@10019018:__free_osfhnd"
10039a04,".data","DAT_10039a04[Label,DEFAULT,primary]","10039a04:undefined4 00000000h:type=undefined4","10011877:READ@10011872:FUN_10011872|1001171d:WRITE@10011715:FUN_10011715"
10039a08,".data","DAT_10039a08[Label,DEFAULT,primary]","10039a08:undefined4 00000000h:type=undefined4","10012a59:READ@10012a3a:__calloc_crt|10012a6e:READ@10012a3a:__calloc_crt|10012a0d:READ@100129f5:__malloc_crt|10012a22:READ@100129f5:__malloc_crt|10012aa7:READ@10012a86:__realloc_crt|10012abc:READ@10012a86:__realloc_crt|10012af9:READ@10012ad4:__recalloc_crt|10012b0e:READ@10012ad4:__recalloc_crt"
10039a0c,".data","DAT_10039a0c[Label,DEFAULT,primary]","10039a0c:undefined4 00000000h:type=undefined4","10018463:READ@100182c1:FUN_100182c1"
10039a10,".data","DAT_10039a10[Label,DEFAULT,primary]","10039a10:?? 00h:type=undefined","10016c18:WRITE@10016b74:__setargv"
10039a14,".data","DAT_10039a14[Label,DEFAULT,primary]","10039a14:?? 00h:type=undefined","10016c1d:WRITE@10016b74:__setargv"
10039a1c,".data","DAT_10039a1c[Label,DEFAULT,primary]","10039a1c:undefined4 00000000h:type=undefined4","10016945:WRITE@100168fe:FUN_100168fe|100169b6:READ@100168fe:FUN_100168fe|100169c1:READ_WRITE@100168fe:FUN_100168fe"
10039a2c,".data","DAT_10039a2c[Label,DEFAULT,primary]","10039a2c:?? 00h:type=undefined","10016bab:WRITE@10016b74:__setargv"
10039a34,".data","DAT_10039a34[Label,DEFAULT,primary]","10039a34:undefined1 00h:type=undefined1","10012ccb:WRITE@10012c9c:doexit|100130db:READ"
10039a38,".data","DAT_10039a38[Label,DEFAULT,primary]","10039a38:undefined4 00000000h:type=undefined4","10012cc3:WRITE@10012c9c:doexit|10010ffe:READ@10010f59:__CRT_INIT@12"
10039a3c,".data","DAT_10039a3c[Label,DEFAULT,primary]","10039a3c:undefined4 00000000h:type=undefined4","10012cb7:READ@10012c9c:doexit|10012dad:WRITE@10012c9c:doexit"
10039a40,".data","DAT_10039a40[Label,DEFAULT,primary]","10039a40:?? 00h:type=undefined","10013824:READ_WRITE@100135b4:__openfile|10013f6d:READ_WRITE@10013f33:__stbuf|1001827d:READ_WRITE@10018278:__getbuf"
10039a44,".data","DAT_10039a44[Label,DEFAULT,primary]","10039a44:?? 00h:type=undefined","10013af9:DATA@10013ad2:_Type_info_dtor"
10039a48,".data","DAT_10039a48[Label,DEFAULT,primary]","10039a48:undefined4 00000000h:type=undefined4","10013af4:READ@10013ad2:_Type_info_dtor|10013b0c:WRITE@10013ad2:_Type_info_dtor"
10039a4c,".data","DAT_10039a4c[Label,DEFAULT,primary]","10039a4c:undefined4 00000000h:type=undefined4","10013f10:READ@10013f0b:__callnewh|10013f04:WRITE@10013efc:FUN_10013efc"
10039a50,".data","DAT_10039a50[Label,DEFAULT,primary]","10039a50:undefined4 00000000h:type=undefined4","10013f7e:DATA@10013f33:__stbuf|10013f85:READ@10013f33:__stbuf|10013f96:WRITE@10013f33:__stbuf|10013faf:READ@10013f33:__stbuf"
10039a58,".data","DAT_10039a58[Label,DEFAULT,primary]","10039a58:undefined4 00000000h:type=undefined4","100144fe:WRITE@100144ea:getSystemCP|10014509:WRITE@100144ea:getSystemCP|1001452c:WRITE@100144ea:getSystemCP|10014549:WRITE@100144ea:getSystemCP|10014731:READ@10014566:__setmbcp_nolock"
10039a5c,".data","DAT_10039a5c[Label,DEFAULT,primary]","10039a5c:undefined2 0000h:type=undefined2","10014836:WRITE@1001474f:__setmbcp"
10039a68,".data","DAT_10039a68[Label,DEFAULT,primary]","10039a68:?? 00h:type=undefined","10014812:WRITE@1001474f:__setmbcp"
10039a6c,".data","DAT_10039a6c[Label,DEFAULT,primary]","10039a6c:?? 00h:type=undefined","1001481a:WRITE@1001474f:__setmbcp"
10039a70,".data","DAT_10039a70[Label,DEFAULT,primary]","10039a70:?? 00h:type=undefined","10014822:WRITE@1001474f:__setmbcp"
10039a74,".data","DAT_10039a74[Label,DEFAULT,primary]","10039a74:undefined4 00000000h:type=undefined4","10014fd9:WRITE@10014fa7:__mtinit|10014ffa:READ@10014fa7:__mtinit|10015033:WRITE@10014fa7:__mtinit|10015072:READ@10014fa7:__mtinit|10015086:WRITE@10014fa7:__mtinit|100150c0:READ@10014fa7:__mtinit"
10039a78,".data","DAT_10039a78[Label,DEFAULT,primary]","10039a78:undefined4 00000000h:type=undefined4","10014c67:READ@10014c52:___set_flsgetvalue|10014fe6:WRITE@10014fa7:__mtinit|1001500e:READ@10014fa7:__mtinit|10015029:WRITE@10014fa7:__mtinit|1001505c:READ@10014fa7:__mtinit|10015080:READ@10014fa7:__mtinit|10015093:WRITE@10014fa7:__mtinit"
10039a7c,".data","DAT_10039a7c[Label,DEFAULT,primary]","10039a7c:undefined4 00000000h:type=undefined4","10014db1:READ@10014d77:__getptd_noexit|10011071:READ@10010f59:__CRT_INIT@12|10014f7c:READ@10014f39:__freeptd|10014ff3:WRITE@10014fa7:__mtinit|10015017:READ@10014fa7:__mtinit|1001503d:WRITE@10014fa7:__mtinit|1001508d:READ@10014fa7:__mtinit|100150a0:WRITE@10014fa7:__mtinit|100150ef:READ@10014fa7:__mtinit"
10039a80,".data","DAT_10039a80[Label,DEFAULT,primary]","10039a80:undefined4 00000000h:type=undefined4","10014c91:READ@10014c86:__mtterm|10015007:WRITE@10014fa7:__mtinit|10015043:WRITE@10014fa7:__mtinit|1001509a:READ@10014fa7:__mtinit|100150a7:WRITE@10014fa7:__mtinit"
10039a84,".data","DAT_10039a84[Label,DEFAULT,primary]","10039a84:undefined4 00000000h:type=undefined4","10010c8a:READ@10010c83:__strnicmp|100176a7:READ@100176a2:_isdigit|100177ac:READ@100177a7:_isspace|1001772b:READ@10017726:_isxdigit|1001523c:READ@10015237:_tolower"
10039a88,".data","DAT_10039a88[Label,DEFAULT,primary]","10039a88:?? 00h:type=undefined","10016b98:DATA@10016b74:__setargv|10016bbc:DATA@10016b74:__setargv|10016b93:DATA@10016b74:__setargv"
10039b54,".data","DAT_10039b54[Label,DEFAULT,primary]","10039b54:?? 00h:type=undefined","100171b3:DATA@100170d6:__NMSG_WRITE"
10039b8c,".data","DAT_10039b8c[Label,DEFAULT,primary]","10039b8c:?? 00h:type=undefined","10016b9a:WRITE@10016b74:__setargv"
10039b90,".data","DAT_10039b90[Label,DEFAULT,primary]","10039b90:undefined4 00000000h:type=undefined4","100116eb:READ@100116db:_free|10017ad1:READ@10017a94:__calloc_impl|10017cfd:READ@10017ce9:__mtinitlocknum|100115c7:READ@100115b7:_malloc|100115f6:READ@100115b7:_malloc|10012b4b:READ@10012b26:__msize|10016d28:WRITE@10016d12:__heap_init|10016d30:READ@10016d30:__heap_term|10016d3c:READ_WRITE@10016d30:__heap_term|10017b4f:READ@10017b16:_realloc"
10039b98,".data","DAT_10039b98[Label,DEFAULT,primary]","10039b98:?? 00h:type=undefined","1001714f:DATA@100170d6:__NMSG_WRITE|100171e2:DATA@100170d6:__NMSG_WRITE|100171f6:DATA@100170d6:__NMSG_WRITE|1001720d:DATA@100170d6:__NMSG_WRITE|1001714a:DATA@100170d6:__NMSG_WRITE"
10039bca,".data","DAT_10039bca[Label,DEFAULT,primary]","10039bca:?? 00h:type=undefined","1001716a:DATA@100170d6:__NMSG_WRITE|10017187:DATA@100170d6:__NMSG_WRITE|100171a0:DATA@100170d6:__NMSG_WRITE|100171ad:DATA@100170d6:__NMSG_WRITE|10017165:DATA@100170d6:__NMSG_WRITE"
10039dd2,".data","DAT_10039dd2[Label,DEFAULT,primary]","10039dd2:?? 00h:type=undefined","1001716c:WRITE@100170d6:__NMSG_WRITE"
1003a1c0,".data","DAT_1003a1c0[Label,DEFAULT,primary]","1003a1c0:undefined4 00000000h:type=undefined4","100172c6:WRITE@100172be:FUN_100172be|10011541:READ@10011541:__purecall"
1003a1c4,".data","DAT_1003a1c4[Label,DEFAULT,primary]","1003a1c4:undefined4 00000000h:type=undefined4","10017ae1:READ@10017a94:__calloc_impl|1001160b:READ@100115b7:_malloc|10017b61:READ@10017b16:_realloc"
1003a1c8,".data","DAT_1003a1c8[Label,DEFAULT,primary]","1003a1c8:?? 00h:type=undefined","10017c4d:DATA@10017c31:__mtinitlocks|10017c54:DATA@10017c31:__mtinitlocks|10017c37:DATA@10017c31:__mtinitlocks"
1003a318,".data","DAT_1003a318[Label,DEFAULT,primary]","1003a318:undefined4 00000000h:type=undefined4","10017e6d:WRITE@10017e62:FUN_10017e62|10017e36:READ@10017e2a:_inconsistency"
1003a31c,".data","DAT_1003a31c[Label,DEFAULT,primary]","1003a31c:undefined4 00000000h:type=undefined4","10017e7b:WRITE@10017e73:__initp_misc_winsig|10017f23:READ@10017ed5:_raise|10017f1e:DATA@10017ed5:_raise"
1003a320,".data","DAT_1003a320[Label,DEFAULT,primary]","1003a320:undefined4 00000000h:type=undefined4","10017e80:WRITE@10017e73:__initp_misc_winsig|10017f6e:READ@10017ed5:_raise|10017f69:DATA@10017ed5:_raise"
1003a324,".data","DAT_1003a324[Label,DEFAULT,primary]","1003a324:undefined4 00000000h:type=undefined4","10017e85:WRITE@10017e73:__initp_misc_winsig|10017ec8:READ@10017ec8:FUN_10017ec8|10017f62:READ@10017ed5:_raise|10017f5d:DATA@10017ed5:_raise"
1003a328,".data","DAT_1003a328[Label,DEFAULT,primary]","1003a328:undefined4 00000000h:type=undefined4","10017e8a:WRITE@10017e73:__initp_misc_winsig|10017f7a:READ@10017ed5:_raise|10017f75:DATA@10017ed5:_raise"
1003a330,".data","DAT_1003a330[Label,DEFAULT,primary]","1003a330:?? 00h:type=undefined","10018080:WRITE@10018078:FUN_10018078"
1003a334,".data","DAT_1003a334[Label,DEFAULT,primary]","1003a334:undefined4 00000000h:type=undefined4","100135bc:READ@100135b4:__openfile"
1003a37c,".data","DAT_1003a37c[Label,DEFAULT,primary]","1003a37c:undefined4 00000000h:type=undefined4","1001a779:READ@1001a76f:__get_printf_count_output"
1003a380,".data","DAT_1003a380[Label,DEFAULT,primary]","1003a380:undefined4 00000000h:type=undefined4","1001aae4:READ@1001aaba:___crtMessageBoxW|1001ab2a:WRITE@1001aaba:___crtMessageBoxW|1001abf9:READ@1001aaba:___crtMessageBoxW"
1003a384,".data","DAT_1003a384[Label,DEFAULT,primary]","1003a384:undefined4 00000000h:type=undefined4","1001ab3a:WRITE@1001aaba:___crtMessageBoxW|1001abc6:READ@1001aaba:___crtMessageBoxW"
1003a388,".data","DAT_1003a388[Label,DEFAULT,primary]","1003a388:undefined4 00000000h:type=undefined4","1001ab4a:WRITE@1001aaba:___crtMessageBoxW|1001abe0:READ@1001aaba:___crtMessageBoxW"
1003a38c,".data","DAT_1003a38c[Label,DEFAULT,primary]","1003a38c:undefined4 00000000h:type=undefined4","1001ab68:WRITE@1001aaba:___crtMessageBoxW|1001ab6d:READ@1001aaba:___crtMessageBoxW"
1003a390,".data","DAT_1003a390[Label,DEFAULT,primary]","1003a390:undefined4 00000000h:type=undefined4","1001ab54:WRITE@1001aaba:___crtMessageBoxW|1001ab7f:READ@1001aaba:___crtMessageBoxW|1001ab8a:READ@1001aaba:___crtMessageBoxW"
1003a398,".data","DAT_1003a398[Label,DEFAULT,primary]","1003a398:?? 00h:type=undefined","1001aeb6:WRITE@1001ae25:___report_gsfailure|10024208:DATA"
1003a39c,".data","DAT_1003a39c[Label,DEFAULT,primary]","1003a39c:?? 00h:type=undefined","1001aec0:WRITE@1001ae25:___report_gsfailure"
1003a3a4,".data","DAT_1003a3a4[Label,DEFAULT,primary]","1003a3a4:?? 00h:type=undefined","1001aeb1:WRITE@1001ae25:___report_gsfailure"
1003a3e8,".data","DAT_1003a3e8[Label,DEFAULT,primary]","1003a3e8:undefined4 00000000h:type=undefined4","1001aee6:WRITE@1001ae25:___report_gsfailure|1001af06:READ@1001ae25:___report_gsfailure"
1003a3f0,".data","DAT_1003a3f0[Label,DEFAULT,primary]","1003a3f0:?? 00h:type=undefined","1001aea2:WRITE@1001ae25:___report_gsfailure"
1003a47c,".data","DAT_1003a47c[Label,DEFAULT,primary]","1003a47c:?? 00h:type=undefined","1001ae76:WRITE@1001ae25:___report_gsfailure"
1003a480,".data","DAT_1003a480[Label,DEFAULT,primary]","1003a480:?? 00h:type=undefined","1001ae6f:WRITE@1001ae25:___report_gsfailure"
1003a484,".data","DAT_1003a484[Label,DEFAULT,primary]","1003a484:?? 00h:type=undefined","1001ae68:WRITE@1001ae25:___report_gsfailure"
1003a488,".data","DAT_1003a488[Label,DEFAULT,primary]","1003a488:?? 00h:type=undefined","1001ae61:WRITE@1001ae25:___report_gsfailure"
1003a48c,".data","DAT_1003a48c[Label,DEFAULT,primary]","1003a48c:?? 00h:type=undefined","1001ae4d:WRITE@1001ae25:___report_gsfailure"
1003a490,".data","DAT_1003a490[Label,DEFAULT,primary]","1003a490:?? 00h:type=undefined","1001ae47:WRITE@1001ae25:___report_gsfailure"
1003a494,".data","DAT_1003a494[Label,DEFAULT,primary]","1003a494:?? 00h:type=undefined","1001ae41:WRITE@1001ae25:___report_gsfailure"
1003a498,".data","DAT_1003a498[Label,DEFAULT,primary]","1003a498:?? 00h:type=undefined","1001ae3b:WRITE@1001ae25:___report_gsfailure"
1003a49c,".data","DAT_1003a49c[Label,DEFAULT,primary]","1003a49c:?? 00h:type=undefined","1001ae35:WRITE@1001ae25:___report_gsfailure"
1003a4a0,".data","DAT_1003a4a0[Label,DEFAULT,primary]","1003a4a0:?? 00h:type=undefined","1001ae30:WRITE@1001ae25:___report_gsfailure"
1003a4a4,".data","DAT_1003a4a4[Label,DEFAULT,primary]","1003a4a4:?? 00h:type=undefined","1001ae87:WRITE@1001ae25:___report_gsfailure"
1003a4a8,".data","DAT_1003a4a8[Label,DEFAULT,primary]","1003a4a8:undefined4 00000000h:type=undefined4","1001ae8f:WRITE@1001ae25:___report_gsfailure|1001aeac:READ@1001ae25:___report_gsfailure"
1003a4ac,".data","DAT_1003a4ac[Label,DEFAULT,primary]","1003a4ac:?? 00h:type=undefined","1001ae5a:WRITE@1001ae25:___report_gsfailure"
1003a4b0,".data","DAT_1003a4b0[Label,DEFAULT,primary]","1003a4b0:?? 00h:type=undefined","1001ae7e:WRITE@1001ae25:___report_gsfailure"
1003a4b4,".data","DAT_1003a4b4[Label,DEFAULT,primary]","1003a4b4:?? 00h:type=undefined","1001ae97:WRITE@1001ae25:___report_gsfailure"
1003a4b8,".data","DAT_1003a4b8[Label,DEFAULT,primary]","1003a4b8:?? 00h:type=undefined","1001ae53:WRITE@1001ae25:___report_gsfailure"
1003a6bc,".data","DAT_1003a6bc[Label,DEFAULT,primary]","1003a6bc:undefined4 00000000h:type=undefined4","1001b1c6:READ@1001b1a5:FUN_1001b1a5"
1003a6c0,".data","DAT_1003a6c0[Label,DEFAULT,primary]","1003a6c0:undefined4 00000000h:type=undefined4","10001e0d:WRITE@10001db0:FUN_10001db0|10001e51:READ@10001db0:FUN_10001db0|100014eb:READ@100014c0:FUN_100014c0|100014fd:READ@100014c0:FUN_100014c0"
1003a6c4,".data","DAT_1003a6c4[Label,DEFAULT,primary]","1003a6c4:undefined1 00h:type=undefined1","10001e1c:WRITE@10001db0:FUN_10001db0|10001e44:READ@10001db0:FUN_10001db0|10001e4c:WRITE@10001db0:FUN_10001db0|100014c9:READ@100014c0:FUN_100014c0"
1003a6c5,".data","DAT_1003a6c5[Label,DEFAULT,primary]","1003a6c5:undefined1 00h:type=undefined1","10001e01:WRITE@10001db0:FUN_10001db0|10001529:READ@10001520:FUN_10001520"
1003a6c6,".data","DAT_1003a6c6[Label,DEFAULT,primary]","1003a6c6:undefined1 00h:type=undefined1","10004c02:READ@10004bb0:FUN_10004bb0|10004b16:WRITE|10004b6c:WRITE|10004b93:WRITE"
1003a6c8,".data","DAT_1003a6c8[Label,DEFAULT,primary]","1003a6c8:undefined1 00h:type=undefined1","10008150:DATA@10008140:FUN_10008140|1000816e:DATA@10008140:FUN_10008140|10008180:READ@10008140:FUN_10008140|100081a2:DATA@10008140:FUN_10008140|100081c0:DATA@10008140:FUN_10008140|100081d0:READ@10008140:FUN_10008140|100081f2:DATA@10008140:FUN_10008140|10008210:DATA@10008140:FUN_10008140|10008220:READ@10008140:FUN_10008140|1000824a:DATA@10008140:FUN_10008140|1000825e:DATA@10008140:FUN_10008140|1000826f:DATA@10008140:FUN_10008140|10008358:DATA@10008140:FUN_10008140|1000836c:DATA@10008140:FUN_10008140|10008391:DATA@10008140:FUN_10008140|1000840a:DATA@10008140:FUN_10008140|10008424:DATA@10008140:FUN_10008140|1000844c:DATA@10008140:FUN_10008140|100084c5:DATA@10008140:FUN_10008140|100084df:DATA@10008140:FUN_10008140|10008504:DATA@10008140:FUN_10008140|1000857d:DATA@10008140:FUN_10008140|10008597:DATA@10008140:FUN_10008140|100085bf:DATA@10008140:FUN_10008140|1000863e:DATA@10008140:FUN_10008140|10008652:DATA@10008140:FUN_10008140|10008677:DATA@10008140:FUN_10008140|100086f2:DATA@10008140:FUN_10008140|10008712:DATA@10008140:FUN_10008140|10008726:DATA@10008140:FUN_10008140|1000873a:DATA@10008140:FUN_10008140|1000874e:DATA@10008140:FUN_10008140|1000875f:DATA@10008140:FUN_10008140|10002237:DATA@10002210:FUN_10002210|1000224b:DATA@10002210:FUN_10002210|1000225e:DATA@10002210:FUN_10002210|10002280:DATA@10002210:FUN_10002210|10002299:DATA@10002210:FUN_10002210|100022a6:DATA@10002210:FUN_10002210|100022c8:DATA@10002210:FUN_10002210|100022e2:DATA@10002210:FUN_10002210|100022ef:DATA@10002210:FUN_10002210|10002312:DATA@10002210:FUN_10002210|10002331:DATA@10002210:FUN_10002210|1000233e:DATA@10002210:FUN_10002210|1000235b:DATA@10002210:FUN_10002210|10002374:DATA@10002210:FUN_10002210|10002381:DATA@10002210:FUN_10002210|1000239e:DATA@10002210:FUN_10002210|100023b7:DATA@10002210:FUN_10002210|100023c4:DATA@10002210:FUN_10002210|100023e1:DATA@10002210:FUN_10002210|100023fa:DATA@10002210:FUN_10002210|10002407:DATA@10002210:FUN_10002210|10002424:DATA@10002210:FUN_10002210|1000243d:DATA@10002210:FUN_10002210|1000244a:DATA@10002210:FUN_10002210|10002467:DATA@10002210:FUN_10002210|10002480:DATA@10002210:FUN_10002210|1000248d:DATA@10002210:FUN_10002210|10001ec4:DATA@10001e80:FUN_10001e80|10001edf:DATA@10001e80:FUN_10001e80|10001f08:DATA@10001e80:FUN_10001e80|10003bed:DATA@10003ba0:FUN_10003ba0|10003c01:DATA@10003ba0:FUN_10003ba0|10003c0b:DATA@10003ba0:FUN_10003ba0|10003c30:DATA@10003ba0:FUN_10003ba0|10003c49:DATA@10003ba0:FUN_10003ba0|10003c56:DATA@10003ba0:FUN_10003ba0|10003c83:DATA@10003ba0:FUN_10003ba0|10003c9d:DATA@10003ba0:FUN_10003ba0|10003ca7:DATA@10003ba0:FUN_10003ba0|10003ccf:DATA@10003ba0:FUN_10003ba0|10003ce9:DATA@10003ba0:FUN_10003ba0|10003cf6:DATA@10003ba0:FUN_10003ba0|10003d38:DATA@10003ba0:FUN_10003ba0|10003d51:DATA@10003ba0:FUN_10003ba0|10003d5b:DATA@10003ba0:FUN_10003ba0|10003d8e:DATA@10003ba0:FUN_10003ba0|10003da8:DATA@10003ba0:FUN_10003ba0|10003db2:DATA@10003ba0:FUN_10003ba0|10003de5:DATA@10003ba0:FUN_10003ba0|10003dfc:DATA@10003ba0:FUN_10003ba0|10003e06:DATA@10003ba0:FUN_10003ba0"
1003a8c8,".data","DAT_1003a8c8[Label,DEFAULT,primary]","1003a8c8:?? 00h:type=undefined","1000154c:DATA@10001520:FUN_10001520|10008146:DATA@10008140:FUN_10008140|10008198:DATA@10008140:FUN_10008140|100081e8:DATA@10008140:FUN_10008140|10008240:DATA@10008140:FUN_10008140|1000834e:DATA@10008140:FUN_10008140|10008400:DATA@10008140:FUN_10008140|100084bb:DATA@10008140:FUN_10008140|10008573:DATA@10008140:FUN_10008140|10008634:DATA@10008140:FUN_10008140|100086e6:DATA@10008140:FUN_10008140|10008730:DATA@10008140:FUN_10008140|10001dcf:DATA@10001db0:FUN_10001db0|10001ddd:DATA@10001db0:FUN_10001db0|10001df0:DATA@10001db0:FUN_10001db0|1000222d:DATA@10002210:FUN_10002210|10002271:DATA@10002210:FUN_10002210|100022b9:DATA@10002210:FUN_10002210|10002305:DATA@10002210:FUN_10002210|10002351:DATA@10002210:FUN_10002210|10002394:DATA@10002210:FUN_10002210|100023d7:DATA@10002210:FUN_10002210|1000241a:DATA@10002210:FUN_10002210|1000245d:DATA@10002210:FUN_10002210|10001eba:DATA@10001e80:FUN_10001e80|10003be3:DATA@10003ba0:FUN_10003ba0|10003c1a:DATA@10003ba0:FUN_10003ba0|10003c6e:DATA@10003ba0:FUN_10003ba0|10003cbf:DATA@10003ba0:FUN_10003ba0|10003d2e:DATA@10003ba0:FUN_10003ba0|10003d7b:DATA@10003ba0:FUN_10003ba0|10003dd2:DATA@10003ba0:FUN_10003ba0"
1003aac8,".data","DAT_1003aac8[Label,DEFAULT,primary]","1003aac8:undefined4 00000000h:type=undefined4","10001596:READ@10001590:FUN_10001590|100015a5:WRITE@10001590:FUN_10001590|10001664:READ@10001630:FUN_10001630|10001675:WRITE@10001630:FUN_10001630|1000827a:READ@10008140:FUN_10008140|1000828b:WRITE@10008140:FUN_10008140|10008376:READ@10008140:FUN_10008140|10008387:WRITE@10008140:FUN_10008140|1000842e:READ@10008140:FUN_10008140|10008442:WRITE@10008140:FUN_10008140|100084e9:READ@10008140:FUN_10008140|100084fa:WRITE@10008140:FUN_10008140|100085a1:READ@10008140:FUN_10008140|100085b5:WRITE@10008140:FUN_10008140|1000865c:READ@10008140:FUN_10008140|1000866d:WRITE@10008140:FUN_10008140|1000173a:READ@10001730:FUN_10001730|10001741:WRITE@10001730:FUN_10001730"
1003aacc,".data","DAT_1003aacc[Label,DEFAULT,primary]","1003aacc:undefined4 00000000h:type=undefined4","10001a96:READ@10001980:FUN_10001980|10001ad3:READ@10001ad0:FUN_10001ad0|10001b0b:READ@10001b00:FUN_10001b00|10001b33:READ@10001b30:FUN_10001b30|10001fc3:READ@10001fb0:FUN_10001fb0|1000774f:READ@100076d0:FUN_100076d0|10001886:WRITE"
1003aed8,".data","DAT_1003aed8[Label,DEFAULT,primary]","1003aed8:undefined4 00000000h:type=undefined4","10002317:WRITE@10002210:FUN_10002210|10004cf8:READ@10004bb0:FUN_10004bb0|1000540c:READ@100050e0:FUN_100050e0"
1003aedc,".data","DAT_1003aedc[Label,DEFAULT,primary]","1003aedc:?? 00h:type=undefined","10007510:WRITE@100074d0:FUN_100074d0|1000759a:WRITE@100074d0:FUN_100074d0|100075c3:WRITE@100074d0:FUN_100074d0|10007cfa:DATA@100076d0:FUN_100076d0"
1003aee0,".data","DAT_1003aee0[Label,DEFAULT,primary]","1003aee0:?? 00h:type=undefined","10007519:WRITE@100074d0:FUN_100074d0|10007660:WRITE@100074d0:FUN_100074d0"
1003aee4,".data","DAT_1003aee4[Label,DEFAULT,primary]","1003aee4:?? 00h:type=undefined","10007522:WRITE@100074d0:FUN_100074d0|100075c9:WRITE@100074d0:FUN_100074d0"
1003aee8,".data","DAT_1003aee8[Label,DEFAULT,primary]","1003aee8:?? 00h:type=undefined","1000752b:WRITE@100074d0:FUN_100074d0|10007666:WRITE@100074d0:FUN_100074d0"
1003aeec,".data","DAT_1003aeec[Label,DEFAULT,primary]","1003aeec:undefined1 00h:type=undefined1","10007534:WRITE@100074d0:FUN_100074d0|10007aca:READ@100076d0:FUN_100076d0"
1003aef0,".data","DAT_1003aef0[Label,DEFAULT,primary]","1003aef0:undefined1 00h:type=undefined1","1000753d:WRITE@100074d0:FUN_100074d0|10007a87:READ@100076d0:FUN_100076d0"
1003aef1,".data","DAT_1003aef1[Label,DEFAULT,primary]","1003aef1:undefined1 00h:type=undefined1","10002285:WRITE@10002210:FUN_10002210|10002a5c:READ@10002210:FUN_10002210|10007956:READ@100076d0:FUN_100076d0"
1003aef3,".data","DAT_1003aef3[Label,DEFAULT,primary]","1003aef3:?? 00h:type=undefined","1000a81f:DATA@1000a800:FUN_1000a800"
1003aef4,".data","DAT_1003aef4[Label,DEFAULT,primary]","1003aef4:undefined4 00000000h:type=undefined4","1000768e:WRITE@100074d0:FUN_100074d0|10007717:READ@100076d0:FUN_100076d0"
1003b6f8,".data","DAT_1003b6f8[Label,DEFAULT,primary]","1003b6f8:?? 00h:type=undefined","10004314:WRITE@100042c0:FUN_100042c0"
1003b6fc,".data","DAT_1003b6fc[Label,DEFAULT,primary]","1003b6fc:undefined4 00000000h:type=undefined4","1000246c:WRITE@10002210:FUN_10002210|10005047:READ@10004bb0:FUN_10004bb0"
1003b700,".data","DAT_1003b700[Label,DEFAULT,primary]","1003b700:undefined4 00000000h:type=undefined4","10004a86:READ@10004a60:FUN_10004a60|10004356:READ@100042c0:FUN_100042c0|10003871:DATA@10003810:FUN_10003810|100043cb:DATA@100042c0:FUN_100042c0|10004aa0:DATA@10004a60:FUN_10004a60"
1003bbb0,".data","DAT_1003bbb0[Label,DEFAULT,primary]","1003bbb0:undefined4 00000000h:type=undefined4","100020b0:READ@10001fb0:FUN_10001fb0|10001f66:DATA@10001e80:FUN_10001e80|10003110:READ"
1003bbb4,".data","DAT_1003bbb4[Label,DEFAULT,primary]","1003bbb4:undefined4 00000000h:type=undefined4","100035da:READ@10003400:FUN_10003400|10003794:READ@10003660:FUN_10003660|1000840f:WRITE@10008140:FUN_10008140|10008a59:READ|10008a62:READ|10008ac7:WRITE"
1003bbbc,".data","DAT_1003bbbc[Label,DEFAULT,primary]","1003bbbc:undefined4 00000000h:type=undefined4","10002429:WRITE@10002210:FUN_10002210|10005063:READ@10004bb0:FUN_10004bb0"
1003bbc0,".data","DAT_1003bbc0[Label,DEFAULT,primary]","1003bbc0:undefined4 00000000h:type=undefined4","100078a0:DATA@100076d0:FUN_100076d0|10008994:READ|100089a3:READ|10008a14:WRITE|100088d7:DATA"
1003bc00,".data","DAT_1003bc00[Label,DEFAULT,primary]","1003bc00:?? 00h:type=undefined","100077d1:WRITE@100076d0:FUN_100076d0"
1003bc04,".data","DAT_1003bc04[Label,DEFAULT,primary]","1003bc04:undefined4 00000000h:type=undefined4","10002360:WRITE@10002210:FUN_10002210|10004c30:READ@10004bb0:FUN_10004bb0|10004c52:READ@10004bb0:FUN_10004bb0"
1003bc08,".data","DAT_1003bc08[Label,DEFAULT,primary]","1003bc08:undefined4 00000000h:type=undefined4","1000862e:WRITE@10008140:FUN_10008140|10008a95:READ|10008a9e:READ|10008ae5:WRITE"
1003bc0c,".data","DAT_1003bc0c[Label,DEFAULT,primary]","1003bc0c:undefined4 00000000h:type=undefined4","100023e6:WRITE@10002210:FUN_10002210|10005089:READ@10004bb0:FUN_10004bb0"
1003bc18,".data","DAT_1003bc18[Label,DEFAULT,primary]","1003bc18:undefined4 00000000h:type=undefined4","100056b7:WRITE@10005670:FUN_10005670|100056dd:READ@10005670:FUN_10005670|100056e3:WRITE@10005670:FUN_10005670|10005709:WRITE@10005670:FUN_10005670|1000572e:READ@10005670:FUN_10005670|10005734:WRITE@10005670:FUN_10005670|10005750:WRITE@10005670:FUN_10005670|1000577d:READ@10005670:FUN_10005670|10005783:WRITE@10005670:FUN_10005670|1000579b:WRITE@10005670:FUN_10005670|10005838:READ@10005670:FUN_10005670|10005841:WRITE@10005670:FUN_10005670|10008835:WRITE|10008879:READ|100088cc:READ|1000891b:READ|10008940:WRITE|10008959:READ|10008966:READ|10008976:READ|1000898e:READ|1000899e:READ|100089b5:READ|100089c4:READ|100089dc:READ|100089ec:READ|100089fe:READ|10008a0e:READ|10008a1f:READ|10008a30:READ|1000894c:READ|10008954:WRITE"
1003bc1c,".data","DAT_1003bc1c[Label,DEFAULT,primary]","1003bc1c:undefined4 00000000h:type=undefined4","10005cb1:READ@10005b60:FUN_10005b60|10005e77:READ@10005d30:FUN_10005d30|1000604e:READ@10005ef0:FUN_10005ef0|10006eb9:READ@10006be0:FUN_10006be0|10007269:READ@10007030:FUN_10007030|10008582:WRITE@10008140:FUN_10008140|10008a81:READ|10008a8a:READ|10008adb:WRITE"
1003bc20,".data","DAT_1003bc20[Label,DEFAULT,primary]","1003bc20:?? 00h:type=undefined","10004c7e:READ@10004bb0:FUN_10004bb0|10004caf:WRITE@10004bb0:FUN_10004bb0"
1003bc24,".data","DAT_1003bc24[Label,DEFAULT,primary]","1003bc24:undefined4 00000000h:type=undefined4","100023a3:WRITE@10002210:FUN_10002210|100050ae:READ@10004bb0:FUN_10004bb0"
1003bc30,".data","DAT_1003bc30[Label,DEFAULT,primary]","1003bc30:undefined4 00000000h:type=undefined4","100078ee:DATA@100076d0:FUN_100076d0|100089ba:READ|100089ca:READ|10008a25:WRITE|10008927:DATA"
1003bc70,".data","DAT_1003bc70[Label,DEFAULT,primary]","1003bc70:undefined4 00000000h:type=undefined4","1000231c:WRITE@10002210:FUN_10002210|10004cec:READ@10004bb0:FUN_10004bb0|100053fc:READ@100050e0:FUN_100050e0"
1003bc74,".data","DAT_1003bc74[Label,DEFAULT,primary]","1003bc74:undefined4 00000000h:type=undefined4","100024a5:WRITE@10002210:FUN_10002210|10004c5b:READ@10004bb0:FUN_10004bb0"
1003bc78,".data","DAT_1003bc78[Label,DEFAULT,primary]","1003bc78:undefined4 00000000h:type=undefined4","1000769d:WRITE@100074d0:FUN_100074d0|1000784e:READ@100076d0:FUN_100076d0|1000789b:READ@100076d0:FUN_100076d0|100078e9:READ@100076d0:FUN_100076d0|10007939:READ@100076d0:FUN_100076d0"
1003bc7c,".data","DAT_1003bc7c[Label,DEFAULT,primary]","1003bc7c:undefined4 00000000h:type=undefined4","100035d2:READ@10003400:FUN_10003400|1000378c:READ@10003660:FUN_10003660|100084ca:WRITE@10008140:FUN_10008140|10008a6d:READ|10008a76:READ|10008ad1:WRITE"
1003bc80,".data","DAT_1003bc80[Label,DEFAULT,primary]","1003bc80:undefined1 00h:type=undefined1","10008186:WRITE@10008140:FUN_10008140|100081d6:WRITE@10008140:FUN_10008140|10008226:WRITE@10008140:FUN_10008140|10008781:DATA"
1003bd8c,".data","DAT_1003bd8c[Label,DEFAULT,primary]","1003bd8c:undefined2 0000h:type=undefined2","10003863:READ@10003810:FUN_10003810|1000388a:READ@10003810:FUN_10003810|100038b8:READ@10003810:FUN_10003810|10003962:READ@10003810:FUN_10003810|10003b59:READ@10003810:FUN_10003810|10003b87:READ_WRITE@10003810:FUN_10003810|1000433f:READ@100042c0:FUN_100042c0|10004360:READ@100042c0:FUN_100042c0|10004a6e:READ@10004a60:FUN_10004a60|100086fd:WRITE@10008140:FUN_10008140|100030c2:READ|100030d9:READ"
1003bd90,".data","DAT_1003bd90[Label,DEFAULT,primary]","1003bd90:undefined4 00000000h:type=undefined4","10008064:READ@10008000:FUN_10008000|10008109:WRITE@10008000:FUN_10008000|10008a45:READ|10008a4e:READ|10008abd:WRITE"
1003bd98,".data","DAT_1003bd98[Label,DEFAULT,primary]","1003bd98:undefined4 00000000h:type=undefined4","10001e94:WRITE@10001e80:FUN_10001e80|10001e9b:READ@10001e80:FUN_10001e80|10001eaa:READ@10001e80:FUN_10001e80|10001fe9:READ@10001fb0:FUN_10001fb0|10002007:READ@10001fb0:FUN_10001fb0|100020df:READ@10001fb0:FUN_10001fb0|100021c0:READ@10001fb0:FUN_10001fb0|10003103:READ"
1003bd9c,".data","DAT_1003bd9c[Label,DEFAULT,primary]","1003bd9c:undefined4 00000000h:type=undefined4","10003d6c:WRITE@10003ba0:FUN_10003ba0|10003d76:READ@10003ba0:FUN_10003ba0|10003d83:READ@10003ba0:FUN_10003ba0|1000799f:READ@100076d0:FUN_100076d0|100079e8:READ@100076d0:FUN_100076d0|10008af9:READ|10008b02:READ|10008b46:WRITE"
1003bda0,".data","DAT_1003bda0[Label,DEFAULT,primary]","1003bda0:undefined4 00000000h:type=undefined4","10003dc3:WRITE@10003ba0:FUN_10003ba0|10003dcd:READ@10003ba0:FUN_10003ba0|10003dda:READ@10003ba0:FUN_10003ba0|10008b13:READ|10008b1c:READ|10008b50:WRITE"
1003bda4,".data","DAT_1003bda4[Label,DEFAULT,primary]","1003bda4:undefined4 00000000h:type=undefined4","10003e17:WRITE@10003ba0:FUN_10003ba0|10003e21:READ@10003ba0:FUN_10003ba0|10003e2c:READ@10003ba0:FUN_10003ba0|10008b2c:READ|10008b35:READ|10008b5a:WRITE"
1003c1a8,".data","DAT_1003c1a8[Label,DEFAULT,primary]","1003c1a8:undefined4 00000000h:type=undefined4","10007853:DATA@100076d0:FUN_100076d0|1000896c:READ|1000897c:READ|10008a03:WRITE|10008884:DATA"
1003c1e8,".data","DAT_1003c1e8[Label,DEFAULT,primary]","1003c1e8:?? 00h:type=undefined","10004319:WRITE@100042c0:FUN_100042c0"
1003c1ec,".data","DAT_1003c1ec[Label,DEFAULT,primary]","1003c1ec:?? 00h:type=undefined","1000767c:WRITE@100074d0:FUN_100074d0|10007688:READ@100074d0:FUN_100074d0|10007780:READ@100076d0:FUN_100076d0|100077e7:READ@100076d0:FUN_100076d0"
1003c1f4,".data","DAT_1003c1f4[Label,DEFAULT,primary]","1003c1f4:undefined4 00000000h:type=undefined4","10008155:WRITE@10008140:FUN_10008140|100081a7:WRITE@10008140:FUN_10008140|100081f7:WRITE@10008140:FUN_10008140|1000883c:READ|10008890:READ|100088e0:READ"
1003c1f8,".data","DAT_1003c1f8[Label,DEFAULT,primary]","1003c1f8:undefined4 00000000h:type=undefined4","10006ec6:READ@10006be0:FUN_10006be0|1000725f:READ@10007030:FUN_10007030|100086f7:WRITE@10008140:FUN_10008140|10008aa9:READ|10008ab2:READ|10008aef:WRITE"
1003c1fc,".data","DAT_1003c1fc[Label,DEFAULT,primary]","1003c1fc:undefined4 00000000h:type=undefined4","10007682:WRITE@100074d0:FUN_100074d0|100076d8:READ@100076d0:FUN_100076d0|10007963:READ@100076d0:FUN_100076d0|10007b2d:READ@100076d0:FUN_100076d0|10007b67:READ@100076d0:FUN_100076d0|10007c4b:READ@100076d0:FUN_100076d0|10007db1:READ@100076d0:FUN_100076d0|10007e1c:READ@100076d0:FUN_100076d0"
1003c208,".data","DAT_1003c208[Label,DEFAULT,primary]","1003c208:undefined4 00000000h:type=undefined4","10008307:WRITE@10008140:FUN_10008140|10008315:READ@10008140:FUN_10008140|1000793e:DATA@100076d0:FUN_100076d0|100089e2:READ|100089f2:READ|10008a35:WRITE"
1003c248,".data","DAT_1003c248[Label,DEFAULT,primary]","1003c248:undefined4 00000000h:type=undefined4","1000301c:WRITE@10002210:FUN_10002210|10003134:READ@10003130:FUN_10003130|10003215:READ@10003200:FUN_10003200|1000324d:READ@10003200:FUN_10003200|10003344:READ@10003340:FUN_10003340|10003524:READ@10003400:FUN_10003400|100036ea:READ@10003660:FUN_10003660|100042d5:READ@100042c0:FUN_100042c0|10004bb7:READ@10004bb0:FUN_10004bb0|100050f4:READ@100050e0:FUN_100050e0|10005170:READ@100050e0:FUN_100050e0|10005880:READ@10005860:FUN_10005860|10005672:READ@10005670:FUN_10005670|100060d3:READ@100060d0:FUN_100060d0|10006368:READ@10006360:FUN_10006360|100069e6:READ@100069e0:FUN_100069e0|10006a55:READ@10006a50:FUN_10006a50|10006ad6:READ@10006ad0:FUN_10006ad0|100074d5:READ@100074d0:FUN_100074d0|100076e3:READ@100076d0:FUN_100076d0|10007dac:READ@100076d0:FUN_100076d0|10007e16:READ@100076d0:FUN_100076d0|10008e02:READ@10008e00:FUN_10008e00"
1003c24c,".data","DAT_1003c24c[Label,DEFAULT,primary]","1003c24c:?? 00h:type=undefined","1000d258:WRITE@1000d250:FUN_1000d250"
1003c250,".data","DAT_1003c250[Label,DEFAULT,primary]","1003c250:undefined4 00000000h:type=undefined4","10007ec5:READ@100076d0:FUN_100076d0|10007eca:READ@100076d0:FUN_100076d0"
1003c254,".data","DAT_1003c254[Label,DEFAULT,primary]","1003c254:undefined4 00000000h:type=undefined4","10007edc:READ@100076d0:FUN_100076d0|10007ee2:READ@100076d0:FUN_100076d0"
1003c25c,".data","DAT_1003c25c[Label,DEFAULT,primary]","1003c25c:undefined4 00000000h:type=undefined4","100012f7:READ@10001040:FUN_10001040|10001354:READ@10001350:FUN_10001350|100013d0:READ@10001350:FUN_10001350|10004398:READ@100042c0:FUN_100042c0|10020884:WRITE@10020870:FUN_10020870|1002088b:READ@10020870:FUN_10020870|100013e0:READ@100013e0:FUN_100013e0|100013ea:READ@100013e0:FUN_100013e0|100013f3:READ@100013e0:FUN_100013e0|10001410:READ@100013e0:FUN_100013e0"
1003c260,".data","DAT_1003c260[Label,DEFAULT,primary]","1003c260:?? 00h:type=undefined","1000130f:READ@10001040:FUN_10001040|10001324:READ_WRITE@10001040:FUN_10001040|100013f9:WRITE@100013e0:FUN_100013e0"
1003c328,".data","DAT_1003c328[Label,DEFAULT,primary]","1003c328:undefined4 00000000h:type=undefined4","1000a74c:READ@1000a740:FUN_1000a740|1000a75c:DATA@1000a740:FUN_1000a740|100209fa:WRITE|1000a100:WRITE@1000a090:FUN_1000a090|1000a10a:DATA@1000a090:FUN_1000a090|10020fd8:WRITE@10020fd0:FUN_10020fd0|1000a68c:READ@1000a680:FUN_1000a680|1000a69c:DATA@1000a680:FUN_1000a680"
1003c32c,".data","DAT_1003c32c[Label,DEFAULT,primary]","1003c32c:?? 00h:type=undefined","1000a092:WRITE@1000a090:FUN_1000a090"
1003c330,".data","DAT_1003c330[Label,DEFAULT,primary]","1003c330:?? 00h:type=undefined","1000a097:WRITE@1000a090:FUN_1000a090"
1003c334,".data","DAT_1003c334[Label,DEFAULT,primary]","1003c334:?? 00h:type=undefined","1000a09c:WRITE@1000a090:FUN_1000a090"
1003c338,".data","DAT_1003c338[Label,DEFAULT,primary]","1003c338:?? 00h:type=undefined","1000a0a1:WRITE@1000a090:FUN_1000a090"
1003c33c,".data","DAT_1003c33c[Label,DEFAULT,primary]","1003c33c:?? 00h:type=undefined","1000a0a6:WRITE@1000a090:FUN_1000a090"
1003c340,".data","DAT_1003c340[Label,DEFAULT,primary]","1003c340:?? 00h:type=undefined","1000a0ab:WRITE@1000a090:FUN_1000a090"
1003c344,".data","DAT_1003c344[Label,DEFAULT,primary]","1003c344:?? 00h:type=undefined","1000a0b0:WRITE@1000a090:FUN_1000a090"
1003c348,".data","DAT_1003c348[Label,DEFAULT,primary]","1003c348:?? 00h:type=undefined","1000a0b5:WRITE@1000a090:FUN_1000a090"
1003c34c,".data","DAT_1003c34c[Label,DEFAULT,primary]","1003c34c:?? 00h:type=undefined","1000a0ba:WRITE@1000a090:FUN_1000a090"
1003c350,".data","DAT_1003c350[Label,DEFAULT,primary]","1003c350:?? 00h:type=undefined","1000a0bf:WRITE@1000a090:FUN_1000a090"
1003c354,".data","DAT_1003c354[Label,DEFAULT,primary]","1003c354:?? 00h:type=undefined","1000a0c4:WRITE@1000a090:FUN_1000a090"
1003c358,".data","DAT_1003c358[Label,DEFAULT,primary]","1003c358:?? 00h:type=undefined","1000a0c9:WRITE@1000a090:FUN_1000a090"
1003c35c,".data","DAT_1003c35c[Label,DEFAULT,primary]","1003c35c:?? 00h:type=undefined","1000a0ce:WRITE@1000a090:FUN_1000a090"
1003c360,".data","DAT_1003c360[Label,DEFAULT,primary]","1003c360:?? 00h:type=undefined","1000a0d3:WRITE@1000a090:FUN_1000a090"
1003c364,".data","DAT_1003c364[Label,DEFAULT,primary]","1003c364:?? 00h:type=undefined","1000a0d8:WRITE@1000a090:FUN_1000a090"
1003c368,".data","DAT_1003c368[Label,DEFAULT,primary]","1003c368:?? 00h:type=undefined","1000a0dd:WRITE@1000a090:FUN_1000a090"
1003c36c,".data","DAT_1003c36c[Label,DEFAULT,primary]","1003c36c:undefined4 00000000h:type=undefined4","1000a0e2:WRITE@1000a090:FUN_1000a090|10020fef:READ@10020fd0:FUN_10020fd0|10021013:WRITE@10020fd0:FUN_10020fd0|1000a6b9:READ@1000a680:FUN_1000a680|1000a6e2:READ@1000a680:FUN_1000a680|1000a6d3:DATA@1000a680:FUN_1000a680|1000a70b:DATA@1000a680:FUN_1000a680"
1003c370,".data","DAT_1003c370[Label,DEFAULT,primary]","1003c370:undefined4 00000000h:type=undefined4","1000a0e7:WRITE@1000a090:FUN_1000a090|10021019:WRITE@10020fd0:FUN_10020fd0|1000a6ab:READ@1000a680:FUN_1000a680|1000a6dd:READ@1000a680:FUN_1000a680|1000a6f1:READ@1000a680:FUN_1000a680|1000a6fa:WRITE@1000a680:FUN_1000a680|1000a715:READ@1000a680:FUN_1000a680|1000a723:READ@1000a680:FUN_1000a680|1000a72b:WRITE@1000a680:FUN_1000a680"
1003c374,".data","DAT_1003c374[Label,DEFAULT,primary]","1003c374:undefined4 00000000h:type=undefined4","1000a0ec:WRITE@1000a090:FUN_1000a090|1002101f:WRITE@10020fd0:FUN_10020fd0|1000a6cb:READ@1000a680:FUN_1000a680|1000a703:READ@1000a680:FUN_1000a680"
1003c37c,".data","DAT_1003c37c[Label,DEFAULT,primary]","1003c37c:undefined4 00000000h:type=undefined4","1000a779:READ@1000a740:FUN_1000a740|1000a7a2:READ@1000a740:FUN_1000a740|1000a793:DATA@1000a740:FUN_1000a740|1000a7cb:DATA@1000a740:FUN_1000a740|1000a0f1:WRITE@1000a090:FUN_1000a090|10020fd0:READ@10020fd0:FUN_10020fd0|10020ff4:WRITE@10020fd0:FUN_10020fd0"
1003c380,".data","DAT_1003c380[Label,DEFAULT,primary]","1003c380:undefined4 00000000h:type=undefined4","1000a76b:READ@1000a740:FUN_1000a740|1000a79d:READ@1000a740:FUN_1000a740|1000a7b1:READ@1000a740:FUN_1000a740|1000a7ba:WRITE@1000a740:FUN_1000a740|1000a7d5:READ@1000a740:FUN_1000a740|1000a7e3:READ@1000a740:FUN_1000a740|1000a7eb:WRITE@1000a740:FUN_1000a740|1000a0f6:WRITE@1000a090:FUN_1000a090|10020ffa:WRITE@10020fd0:FUN_10020fd0"
1003c384,".data","DAT_1003c384[Label,DEFAULT,primary]","1003c384:undefined4 00000000h:type=undefined4","1000a78b:READ@1000a740:FUN_1000a740|1000a7c3:READ@1000a740:FUN_1000a740|1000a0fb:WRITE@1000a090:FUN_1000a090|10021000:WRITE@10020fd0:FUN_10020fd0"
1003c390,".data","DAT_1003c390[Label,DEFAULT,primary]","1003c390:undefined4 00000000h:type=undefined4","1000a743:READ@1000a740:FUN_1000a740|1000a763:WRITE@1000a740:FUN_1000a740|1000d467:READ@1000d460:FUN_1000d460|1000d4c7:READ@1000d4c0:FUN_1000d4c0|1000d527:READ@1000d520:FUN_1000d520|1000d587:READ@1000d580:FUN_1000d580|1000d5e7:READ@1000d5e0:FUN_1000d5e0|1000d647:READ@1000d640:FUN_1000d640|1000d6a7:READ@1000d6a0:FUN_1000d6a0|1000d707:READ@1000d700:FUN_1000d700|1000d767:READ@1000d760:FUN_1000d760|1000d7c7:READ@1000d7c0:FUN_1000d7c0|1000d827:READ@1000d820:FUN_1000d820|1000d887:READ@1000d880:FUN_1000d880|1000d8e7:READ@1000d8e0:FUN_1000d8e0|1000d947:READ@1000d940:FUN_1000d940|1000d9a7:READ@1000d9a0:FUN_1000d9a0|1000da07:READ@1000da00:FUN_1000da00|1000a683:READ@1000a680:FUN_1000a680|1000a6a3:WRITE@1000a680:FUN_1000a680"
1003c394,".data","DAT_1003c394[Label,DEFAULT,primary]","1003c394:undefined4 00000000h:type=undefined4","1000a80a:READ@1000a800:FUN_1000a800|1000a81f:WRITE@1000a800:FUN_1000a800"
1003c398,".data","DAT_1003c398[Label,DEFAULT,primary]","1003c398:undefined4 00000000h:type=undefined4","1000a943:READ@1000a940:FUN_1000a940|1000a972:WRITE@1000a940:FUN_1000a940|1000aa13:READ@1000aa10:FUN_1000aa10|1000aa42:WRITE@1000aa10:FUN_1000aa10|1000da67:READ@1000da60:FUN_1000da60|1000dac7:READ@1000dac0:FUN_1000dac0|1000db27:READ@1000db20:FUN_1000db20|1000db87:READ@1000db80:FUN_1000db80|1000dbe7:READ@1000dbe0:FUN_1000dbe0"
1003c39c,".data","DAT_1003c39c[Label,DEFAULT,primary]","1003c39c:undefined4 00000000h:type=undefined4","1000ab63:READ@1000ab60:FUN_1000ab60|1000ab86:WRITE@1000ab60:FUN_1000ab60|1000dc47:READ@1000dc40:FUN_1000dc40|1000dca7:READ@1000dca0:FUN_1000dca0|1000dd07:READ@1000dd00:FUN_1000dd00|1000dd67:READ@1000dd60:FUN_1000dd60|1000ddc7:READ@1000ddc0:FUN_1000ddc0"
1003c3a0,".data","DAT_1003c3a0[Label,DEFAULT,primary]","1003c3a0:undefined4 00000000h:type=undefined4","1000aca3:READ@1000aca0:FUN_1000aca0|1000acc6:WRITE@1000aca0:FUN_1000aca0|1000de27:READ@1000de20:FUN_1000de20|1000de87:READ@1000de80:FUN_1000de80|1000dee7:READ@1000dee0:FUN_1000dee0|1000df47:READ@1000df40:FUN_1000df40|1000dfa7:READ@1000dfa0:FUN_1000dfa0"
1003c3a4,".data","DAT_1003c3a4[Label,DEFAULT,primary]","1003c3a4:undefined4 00000000h:type=undefined4","1000ade3:READ@1000ade0:FUN_1000ade0|1000ae06:WRITE@1000ade0:FUN_1000ade0|1000e007:READ@1000e000:FUN_1000e000|1000e067:READ@1000e060:FUN_1000e060|1000e0c7:READ@1000e0c0:FUN_1000e0c0|1000e127:READ@1000e120:FUN_1000e120|1000e187:READ@1000e180:FUN_1000e180"
1003c3a8,".data","DAT_1003c3a8[Label,DEFAULT,primary]","1003c3a8:undefined4 00000000h:type=undefined4","1000af23:READ@1000af20:FUN_1000af20|1000af46:WRITE@1000af20:FUN_1000af20|1000e1e7:READ@1000e1e0:FUN_1000e1e0|1000e247:READ@1000e240:FUN_1000e240|1000e2a7:READ@1000e2a0:FUN_1000e2a0|1000e307:READ@1000e300:FUN_1000e300|1000e367:READ@1000e360:FUN_1000e360"
1003c3ac,".data","DAT_1003c3ac[Label,DEFAULT,primary]","1003c3ac:undefined4 00000000h:type=undefined4","1000b063:READ@1000b060:FUN_1000b060|1000b089:WRITE@1000b060:FUN_1000b060|1000e3c7:READ@1000e3c0:FUN_1000e3c0|1000e427:READ@1000e420:FUN_1000e420|1000e487:READ@1000e480:FUN_1000e480|1000e4e7:READ@1000e4e0:FUN_1000e4e0|1000e547:READ@1000e540:FUN_1000e540"
1003c3b0,".data","DAT_1003c3b0[Label,DEFAULT,primary]","1003c3b0:undefined4 00000000h:type=undefined4","1000b1a3:READ@1000b1a0:FUN_1000b1a0|1000b1c6:WRITE@1000b1a0:FUN_1000b1a0|1000e5a7:READ@1000e5a0:FUN_1000e5a0|1000e607:READ@1000e600:FUN_1000e600|1000e667:READ@1000e660:FUN_1000e660|1000e6c7:READ@1000e6c0:FUN_1000e6c0|1000e727:READ@1000e720:FUN_1000e720"
1003c3b4,".data","DAT_1003c3b4[Label,DEFAULT,primary]","1003c3b4:undefined4 00000000h:type=undefined4","1000b2e3:READ@1000b2e0:FUN_1000b2e0|1000b306:WRITE@1000b2e0:FUN_1000b2e0|1000b3a3:READ@1000b3a0:FUN_1000b3a0|1000b3c6:WRITE@1000b3a0:FUN_1000b3a0|1000e787:READ@1000e780:FUN_1000e780|1000e7e7:READ@1000e7e0:FUN_1000e7e0|1000e847:READ@1000e840:FUN_1000e840|1000e8a7:READ@1000e8a0:FUN_1000e8a0|1000e907:READ@1000e900:FUN_1000e900"
1003c3b8,".data","DAT_1003c3b8[Label,DEFAULT,primary]","1003c3b8:undefined4 00000000h:type=undefined4","1000b4e3:READ@1000b4e0:FUN_1000b4e0|1000b506:WRITE@1000b4e0:FUN_1000b4e0|1000e967:READ@1000e960:FUN_1000e960|1000e9c7:READ@1000e9c0:FUN_1000e9c0|1000ea27:READ@1000ea20:FUN_1000ea20|1000ea87:READ@1000ea80:FUN_1000ea80|1000eae7:READ@1000eae0:FUN_1000eae0"
1003c3bc,".data","DAT_1003c3bc[Label,DEFAULT,primary]","1003c3bc:undefined4 00000000h:type=undefined4","1000b623:READ@1000b620:FUN_1000b620|1000b646:WRITE@1000b620:FUN_1000b620|1000eb47:READ@1000eb40:FUN_1000eb40|1000eba7:READ@1000eba0:FUN_1000eba0|1000ec07:READ@1000ec00:FUN_1000ec00|1000ec67:READ@1000ec60:FUN_1000ec60|1000ecc7:READ@1000ecc0:FUN_1000ecc0"
1003c3c0,".data","DAT_1003c3c0[Label,DEFAULT,primary]","1003c3c0:undefined4 00000000h:type=undefined4","1000b763:READ@1000b760:FUN_1000b760|1000b786:WRITE@1000b760:FUN_1000b760|1000b823:READ@1000b820:FUN_1000b820|1000b846:WRITE@1000b820:FUN_1000b820|1000ed27:READ@1000ed20:FUN_1000ed20|1000ed87:READ@1000ed80:FUN_1000ed80|1000ede7:READ@1000ede0:FUN_1000ede0|1000ee47:READ@1000ee40:FUN_1000ee40|1000eea7:READ@1000eea0:FUN_1000eea0"
1003c3c4,".data","DAT_1003c3c4[Label,DEFAULT,primary]","1003c3c4:undefined4 00000000h:type=undefined4","1000b963:READ@1000b960:FUN_1000b960|1000b986:WRITE@1000b960:FUN_1000b960|1000ba23:READ@1000ba20:FUN_1000ba20|1000ba46:WRITE@1000ba20:FUN_1000ba20|1000ef07:READ@1000ef00:FUN_1000ef00|1000ef67:READ@1000ef60:FUN_1000ef60|1000efc7:READ@1000efc0:FUN_1000efc0|1000f027:READ@1000f020:FUN_1000f020|1000f087:READ@1000f080:FUN_1000f080"
1003c3c8,".data","DAT_1003c3c8[Label,DEFAULT,primary]","1003c3c8:undefined4 00000000h:type=undefined4","1000bbe3:READ@1000bbe0:FUN_1000bbe0|1000bc06:WRITE@1000bbe0:FUN_1000bbe0|1000f2c7:READ@1000f2c0:FUN_1000f2c0|1000f327:READ@1000f320:FUN_1000f320|1000f387:READ@1000f380:FUN_1000f380|1000f3e7:READ@1000f3e0:FUN_1000f3e0|1000f447:READ@1000f440:FUN_1000f440"
1003c3cc,".data","DAT_1003c3cc[Label,DEFAULT,primary]","1003c3cc:undefined4 00000000h:type=undefined4","1000bd23:READ@1000bd20:FUN_1000bd20|1000bd46:WRITE@1000bd20:FUN_1000bd20|1000caa1:READ|1000caf1:READ|1000cb41:READ|1000cb91:READ|1000cbe1:READ"
1003c3d0,".data","DAT_1003c3d0[Label,DEFAULT,primary]","1003c3d0:undefined4 00000000h:type=undefined4","1000be63:READ@1000be60:FUN_1000be60|1000be86:WRITE@1000be60:FUN_1000be60|1000f4a7:READ@1000f4a0:FUN_1000f4a0|1000f527:READ@1000f520:FUN_1000f520|1000f5a7:READ@1000f5a0:FUN_1000f5a0|1000f627:READ@1000f620:FUN_1000f620|1000f6a7:READ@1000f6a0:FUN_1000f6a0"
1003c3d4,".data","DAT_1003c3d4[Label,DEFAULT,primary]","1003c3d4:undefined4 00000000h:type=undefined4","1000bfa3:READ@1000bfa0:FUN_1000bfa0|1000bfc6:WRITE@1000bfa0:FUN_1000bfa0|1000f727:READ@1000f720:FUN_1000f720|1000f7a7:READ@1000f7a0:FUN_1000f7a0|1000f827:READ@1000f820:FUN_1000f820|1000f8a7:READ@1000f8a0:FUN_1000f8a0|1000f927:READ@1000f920:FUN_1000f920"
1003c3d8,".data","DAT_1003c3d8[Label,DEFAULT,primary]","1003c3d8:undefined4 00000000h:type=undefined4","1000c0e3:READ@1000c0e0:FUN_1000c0e0|1000c106:WRITE@1000c0e0:FUN_1000c0e0|1000f9a7:READ@1000f9a0:FUN_1000f9a0|1000fa27:READ@1000fa20:FUN_1000fa20|1000faa7:READ@1000faa0:FUN_1000faa0|1000fb27:READ@1000fb20:FUN_1000fb20|1000fba7:READ@1000fba0:FUN_1000fba0"
1003c3dc,".data","DAT_1003c3dc[Label,DEFAULT,primary]","1003c3dc:undefined4 00000000h:type=undefined4","1000c223:READ@1000c220:FUN_1000c220|1000c246:WRITE@1000c220:FUN_1000c220|1000fc27:READ@1000fc20:FUN_1000fc20|1000fca7:READ@1000fca0:FUN_1000fca0|1000fd27:READ@1000fd20:FUN_1000fd20|1000fda7:READ@1000fda0:FUN_1000fda0|1000fe27:READ@1000fe20:FUN_1000fe20"
1003c3e0,".data","DAT_1003c3e0[Label,DEFAULT,primary]","1003c3e0:undefined4 00000000h:type=undefined4","1000c363:READ@1000c360:FUN_1000c360|1000c386:WRITE@1000c360:FUN_1000c360|1000fea7:READ@1000fea0:FUN_1000fea0|1000ff27:READ@1000ff20:FUN_1000ff20|1000ffa7:READ@1000ffa0:FUN_1000ffa0|10010027:READ@10010020:FUN_10010020|100100a7:READ@100100a0:FUN_100100a0"
1003c3e4,".data","DAT_1003c3e4[Label,DEFAULT,primary]","1003c3e4:undefined4 00000000h:type=undefined4","1000f0e7:READ@1000f0e0:FUN_1000f0e0|1000f147:READ@1000f140:FUN_1000f140|1000f1a7:READ@1000f1a0:FUN_1000f1a0|1000f207:READ@1000f200:FUN_1000f200|1000f267:READ@1000f260:FUN_1000f260"
1003c3e8,".data","DAT_1003c3e8[Label,DEFAULT,primary]","1003c3e8:undefined4 00000000h:type=undefined4","10009375:WRITE@10009360:FUN_10009360|10009397:READ@10009360:FUN_10009360|100093c2:WRITE@10009360:FUN_10009360|100093ea:READ@10009360:FUN_10009360|10009416:READ@10009360:FUN_10009360|1000cf98:WRITE@1000cf80:FUN_1000cf80|1000d070:WRITE@1000d030:FUN_1000d030|1000d087:READ@1000d030:FUN_1000d030|1000d0b4:WRITE@1000d030:FUN_1000d030|1000d0da:READ@1000d030:FUN_1000d030|1000d105:READ@1000d030:FUN_1000d030|1000d16b:WRITE@1000d140:FUN_1000d140|1000d18a:READ@1000d140:FUN_1000d140|1000d1bf:WRITE@1000d140:FUN_1000d140|1000d1e5:READ@1000d140:FUN_1000d140|1000d211:READ@1000d140:FUN_1000d140|10009406:DATA@10009360:FUN_10009360|1000cfb6:DATA@1000cf80:FUN_1000cf80|1000d0f6:DATA@1000d030:FUN_1000d030|1000d202:DATA@1000d140:FUN_1000d140|1000a365:WRITE@1000a350:FUN_1000a350|1000a386:READ@1000a350:FUN_1000a350|1000a3b5:WRITE@1000a350:FUN_1000a350|1000a3db:READ@1000a350:FUN_1000a350|1000a406:READ@1000a350:FUN_1000a350|1000c438:WRITE@1000c420:FUN_1000c420|10009580:READ@10009580:FUN_10009580|1000959a:READ@10009580:FUN_10009580|100095be:WRITE@10009580:FUN_10009580|1000a3f7:DATA@1000a350:FUN_1000a350|1000c456:DATA@1000c420:FUN_1000c420|100208ea:WRITE|100208fc:DATA"
1003c3ec,".data","DAT_1003c3ec[Label,DEFAULT,primary]","1003c3ec:undefined4 00000000h:type=undefined4","1000937f:WRITE@10009360:FUN_10009360|10009391:READ@10009360:FUN_10009360|100093bc:READ@10009360:FUN_10009360|100093e0:WRITE@10009360:FUN_10009360|10009410:READ@10009360:FUN_10009360|1000cfa2:WRITE@1000cf80:FUN_1000cf80|1000cfc9:READ@1000cf80:FUN_1000cf80|1000d075:WRITE@1000d030:FUN_1000d030|1000d082:READ@1000d030:FUN_1000d030|1000d0af:READ@1000d030:FUN_1000d030|1000d0d1:WRITE@1000d030:FUN_1000d030|1000d100:READ@1000d030:FUN_1000d030|1000d175:WRITE@1000d140:FUN_1000d140|1000d193:READ@1000d140:FUN_1000d140|1000d1ba:READ@1000d140:FUN_1000d140|1000d1dc:WRITE@1000d140:FUN_1000d140|1000d20c:READ@1000d140:FUN_1000d140|1000a36f:WRITE@1000a350:FUN_1000a350|1000a381:READ@1000a350:FUN_1000a350|1000a3b0:READ@1000a350:FUN_1000a350|1000a3d2:WRITE@1000a350:FUN_1000a350|1000a401:READ@1000a350:FUN_1000a350|1000c442:WRITE@1000c420:FUN_1000c420|1000c469:READ@1000c420:FUN_1000c420|10009589:READ@10009580:FUN_10009580|100095a6:WRITE@10009580:FUN_10009580|100208ef:WRITE"
1003c3f0,".data","DAT_1003c3f0[Label,DEFAULT,primary]","1003c3f0:?? 00h:type=undefined","10009630:WRITE@10009610:FUN_10009610|1000968f:WRITE@10009610:FUN_10009610|100096fa:WRITE@100096e0:FUN_100096e0|10009733:WRITE@100096e0:FUN_100096e0|1000c4ac:WRITE@1000c480:FUN_1000c480|1000c501:WRITE@1000c480:FUN_1000c480|1000c557:WRITE@1000c480:FUN_1000c480|1000c5ad:WRITE@1000c480:FUN_1000c480|1000c603:WRITE@1000c480:FUN_1000c480|1000cdec:WRITE@1000cdc0:FUN_1000cdc0|1000ce41:WRITE@1000cdc0:FUN_1000cdc0|1000ce97:WRITE@1000cdc0:FUN_1000cdc0|1000ceed:WRITE@1000cdc0:FUN_1000cdc0|1000cf43:WRITE@1000cdc0:FUN_1000cdc0"
1003c3f4,".data","DAT_1003c3f4[Label,DEFAULT,primary]","1003c3f4:?? 00h:type=undefined","10009132:WRITE@10009120:FUN_10009120|1000918b:WRITE@10009120:FUN_10009120|100091a4:WRITE@10009120:FUN_10009120|100091b7:WRITE@10009120:FUN_10009120|10009201:WRITE@10009120:FUN_10009120|1000925e:WRITE@10009120:FUN_10009120|10009277:WRITE@10009120:FUN_10009120|100092b3:WRITE@10009120:FUN_10009120|100092cc:WRITE@10009120:FUN_10009120|100092e5:WRITE@10009120:FUN_10009120|10009323:WRITE@10009120:FUN_10009120|1000933f:WRITE@10009120:FUN_10009120|10009658:WRITE@10009610:FUN_10009610|100096b7:WRITE@10009610:FUN_10009610|1000970a:WRITE@100096e0:FUN_100096e0|10009743:WRITE@100096e0:FUN_100096e0|1000c4bc:WRITE@1000c480:FUN_1000c480|1000c511:WRITE@1000c480:FUN_1000c480|1000c567:WRITE@1000c480:FUN_1000c480|1000c5bd:WRITE@1000c480:FUN_1000c480|1000c613:WRITE@1000c480:FUN_1000c480|1000cdfc:WRITE@1000cdc0:FUN_1000cdc0|1000ce51:WRITE@1000cdc0:FUN_1000cdc0|1000cea7:WRITE@1000cdc0:FUN_1000cdc0|1000cefd:WRITE@1000cdc0:FUN_1000cdc0|1000cf53:WRITE@1000cdc0:FUN_1000cdc0"
1003c3f5,".data","DAT_1003c3f5[Label,DEFAULT,primary]","1003c3f5:?? 00h:type=undefined","10009652:WRITE@10009610:FUN_10009610|100096b1:WRITE@10009610:FUN_10009610"
1003c3f6,".data","DAT_1003c3f6[Label,DEFAULT,primary]","1003c3f6:?? 00h:type=undefined","1000912c:WRITE@10009120:FUN_10009120|1000964c:WRITE@10009610:FUN_10009610|100096ab:WRITE@10009610:FUN_10009610|10009704:WRITE@100096e0:FUN_100096e0|1000973d:WRITE@100096e0:FUN_100096e0|1000c4b6:WRITE@1000c480:FUN_1000c480|1000c50b:WRITE@1000c480:FUN_1000c480|1000c561:WRITE@1000c480:FUN_1000c480|1000c5b7:WRITE@1000c480:FUN_1000c480|1000c60d:WRITE@1000c480:FUN_1000c480|1000cdf6:WRITE@1000cdc0:FUN_1000cdc0|1000ce4b:WRITE@1000cdc0:FUN_1000cdc0|1000cea1:WRITE@1000cdc0:FUN_1000cdc0|1000cef7:WRITE@1000cdc0:FUN_1000cdc0|1000cf4d:WRITE@1000cdc0:FUN_1000cdc0"
1003c3f7,".data","DAT_1003c3f7[Label,DEFAULT,primary]","1003c3f7:?? 00h:type=undefined","10009646:WRITE@10009610:FUN_10009610|100096a5:WRITE@10009610:FUN_10009610"
1003c3f8,".data","DAT_1003c3f8[Label,DEFAULT,primary]","1003c3f8:?? 00h:type=undefined","10009251:WRITE@10009120:FUN_10009120|10009640:WRITE@10009610:FUN_10009610|1000969f:WRITE@10009610:FUN_10009610"
1003c3f9,".data","DAT_1003c3f9[Label,DEFAULT,primary]","1003c3f9:?? 00h:type=undefined","10009184:WRITE@10009120:FUN_10009120|1000919e:WRITE@10009120:FUN_10009120|100091c1:WRITE@10009120:FUN_10009120|1000920b:WRITE@10009120:FUN_10009120|10009268:WRITE@10009120:FUN_10009120|10009281:WRITE@10009120:FUN_10009120|100092bd:WRITE@10009120:FUN_10009120|100092d6:WRITE@10009120:FUN_10009120|100092ef:WRITE@10009120:FUN_10009120|1000932d:WRITE@10009120:FUN_10009120|10009349:WRITE@10009120:FUN_10009120|1000963a:WRITE@10009610:FUN_10009610|10009699:WRITE@10009610:FUN_10009610"
1003c3fc,".data","DAT_1003c3fc[Label,DEFAULT,primary]","1003c3fc:?? 00h:type=undefined","10009360:READ@10009360:FUN_10009360|10009369:READ_WRITE@10009360:FUN_10009360|1000cf85:READ@1000cf80:FUN_1000cf80|1000cf8d:READ_WRITE@1000cf80:FUN_1000cf80|1000d058:READ@1000d030:FUN_1000d030|1000d064:READ_WRITE@1000d030:FUN_1000d030|1000d156:READ@1000d140:FUN_1000d140|1000d15f:READ_WRITE@1000d140:FUN_1000d140|1000a350:READ@1000a350:FUN_1000a350|1000a359:READ_WRITE@1000a350:FUN_1000a350|1000c425:READ@1000c420:FUN_1000c420|1000c42d:READ_WRITE@1000c420:FUN_1000c420|100208d5:READ|100208dd:READ_WRITE"
1003c400,".data","DAT_1003c400[Label,DEFAULT,primary]","1003c400:?? 00h:type=undefined","1000961c:READ@10009610:FUN_10009610|10009629:READ_WRITE@10009610:FUN_10009610|10009679:READ@10009610:FUN_10009610|10009688:READ_WRITE@10009610:FUN_10009610|100096e9:READ@100096e0:FUN_100096e0|100096f3:READ_WRITE@100096e0:FUN_100096e0|10009716:READ@100096e0:FUN_100096e0|1000972c:READ_WRITE@100096e0:FUN_100096e0|1000c48f:READ@1000c480:FUN_1000c480|1000c4a5:READ_WRITE@1000c480:FUN_1000c480|1000c4e4:READ@1000c480:FUN_1000c480|1000c4fa:READ_WRITE@1000c480:FUN_1000c480|1000c53a:READ@1000c480:FUN_1000c480|1000c550:READ_WRITE@1000c480:FUN_1000c480|1000c590:READ@1000c480:FUN_1000c480|1000c5a6:READ_WRITE@1000c480:FUN_1000c480|1000c5e6:READ@1000c480:FUN_1000c480|1000c5fc:READ_WRITE@1000c480:FUN_1000c480|1000cdcf:READ@1000cdc0:FUN_1000cdc0|1000cde5:READ_WRITE@1000cdc0:FUN_1000cdc0|1000ce24:READ@1000cdc0:FUN_1000cdc0|1000ce3a:READ_WRITE@1000cdc0:FUN_1000cdc0|1000ce7a:READ@1000cdc0:FUN_1000cdc0|1000ce90:READ_WRITE@1000cdc0:FUN_1000cdc0|1000ced0:READ@1000cdc0:FUN_1000cdc0|1000cee6:READ_WRITE@1000cdc0:FUN_1000cdc0|1000cf26:READ@1000cdc0:FUN_1000cdc0|1000cf3c:READ_WRITE@1000cdc0:FUN_1000cdc0"
1003c404,".data","DAT_1003c404[Label,DEFAULT,primary]","1003c404:undefined4 00000000h:type=undefined4","1001b5de:READ@1001b5bd:FUN_1001b5bd|1001b63b:READ@1001b5bd:FUN_1001b5bd|1001b3f5:READ@1001b3d8:FUN_1001b3d8|1001b44a:READ@1001b3d8:FUN_1001b3d8|1001b525:READ@1001b508:FUN_1001b508|1001b57a:READ@1001b508:FUN_1001b508"
1003c408,".data","DAT_1003c408[Label,DEFAULT,primary]","1003c408:?? 00h:type=undefined","1001bdc0:READ@1001bc9e:FUN_1001bc9e"
1003c40c,".data","DAT_1003c40c[Label,DEFAULT,primary]","1003c40c:undefined4 00000000h:type=undefined4","1001b380:READ@1001b380:FUN_1001b380|1001b4b0:READ@1001b4b0:FUN_1001b4b0|1001c5e8:WRITE"
1003c410,".data","DAT_1003c410[Label,DEFAULT,primary]","1003c410:?? 00h:type=undefined","100172cd:READ_WRITE@100172cd:FUN_100172cd"
1003c414,".data","DAT_1003c414[Label,DEFAULT,primary]","1003c414:undefined4 00000000h:type=undefined4","1001675e:READ@10016740:_memset|10017318:READ@100172f0:FID_conflict:_memcpy|1001ba40:READ@1001ba40:FUN_1001ba40|10011208:READ@100111e0:FID_conflict:_memcpy|1001fd9d:READ@1001fc29:__control87|10020500:READ@100204f2:___set_fpsr_sse2|10017054:WRITE"
1003c418,".data","DAT_1003c418[Label,DEFAULT,primary]","1003c418:undefined4 00000000h:type=undefined4","1001332f:WRITE@100132f6:__ioinit|1001339e:READ@100132f6:__ioinit|100133ba:READ_WRITE@100132f6:__ioinit|10013401:READ@100132f6:__ioinit|1001340b:READ@100132f6:__ioinit|10013523:READ@100132f6:__ioinit|10013ca7:READ@10013c74:__close|100160c6:READ@10016088:__read_nolock|10018fa5:READ@10018f97:__set_osfhnd|10019029:READ@10019018:__free_osfhnd|100190c7:READ@1001909e:__get_osfhandle|100192f0:READ_WRITE@100191cd:__alloc_osfhnd|10019a96:READ@10019a63:__write|10019c30:READ@10019c10:__isatty|10016672:READ@1001663f:__read|1001a6c2:READ@1001a685:__lseeki64|10019b62:READ@10019b37:__commit"
1003c420,".data","DAT_1003c420[Label,DEFAULT,primary]","1003c420:undefined4 00000000h:type=undefined4","1001332a:WRITE@100132f6:__ioinit|10013359:READ@100132f6:__ioinit|10013490:READ@100132f6:__ioinit|10013bee:READ@10013bd8:__close_nolock|10019042:DATA@10019018:__free_osfhnd|1001907a:DATA@10019018:__free_osfhnd|10019c52:DATA@10019c10:__isatty|10013cdd:DATA@10013c74:__close|10013cf4:DATA@10013c74:__close|100190ee:DATA@1001909e:__get_osfhandle|100160fd:DATA@10016088:__read_nolock|100161e7:DATA@10016088:__read_nolock|1001620a:DATA@10016088:__read_nolock|1001621d:DATA@10016088:__read_nolock|10016230:DATA@10016088:__read_nolock|10016248:DATA@10016088:__read_nolock|1001625b:DATA@10016088:__read_nolock|10016277:DATA@10016088:__read_nolock|1001629e:DATA@10016088:__read_nolock|100164ba:DATA@10016088:__read_nolock|1001641f:DATA@10016088:__read_nolock|10016442:DATA@10016088:__read_nolock|10016434:DATA@10016088:__read_nolock|1001632d:DATA@10016088:__read_nolock|1001634c:DATA@10016088:__read_nolock|1001635e:DATA@10016088:__read_nolock|1001639d:DATA@10016088:__read_nolock|10016553:DATA@10016088:__read_nolock|10016572:DATA@10016088:__read_nolock|10016588:DATA@10016088:__read_nolock|10016591:DATA@10016088:__read_nolock|1001659a:DATA@10016088:__read_nolock|100165de:DATA@10016088:__read_nolock|100161da:DATA@10016088:__read_nolock|1001559b:DATA@100154dc:__output_l|100155c1:DATA@100154dc:__output_l|1001b103:DATA@1001b0ea:__setmode_nolock|1001b14e:DATA@1001b0ea:__setmode_nolock|1001b164:DATA@1001b0ea:__setmode_nolock|1001b17e:DATA@1001b0ea:__setmode_nolock|10010975:DATA@10010913:_fputs|1001099e:DATA@10010913:_fputs|10019123:DATA@10019107:___lock_fhandle|1001917d:DATA@10019107:___lock_fhandle|10013544:READ@1001353b:__ioterm|10013564:READ@1001353b:__ioterm|10013575:READ@1001353b:__ioterm|1001357c:READ_WRITE@1001353b:__ioterm|100105c7:DATA@10010540:_fgets|100105f0:DATA@10010540:_fgets|100191b6:DATA@100191a6:__unlock_fhandle|10013299:DATA@100131d4:__filbuf|1001920d:READ@100191cd:__alloc_osfhnd|1001921f:READ@100191cd:__alloc_osfhnd|100192b5:READ@100191cd:__alloc_osfhnd|10011a91:DATA@100119f1:__input_l|10011ab7:DATA@100119f1:__input_l|1001a667:DATA@1001a600:__lseeki64_nolock|100166a8:DATA@1001663f:__read|100166e1:DATA@1001663f:__read|10019acc:DATA@10019a63:__write|10019ae3:DATA@10019a63:__write|10018aa2:DATA@10018a8b:FUN_10018a8b|1001a6f8:DATA@1001a685:__lseeki64|1001a70f:DATA@1001a685:__lseeki64|100153d2:DATA@100152d1:__flsbuf|1001854d:DATA@100182c1:FUN_100182c1|10018591:DATA@100182c1:FUN_100182c1|100185f6:DATA@100182c1:FUN_100182c1|10018616:DATA@100182c1:FUN_100182c1|100188ea:DATA@100182c1:FUN_100182c1|1001890c:DATA@100182c1:FUN_100182c1|100189ad:DATA@100182c1:FUN_100182c1|100189d2:DATA@100182c1:FUN_100182c1|10018945:DATA@100182c1:FUN_100182c1|1001344d:READ@100132f6:__ioinit|10019b90:DATA@10019b37:__commit|10019ba7:DATA@10019b37:__commit|100193d9:DATA@10019366:__write_nolock|1001944b:DATA@10019366:__write_nolock|1001946f:DATA@10019366:__write_nolock|100194e3:DATA@10019366:__write_nolock|100195aa:DATA@10019366:__write_nolock|100195ff:DATA@10019366:__write_nolock|10019a18:DATA@10019366:__write_nolock|100196cb:DATA@10019366:__write_nolock|100196d9:DATA@10019366:__write_nolock|100196e6:DATA@10019366:__write_nolock|10019771:DATA@10019366:__write_nolock|1001984b:DATA@10019366:__write_nolock|1001994c:DATA@10019366:__write_nolock|10018fbe:DATA@10018f97:__set_osfhnd|10018ff4:DATA@10018f97:__set_osfhnd|10016815:DATA@100167ba:__lseek_nolock|10013c4b:DATA@10013bd8:__close_nolock|1001780b:DATA@100177d5:__ungetc_nolock|10017830:DATA@100177d5:__ungetc_nolock|10013286:DATA@100131d4:__filbuf|1001353f:DATA@1001353b:__ioterm|10013cce:DATA@10013c74:__close|100160f6:DATA@10016088:__read_nolock|10016699:DATA@1001663f:__read|10018fb7:DATA@10018f97:__set_osfhnd|1001903b:DATA@10019018:__free_osfhnd|100193d2:DATA@10019366:__write_nolock|10019abd:DATA@10019a63:__write|10019b81:DATA@10019b37:__commit|1001a6e9:DATA@1001a685:__lseeki64|1001b0fc:DATA@1001b0ea:__setmode_nolock|100130a4:READ"
1003c520,".data","DAT_1003c520[Label,DEFAULT,primary]","1003c520:undefined4 00000000h:type=undefined4","1001387a:READ@1001384b:__getstream|100138b0:READ@1001384b:__getstream|100138c0:READ@1001384b:__getstream|100138e9:READ@1001384b:__getstream|100138fb:READ@1001384b:__getstream|1001390f:READ@1001384b:__getstream|1001391f:READ@1001384b:__getstream|10013936:READ@1001384b:__getstream|10013e49:READ@10013e19:flsall|10013e6c:READ@10013e19:flsall|10013ebb:READ@10013ebb:FUN_10013ebb|10013583:DATA@1001353b:__ioterm|100130e9:READ|10018208:READ@100181dc:__fcloseall|1001822f:READ@100181dc:__fcloseall|10018241:READ@100181dc:__fcloseall|1001824f:READ@100181dc:__fcloseall|1001304e:WRITE|10013067:WRITE|1001307e:READ"
1003d540,".data","DAT_1003d540[Label,DEFAULT,primary]","1003d540:undefined4 00000000h:type=undefined4","1001386e:READ@1001384b:__getstream|10013e3d:READ@10013e19:flsall|100181fe:READ@100181dc:__fcloseall|10013025:READ|1001303f:WRITE|1001305a:WRITE"
1003d544,".data","DAT_1003d544[Label,DEFAULT,primary]","1003d544:?? 00h:type=undefined","100169a5:WRITE@100168fe:FUN_100168fe"
1003d548,".data","DAT_1003d548[Label,DEFAULT,primary]","1003d548:undefined4 00000000h:type=undefined4","10012cf1:READ@10012c9c:doexit|10012d34:READ@10012c9c:doexit|1001041d:READ@10010406:__onexit_nolock|100104ab:WRITE@10010406:__onexit_nolock|100104d8:WRITE"
1003d54c,".data","DAT_1003d54c[Label,DEFAULT,primary]","1003d54c:undefined4 00000000h:type=undefined4","10012cda:READ@10012c9c:doexit|10012d2a:READ@10012c9c:doexit|10010415:READ@10010406:__onexit_nolock|10010493:WRITE@10010406:__onexit_nolock|100104d3:WRITE"
1003d550,".data","DAT_1003d550[Label,DEFAULT,primary]","1003d550:undefined4 00000000h:type=undefined4","100168fe:READ@100168fe:FUN_100168fe|100148e9:READ@100148e9:___initmbctable|100148fa:WRITE@100148e9:___initmbctable|10016b81:READ@10016b74:__setargv"
1003d554,".data","DAT_1003d554[Label,DEFAULT,primary]","1003d554:undefined4 00000000h:type=undefined4","10012c72:READ@10012c05:__cinit|10012c92:READ@10012c05:__cinit|10012c7d:DATA@10012c05:__cinit"
1003d558,".data","DAT_1003d558[Label,DEFAULT,primary]","1003d558:undefined4 00000000h:type=undefined4","10010f98:WRITE@10010f59:__CRT_INIT@12|10016ba6:READ@10016b74:__setargv"
