address,section,symbol_spellings,occurrence_count,declaration_count,declared_types,distinct_declared_types,source_file_count,source_files,declaration_sites,candidate_use_count,candidate_use_file_count,candidate_use_tus,candidate_use_sites
0x10022068,.rdata,DAT_10022068,2,0,,0,1,src/functions/10010f59.cpp,,2,1,10010f59,src/functions/10010f59.cpp:5|src/functions/10010f59.cpp:78
0x100220c4,.rdata,DAT_100220c4,2,1,std::uint32_t,1,1,src/functions/100144ea.cpp,src/functions/100144ea.cpp:4:std::uint32_t DAT_100220c4,1,1,100144ea,src/functions/100144ea.cpp:34
0x100220c8,.rdata,DAT_100220c8,2,1,std::uint32_t,1,1,src/functions/100144ea.cpp,src/functions/100144ea.cpp:3:std::uint32_t DAT_100220c8,1,1,100144ea,src/functions/100144ea.cpp:23
0x10022154,.rdata,DAT_10022154,2,1,std::uint32_t[],1,1,src/functions/10012c05.cpp,src/functions/10012c05.cpp:16:std::uint32_t[] DAT_10022154,1,1,10012c05,src/functions/10012c05.cpp:37
0x100221b4,.rdata,DAT_100221b4,2,1,std::uint32_t[],1,1,src/functions/10012c05.cpp,src/functions/10012c05.cpp:17:std::uint32_t[] DAT_100221b4,1,1,10012c05,src/functions/10012c05.cpp:48
0x100221b8,.rdata,DAT_100221b8,2,1,std::uint32_t[],1,1,src/functions/10012c05.cpp,src/functions/10012c05.cpp:14:std::uint32_t[] DAT_100221b8,1,1,10012c05,src/functions/10012c05.cpp:31
0x100221d0,.rdata,DAT_100221d0,2,1,std::uint32_t[],1,1,src/functions/10012c05.cpp,src/functions/10012c05.cpp:15:std::uint32_t[] DAT_100221d0,1,1,10012c05,src/functions/10012c05.cpp:31
0x100221d4,.rdata,DAT_100221d4,3,1,Callback[3],1,1,src/functions/10012c9c.cpp,src/functions/10012c9c.cpp:20:Callback[3] DAT_100221d4,2,1,10012c9c,src/functions/10012c9c.cpp:82|src/functions/10012c9c.cpp:83
0x100221e4,.rdata,DAT_100221e4,3,1,Callback[1],1,1,src/functions/10012c9c.cpp,src/functions/10012c9c.cpp:21:Callback[1] DAT_100221e4,2,1,10012c9c,src/functions/10012c9c.cpp:91|src/functions/10012c9c.cpp:92
0x10022268,.rdata,DAT_10022268,7,0,,0,1,src/functions/100110bd.cpp,,7,1,100110bd,src/functions/100110bd.cpp:10|src/functions/100110bd.cpp:41|src/functions/100110bd.cpp:43|src/functions/100110bd.cpp:64|src/functions/100110bd.cpp:66|src/functions/100110bd.cpp:77|src/functions/100110bd.cpp:79
0x1002226c,.rdata,DAT_1002226c,2,1,unsigned long[8],1,1,src/functions/1001156b.cpp,src/functions/1001156b.cpp:5:unsigned long[8] DAT_1002226c,1,1,1001156b,src/functions/1001156b.cpp:19
0x100226f0,.rdata,DAT_100226f0,2,1,std::uint8_t[],1,1,src/functions/100154dc.cpp,src/functions/100154dc.cpp:51:std::uint8_t[] DAT_100226f0,1,1,100154dc,src/functions/100154dc.cpp:200
0x10022710,.rdata,DAT_10022710,2,1,std::uint8_t[],1,1,src/functions/100154dc.cpp,src/functions/100154dc.cpp:52:std::uint8_t[] DAT_10022710,1,1,100154dc,src/functions/100154dc.cpp:207
0x10022770,.rdata,DAT_10022770,4,2,std::uint32_t|unsigned char,2,2,src/functions/10014cc3.cpp|src/functions/10014e0a.cpp,src/functions/10014cc3.cpp:37:std::uint32_t DAT_10022770|src/functions/10014e0a.cpp:60:unsigned char DAT_10022770,2,2,10014cc3|10014e0a,src/functions/10014cc3.cpp:52|src/functions/10014e0a.cpp:81
0x10022800,.rdata,DAT_10022800,3,1,std::int32_t,1,1,src/functions/10017ed5.cpp,src/functions/10017ed5.cpp:10:std::int32_t DAT_10022800,2,1,10017ed5,src/functions/10017ed5.cpp:160|src/functions/10017ed5.cpp:161
0x10022804,.rdata,DAT_10022804,2,1,std::int32_t,1,1,src/functions/10017ed5.cpp,src/functions/10017ed5.cpp:11:std::int32_t DAT_10022804,1,1,10017ed5,src/functions/10017ed5.cpp:161
0x1002280c,.rdata,DAT_1002280c,2,1,std::uint32_t,1,1,src/functions/10017e91.cpp,src/functions/10017e91.cpp:3:std::uint32_t DAT_1002280c,1,1,10017e91,src/functions/10017e91.cpp:19
0x10023090,.rdata,DAT_10023090,2,1,unsigned int[],1,1,src/functions/100170b0.cpp,src/functions/100170b0.cpp:5:unsigned int[] DAT_10023090,1,1,100170b0,src/functions/100170b0.cpp:14
0x10023094,.rdata,UNK_10023094,2,1,wchar_t*[],1,1,src/functions/100170b0.cpp,src/functions/100170b0.cpp:6:wchar_t*[] UNK_10023094,1,1,100170b0,src/functions/100170b0.cpp:16
0x100243dc,.rdata,DAT_100243dc,2,1,std::uint16_t,1,1,src/functions/10001b90.cpp,src/functions/10001b90.cpp:5:std::uint16_t DAT_100243dc,1,1,10001b90,src/functions/10001b90.cpp:97
0x10024424,.rdata,DAT_10024424,2,1,char[],1,1,src/functions/10001e80.cpp,src/functions/10001e80.cpp:8:char[] DAT_10024424,1,1,10001e80,src/functions/10001e80.cpp:65
0x10024650,.rdata,DAT_10024650,3,1,unsigned int,1,1,src/functions/10003810.cpp,src/functions/10003810.cpp:27:unsigned int DAT_10024650,2,1,10003810,src/functions/10003810.cpp:152|src/functions/10003810.cpp:163
0x10024a14,.rdata,DAT_10024a14,4,1,std::int32_t,1,1,src/functions/100076d0.cpp,src/functions/100076d0.cpp:15:std::int32_t DAT_10024a14,3,1,100076d0,src/functions/100076d0.cpp:611|src/functions/100076d0.cpp:708|src/functions/100076d0.cpp:803
0x10024e70,.rdata,DAT_10024e70,7,3,double|float,2,3,src/functions/10004bb0.cpp|src/functions/100073f0.cpp|src/functions/10008d20.cpp,src/functions/10004bb0.cpp:21:float _DAT_10024e70|src/functions/100073f0.cpp:4:double DAT_10024e70|src/functions/10008d20.cpp:8:float _DAT_10024e70,4,3,10004bb0|100073f0|10008d20,src/functions/10004bb0.cpp:267|src/functions/10004bb0.cpp:284|src/functions/100073f0.cpp:40|src/functions/10008d20.cpp:32
0x10024e78,.rdata,DAT_10024e78,5,2,float,1,2,src/functions/10004bb0.cpp|src/functions/10008d20.cpp,src/functions/10004bb0.cpp:20:float _DAT_10024e78|src/functions/10008d20.cpp:9:float _DAT_10024e78,3,2,10004bb0|10008d20,src/functions/10004bb0.cpp:266|src/functions/10004bb0.cpp:283|src/functions/10008d20.cpp:31
0x10024e80,.rdata,DAT_10024e80,4,1,float,1,1,src/functions/10006790.cpp,src/functions/10006790.cpp:5:float DAT_10024e80,3,1,10006790,src/functions/10006790.cpp:138|src/functions/10006790.cpp:152|src/functions/10006790.cpp:166
0x10024e88,.rdata,DAT_10024e88,4,2,float|std::uint32_t,2,2,src/functions/10003660.cpp|src/functions/10006be0.cpp,src/functions/10003660.cpp:7:float _DAT_10024e88|src/functions/10006be0.cpp:10:std::uint32_t _DAT_10024e88,2,2,10003660|10006be0,src/functions/10003660.cpp:86|src/functions/10006be0.cpp:372
0x10024e90,.rdata,DAT_10024e90,13,3,float,1,3,src/functions/10004bb0.cpp|src/functions/10006790.cpp|src/functions/100076d0.cpp,src/functions/10004bb0.cpp:19:float _DAT_10024e90|src/functions/10006790.cpp:6:float DAT_10024e90|src/functions/100076d0.cpp:19:float _DAT_10024e90,10,3,10004bb0|10006790|100076d0,src/functions/10004bb0.cpp:187|src/functions/10004bb0.cpp:194|src/functions/10004bb0.cpp:218|src/functions/10004bb0.cpp:225|src/functions/10004bb0.cpp:249|src/functions/10004bb0.cpp:256|src/functions/10006790.cpp:131|src/functions/10006790.cpp:160|src/functions/100076d0.cpp:576|src/functions/100076d0.cpp:581
0x10024e98,.rdata,DAT_10024e98,3,1,float,1,1,src/functions/10006790.cpp,src/functions/10006790.cpp:7:float DAT_10024e98,2,1,10006790,src/functions/10006790.cpp:93|src/functions/10006790.cpp:108
0x10024ea0,.rdata,DAT_10024ea0,3,1,float,1,1,src/functions/10006790.cpp,src/functions/10006790.cpp:8:float DAT_10024ea0,2,1,10006790,src/functions/10006790.cpp:94|src/functions/10006790.cpp:107
0x10024ea8,.rdata,DAT_10024ea8,2,1,std::uint32_t,1,1,src/functions/10004a00.cpp,src/functions/10004a00.cpp:4:std::uint32_t _DAT_10024ea8,1,1,10004a00,src/functions/10004a00.cpp:36
0x10024eb0,.rdata,DAT_10024eb0,9,3,double|float,2,3,src/functions/10005d30.cpp|src/functions/10005ef0.cpp|src/functions/100073f0.cpp,src/functions/10005d30.cpp:15:float _DAT_10024eb0|src/functions/10005ef0.cpp:11:float DAT_10024eb0|src/functions/100073f0.cpp:5:double DAT_10024eb0,6,3,10005d30|10005ef0|100073f0,src/functions/10005d30.cpp:162|src/functions/10005ef0.cpp:131|src/functions/100073f0.cpp:61|src/functions/100073f0.cpp:72|src/functions/100073f0.cpp:83|src/functions/100073f0.cpp:97
0x10024eb8,.rdata,DAT_10024eb8,2,1,double,1,1,src/functions/100073f0.cpp,src/functions/100073f0.cpp:3:double DAT_10024eb8,1,1,100073f0,src/functions/100073f0.cpp:34
0x10024ec0,.rdata,DAT_10024ec0,4,2,float,1,2,src/functions/10006be0.cpp|src/functions/10007030.cpp,src/functions/10006be0.cpp:6:float DAT_10024ec0|src/functions/10007030.cpp:22:float _DAT_10024ec0,2,2,10006be0|10007030,src/functions/10006be0.cpp:450|src/functions/10007030.cpp:374
0x10024ec8,.rdata,DAT_10024ec8,10,5,std::uint32_t,1,5,src/functions/10005b60.cpp|src/functions/10005d30.cpp|src/functions/10005ef0.cpp|src/functions/10006be0.cpp|src/functions/10007030.cpp,src/functions/10005b60.cpp:16:std::uint32_t _DAT_10024ec8|src/functions/10005d30.cpp:17:std::uint32_t _DAT_10024ec8|src/functions/10005ef0.cpp:14:std::uint32_t DAT_10024ec8|src/functions/10006be0.cpp:5:std::uint32_t DAT_10024ec8|src/functions/10007030.cpp:21:std::uint32_t _DAT_10024ec8,5,5,10005b60|10005d30|10005ef0|10006be0|10007030,src/functions/10005b60.cpp:150|src/functions/10005d30.cpp:196|src/functions/10005ef0.cpp:162|src/functions/10006be0.cpp:428|src/functions/10007030.cpp:384
0x10024ed0,.rdata,DAT_10024ed0,8,2,float,1,2,src/functions/10006be0.cpp|src/functions/10007030.cpp,src/functions/10006be0.cpp:11:float _DAT_10024ed0|src/functions/10007030.cpp:20:float _DAT_10024ed0,6,2,10006be0|10007030,src/functions/10006be0.cpp:391|src/functions/10006be0.cpp:415|src/functions/10007030.cpp:308|src/functions/10007030.cpp:322|src/functions/10007030.cpp:345|src/functions/10007030.cpp:359
0x10024ed8,.rdata,DAT_10024ed8,10,5,float,1,5,src/functions/10005b60.cpp|src/functions/10005d30.cpp|src/functions/10005ef0.cpp|src/functions/10006be0.cpp|src/functions/10007030.cpp,src/functions/10005b60.cpp:15:float _DAT_10024ed8|src/functions/10005d30.cpp:14:float _DAT_10024ed8|src/functions/10005ef0.cpp:10:float DAT_10024ed8|src/functions/10006be0.cpp:9:float _DAT_10024ed8|src/functions/10007030.cpp:19:float _DAT_10024ed8,5,5,10005b60|10005d30|10005ef0|10006be0|10007030,src/functions/10005b60.cpp:124|src/functions/10005d30.cpp:144|src/functions/10005ef0.cpp:112|src/functions/10006be0.cpp:384|src/functions/10007030.cpp:290
0x10024ee0,.rdata,DAT_10024ee0,10,5,float,1,5,src/functions/10005b60.cpp|src/functions/10005d30.cpp|src/functions/10005ef0.cpp|src/functions/10006be0.cpp|src/functions/10007030.cpp,src/functions/10005b60.cpp:14:float _DAT_10024ee0|src/functions/10005d30.cpp:13:float _DAT_10024ee0|src/functions/10005ef0.cpp:9:float DAT_10024ee0|src/functions/10006be0.cpp:13:float _DAT_10024ee0|src/functions/10007030.cpp:18:float _DAT_10024ee0,5,5,10005b60|10005d30|10005ef0|10006be0|10007030,src/functions/10005b60.cpp:122|src/functions/10005d30.cpp:142|src/functions/10005ef0.cpp:110|src/functions/10006be0.cpp:383|src/functions/10007030.cpp:289
0x10024ee8,.rdata,DAT_10024ee8,2,1,std::uint32_t,1,1,src/functions/10007030.cpp,src/functions/10007030.cpp:17:std::uint32_t _DAT_10024ee8,1,1,10007030,src/functions/10007030.cpp:272
0x10024eec,.rdata,DAT_10024eec,4,2,std::uint32_t,1,2,src/functions/10006be0.cpp|src/functions/10007030.cpp,src/functions/10006be0.cpp:12:std::uint32_t _DAT_10024eec|src/functions/10007030.cpp:16:std::uint32_t _DAT_10024eec,2,2,10006be0|10007030,src/functions/10006be0.cpp:375|src/functions/10007030.cpp:270
0x10024ef0,.rdata,DAT_10024ef0,3,1,float,1,1,src/functions/10007030.cpp,src/functions/10007030.cpp:15:float _DAT_10024ef0,2,1,10007030,src/functions/10007030.cpp:259|src/functions/10007030.cpp:261
0x10024ef8,.rdata,DAT_10024ef8,4,2,float,1,2,src/functions/10006be0.cpp|src/functions/10007030.cpp,src/functions/10006be0.cpp:14:float _DAT_10024ef8|src/functions/10007030.cpp:14:float _DAT_10024ef8,2,2,10006be0|10007030,src/functions/10006be0.cpp:367|src/functions/10007030.cpp:246
0x10024f00,.rdata,DAT_10024f00,3,1,float,1,1,src/functions/10007030.cpp,src/functions/10007030.cpp:8:float _DAT_10024f00,2,1,10007030,src/functions/10007030.cpp:169|src/functions/10007030.cpp:206
0x10024f08,.rdata,DAT_10024f08,5,2,float|std::int32_t,2,2,src/functions/10007030.cpp|src/functions/100076d0.cpp,src/functions/10007030.cpp:9:float _DAT_10024f08|src/functions/100076d0.cpp:13:std::int32_t _DAT_10024f08,3,2,10007030|100076d0,src/functions/10007030.cpp:168|src/functions/10007030.cpp:205|src/functions/100076d0.cpp:411
0x10024f10,.rdata,DAT_10024f10,7,2,float,1,2,src/functions/10006be0.cpp|src/functions/10007030.cpp,src/functions/10006be0.cpp:18:float _DAT_10024f10|src/functions/10007030.cpp:10:float _DAT_10024f10,5,2,10006be0|10007030,src/functions/10006be0.cpp:241|src/functions/10006be0.cpp:268|src/functions/10006be0.cpp:338|src/functions/10007030.cpp:180|src/functions/10007030.cpp:222
0x10024f14,.rdata,DAT_10024f14,3,1,float,1,1,src/functions/10007030.cpp,src/functions/10007030.cpp:11:float _DAT_10024f14,2,1,10007030,src/functions/10007030.cpp:190|src/functions/10007030.cpp:232
0x10024f28,.rdata,DAT_10024f28,15,5,float,1,5,src/functions/10005b60.cpp|src/functions/10005d30.cpp|src/functions/10005ef0.cpp|src/functions/10006be0.cpp|src/functions/10007030.cpp,src/functions/10005b60.cpp:10:float _DAT_10024f28|src/functions/10005d30.cpp:9:float _DAT_10024f28|src/functions/10005ef0.cpp:8:float DAT_10024f28|src/functions/10006be0.cpp:15:float _DAT_10024f28|src/functions/10007030.cpp:12:float _DAT_10024f28,10,5,10005b60|10005d30|10005ef0|10006be0|10007030,src/functions/10005b60.cpp:91|src/functions/10005d30.cpp:103|src/functions/10005ef0.cpp:81|src/functions/10006be0.cpp:179|src/functions/10006be0.cpp:249|src/functions/10006be0.cpp:276|src/functions/10006be0.cpp:292|src/functions/10006be0.cpp:346|src/functions/10007030.cpp:188|src/functions/10007030.cpp:230
0x10024f30,.rdata,DAT_10024f30,5,2,float,1,2,src/functions/10006be0.cpp|src/functions/10007030.cpp,src/functions/10006be0.cpp:16:float _DAT_10024f30|src/functions/10007030.cpp:13:float _DAT_10024f30,3,2,10006be0|10007030,src/functions/10006be0.cpp:212|src/functions/10006be0.cpp:285|src/functions/10007030.cpp:199
0x10024f38,.rdata,DAT_10024f38,2,1,float,1,1,src/functions/10006be0.cpp,src/functions/10006be0.cpp:17:float _DAT_10024f38,1,1,10006be0,src/functions/10006be0.cpp:195
0x10024f3c,.rdata,DAT_10024f3c,4,2,float,1,2,src/functions/10005d30.cpp|src/functions/10005ef0.cpp,src/functions/10005d30.cpp:11:float _DAT_10024f3c|src/functions/10005ef0.cpp:12:float DAT_10024f3c,2,2,10005d30|10005ef0,src/functions/10005d30.cpp:193|src/functions/10005ef0.cpp:159
0x10024f40,.rdata,DAT_10024f40,6,3,float,1,3,src/functions/10005b60.cpp|src/functions/10005d30.cpp|src/functions/10005ef0.cpp,src/functions/10005b60.cpp:9:float _DAT_10024f40|src/functions/10005d30.cpp:12:float _DAT_10024f40|src/functions/10005ef0.cpp:13:float DAT_10024f40,3,3,10005b60|10005d30|10005ef0,src/functions/10005b60.cpp:90|src/functions/10005d30.cpp:194|src/functions/10005ef0.cpp:160
0x10024f48,.rdata,DAT_10024f48,6,3,float,1,3,src/functions/10005b60.cpp|src/functions/10005d30.cpp|src/functions/10005ef0.cpp,src/functions/10005b60.cpp:11:float _DAT_10024f48|src/functions/10005d30.cpp:10:float _DAT_10024f48|src/functions/10005ef0.cpp:6:float DAT_10024f48,3,3,10005b60|10005d30|10005ef0,src/functions/10005b60.cpp:100|src/functions/10005d30.cpp:114|src/functions/10005ef0.cpp:90
0x10024f50,.rdata,DAT_10024f50,4,2,float,1,2,src/functions/10005d30.cpp|src/functions/10005ef0.cpp,src/functions/10005d30.cpp:8:float _DAT_10024f50|src/functions/10005ef0.cpp:7:float DAT_10024f50,2,2,10005d30|10005ef0,src/functions/10005d30.cpp:102|src/functions/10005ef0.cpp:80
0x10024f58,.rdata,DAT_10024f58,6,3,float,1,3,src/functions/10005b60.cpp|src/functions/10005d30.cpp|src/functions/10005ef0.cpp,src/functions/10005b60.cpp:8:float _DAT_10024f58|src/functions/10005d30.cpp:7:float _DAT_10024f58|src/functions/10005ef0.cpp:5:float DAT_10024f58,3,3,10005b60|10005d30|10005ef0,src/functions/10005b60.cpp:73|src/functions/10005d30.cpp:83|src/functions/10005ef0.cpp:62
0x10024f60,.rdata,DAT_10024f60,2,1,float,1,1,src/functions/10005b60.cpp,src/functions/10005b60.cpp:12:float _DAT_10024f60,1,1,10005b60,src/functions/10005b60.cpp:147
0x10024f68,.rdata,DAT_10024f68,2,1,float,1,1,src/functions/10005b60.cpp,src/functions/10005b60.cpp:13:float _DAT_10024f68,1,1,10005b60,src/functions/10005b60.cpp:148
0x10024f70,.rdata,DAT_10024f70,2,1,float,1,1,src/functions/10008000.cpp,src/functions/10008000.cpp:7:float _DAT_10024f70,1,1,10008000,src/functions/10008000.cpp:51
0x10024f78,.rdata,DAT_10024f78,3,1,float,1,1,src/functions/10008000.cpp,src/functions/10008000.cpp:8:float _DAT_10024f78,2,1,10008000,src/functions/10008000.cpp:48|src/functions/10008000.cpp:52
0x10024f80,.rdata,DAT_10024f80,2,1,float,1,1,src/functions/10008000.cpp,src/functions/10008000.cpp:9:float _DAT_10024f80,1,1,10008000,src/functions/10008000.cpp:46
0x10024f88,.rdata,DAT_10024f88,2,1,double,1,1,src/functions/1002023a.cpp,src/functions/1002023a.cpp:11:double _DAT_10024f88,1,1,1002023a,src/functions/1002023a.cpp:79
0x10024f90,.rdata,DAT_10024f90,3,2,std::int32_t,1,1,src/functions/100076d0.cpp,src/functions/100076d0.cpp:16:std::int32_t DAT_10024f90|src/functions/100076d0.cpp:17:std::int32_t _DAT_10024f90,1,1,100076d0,src/functions/100076d0.cpp:572
0x10024f94,.rdata,DAT_10024f94,6,1,std::int32_t,1,1,src/functions/100076d0.cpp,src/functions/100076d0.cpp:18:std::int32_t _DAT_10024f94,5,1,100076d0,src/functions/100076d0.cpp:372|src/functions/100076d0.cpp:400|src/functions/100076d0.cpp:482|src/functions/100076d0.cpp:678|src/functions/100076d0.cpp:772
0x10024f98,.rdata,DAT_10024f98,2,1,float,1,1,src/functions/10006a50.cpp,src/functions/10006a50.cpp:38:float _DAT_10024f98,1,1,10006a50,src/functions/10006a50.cpp:77
0x10024fa0,.rdata,DAT_10024fa0,4,1,float,1,1,src/functions/10006360.cpp,src/functions/10006360.cpp:5:float _DAT_10024fa0,3,1,10006360,src/functions/10006360.cpp:69|src/functions/10006360.cpp:118|src/functions/10006360.cpp:173
0x10024fa8,.rdata,DAT_10024fa8,2,1,float,1,1,src/functions/10004bb0.cpp,src/functions/10004bb0.cpp:25:float _DAT_10024fa8,1,1,10004bb0,src/functions/10004bb0.cpp:301
0x10024fac,.rdata,DAT_10024fac,3,1,float,1,1,src/functions/10004bb0.cpp,src/functions/10004bb0.cpp:24:float _DAT_10024fac,2,1,10004bb0,src/functions/10004bb0.cpp:299|src/functions/10004bb0.cpp:301
0x10024fb0,.rdata,DAT_10024fb0,2,1,float,1,1,src/functions/10004bb0.cpp,src/functions/10004bb0.cpp:23:float _DAT_10024fb0,1,1,10004bb0,src/functions/10004bb0.cpp:299
0x10024fb8,.rdata,DAT_10024fb8,3,1,float,1,1,src/functions/10004bb0.cpp,src/functions/10004bb0.cpp:22:float _DAT_10024fb8,2,1,10004bb0,src/functions/10004bb0.cpp:275|src/functions/10004bb0.cpp:290
0x10024fc0,.rdata,DAT_10024fc0,2,1,float,1,1,src/functions/10004bb0.cpp,src/functions/10004bb0.cpp:18:float _DAT_10024fc0,1,1,10004bb0,src/functions/10004bb0.cpp:160
0x10024fc8,.rdata,DAT_10024fc8,4,2,float,1,2,src/functions/10003400.cpp|src/functions/10003660.cpp,src/functions/10003400.cpp:10:float _DAT_10024fc8|src/functions/10003660.cpp:9:float _DAT_10024fc8,2,2,10003400|10003660,src/functions/10003400.cpp:243|src/functions/10003660.cpp:178
0x10024fd0,.rdata,DAT_10024fd0,4,2,float,1,2,src/functions/10003400.cpp|src/functions/10003660.cpp,src/functions/10003400.cpp:11:float _DAT_10024fd0|src/functions/10003660.cpp:8:float _DAT_10024fd0,2,2,10003400|10003660,src/functions/10003400.cpp:147|src/functions/10003660.cpp:104
0x10024fd8,.rdata,DAT_10024fd8,4,2,float,1,2,src/functions/10003400.cpp|src/functions/10003660.cpp,src/functions/10003400.cpp:12:float _DAT_10024fd8|src/functions/10003660.cpp:6:float _DAT_10024fd8,2,2,10003400|10003660,src/functions/10003400.cpp:129|src/functions/10003660.cpp:83
0x10024fe0,.rdata,DAT_10024fe0,2,1,float,1,1,src/functions/10003400.cpp,src/functions/10003400.cpp:13:float _DAT_10024fe0,1,1,10003400,src/functions/10003400.cpp:139
0x10024fe8,.rdata,DAT_10024fe8,2,1,float,1,1,src/functions/10003400.cpp,src/functions/10003400.cpp:14:float _DAT_10024fe8,1,1,10003400,src/functions/10003400.cpp:133
0x10024ff0,.rdata,DAT_10024ff0,2,1,std::uint32_t,1,1,src/functions/10003200.cpp,src/functions/10003200.cpp:5:std::uint32_t _DAT_10024ff0,1,1,10003200,src/functions/10003200.cpp:112
0x10024ff8,.rdata,DAT_10024ff8,2,1,std::uint32_t,1,1,src/functions/10003200.cpp,src/functions/10003200.cpp:6:std::uint32_t _DAT_10024ff8,1,1,10003200,src/functions/10003200.cpp:113
0x10025000,.rdata,DAT_10025000,2,1,std::uint32_t,1,1,src/functions/10003130.cpp,src/functions/10003130.cpp:5:std::uint32_t _DAT_10025000,1,1,10003130,src/functions/10003130.cpp:38
0x10025010,.rdata,DAT_10025010,3,0,,0,1,src/functions/1001c60e.cpp,,3,1,1001c60e,src/functions/1001c60e.cpp:11|src/functions/1001c60e.cpp:71|src/functions/1001c60e.cpp:83
0x10025018,.rdata,DAT_10025018,5,0,,0,1,src/functions/1001c60e.cpp,,5,1,1001c60e,src/functions/1001c60e.cpp:11|src/functions/1001c60e.cpp:88|src/functions/1001c60e.cpp:96|src/functions/1001c60e.cpp:102|src/functions/1001c60e.cpp:115
0x10025020,.rdata,DAT_10025020,2,0,,0,1,src/functions/1001c60e.cpp,,2,1,1001c60e,src/functions/1001c60e.cpp:11|src/functions/1001c60e.cpp:100
0x10025028,.rdata,DAT_10025028,3,1,"double DAT_10025010, DAT_10025018, DAT_10025020,",1,1,src/functions/1001c60e.cpp,"src/functions/1001c60e.cpp:11:double DAT_10025010, DAT_10025018, DAT_10025020, DAT_10025028",2,1,1001c60e,src/functions/1001c60e.cpp:73|src/functions/1001c60e.cpp:77
0x10025810,.rdata,DAT_10025810,2,0,,0,1,src/functions/1001c60e.cpp,,2,1,1001c60e,src/functions/1001c60e.cpp:8|src/functions/1001c60e.cpp:107
0x10025818,.rdata,UNK_10025818,2,0,,0,1,src/functions/1001c60e.cpp,,2,1,1001c60e,src/functions/1001c60e.cpp:9|src/functions/1001c60e.cpp:112
0x10025820,.rdata,DAT_10025820,2,0,,0,1,src/functions/1001c60e.cpp,,2,1,1001c60e,src/functions/1001c60e.cpp:8|src/functions/1001c60e.cpp:107
0x10025828,.rdata,UNK_10025828,2,0,,0,1,src/functions/1001c60e.cpp,,2,1,1001c60e,src/functions/1001c60e.cpp:9|src/functions/1001c60e.cpp:112
0x10025830,.rdata,DAT_10025830,2,1,"double _DAT_10025820, _DAT_10025810, _DAT_10025840,",1,1,src/functions/1001c60e.cpp,"src/functions/1001c60e.cpp:8:double _DAT_10025820, _DAT_10025810, _DAT_10025840, _DAT_10025830",1,1,1001c60e,src/functions/1001c60e.cpp:108
0x10025838,.rdata,UNK_10025838,2,1,"double _UNK_10025828, _UNK_10025818, _UNK_10025848,",1,1,src/functions/1001c60e.cpp,"src/functions/1001c60e.cpp:9:double _UNK_10025828, _UNK_10025818, _UNK_10025848, _UNK_10025838",1,1,1001c60e,src/functions/1001c60e.cpp:113
0x10025840,.rdata,DAT_10025840,2,0,,0,1,src/functions/1001c60e.cpp,,2,1,1001c60e,src/functions/1001c60e.cpp:8|src/functions/1001c60e.cpp:108
0x10025848,.rdata,UNK_10025848,2,0,,0,1,src/functions/1001c60e.cpp,,2,1,1001c60e,src/functions/1001c60e.cpp:9|src/functions/1001c60e.cpp:113
0x10025850,.rdata,DAT_10025850,3,0,,0,1,src/functions/1001c60e.cpp,,3,1,1001c60e,src/functions/1001c60e.cpp:6|src/functions/1001c60e.cpp:52|src/functions/1001c60e.cpp:55
0x10025858,.rdata,DAT_10025858,3,0,,0,1,src/functions/1001c60e.cpp,,3,1,1001c60e,src/functions/1001c60e.cpp:6|src/functions/1001c60e.cpp:52|src/functions/1001c60e.cpp:52
0x10025860,.rdata,DAT_10025860,2,0,,0,1,src/functions/1001c60e.cpp,,2,1,1001c60e,src/functions/1001c60e.cpp:7|src/functions/1001c60e.cpp:60
0x10025868,.rdata,UNK_10025868,2,0,,0,1,src/functions/1001c60e.cpp,,2,1,1001c60e,src/functions/1001c60e.cpp:7|src/functions/1001c60e.cpp:65
0x10025870,.rdata,DAT_10025870,3,1,"double DAT_10025850, DAT_10025858,",1,1,src/functions/1001c60e.cpp,"src/functions/1001c60e.cpp:6:double DAT_10025850, DAT_10025858, DAT_10025870",2,1,1001c60e,src/functions/1001c60e.cpp:61|src/functions/1001c60e.cpp:62
0x10025878,.rdata,DAT_10025878,2,1,"double _DAT_10025860, _UNK_10025868,",1,1,src/functions/1001c60e.cpp,"src/functions/1001c60e.cpp:7:double _DAT_10025860, _UNK_10025868, _DAT_10025878",1,1,1001c60e,src/functions/1001c60e.cpp:94
0x10025890,.rdata,DAT_10025890,2,1,double,1,1,src/functions/1001c60e.cpp,src/functions/1001c60e.cpp:10:double _DAT_10025890,1,1,1001c60e,src/functions/1001c60e.cpp:123
0x100258b0,.rdata,DAT_100258b0,8,0,,0,4,src/functions/1001b3cf.cpp|src/functions/1001b3d8.cpp|src/functions/1001b508.cpp|src/functions/1001b5bd.cpp,,8,4,1001b3cf|1001b3d8|1001b508|1001b5bd,src/functions/1001b3cf.cpp:5|src/functions/1001b3cf.cpp:59|src/functions/1001b3d8.cpp:5|src/functions/1001b3d8.cpp:55|src/functions/1001b508.cpp:5|src/functions/1001b508.cpp:55|src/functions/1001b5bd.cpp:4|src/functions/1001b5bd.cpp:66
0x100258e8,.rdata,DAT_100258e8,6,3,std::uint16_t,1,3,src/functions/1001b3cf.cpp|src/functions/1001b3d8.cpp|src/functions/1001b508.cpp,src/functions/1001b3cf.cpp:3:std::uint16_t DAT_100258e8|src/functions/1001b3d8.cpp:3:std::uint16_t DAT_100258e8|src/functions/1001b508.cpp:3:std::uint16_t DAT_100258e8,3,3,1001b3cf|1001b3d8|1001b508,src/functions/1001b3cf.cpp:25|src/functions/1001b3d8.cpp:21|src/functions/1001b508.cpp:21
0x100258ea,.rdata,DAT_100258ea,6,0,,0,3,src/functions/1001b3cf.cpp|src/functions/1001b3d8.cpp|src/functions/1001b508.cpp,,6,3,1001b3cf|1001b3d8|1001b508,src/functions/1001b3cf.cpp:4|src/functions/1001b3cf.cpp:40|src/functions/1001b3d8.cpp:4|src/functions/1001b3d8.cpp:36|src/functions/1001b508.cpp:4|src/functions/1001b508.cpp:36
0x10025930,.rdata,DAT_10025930,2,0,,0,1,src/functions/1001cb9e.cpp,,2,1,1001cb9e,src/functions/1001cb9e.cpp:15|src/functions/1001cb9e.cpp:41
0x10026130,.rdata,DAT_10026130,2,1,double[2],1,1,src/functions/1001cb9e.cpp,src/functions/1001cb9e.cpp:11:double[2] DAT_10026130,1,1,1001cb9e,src/functions/1001cb9e.cpp:72
0x10026140,.rdata,DAT_10026140,2,1,double[2],1,1,src/functions/1001cb9e.cpp,src/functions/1001cb9e.cpp:12:double[2] DAT_10026140,1,1,1001cb9e,src/functions/1001cb9e.cpp:54
0x10026150,.rdata,DAT_10026150,2,1,double[2],1,1,src/functions/1001cb9e.cpp,src/functions/1001cb9e.cpp:13:double[2] DAT_10026150,1,1,1001cb9e,src/functions/1001cb9e.cpp:70
0x10026160,.rdata,DAT_10026160,2,1,double[2],1,1,src/functions/1001cb9e.cpp,src/functions/1001cb9e.cpp:14:double[2] DAT_10026160,1,1,1001cb9e,src/functions/1001cb9e.cpp:40
0x10026170,.rdata,DAT_10026170,2,1,double,1,1,src/functions/1001cb9e.cpp,src/functions/1001cb9e.cpp:5:double DAT_10026170,1,1,1001cb9e,src/functions/1001cb9e.cpp:27
0x10026178,.rdata,DAT_10026178,2,1,double,1,1,src/functions/1001cb9e.cpp,src/functions/1001cb9e.cpp:6:double DAT_10026178,1,1,1001cb9e,src/functions/1001cb9e.cpp:29
0x10026180,.rdata,DAT_10026180,2,1,double[2],1,1,src/functions/1001cb9e.cpp,src/functions/1001cb9e.cpp:7:double[2] DAT_10026180,1,1,1001cb9e,src/functions/1001cb9e.cpp:34
0x10026190,.rdata,DAT_10026190,2,1,double,1,1,src/functions/1001cb9e.cpp,src/functions/1001cb9e.cpp:8:double DAT_10026190,1,1,1001cb9e,src/functions/1001cb9e.cpp:32
0x10026198,.rdata,DAT_10026198,2,1,double,1,1,src/functions/1001cb9e.cpp,src/functions/1001cb9e.cpp:9:double DAT_10026198,1,1,1001cb9e,src/functions/1001cb9e.cpp:46
0x100261c0,.rdata,DAT_100261c0,2,1,double,1,1,src/functions/1001cb9e.cpp,src/functions/1001cb9e.cpp:10:double DAT_100261c0,1,1,1001cb9e,src/functions/1001cb9e.cpp:105
0x100281ac,.rdata,DAT_100281ac,2,1,std::uint8_t,1,1,src/functions/100101c2.cpp,src/functions/100101c2.cpp:7:std::uint8_t DAT_100281ac,1,1,100101c2,src/functions/100101c2.cpp:18
0x10028228,.rdata,DAT_10028228,2,1,unsigned char,1,1,src/functions/10010678.cpp,src/functions/10010678.cpp:19:unsigned char DAT_10028228,1,1,10010678,src/functions/10010678.cpp:30
0x10028500,.rdata,DAT_10028500,2,1,unsigned char,1,1,src/functions/100189f5.cpp,src/functions/100189f5.cpp:5:unsigned char DAT_10028500,1,1,100189f5,src/functions/100189f5.cpp:35
0x10028608,.rdata,DAT_10028608,8,4,std::uint8_t|void*,2,4,src/functions/10001430.cpp|src/functions/1000d400.cpp|src/functions/10010893.cpp|src/functions/10020870.cpp,src/functions/10001430.cpp:16:std::uint8_t DAT_10028608|src/functions/1000d400.cpp:10:void* DAT_10028608|src/functions/10010893.cpp:15:std::uint8_t DAT_10028608|src/functions/10020870.cpp:15:std::uint8_t DAT_10028608,4,4,10001430|1000d400|10010893|10020870,src/functions/10001430.cpp:49|src/functions/1000d400.cpp:36|src/functions/10010893.cpp:58|src/functions/10020870.cpp:39
0x10029060,.data,DAT_10029060,3,1,const std::uint32_t[],1,1,src/functions/100118af.cpp,src/functions/100118af.cpp:3:const std::uint32_t[] DAT_10029060,2,1,100118af,src/functions/100118af.cpp:11|src/functions/100118af.cpp:14
0x100291c8,.data,DAT_100291c8,2,1,int,1,1,src/functions/100118f1.cpp,src/functions/100118f1.cpp:15:int DAT_100291c8,1,1,100118f1,src/functions/100118f1.cpp:21
0x100291cc,.data,DAT_100291cc,2,1,std::uint32_t,1,1,src/functions/10011904.cpp,src/functions/10011904.cpp:12:std::uint32_t DAT_100291cc,1,1,10011904,src/functions/10011904.cpp:19
0x10029430,.data,DAT_10029430,2,1,std::uint8_t,1,1,src/functions/100130f6.cpp,src/functions/100130f6.cpp:29:std::uint8_t DAT_10029430,1,1,100130f6,src/functions/100130f6.cpp:37
0x10029450,.data,DAT_10029450,19,7,std::uint8_t|undefined|unsigned char|unsigned char[],4,7,src/functions/10010540.cpp|src/functions/10010913.cpp|src/functions/100119f1.cpp|src/functions/100131d4.cpp|src/functions/100152d1.cpp|src/functions/100154dc.cpp|src/functions/100177d5.cpp,src/functions/10010540.cpp:38:unsigned char DAT_10029450|src/functions/10010913.cpp:22:unsigned char DAT_10029450|src/functions/100119f1.cpp:70:undefined DAT_10029450|src/functions/100131d4.cpp:34:std::uint8_t DAT_10029450|src/functions/100152d1.cpp:43:undefined DAT_10029450|src/functions/100154dc.cpp:53:std::uint8_t DAT_10029450|src/functions/100177d5.cpp:33:unsigned char[] DAT_10029450,12,7,10010540|10010913|100119f1|100131d4|100152d1|100154dc|100177d5,src/functions/10010540.cpp:69|src/functions/10010540.cpp:82|src/functions/10010913.cpp:47|src/functions/10010913.cpp:63|src/functions/100119f1.cpp:176|src/functions/100119f1.cpp:184|src/functions/100131d4.cpp:87|src/functions/100152d1.cpp:116|src/functions/100154dc.cpp:141|src/functions/100154dc.cpp:155|src/functions/100177d5.cpp:47|src/functions/100177d5.cpp:55
0x10029490,.data,DAT_10029490,63,26,DWORD|std::uint32_t|std::uintptr_t|unsigned char|unsigned int|volatile std::uint32_t,6,26,src/functions/10010678.cpp|src/functions/100119f1.cpp|src/functions/10012e90.cpp|src/functions/10013980.cpp|src/functions/100142b6.cpp|src/functions/10014566.cpp|src/functions/10016eae.cpp|src/functions/100170d6.cpp|src/functions/100172d5.cpp|src/functions/10019366.cpp|src/functions/1001a76f.cpp|src/functions/1001aaba.cpp|src/functions/1001ae25.cpp|src/functions/1001b750.cpp|src/functions/1001b9de.cpp|src/functions/1001bdff.cpp|src/functions/1001c35f.cpp|src/functions/1001c420.cpp|src/functions/1001da5c.cpp|src/functions/1001db04.cpp|src/functions/1001dd12.cpp|src/functions/1001defe.cpp|src/functions/1001e085.cpp|src/functions/1001e5d6.cpp|src/functions/1001eb27.cpp|src/functions/1001f203.cpp,src/functions/10010678.cpp:20:unsigned char DAT_10029490|src/functions/100119f1.cpp:69:std::uint32_t DAT_10029490|src/functions/10012e90.cpp:37:std::uint32_t DAT_10029490|src/functions/10013980.cpp:6:std::uint32_t DAT_10029490|src/functions/100142b6.cpp:7:std::uint32_t DAT_10029490|src/functions/10014566.cpp:14:std::uint32_t DAT_10029490|src/functions/10016eae.cpp:6:DWORD DAT_10029490|src/functions/100170d6.cpp:35:unsigned int DAT_10029490|src/functions/100172d5.cpp:3:std::uintptr_t DAT_10029490|src/functions/10019366.cpp:24:std::uint32_t DAT_10029490|src/functions/1001a76f.cpp:4:std::uint32_t DAT_10029490|src/functions/1001aaba.cpp:11:std::uint32_t DAT_10029490|src/functions/1001ae25.cpp:30:volatile std::uint32_t DAT_10029490|src/functions/1001b750.cpp:24:std::uint32_t DAT_10029490|src/functions/1001b9de.cpp:7:std::uint32_t DAT_10029490|src/functions/1001bdff.cpp:21:std::uint32_t DAT_10029490|src/functions/1001c35f.cpp:44:std::uint32_t DAT_10029490|src/functions/1001c420.cpp:27:std::uint32_t DAT_10029490|src/functions/1001da5c.cpp:24:std::uint32_t DAT_10029490|src/functions/1001db04.cpp:41:std::uint32_t DAT_10029490|src/functions/1001dd12.cpp:5:std::uint32_t DAT_10029490|src/functions/1001defe.cpp:22:std::uint32_t DAT_10029490|src/functions/1001e085.cpp:6:std::uint32_t DAT_10029490|src/functions/1001e5d6.cpp:6:std::uint32_t DAT_10029490|src/functions/1001eb27.cpp:17:std::uint32_t DAT_10029490|src/functions/1001f203.cpp:49:std::uint32_t DAT_10029490,37,26,10010678|100119f1|10012e90|10013980|100142b6|10014566|10016eae|100170d6|100172d5|10019366|1001a76f|1001aaba|1001ae25|1001b750|1001b9de|1001bdff|1001c35f|1001c420|1001da5c|1001db04|1001dd12|1001defe|1001e085|1001e5d6|1001eb27|1001f203,src/functions/10010678.cpp:55|src/functions/100119f1.cpp:153|src/functions/10012e90.cpp:61|src/functions/10012e90.cpp:159|src/functions/10012e90.cpp:183|src/functions/10013980.cpp:66|src/functions/100142b6.cpp:42|src/functions/10014566.cpp:48|src/functions/10016eae.cpp:21|src/functions/10016eae.cpp:22|src/functions/10016eae.cpp:33|src/functions/10016eae.cpp:41|src/functions/10016eae.cpp:43|src/functions/10016eae.cpp:45|src/functions/10016eae.cpp:47|src/functions/10016eae.cpp:48|src/functions/10016eae.cpp:49|src/functions/10016eae.cpp:53|src/functions/100170d6.cpp:56|src/functions/100172d5.cpp:10|src/functions/10019366.cpp:80|src/functions/1001a76f.cpp:9|src/functions/1001aaba.cpp:19|src/functions/1001ae25.cpp:123|src/functions/1001b750.cpp:57|src/functions/1001b9de.cpp:31|src/functions/1001bdff.cpp:63|src/functions/1001c35f.cpp:65|src/functions/1001c420.cpp:52|src/functions/1001da5c.cpp:50|src/functions/1001db04.cpp:49|src/functions/1001dd12.cpp:73|src/functions/1001defe.cpp:31|src/functions/1001e085.cpp:26|src/functions/1001e5d6.cpp:40|src/functions/1001eb27.cpp:172|src/functions/1001f203.cpp:182
0x10029494,.data,DAT_10029494,4,2,DWORD|volatile std::uint32_t,2,2,src/functions/10016eae.cpp|src/functions/1001ae25.cpp,src/functions/10016eae.cpp:7:DWORD DAT_10029494|src/functions/1001ae25.cpp:31:volatile std::uint32_t DAT_10029494,2,2,10016eae|1001ae25,src/functions/10016eae.cpp:53|src/functions/1001ae25.cpp:124
0x100294a0,.data,DAT_100294A0|DAT_100294a0,11,4,LONG|PtdMbInfoView|const std::uint8_t[],3,4,src/functions/10014252.cpp|src/functions/10014446.cpp|src/functions/1001474f.cpp|src/functions/10014cc3.cpp,src/functions/10014252.cpp:7:const std::uint8_t[] DAT_100294a0|src/functions/10014446.cpp:24:LONG DAT_100294a0|src/functions/1001474f.cpp:57:LONG DAT_100294a0|src/functions/10014cc3.cpp:38:PtdMbInfoView DAT_100294A0,7,4,10014252|10014446|1001474f|10014cc3,src/functions/10014252.cpp:28|src/functions/10014252.cpp:39|src/functions/10014446.cpp:56|src/functions/1001474f.cpp:137|src/functions/1001474f.cpp:177|src/functions/1001474f.cpp:190|src/functions/10014cc3.cpp:60
0x100296c0,.data,DAT_100296c0,2,1,byte,1,1,src/functions/1001474f.cpp,src/functions/1001474f.cpp:63:byte DAT_100296c0,1,1,1001474f,src/functions/1001474f.cpp:162
0x100297c8,.data,DAT_100297c8,2,1,byte,1,1,src/functions/1001474f.cpp,src/functions/1001474f.cpp:64:byte DAT_100297c8,1,1,1001474f,src/functions/1001474f.cpp:168
0x100298cc,.data,DAT_100298cc,2,1,BYTE[],1,1,src/functions/10014566.cpp,src/functions/10014566.cpp:16:BYTE[] DAT_100298cc,1,1,10014566,src/functions/10014566.cpp:85
0x100298d0,.data,DAT_100298d0,3,1,std::uint32_t[],1,1,src/functions/10014566.cpp,src/functions/10014566.cpp:15:std::uint32_t[] DAT_100298d0,2,1,10014566,src/functions/10014566.cpp:64|src/functions/10014566.cpp:106
0x100298e0,.data,DAT_100298e0,3,1,BYTE[],1,1,src/functions/10014566.cpp,src/functions/10014566.cpp:17:BYTE[] DAT_100298e0,2,1,10014566,src/functions/10014566.cpp:70|src/functions/10014566.cpp:91
0x100299c0,.data,DAT_100299c0,9,4,LONG|std::uint32_t,2,4,src/functions/10010b1a.cpp|src/functions/10014446.cpp|src/functions/1001474f.cpp|src/functions/10014bc7.cpp,src/functions/10010b1a.cpp:38:std::uint32_t DAT_100299c0|src/functions/10014446.cpp:23:LONG DAT_100299c0|src/functions/1001474f.cpp:56:LONG DAT_100299c0|src/functions/10014bc7.cpp:17:std::uint32_t DAT_100299c0,5,4,10010b1a|10014446|1001474f|10014bc7,src/functions/10010b1a.cpp:57|src/functions/10010b1a.cpp:63|src/functions/10014446.cpp:43|src/functions/1001474f.cpp:146|src/functions/10014bc7.cpp:33
0x10029b30,.data,DAT_10029b30,4,2,LONG,1,2,src/functions/10014b7a.cpp|src/functions/10014e0a.cpp,src/functions/10014b7a.cpp:8:LONG DAT_10029b30|src/functions/10014e0a.cpp:61:LONG DAT_10029b30,2,2,10014b7a|10014e0a,src/functions/10014b7a.cpp:34|src/functions/10014e0a.cpp:104
0x10029c0c,.data,DAT_10029c0c,17,4,DWORD|int|std::uint32_t,3,5,src/functions/10010f59.cpp|src/functions/10014c86.cpp|src/functions/10014d77.cpp|src/functions/10014f39.cpp|src/functions/10014fa7.cpp,src/functions/10010f59.cpp:44:std::uint32_t DAT_10029c0c|src/functions/10014c86.cpp:3:int DAT_10029c0c|src/functions/10014d77.cpp:22:DWORD DAT_10029c0c|src/functions/10014f39.cpp:5:int DAT_10029c0c,13,5,10010f59|10014c86|10014d77|10014f39|10014fa7,src/functions/10010f59.cpp:161|src/functions/10014c86.cpp:11|src/functions/10014c86.cpp:13|src/functions/10014c86.cpp:18|src/functions/10014d77.cpp:29|src/functions/10014d77.cpp:39|src/functions/10014f39.cpp:19|src/functions/10014f39.cpp:24|src/functions/10014f39.cpp:33|src/functions/10014fa7.cpp:17|src/functions/10014fa7.cpp:77|src/functions/10014fa7.cpp:79|src/functions/10014fa7.cpp:82
0x10029c10,.data,DAT_10029c10,16,3,DWORD|std::uint32_t,2,4,src/functions/10014c52.cpp|src/functions/10014c86.cpp|src/functions/10014f39.cpp|src/functions/10014fa7.cpp,src/functions/10014c52.cpp:3:DWORD DAT_10029c10|src/functions/10014c86.cpp:5:DWORD DAT_10029c10|src/functions/10014f39.cpp:6:std::uint32_t DAT_10029c10,13,4,10014c52|10014c86|10014f39|10014fa7,src/functions/10014c52.cpp:8|src/functions/10014c52.cpp:13|src/functions/10014c86.cpp:21|src/functions/10014c86.cpp:23|src/functions/10014c86.cpp:24|src/functions/10014f39.cpp:22|src/functions/10014f39.cpp:27|src/functions/10014f39.cpp:42|src/functions/10014f39.cpp:44|src/functions/10014fa7.cpp:16|src/functions/10014fa7.cpp:55|src/functions/10014fa7.cpp:56|src/functions/10014fa7.cpp:58
0x10029c30,.data,DAT_10029c30,4,1,std::uint8_t[256],1,1,src/functions/10016088.cpp,src/functions/10016088.cpp:7:std::uint8_t[256] DAT_10029c30,3,1,10016088,src/functions/10016088.cpp:409|src/functions/10016088.cpp:417|src/functions/10016088.cpp:422
0x10029d30,.data,DAT_10029d30,6,2,unsigned char|unsigned int,2,2,src/functions/1001705c.cpp|src/functions/1001708f.cpp,src/functions/1001705c.cpp:5:unsigned char DAT_10029d30|src/functions/1001708f.cpp:5:unsigned int DAT_10029d30,4,2,1001705c|1001708f,src/functions/1001705c.cpp:24|src/functions/1001708f.cpp:11|src/functions/1001708f.cpp:13|src/functions/1001708f.cpp:14
0x10029d70,.data,DAT_10029d70,11,5,void*,1,5,src/functions/10017c31.cpp|src/functions/10017c7b.cpp|src/functions/10017cd2.cpp|src/functions/10017ce9.cpp|src/functions/10017dab.cpp,src/functions/10017c31.cpp:4:void* DAT_10029d70|src/functions/10017c7b.cpp:3:void* DAT_10029d70|src/functions/10017cd2.cpp:3:void* DAT_10029d70|src/functions/10017ce9.cpp:12:void* DAT_10029d70|src/functions/10017dab.cpp:5:void* DAT_10029d70,6,5,10017c31|10017c7b|10017cd2|10017ce9|10017dab,src/functions/10017c31.cpp:17|src/functions/10017c7b.cpp:11|src/functions/10017c7b.cpp:31|src/functions/10017cd2.cpp:10|src/functions/10017ce9.cpp:42|src/functions/10017dab.cpp:13
0x10029d74,.data,DAT_10029d74,2,1,std::uint32_t,1,1,src/functions/10017c31.cpp,src/functions/10017c31.cpp:3:std::uint32_t DAT_10029d74,1,1,10017c31,src/functions/10017c31.cpp:16
0x10029f10,.data,DAT_10029f10,10,3,HANDLE,1,3,src/functions/1001b1d2.cpp|src/functions/1001b27c.cpp|src/functions/1001b29b.cpp,src/functions/1001b1d2.cpp:15:HANDLE DAT_10029f10|src/functions/1001b27c.cpp:6:HANDLE DAT_10029f10|src/functions/1001b29b.cpp:6:HANDLE DAT_10029f10,7,3,1001b1d2|1001b27c|1001b29b,src/functions/1001b1d2.cpp:22|src/functions/1001b1d2.cpp:26|src/functions/1001b1d2.cpp:27|src/functions/1001b27c.cpp:10|src/functions/1001b29b.cpp:10|src/functions/1001b29b.cpp:11|src/functions/1001b29b.cpp:13
0x100374bc,.data,DAT_100374bc,3,1,std::uint8_t,1,1,src/functions/10004bb0.cpp,src/functions/10004bb0.cpp:17:std::uint8_t DAT_100374bc,2,1,10004bb0,src/functions/10004bb0.cpp:65|src/functions/10004bb0.cpp:72
0x100374c0,.data,DAT_100374c0,2,1,std::uint32_t[0x12],1,1,src/functions/100076d0.cpp,src/functions/100076d0.cpp:30:std::uint32_t[0x12] DAT_100374c0,1,1,100076d0,src/functions/100076d0.cpp:443
0x10037594,.data,DAT_10037594,5,1,std::int32_t*,1,1,src/functions/100076d0.cpp,src/functions/100076d0.cpp:32:std::int32_t* DAT_10037594,4,1,100076d0,src/functions/100076d0.cpp:625|src/functions/100076d0.cpp:631|src/functions/100076d0.cpp:637|src/functions/100076d0.cpp:643
0x1003759c,.data,DAT_1003759c,8,4,std::uint32_t|std::uintptr_t,2,4,src/functions/10005b60.cpp|src/functions/10005d30.cpp|src/functions/10005ef0.cpp|src/functions/100076d0.cpp,src/functions/10005b60.cpp:7:std::uintptr_t DAT_1003759c|src/functions/10005d30.cpp:5:std::uint32_t DAT_1003759c|src/functions/10005ef0.cpp:4:std::uintptr_t DAT_1003759c|src/functions/100076d0.cpp:11:std::uintptr_t DAT_1003759c,4,4,10005b60|10005d30|10005ef0|100076d0,src/functions/10005b60.cpp:59|src/functions/10005d30.cpp:59|src/functions/10005ef0.cpp:44|src/functions/100076d0.cpp:116
0x100375b8,.data,DAT_100375b8,7,2,std::uint32_t*|void*,2,2,src/functions/1000a940.cpp|src/functions/10020a90.cpp,src/functions/1000a940.cpp:5:std::uint32_t* DAT_100375b8|src/functions/10020a90.cpp:7:void* DAT_100375b8,5,2,1000a940|10020a90,src/functions/1000a940.cpp:39|src/functions/1000a940.cpp:58|src/functions/10020a90.cpp:27|src/functions/10020a90.cpp:28|src/functions/10020a90.cpp:31
0x100375bc,.data,DAT_100375bc,14,2,std::uint32_t|std::uint32_t*,2,2,src/functions/1000a940.cpp|src/functions/10020a90.cpp,src/functions/1000a940.cpp:6:std::uint32_t* DAT_100375bc|src/functions/10020a90.cpp:8:std::uint32_t DAT_100375bc,12,2,1000a940|10020a90,src/functions/1000a940.cpp:42|src/functions/1000a940.cpp:51|src/functions/1000a940.cpp:56|src/functions/1000a940.cpp:58|src/functions/1000a940.cpp:61|src/functions/1000a940.cpp:61|src/functions/1000a940.cpp:65|src/functions/1000a940.cpp:70|src/functions/1000a940.cpp:72|src/functions/1000a940.cpp:75|src/functions/1000a940.cpp:75|src/functions/10020a90.cpp:32
0x100375c0,.data,DAT_100375c0,5,2,std::uint32_t|std::uint32_t*,2,2,src/functions/1000a940.cpp|src/functions/10020a90.cpp,src/functions/1000a940.cpp:7:std::uint32_t* DAT_100375c0|src/functions/10020a90.cpp:9:std::uint32_t DAT_100375c0,3,2,1000a940|10020a90,src/functions/1000a940.cpp:51|src/functions/1000a940.cpp:65|src/functions/10020a90.cpp:33
0x100375c8,.data,DAT_100375c8,8,2,std::uint32_t*|void*,2,2,src/functions/1000aa10.cpp|src/functions/10020a90.cpp,src/functions/1000aa10.cpp:5:std::uint32_t* DAT_100375c8|src/functions/10020a90.cpp:4:void* DAT_100375c8,6,2,1000aa10|10020a90,src/functions/1000aa10.cpp:42|src/functions/1000aa10.cpp:49|src/functions/1000aa10.cpp:58|src/functions/10020a90.cpp:19|src/functions/10020a90.cpp:20|src/functions/10020a90.cpp:23
0x100375cc,.data,DAT_100375cc,14,2,std::uint32_t|std::uint32_t*,2,2,src/functions/1000aa10.cpp|src/functions/10020a90.cpp,src/functions/1000aa10.cpp:6:std::uint32_t* DAT_100375cc|src/functions/10020a90.cpp:5:std::uint32_t DAT_100375cc,12,2,1000aa10|10020a90,src/functions/1000aa10.cpp:41|src/functions/1000aa10.cpp:51|src/functions/1000aa10.cpp:56|src/functions/1000aa10.cpp:58|src/functions/1000aa10.cpp:61|src/functions/1000aa10.cpp:61|src/functions/1000aa10.cpp:65|src/functions/1000aa10.cpp:70|src/functions/1000aa10.cpp:72|src/functions/1000aa10.cpp:75|src/functions/1000aa10.cpp:75|src/functions/10020a90.cpp:24
0x100375d0,.data,DAT_100375d0,5,2,std::uint32_t|std::uint32_t*,2,2,src/functions/1000aa10.cpp|src/functions/10020a90.cpp,src/functions/1000aa10.cpp:7:std::uint32_t* DAT_100375d0|src/functions/10020a90.cpp:6:std::uint32_t DAT_100375d0,3,2,1000aa10|10020a90,src/functions/1000aa10.cpp:51|src/functions/1000aa10.cpp:65|src/functions/10020a90.cpp:25
0x100375f0,.data,DAT_100375f0,4,1,void*,1,1,src/functions/10020af0.cpp,src/functions/10020af0.cpp:7:void* DAT_100375f0,3,1,10020af0,src/functions/10020af0.cpp:27|src/functions/10020af0.cpp:28|src/functions/10020af0.cpp:31
0x100375f4,.data,DAT_100375f4,2,1,std::uint32_t,1,1,src/functions/10020af0.cpp,src/functions/10020af0.cpp:8:std::uint32_t _DAT_100375f4,1,1,10020af0,src/functions/10020af0.cpp:32
0x100375f8,.data,DAT_100375f8,2,1,std::uint32_t,1,1,src/functions/10020af0.cpp,src/functions/10020af0.cpp:9:std::uint32_t _DAT_100375f8,1,1,10020af0,src/functions/10020af0.cpp:33
0x10037600,.data,DAT_10037600,8,2,std::uint32_t*|void*,2,2,src/functions/1000ab60.cpp|src/functions/10020af0.cpp,src/functions/1000ab60.cpp:5:std::uint32_t* DAT_10037600|src/functions/10020af0.cpp:4:void* DAT_10037600,6,2,1000ab60|10020af0,src/functions/1000ab60.cpp:38|src/functions/1000ab60.cpp:45|src/functions/1000ab60.cpp:55|src/functions/10020af0.cpp:19|src/functions/10020af0.cpp:20|src/functions/10020af0.cpp:23
0x10037604,.data,DAT_10037604,14,2,std::uint32_t|std::uint32_t*,2,2,src/functions/1000ab60.cpp|src/functions/10020af0.cpp,src/functions/1000ab60.cpp:6:std::uint32_t* DAT_10037604|src/functions/10020af0.cpp:5:std::uint32_t DAT_10037604,12,2,1000ab60|10020af0,src/functions/1000ab60.cpp:37|src/functions/1000ab60.cpp:48|src/functions/1000ab60.cpp:53|src/functions/1000ab60.cpp:55|src/functions/1000ab60.cpp:58|src/functions/1000ab60.cpp:58|src/functions/1000ab60.cpp:62|src/functions/1000ab60.cpp:67|src/functions/1000ab60.cpp:69|src/functions/1000ab60.cpp:72|src/functions/1000ab60.cpp:72|src/functions/10020af0.cpp:24
0x10037608,.data,DAT_10037608,5,2,std::uint32_t|std::uint32_t*,2,2,src/functions/1000ab60.cpp|src/functions/10020af0.cpp,src/functions/1000ab60.cpp:7:std::uint32_t* DAT_10037608|src/functions/10020af0.cpp:6:std::uint32_t DAT_10037608,3,2,1000ab60|10020af0,src/functions/1000ab60.cpp:48|src/functions/1000ab60.cpp:62|src/functions/10020af0.cpp:25
0x10037628,.data,DAT_10037628,4,1,void*,1,1,src/functions/10020b50.cpp,src/functions/10020b50.cpp:7:void* DAT_10037628,3,1,10020b50,src/functions/10020b50.cpp:29|src/functions/10020b50.cpp:30|src/functions/10020b50.cpp:33
0x1003762c,.data,DAT_1003762c,2,1,std::uint32_t,1,1,src/functions/10020b50.cpp,src/functions/10020b50.cpp:8:std::uint32_t _DAT_1003762c,1,1,10020b50,src/functions/10020b50.cpp:34
0x10037630,.data,DAT_10037630,2,1,std::uint32_t,1,1,src/functions/10020b50.cpp,src/functions/10020b50.cpp:9:std::uint32_t _DAT_10037630,1,1,10020b50,src/functions/10020b50.cpp:35
0x10037638,.data,DAT_10037638,7,2,std::uint32_t*|void*,2,2,src/functions/1000aca0.cpp|src/functions/10020b50.cpp,src/functions/1000aca0.cpp:6:std::uint32_t* DAT_10037638|src/functions/10020b50.cpp:4:void* DAT_10037638,5,2,1000aca0|10020b50,src/functions/1000aca0.cpp:41|src/functions/1000aca0.cpp:60|src/functions/10020b50.cpp:21|src/functions/10020b50.cpp:22|src/functions/10020b50.cpp:25
0x1003763c,.data,DAT_1003763c,14,2,std::uint32_t|std::uint32_t*,2,2,src/functions/1000aca0.cpp|src/functions/10020b50.cpp,src/functions/1000aca0.cpp:7:std::uint32_t* DAT_1003763c|src/functions/10020b50.cpp:5:std::uint32_t DAT_1003763c,12,2,1000aca0|10020b50,src/functions/1000aca0.cpp:45|src/functions/1000aca0.cpp:53|src/functions/1000aca0.cpp:58|src/functions/1000aca0.cpp:60|src/functions/1000aca0.cpp:63|src/functions/1000aca0.cpp:63|src/functions/1000aca0.cpp:67|src/functions/1000aca0.cpp:72|src/functions/1000aca0.cpp:74|src/functions/1000aca0.cpp:77|src/functions/1000aca0.cpp:77|src/functions/10020b50.cpp:26
0x10037640,.data,DAT_10037640,5,2,std::uint32_t|std::uint32_t*,2,2,src/functions/1000aca0.cpp|src/functions/10020b50.cpp,src/functions/1000aca0.cpp:8:std::uint32_t* DAT_10037640|src/functions/10020b50.cpp:6:std::uint32_t DAT_10037640,3,2,1000aca0|10020b50,src/functions/1000aca0.cpp:53|src/functions/1000aca0.cpp:67|src/functions/10020b50.cpp:27
0x10037660,.data,DAT_10037660,4,0,,0,1,src/functions/10020bb0.cpp,,4,1,10020bb0,src/functions/10020bb0.cpp:7|src/functions/10020bb0.cpp:26|src/functions/10020bb0.cpp:27|src/functions/10020bb0.cpp:30
0x10037664,.data,DAT_10037664,2,0,,0,1,src/functions/10020bb0.cpp,,2,1,10020bb0,src/functions/10020bb0.cpp:8|src/functions/10020bb0.cpp:31
0x10037668,.data,DAT_10037668,2,0,,0,1,src/functions/10020bb0.cpp,,2,1,10020bb0,src/functions/10020bb0.cpp:9|src/functions/10020bb0.cpp:32
0x10037670,.data,DAT_10037670,7,0,,0,2,src/functions/1000ade0.cpp|src/functions/10020bb0.cpp,,7,2,1000ade0|10020bb0,src/functions/1000ade0.cpp:5|src/functions/1000ade0.cpp:38|src/functions/1000ade0.cpp:58|src/functions/10020bb0.cpp:4|src/functions/10020bb0.cpp:18|src/functions/10020bb0.cpp:19|src/functions/10020bb0.cpp:22
0x10037674,.data,DAT_10037674,14,0,,0,2,src/functions/1000ade0.cpp|src/functions/10020bb0.cpp,,14,2,1000ade0|10020bb0,src/functions/1000ade0.cpp:6|src/functions/1000ade0.cpp:42|src/functions/1000ade0.cpp:50|src/functions/1000ade0.cpp:55|src/functions/1000ade0.cpp:57|src/functions/1000ade0.cpp:61|src/functions/1000ade0.cpp:61|src/functions/1000ade0.cpp:65|src/functions/1000ade0.cpp:70|src/functions/1000ade0.cpp:72|src/functions/1000ade0.cpp:75|src/functions/1000ade0.cpp:75|src/functions/10020bb0.cpp:5|src/functions/10020bb0.cpp:23
0x10037678,.data,DAT_10037678,5,0,,0,2,src/functions/1000ade0.cpp|src/functions/10020bb0.cpp,,5,2,1000ade0|10020bb0,src/functions/1000ade0.cpp:7|src/functions/1000ade0.cpp:50|src/functions/1000ade0.cpp:65|src/functions/10020bb0.cpp:6|src/functions/10020bb0.cpp:24
0x10037698,.data,DAT_10037698,4,1,void*,1,1,src/functions/10020c10.cpp,src/functions/10020c10.cpp:7:void* DAT_10037698,3,1,10020c10,src/functions/10020c10.cpp:29|src/functions/10020c10.cpp:30|src/functions/10020c10.cpp:33
0x1003769c,.data,DAT_1003769c,2,1,std::uint32_t,1,1,src/functions/10020c10.cpp,src/functions/10020c10.cpp:8:std::uint32_t _DAT_1003769c,1,1,10020c10,src/functions/10020c10.cpp:34
0x100376a0,.data,DAT_100376a0,2,1,std::uint32_t,1,1,src/functions/10020c10.cpp,src/functions/10020c10.cpp:9:std::uint32_t _DAT_100376a0,1,1,10020c10,src/functions/10020c10.cpp:35
0x100376a8,.data,DAT_100376a8,8,2,std::uint32_t*|void*,2,2,src/functions/1000af20.cpp|src/functions/10020c10.cpp,src/functions/1000af20.cpp:6:std::uint32_t* DAT_100376a8|src/functions/10020c10.cpp:4:void* DAT_100376a8,6,2,1000af20|10020c10,src/functions/1000af20.cpp:37|src/functions/1000af20.cpp:42|src/functions/1000af20.cpp:52|src/functions/10020c10.cpp:21|src/functions/10020c10.cpp:22|src/functions/10020c10.cpp:25
0x100376ac,.data,DAT_100376ac,14,2,std::uint32_t|std::uint32_t*,2,2,src/functions/1000af20.cpp|src/functions/10020c10.cpp,src/functions/1000af20.cpp:7:std::uint32_t* DAT_100376ac|src/functions/10020c10.cpp:5:std::uint32_t DAT_100376ac,12,2,1000af20|10020c10,src/functions/1000af20.cpp:36|src/functions/1000af20.cpp:45|src/functions/1000af20.cpp:50|src/functions/1000af20.cpp:52|src/functions/1000af20.cpp:55|src/functions/1000af20.cpp:55|src/functions/1000af20.cpp:59|src/functions/1000af20.cpp:64|src/functions/1000af20.cpp:66|src/functions/1000af20.cpp:69|src/functions/1000af20.cpp:69|src/functions/10020c10.cpp:26
0x100376b0,.data,DAT_100376b0,5,2,std::uint32_t|std::uint32_t*,2,2,src/functions/1000af20.cpp|src/functions/10020c10.cpp,src/functions/1000af20.cpp:8:std::uint32_t* DAT_100376b0|src/functions/10020c10.cpp:6:std::uint32_t DAT_100376b0,3,2,1000af20|10020c10,src/functions/1000af20.cpp:45|src/functions/1000af20.cpp:59|src/functions/10020c10.cpp:27
0x100376d0,.data,DAT_100376d0,4,1,void*,1,1,src/functions/10020c70.cpp,src/functions/10020c70.cpp:7:void* DAT_100376d0,3,1,10020c70,src/functions/10020c70.cpp:29|src/functions/10020c70.cpp:30|src/functions/10020c70.cpp:33
0x100376d4,.data,DAT_100376d4,2,1,std::uint32_t,1,1,src/functions/10020c70.cpp,src/functions/10020c70.cpp:8:std::uint32_t _DAT_100376d4,1,1,10020c70,src/functions/10020c70.cpp:34
0x100376d8,.data,DAT_100376d8,2,1,std::uint32_t,1,1,src/functions/10020c70.cpp,src/functions/10020c70.cpp:9:std::uint32_t _DAT_100376d8,1,1,10020c70,src/functions/10020c70.cpp:35
0x100376e0,.data,DAT_100376e0,8,2,std::uint32_t*|void*,2,2,src/functions/1000b060.cpp|src/functions/10020c70.cpp,src/functions/1000b060.cpp:6:std::uint32_t* DAT_100376e0|src/functions/10020c70.cpp:4:void* DAT_100376e0,6,2,1000b060|10020c70,src/functions/1000b060.cpp:40|src/functions/1000b060.cpp:46|src/functions/1000b060.cpp:55|src/functions/10020c70.cpp:21|src/functions/10020c70.cpp:22|src/functions/10020c70.cpp:25
0x100376e4,.data,DAT_100376e4,14,2,std::uint32_t|std::uint32_t*,2,2,src/functions/1000b060.cpp|src/functions/10020c70.cpp,src/functions/1000b060.cpp:7:std::uint32_t* DAT_100376e4|src/functions/10020c70.cpp:5:std::uint32_t DAT_100376e4,12,2,1000b060|10020c70,src/functions/1000b060.cpp:39|src/functions/1000b060.cpp:48|src/functions/1000b060.cpp:53|src/functions/1000b060.cpp:55|src/functions/1000b060.cpp:58|src/functions/1000b060.cpp:58|src/functions/1000b060.cpp:62|src/functions/1000b060.cpp:67|src/functions/1000b060.cpp:69|src/functions/1000b060.cpp:72|src/functions/1000b060.cpp:72|src/functions/10020c70.cpp:26
0x100376e8,.data,DAT_100376e8,5,2,std::uint32_t|std::uint32_t*,2,2,src/functions/1000b060.cpp|src/functions/10020c70.cpp,src/functions/1000b060.cpp:8:std::uint32_t* DAT_100376e8|src/functions/10020c70.cpp:6:std::uint32_t DAT_100376e8,3,2,1000b060|10020c70,src/functions/1000b060.cpp:48|src/functions/1000b060.cpp:62|src/functions/10020c70.cpp:27
0x10037708,.data,DAT_10037708,4,1,void*,1,1,src/functions/10020cd0.cpp,src/functions/10020cd0.cpp:7:void* DAT_10037708,3,1,10020cd0,src/functions/10020cd0.cpp:29|src/functions/10020cd0.cpp:30|src/functions/10020cd0.cpp:33
0x1003770c,.data,DAT_1003770c,2,1,std::uint32_t,1,1,src/functions/10020cd0.cpp,src/functions/10020cd0.cpp:8:std::uint32_t _DAT_1003770c,1,1,10020cd0,src/functions/10020cd0.cpp:34
0x10037710,.data,DAT_10037710,2,1,std::uint32_t,1,1,src/functions/10020cd0.cpp,src/functions/10020cd0.cpp:9:std::uint32_t _DAT_10037710,1,1,10020cd0,src/functions/10020cd0.cpp:35
0x10037718,.data,DAT_10037718,8,1,void*,1,2,src/functions/1000b1a0.cpp|src/functions/10020cd0.cpp,src/functions/10020cd0.cpp:4:void* DAT_10037718,7,2,1000b1a0|10020cd0,src/functions/1000b1a0.cpp:5|src/functions/1000b1a0.cpp:36|src/functions/1000b1a0.cpp:42|src/functions/1000b1a0.cpp:51|src/functions/10020cd0.cpp:21|src/functions/10020cd0.cpp:22|src/functions/10020cd0.cpp:25
0x1003771c,.data,DAT_1003771c,14,1,std::uint32_t,1,2,src/functions/1000b1a0.cpp|src/functions/10020cd0.cpp,src/functions/10020cd0.cpp:5:std::uint32_t DAT_1003771c,13,2,1000b1a0|10020cd0,src/functions/1000b1a0.cpp:6|src/functions/1000b1a0.cpp:35|src/functions/1000b1a0.cpp:44|src/functions/1000b1a0.cpp:49|src/functions/1000b1a0.cpp:51|src/functions/1000b1a0.cpp:54|src/functions/1000b1a0.cpp:54|src/functions/1000b1a0.cpp:58|src/functions/1000b1a0.cpp:63|src/functions/1000b1a0.cpp:65|src/functions/1000b1a0.cpp:68|src/functions/1000b1a0.cpp:68|src/functions/10020cd0.cpp:26
0x10037720,.data,DAT_10037720,5,1,std::uint32_t,1,2,src/functions/1000b1a0.cpp|src/functions/10020cd0.cpp,src/functions/10020cd0.cpp:6:std::uint32_t DAT_10037720,4,2,1000b1a0|10020cd0,src/functions/1000b1a0.cpp:7|src/functions/1000b1a0.cpp:44|src/functions/1000b1a0.cpp:58|src/functions/10020cd0.cpp:27
0x10037740,.data,DAT_10037740,7,2,std::uint32_t*|void*,2,2,src/functions/1000b2e0.cpp|src/functions/10020d30.cpp,src/functions/1000b2e0.cpp:6:std::uint32_t* DAT_10037740|src/functions/10020d30.cpp:7:void* DAT_10037740,5,2,1000b2e0|10020d30,src/functions/1000b2e0.cpp:33|src/functions/1000b2e0.cpp:48|src/functions/10020d30.cpp:29|src/functions/10020d30.cpp:30|src/functions/10020d30.cpp:33
0x10037744,.data,DAT_10037744,14,2,std::uint32_t|std::uint32_t*,2,2,src/functions/1000b2e0.cpp|src/functions/10020d30.cpp,src/functions/1000b2e0.cpp:7:std::uint32_t* DAT_10037744|src/functions/10020d30.cpp:8:std::uint32_t DAT_10037744,12,2,1000b2e0|10020d30,src/functions/1000b2e0.cpp:35|src/functions/1000b2e0.cpp:43|src/functions/1000b2e0.cpp:47|src/functions/1000b2e0.cpp:48|src/functions/1000b2e0.cpp:51|src/functions/1000b2e0.cpp:51|src/functions/1000b2e0.cpp:55|src/functions/1000b2e0.cpp:59|src/functions/1000b2e0.cpp:60|src/functions/1000b2e0.cpp:63|src/functions/1000b2e0.cpp:63|src/functions/10020d30.cpp:34
0x10037748,.data,DAT_10037748,5,2,std::uint32_t|std::uint32_t*,2,2,src/functions/1000b2e0.cpp|src/functions/10020d30.cpp,src/functions/1000b2e0.cpp:8:std::uint32_t* DAT_10037748|src/functions/10020d30.cpp:9:std::uint32_t DAT_10037748,3,2,1000b2e0|10020d30,src/functions/1000b2e0.cpp:43|src/functions/1000b2e0.cpp:55|src/functions/10020d30.cpp:35
0x10037750,.data,DAT_10037750,8,2,std::uint32_t*|void*,2,2,src/functions/1000b3a0.cpp|src/functions/10020d30.cpp,src/functions/1000b3a0.cpp:6:std::uint32_t* DAT_10037750|src/functions/10020d30.cpp:4:void* DAT_10037750,6,2,1000b3a0|10020d30,src/functions/1000b3a0.cpp:35|src/functions/1000b3a0.cpp:40|src/functions/1000b3a0.cpp:50|src/functions/10020d30.cpp:21|src/functions/10020d30.cpp:22|src/functions/10020d30.cpp:25
0x10037754,.data,DAT_10037754,14,2,std::uint32_t|std::uint32_t*,2,2,src/functions/1000b3a0.cpp|src/functions/10020d30.cpp,src/functions/1000b3a0.cpp:7:std::uint32_t* DAT_10037754|src/functions/10020d30.cpp:5:std::uint32_t DAT_10037754,12,2,1000b3a0|10020d30,src/functions/1000b3a0.cpp:35|src/functions/1000b3a0.cpp:43|src/functions/1000b3a0.cpp:48|src/functions/1000b3a0.cpp:50|src/functions/1000b3a0.cpp:53|src/functions/1000b3a0.cpp:53|src/functions/1000b3a0.cpp:57|src/functions/1000b3a0.cpp:62|src/functions/1000b3a0.cpp:64|src/functions/1000b3a0.cpp:67|src/functions/1000b3a0.cpp:67|src/functions/10020d30.cpp:26
0x10037758,.data,DAT_10037758,5,2,std::uint32_t|std::uint32_t*,2,2,src/functions/1000b3a0.cpp|src/functions/10020d30.cpp,src/functions/1000b3a0.cpp:8:std::uint32_t* DAT_10037758|src/functions/10020d30.cpp:6:std::uint32_t DAT_10037758,3,2,1000b3a0|10020d30,src/functions/1000b3a0.cpp:43|src/functions/1000b3a0.cpp:57|src/functions/10020d30.cpp:27
0x10037778,.data,DAT_10037778,4,1,void*,1,1,src/functions/10020d90.cpp,src/functions/10020d90.cpp:7:void* DAT_10037778,3,1,10020d90,src/functions/10020d90.cpp:29|src/functions/10020d90.cpp:30|src/functions/10020d90.cpp:33
0x1003777c,.data,DAT_1003777c,2,1,std::uint32_t,1,1,src/functions/10020d90.cpp,src/functions/10020d90.cpp:8:std::uint32_t _DAT_1003777c,1,1,10020d90,src/functions/10020d90.cpp:34
0x10037780,.data,DAT_10037780,2,1,std::uint32_t,1,1,src/functions/10020d90.cpp,src/functions/10020d90.cpp:9:std::uint32_t _DAT_10037780,1,1,10020d90,src/functions/10020d90.cpp:35
0x10037788,.data,DAT_10037788,8,2,std::uint32_t*|void*,2,2,src/functions/1000b4e0.cpp|src/functions/10020d90.cpp,src/functions/1000b4e0.cpp:4:std::uint32_t* DAT_10037788|src/functions/10020d90.cpp:4:void* DAT_10037788,6,2,1000b4e0|10020d90,src/functions/1000b4e0.cpp:29|src/functions/1000b4e0.cpp:37|src/functions/1000b4e0.cpp:46|src/functions/10020d90.cpp:21|src/functions/10020d90.cpp:22|src/functions/10020d90.cpp:25
0x1003778c,.data,DAT_1003778c,14,2,std::uint32_t|std::uint32_t*,2,2,src/functions/1000b4e0.cpp|src/functions/10020d90.cpp,src/functions/1000b4e0.cpp:5:std::uint32_t* DAT_1003778c|src/functions/10020d90.cpp:5:std::uint32_t DAT_1003778c,12,2,1000b4e0|10020d90,src/functions/1000b4e0.cpp:28|src/functions/1000b4e0.cpp:39|src/functions/1000b4e0.cpp:44|src/functions/1000b4e0.cpp:46|src/functions/1000b4e0.cpp:49|src/functions/1000b4e0.cpp:49|src/functions/1000b4e0.cpp:53|src/functions/1000b4e0.cpp:58|src/functions/1000b4e0.cpp:60|src/functions/1000b4e0.cpp:63|src/functions/1000b4e0.cpp:63|src/functions/10020d90.cpp:26
0x10037790,.data,DAT_10037790,5,2,std::uint32_t|std::uint32_t*,2,2,src/functions/1000b4e0.cpp|src/functions/10020d90.cpp,src/functions/1000b4e0.cpp:6:std::uint32_t* DAT_10037790|src/functions/10020d90.cpp:6:std::uint32_t DAT_10037790,3,2,1000b4e0|10020d90,src/functions/1000b4e0.cpp:39|src/functions/1000b4e0.cpp:53|src/functions/10020d90.cpp:27
0x100377b0,.data,DAT_100377b0,4,1,void*,1,1,src/functions/10020df0.cpp,src/functions/10020df0.cpp:7:void* DAT_100377b0,3,1,10020df0,src/functions/10020df0.cpp:29|src/functions/10020df0.cpp:30|src/functions/10020df0.cpp:33
0x100377b4,.data,DAT_100377b4,2,1,std::uint32_t,1,1,src/functions/10020df0.cpp,src/functions/10020df0.cpp:8:std::uint32_t _DAT_100377b4,1,1,10020df0,src/functions/10020df0.cpp:34
0x100377b8,.data,DAT_100377b8,2,1,std::uint32_t,1,1,src/functions/10020df0.cpp,src/functions/10020df0.cpp:9:std::uint32_t _DAT_100377b8,1,1,10020df0,src/functions/10020df0.cpp:35
0x100377c0,.data,DAT_100377c0,8,2,std::uint32_t*|void*,2,2,src/functions/1000b620.cpp|src/functions/10020df0.cpp,src/functions/1000b620.cpp:6:std::uint32_t* DAT_100377c0|src/functions/10020df0.cpp:4:void* DAT_100377c0,6,2,1000b620|10020df0,src/functions/1000b620.cpp:37|src/functions/1000b620.cpp:42|src/functions/1000b620.cpp:51|src/functions/10020df0.cpp:21|src/functions/10020df0.cpp:22|src/functions/10020df0.cpp:25
0x100377c4,.data,DAT_100377c4,14,2,std::uint32_t|std::uint32_t*,2,2,src/functions/1000b620.cpp|src/functions/10020df0.cpp,src/functions/1000b620.cpp:7:std::uint32_t* DAT_100377c4|src/functions/10020df0.cpp:5:std::uint32_t DAT_100377c4,12,2,1000b620|10020df0,src/functions/1000b620.cpp:36|src/functions/1000b620.cpp:44|src/functions/1000b620.cpp:49|src/functions/1000b620.cpp:51|src/functions/1000b620.cpp:54|src/functions/1000b620.cpp:54|src/functions/1000b620.cpp:58|src/functions/1000b620.cpp:63|src/functions/1000b620.cpp:65|src/functions/1000b620.cpp:68|src/functions/1000b620.cpp:68|src/functions/10020df0.cpp:26
0x100377c8,.data,DAT_100377c8,5,2,std::uint32_t|std::uint32_t*,2,2,src/functions/1000b620.cpp|src/functions/10020df0.cpp,src/functions/1000b620.cpp:8:std::uint32_t* DAT_100377c8|src/functions/10020df0.cpp:6:std::uint32_t DAT_100377c8,3,2,1000b620|10020df0,src/functions/1000b620.cpp:44|src/functions/1000b620.cpp:58|src/functions/10020df0.cpp:27
0x100377e8,.data,DAT_100377e8,8,2,std::uint32_t*|void*,2,2,src/functions/1000b760.cpp|src/functions/10020e50.cpp,src/functions/1000b760.cpp:6:std::uint32_t* DAT_100377e8|src/functions/10020e50.cpp:7:void* DAT_100377e8,6,2,1000b760|10020e50,src/functions/1000b760.cpp:36|src/functions/1000b760.cpp:41|src/functions/1000b760.cpp:51|src/functions/10020e50.cpp:29|src/functions/10020e50.cpp:30|src/functions/10020e50.cpp:33
0x100377ec,.data,DAT_100377ec,14,2,std::uint32_t|std::uint32_t*,2,2,src/functions/1000b760.cpp|src/functions/10020e50.cpp,src/functions/1000b760.cpp:7:std::uint32_t* DAT_100377ec|src/functions/10020e50.cpp:8:std::uint32_t DAT_100377ec,12,2,1000b760|10020e50,src/functions/1000b760.cpp:35|src/functions/1000b760.cpp:44|src/functions/1000b760.cpp:49|src/functions/1000b760.cpp:51|src/functions/1000b760.cpp:54|src/functions/1000b760.cpp:54|src/functions/1000b760.cpp:58|src/functions/1000b760.cpp:63|src/functions/1000b760.cpp:65|src/functions/1000b760.cpp:68|src/functions/1000b760.cpp:68|src/functions/10020e50.cpp:34
0x100377f0,.data,DAT_100377f0,5,2,std::uint32_t|std::uint32_t*,2,2,src/functions/1000b760.cpp|src/functions/10020e50.cpp,src/functions/1000b760.cpp:8:std::uint32_t* DAT_100377f0|src/functions/10020e50.cpp:9:std::uint32_t DAT_100377f0,3,2,1000b760|10020e50,src/functions/1000b760.cpp:44|src/functions/1000b760.cpp:58|src/functions/10020e50.cpp:35
0x100377f8,.data,DAT_100377f8,7,2,std::uint32_t*|void*,2,2,src/functions/1000b820.cpp|src/functions/10020e50.cpp,src/functions/1000b820.cpp:6:std::uint32_t* DAT_100377f8|src/functions/10020e50.cpp:4:void* DAT_100377f8,5,2,1000b820|10020e50,src/functions/1000b820.cpp:41|src/functions/1000b820.cpp:59|src/functions/10020e50.cpp:21|src/functions/10020e50.cpp:22|src/functions/10020e50.cpp:25
0x100377fc,.data,DAT_100377fc,14,2,std::uint32_t|std::uint32_t*,2,2,src/functions/1000b820.cpp|src/functions/10020e50.cpp,src/functions/1000b820.cpp:7:std::uint32_t* DAT_100377fc|src/functions/10020e50.cpp:5:std::uint32_t DAT_100377fc,12,2,1000b820|10020e50,src/functions/1000b820.cpp:43|src/functions/1000b820.cpp:52|src/functions/1000b820.cpp:57|src/functions/1000b820.cpp:59|src/functions/1000b820.cpp:62|src/functions/1000b820.cpp:62|src/functions/1000b820.cpp:66|src/functions/1000b820.cpp:71|src/functions/1000b820.cpp:73|src/functions/1000b820.cpp:76|src/functions/1000b820.cpp:76|src/functions/10020e50.cpp:26
0x10037800,.data,DAT_10037800,5,2,std::uint32_t|std::uint32_t*,2,2,src/functions/1000b820.cpp|src/functions/10020e50.cpp,src/functions/1000b820.cpp:8:std::uint32_t* DAT_10037800|src/functions/10020e50.cpp:6:std::uint32_t DAT_10037800,3,2,1000b820|10020e50,src/functions/1000b820.cpp:52|src/functions/1000b820.cpp:66|src/functions/10020e50.cpp:27
0x10037820,.data,DAT_10037820,8,2,std::uint32_t*|void*,2,2,src/functions/1000b960.cpp|src/functions/10020eb0.cpp,src/functions/1000b960.cpp:6:std::uint32_t* DAT_10037820|src/functions/10020eb0.cpp:7:void* DAT_10037820,6,2,1000b960|10020eb0,src/functions/1000b960.cpp:36|src/functions/1000b960.cpp:42|src/functions/1000b960.cpp:51|src/functions/10020eb0.cpp:29|src/functions/10020eb0.cpp:30|src/functions/10020eb0.cpp:33
0x10037824,.data,DAT_10037824,14,2,std::uint32_t|std::uint32_t*,2,2,src/functions/1000b960.cpp|src/functions/10020eb0.cpp,src/functions/1000b960.cpp:7:std::uint32_t* DAT_10037824|src/functions/10020eb0.cpp:8:std::uint32_t DAT_10037824,12,2,1000b960|10020eb0,src/functions/1000b960.cpp:35|src/functions/1000b960.cpp:44|src/functions/1000b960.cpp:49|src/functions/1000b960.cpp:51|src/functions/1000b960.cpp:54|src/functions/1000b960.cpp:54|src/functions/1000b960.cpp:58|src/functions/1000b960.cpp:63|src/functions/1000b960.cpp:65|src/functions/1000b960.cpp:68|src/functions/1000b960.cpp:68|src/functions/10020eb0.cpp:34
0x10037828,.data,DAT_10037828,5,2,std::uint32_t|std::uint32_t*,2,2,src/functions/1000b960.cpp|src/functions/10020eb0.cpp,src/functions/1000b960.cpp:8:std::uint32_t* DAT_10037828|src/functions/10020eb0.cpp:9:std::uint32_t DAT_10037828,3,2,1000b960|10020eb0,src/functions/1000b960.cpp:44|src/functions/1000b960.cpp:58|src/functions/10020eb0.cpp:35
0x10037830,.data,DAT_10037830,7,2,std::uint32_t*|void*,2,2,src/functions/1000ba20.cpp|src/functions/10020eb0.cpp,src/functions/1000ba20.cpp:6:std::uint32_t* DAT_10037830|src/functions/10020eb0.cpp:4:void* DAT_10037830,5,2,1000ba20|10020eb0,src/functions/1000ba20.cpp:41|src/functions/1000ba20.cpp:59|src/functions/10020eb0.cpp:21|src/functions/10020eb0.cpp:22|src/functions/10020eb0.cpp:25
0x10037834,.data,DAT_10037834,14,2,std::uint32_t|std::uint32_t*,2,2,src/functions/1000ba20.cpp|src/functions/10020eb0.cpp,src/functions/1000ba20.cpp:7:std::uint32_t* DAT_10037834|src/functions/10020eb0.cpp:5:std::uint32_t DAT_10037834,12,2,1000ba20|10020eb0,src/functions/1000ba20.cpp:43|src/functions/1000ba20.cpp:52|src/functions/1000ba20.cpp:57|src/functions/1000ba20.cpp:59|src/functions/1000ba20.cpp:62|src/functions/1000ba20.cpp:62|src/functions/1000ba20.cpp:66|src/functions/1000ba20.cpp:71|src/functions/1000ba20.cpp:73|src/functions/1000ba20.cpp:76|src/functions/1000ba20.cpp:76|src/functions/10020eb0.cpp:26
0x10037838,.data,DAT_10037838,5,2,std::uint32_t|std::uint32_t*,2,2,src/functions/1000ba20.cpp|src/functions/10020eb0.cpp,src/functions/1000ba20.cpp:8:std::uint32_t* DAT_10037838|src/functions/10020eb0.cpp:6:std::uint32_t DAT_10037838,3,2,1000ba20|10020eb0,src/functions/1000ba20.cpp:52|src/functions/1000ba20.cpp:66|src/functions/10020eb0.cpp:27
0x10037858,.data,DAT_10037858,4,1,void*,1,1,src/functions/10020f10.cpp,src/functions/10020f10.cpp:7:void* DAT_10037858,3,1,10020f10,src/functions/10020f10.cpp:29|src/functions/10020f10.cpp:30|src/functions/10020f10.cpp:33
0x1003785c,.data,DAT_1003785c,2,1,std::uint32_t,1,1,src/functions/10020f10.cpp,src/functions/10020f10.cpp:8:std::uint32_t _DAT_1003785c,1,1,10020f10,src/functions/10020f10.cpp:34
0x10037860,.data,DAT_10037860,2,1,std::uint32_t,1,1,src/functions/10020f10.cpp,src/functions/10020f10.cpp:9:std::uint32_t _DAT_10037860,1,1,10020f10,src/functions/10020f10.cpp:35
0x10037868,.data,DAT_10037868,4,1,void*,1,1,src/functions/10020f10.cpp,src/functions/10020f10.cpp:4:void* DAT_10037868,3,1,10020f10,src/functions/10020f10.cpp:21|src/functions/10020f10.cpp:22|src/functions/10020f10.cpp:25
0x1003786c,.data,DAT_1003786c,2,1,std::uint32_t,1,1,src/functions/10020f10.cpp,src/functions/10020f10.cpp:5:std::uint32_t _DAT_1003786c,1,1,10020f10,src/functions/10020f10.cpp:26
0x10037870,.data,DAT_10037870,2,1,std::uint32_t,1,1,src/functions/10020f10.cpp,src/functions/10020f10.cpp:6:std::uint32_t _DAT_10037870,1,1,10020f10,src/functions/10020f10.cpp:27
0x10037890,.data,DAT_10037890,4,1,void*,1,1,src/functions/10020f70.cpp,src/functions/10020f70.cpp:7:void* DAT_10037890,3,1,10020f70,src/functions/10020f70.cpp:29|src/functions/10020f70.cpp:30|src/functions/10020f70.cpp:33
0x10037894,.data,DAT_10037894,2,1,std::uint32_t,1,1,src/functions/10020f70.cpp,src/functions/10020f70.cpp:8:std::uint32_t _DAT_10037894,1,1,10020f70,src/functions/10020f70.cpp:34
0x10037898,.data,DAT_10037898,2,1,std::uint32_t,1,1,src/functions/10020f70.cpp,src/functions/10020f70.cpp:9:std::uint32_t _DAT_10037898,1,1,10020f70,src/functions/10020f70.cpp:35
0x100378a0,.data,DAT_100378a0,8,2,std::uint32_t*|void*,2,2,src/functions/1000bbe0.cpp|src/functions/10020f70.cpp,src/functions/1000bbe0.cpp:6:std::uint32_t* DAT_100378a0|src/functions/10020f70.cpp:4:void* DAT_100378a0,6,2,1000bbe0|10020f70,src/functions/1000bbe0.cpp:37|src/functions/1000bbe0.cpp:42|src/functions/1000bbe0.cpp:51|src/functions/10020f70.cpp:21|src/functions/10020f70.cpp:22|src/functions/10020f70.cpp:25
0x100378a4,.data,DAT_100378a4,14,2,std::uint32_t|std::uint32_t*,2,2,src/functions/1000bbe0.cpp|src/functions/10020f70.cpp,src/functions/1000bbe0.cpp:7:std::uint32_t* DAT_100378a4|src/functions/10020f70.cpp:5:std::uint32_t DAT_100378a4,12,2,1000bbe0|10020f70,src/functions/1000bbe0.cpp:36|src/functions/1000bbe0.cpp:44|src/functions/1000bbe0.cpp:49|src/functions/1000bbe0.cpp:51|src/functions/1000bbe0.cpp:54|src/functions/1000bbe0.cpp:54|src/functions/1000bbe0.cpp:58|src/functions/1000bbe0.cpp:63|src/functions/1000bbe0.cpp:65|src/functions/1000bbe0.cpp:68|src/functions/1000bbe0.cpp:68|src/functions/10020f70.cpp:26
0x100378a8,.data,DAT_100378a8,5,2,std::uint32_t|std::uint32_t*,2,2,src/functions/1000bbe0.cpp|src/functions/10020f70.cpp,src/functions/1000bbe0.cpp:8:std::uint32_t* DAT_100378a8|src/functions/10020f70.cpp:6:std::uint32_t DAT_100378a8,3,2,1000bbe0|10020f70,src/functions/1000bbe0.cpp:44|src/functions/1000bbe0.cpp:58|src/functions/10020f70.cpp:27
0x100378c8,.data,DAT_100378c8,4,1,void*,1,1,src/functions/10021030.cpp,src/functions/10021030.cpp:7:void* DAT_100378c8,3,1,10021030,src/functions/10021030.cpp:28|src/functions/10021030.cpp:29|src/functions/10021030.cpp:32
0x100378cc,.data,DAT_100378cc,2,1,std::uint32_t,1,1,src/functions/10021030.cpp,src/functions/10021030.cpp:8:std::uint32_t _DAT_100378cc,1,1,10021030,src/functions/10021030.cpp:33
0x100378d0,.data,DAT_100378d0,2,1,std::uint32_t,1,1,src/functions/10021030.cpp,src/functions/10021030.cpp:9:std::uint32_t _DAT_100378d0,1,1,10021030,src/functions/10021030.cpp:34
0x100378d8,.data,DAT_100378d8,8,2,std::uint32_t*|void*,2,2,src/functions/1000bd20.cpp|src/functions/10021030.cpp,src/functions/1000bd20.cpp:4:std::uint32_t* DAT_100378d8|src/functions/10021030.cpp:4:void* DAT_100378d8,6,2,1000bd20|10021030,src/functions/1000bd20.cpp:37|src/functions/1000bd20.cpp:40|src/functions/1000bd20.cpp:47|src/functions/10021030.cpp:20|src/functions/10021030.cpp:21|src/functions/10021030.cpp:24
0x100378dc,.data,DAT_100378dc,14,2,std::uint32_t|std::uint32_t*,2,2,src/functions/1000bd20.cpp|src/functions/10021030.cpp,src/functions/1000bd20.cpp:5:std::uint32_t* DAT_100378dc|src/functions/10021030.cpp:5:std::uint32_t DAT_100378dc,12,2,1000bd20|10021030,src/functions/1000bd20.cpp:36|src/functions/1000bd20.cpp:42|src/functions/1000bd20.cpp:46|src/functions/1000bd20.cpp:47|src/functions/1000bd20.cpp:50|src/functions/1000bd20.cpp:50|src/functions/1000bd20.cpp:54|src/functions/1000bd20.cpp:58|src/functions/1000bd20.cpp:59|src/functions/1000bd20.cpp:62|src/functions/1000bd20.cpp:62|src/functions/10021030.cpp:25
0x100378e0,.data,DAT_100378e0,5,2,std::uint32_t|std::uint32_t*,2,2,src/functions/1000bd20.cpp|src/functions/10021030.cpp,src/functions/1000bd20.cpp:6:std::uint32_t* DAT_100378e0|src/functions/10021030.cpp:6:std::uint32_t DAT_100378e0,3,2,1000bd20|10021030,src/functions/1000bd20.cpp:42|src/functions/1000bd20.cpp:54|src/functions/10021030.cpp:26
0x10037900,.data,DAT_10037900,4,1,void*,1,1,src/functions/10021090.cpp,src/functions/10021090.cpp:7:void* DAT_10037900,3,1,10021090,src/functions/10021090.cpp:29|src/functions/10021090.cpp:30|src/functions/10021090.cpp:33
0x10037904,.data,DAT_10037904,2,1,std::uint32_t,1,1,src/functions/10021090.cpp,src/functions/10021090.cpp:8:std::uint32_t _DAT_10037904,1,1,10021090,src/functions/10021090.cpp:34
0x10037908,.data,DAT_10037908,2,1,std::uint32_t,1,1,src/functions/10021090.cpp,src/functions/10021090.cpp:9:std::uint32_t _DAT_10037908,1,1,10021090,src/functions/10021090.cpp:35
0x10037910,.data,DAT_10037910,8,2,std::uint32_t*|void*,2,2,src/functions/1000be60.cpp|src/functions/10021090.cpp,src/functions/1000be60.cpp:4:std::uint32_t* DAT_10037910|src/functions/10021090.cpp:4:void* DAT_10037910,6,2,1000be60|10021090,src/functions/1000be60.cpp:30|src/functions/1000be60.cpp:34|src/functions/1000be60.cpp:43|src/functions/10021090.cpp:21|src/functions/10021090.cpp:22|src/functions/10021090.cpp:25
0x10037914,.data,DAT_10037914,14,2,std::uint32_t|std::uint32_t*,2,2,src/functions/1000be60.cpp|src/functions/10021090.cpp,src/functions/1000be60.cpp:5:std::uint32_t* DAT_10037914|src/functions/10021090.cpp:5:std::uint32_t DAT_10037914,12,2,1000be60|10021090,src/functions/1000be60.cpp:30|src/functions/1000be60.cpp:36|src/functions/1000be60.cpp:41|src/functions/1000be60.cpp:43|src/functions/1000be60.cpp:46|src/functions/1000be60.cpp:46|src/functions/1000be60.cpp:50|src/functions/1000be60.cpp:55|src/functions/1000be60.cpp:57|src/functions/1000be60.cpp:60|src/functions/1000be60.cpp:60|src/functions/10021090.cpp:26
0x10037918,.data,DAT_10037918,5,2,std::uint32_t|std::uint32_t*,2,2,src/functions/1000be60.cpp|src/functions/10021090.cpp,src/functions/1000be60.cpp:6:std::uint32_t* DAT_10037918|src/functions/10021090.cpp:6:std::uint32_t DAT_10037918,3,2,1000be60|10021090,src/functions/1000be60.cpp:36|src/functions/1000be60.cpp:50|src/functions/10021090.cpp:27
0x10037938,.data,DAT_10037938,4,1,void*,1,1,src/functions/100210f0.cpp,src/functions/100210f0.cpp:7:void* DAT_10037938,3,1,100210f0,src/functions/100210f0.cpp:29|src/functions/100210f0.cpp:30|src/functions/100210f0.cpp:33
0x1003793c,.data,DAT_1003793c,2,1,std::uint32_t,1,1,src/functions/100210f0.cpp,src/functions/100210f0.cpp:8:std::uint32_t _DAT_1003793c,1,1,100210f0,src/functions/100210f0.cpp:34
0x10037940,.data,DAT_10037940,2,1,std::uint32_t,1,1,src/functions/100210f0.cpp,src/functions/100210f0.cpp:9:std::uint32_t _DAT_10037940,1,1,100210f0,src/functions/100210f0.cpp:35
0x10037948,.data,DAT_10037948,8,2,std::uint32_t*|void*,2,2,src/functions/1000bfa0.cpp|src/functions/100210f0.cpp,src/functions/1000bfa0.cpp:4:std::uint32_t* DAT_10037948|src/functions/100210f0.cpp:4:void* DAT_10037948,6,2,1000bfa0|100210f0,src/functions/1000bfa0.cpp:38|src/functions/1000bfa0.cpp:42|src/functions/1000bfa0.cpp:52|src/functions/100210f0.cpp:21|src/functions/100210f0.cpp:22|src/functions/100210f0.cpp:25
0x1003794c,.data,DAT_1003794c,14,2,std::uint32_t|std::uint32_t*,2,2,src/functions/1000bfa0.cpp|src/functions/100210f0.cpp,src/functions/1000bfa0.cpp:5:std::uint32_t* DAT_1003794c|src/functions/100210f0.cpp:5:std::uint32_t DAT_1003794c,12,2,1000bfa0|100210f0,src/functions/1000bfa0.cpp:37|src/functions/1000bfa0.cpp:45|src/functions/1000bfa0.cpp:50|src/functions/1000bfa0.cpp:52|src/functions/1000bfa0.cpp:55|src/functions/1000bfa0.cpp:55|src/functions/1000bfa0.cpp:59|src/functions/1000bfa0.cpp:64|src/functions/1000bfa0.cpp:66|src/functions/1000bfa0.cpp:69|src/functions/1000bfa0.cpp:69|src/functions/100210f0.cpp:26
0x10037950,.data,DAT_10037950,5,2,std::uint32_t|std::uint32_t*,2,2,src/functions/1000bfa0.cpp|src/functions/100210f0.cpp,src/functions/1000bfa0.cpp:6:std::uint32_t* DAT_10037950|src/functions/100210f0.cpp:6:std::uint32_t DAT_10037950,3,2,1000bfa0|100210f0,src/functions/1000bfa0.cpp:45|src/functions/1000bfa0.cpp:59|src/functions/100210f0.cpp:27
0x10037970,.data,DAT_10037970,4,1,void*,1,1,src/functions/10021150.cpp,src/functions/10021150.cpp:7:void* DAT_10037970,3,1,10021150,src/functions/10021150.cpp:29|src/functions/10021150.cpp:30|src/functions/10021150.cpp:33
0x10037974,.data,DAT_10037974,2,1,std::uint32_t,1,1,src/functions/10021150.cpp,src/functions/10021150.cpp:8:std::uint32_t _DAT_10037974,1,1,10021150,src/functions/10021150.cpp:34
0x10037978,.data,DAT_10037978,2,1,std::uint32_t,1,1,src/functions/10021150.cpp,src/functions/10021150.cpp:9:std::uint32_t _DAT_10037978,1,1,10021150,src/functions/10021150.cpp:35
0x10037980,.data,DAT_10037980,8,2,std::uint32_t*|void*,2,2,src/functions/1000c0e0.cpp|src/functions/10021150.cpp,src/functions/1000c0e0.cpp:4:std::uint32_t* DAT_10037980|src/functions/10021150.cpp:4:void* DAT_10037980,6,2,1000c0e0|10021150,src/functions/1000c0e0.cpp:38|src/functions/1000c0e0.cpp:44|src/functions/1000c0e0.cpp:53|src/functions/10021150.cpp:21|src/functions/10021150.cpp:22|src/functions/10021150.cpp:25
0x10037984,.data,DAT_10037984,14,2,std::uint32_t|std::uint32_t*,2,2,src/functions/1000c0e0.cpp|src/functions/10021150.cpp,src/functions/1000c0e0.cpp:5:std::uint32_t* DAT_10037984|src/functions/10021150.cpp:5:std::uint32_t DAT_10037984,12,2,1000c0e0|10021150,src/functions/1000c0e0.cpp:37|src/functions/1000c0e0.cpp:46|src/functions/1000c0e0.cpp:51|src/functions/1000c0e0.cpp:53|src/functions/1000c0e0.cpp:56|src/functions/1000c0e0.cpp:56|src/functions/1000c0e0.cpp:60|src/functions/1000c0e0.cpp:65|src/functions/1000c0e0.cpp:67|src/functions/1000c0e0.cpp:70|src/functions/1000c0e0.cpp:70|src/functions/10021150.cpp:26
0x10037988,.data,DAT_10037988,5,2,std::uint32_t|std::uint32_t*,2,2,src/functions/1000c0e0.cpp|src/functions/10021150.cpp,src/functions/1000c0e0.cpp:6:std::uint32_t* DAT_10037988|src/functions/10021150.cpp:6:std::uint32_t DAT_10037988,3,2,1000c0e0|10021150,src/functions/1000c0e0.cpp:46|src/functions/1000c0e0.cpp:60|src/functions/10021150.cpp:27
0x100379a8,.data,DAT_100379a8,4,1,void*,1,1,src/functions/100211b0.cpp,src/functions/100211b0.cpp:7:void* DAT_100379a8,3,1,100211b0,src/functions/100211b0.cpp:29|src/functions/100211b0.cpp:30|src/functions/100211b0.cpp:33
0x100379ac,.data,DAT_100379ac,2,1,std::uint32_t,1,1,src/functions/100211b0.cpp,src/functions/100211b0.cpp:8:std::uint32_t _DAT_100379ac,1,1,100211b0,src/functions/100211b0.cpp:34
0x100379b0,.data,DAT_100379b0,2,1,std::uint32_t,1,1,src/functions/100211b0.cpp,src/functions/100211b0.cpp:9:std::uint32_t _DAT_100379b0,1,1,100211b0,src/functions/100211b0.cpp:35
0x100379b8,.data,DAT_100379b8,8,2,std::uint32_t*|void*,2,2,src/functions/1000c220.cpp|src/functions/100211b0.cpp,src/functions/1000c220.cpp:4:std::uint32_t* DAT_100379b8|src/functions/100211b0.cpp:4:void* DAT_100379b8,6,2,1000c220|100211b0,src/functions/1000c220.cpp:38|src/functions/1000c220.cpp:43|src/functions/1000c220.cpp:53|src/functions/100211b0.cpp:21|src/functions/100211b0.cpp:22|src/functions/100211b0.cpp:25
0x100379bc,.data,DAT_100379bc,14,2,std::uint32_t|std::uint32_t*,2,2,src/functions/1000c220.cpp|src/functions/100211b0.cpp,src/functions/1000c220.cpp:5:std::uint32_t* DAT_100379bc|src/functions/100211b0.cpp:5:std::uint32_t DAT_100379bc,12,2,1000c220|100211b0,src/functions/1000c220.cpp:37|src/functions/1000c220.cpp:46|src/functions/1000c220.cpp:51|src/functions/1000c220.cpp:53|src/functions/1000c220.cpp:56|src/functions/1000c220.cpp:56|src/functions/1000c220.cpp:60|src/functions/1000c220.cpp:65|src/functions/1000c220.cpp:67|src/functions/1000c220.cpp:70|src/functions/1000c220.cpp:70|src/functions/100211b0.cpp:26
0x100379c0,.data,DAT_100379c0,5,2,std::uint32_t|std::uint32_t*,2,2,src/functions/1000c220.cpp|src/functions/100211b0.cpp,src/functions/1000c220.cpp:6:std::uint32_t* DAT_100379c0|src/functions/100211b0.cpp:6:std::uint32_t DAT_100379c0,3,2,1000c220|100211b0,src/functions/1000c220.cpp:46|src/functions/1000c220.cpp:60|src/functions/100211b0.cpp:27
0x100379e0,.data,DAT_100379e0,4,1,void*,1,1,src/functions/10021210.cpp,src/functions/10021210.cpp:7:void* DAT_100379e0,3,1,10021210,src/functions/10021210.cpp:29|src/functions/10021210.cpp:30|src/functions/10021210.cpp:33
0x100379e4,.data,DAT_100379e4,2,1,std::uint32_t,1,1,src/functions/10021210.cpp,src/functions/10021210.cpp:8:std::uint32_t _DAT_100379e4,1,1,10021210,src/functions/10021210.cpp:34
0x100379e8,.data,DAT_100379e8,2,1,std::uint32_t,1,1,src/functions/10021210.cpp,src/functions/10021210.cpp:9:std::uint32_t _DAT_100379e8,1,1,10021210,src/functions/10021210.cpp:35
0x100379f0,.data,DAT_100379f0,8,2,std::uint32_t*|void*,2,2,src/functions/1000c360.cpp|src/functions/10021210.cpp,src/functions/1000c360.cpp:4:std::uint32_t* DAT_100379f0|src/functions/10021210.cpp:4:void* DAT_100379f0,6,2,1000c360|10021210,src/functions/1000c360.cpp:32|src/functions/1000c360.cpp:36|src/functions/1000c360.cpp:45|src/functions/10021210.cpp:21|src/functions/10021210.cpp:22|src/functions/10021210.cpp:25
0x100379f4,.data,DAT_100379f4,14,2,std::uint32_t|std::uint32_t*,2,2,src/functions/1000c360.cpp|src/functions/10021210.cpp,src/functions/1000c360.cpp:5:std::uint32_t* DAT_100379f4|src/functions/10021210.cpp:5:std::uint32_t DAT_100379f4,12,2,1000c360|10021210,src/functions/1000c360.cpp:32|src/functions/1000c360.cpp:38|src/functions/1000c360.cpp:43|src/functions/1000c360.cpp:45|src/functions/1000c360.cpp:48|src/functions/1000c360.cpp:48|src/functions/1000c360.cpp:52|src/functions/1000c360.cpp:57|src/functions/1000c360.cpp:59|src/functions/1000c360.cpp:62|src/functions/1000c360.cpp:62|src/functions/10021210.cpp:26
0x100379f8,.data,DAT_100379f8,5,2,std::uint32_t|std::uint32_t*,2,2,src/functions/1000c360.cpp|src/functions/10021210.cpp,src/functions/1000c360.cpp:6:std::uint32_t* DAT_100379f8|src/functions/10021210.cpp:6:std::uint32_t DAT_100379f8,3,2,1000c360|10021210,src/functions/1000c360.cpp:38|src/functions/1000c360.cpp:52|src/functions/10021210.cpp:27
0x10039570,.data,DAT_10039570,6,0,,0,2,src/functions/1001b3cf.cpp|src/functions/1001b3d8.cpp,,6,2,1001b3cf|1001b3d8,src/functions/1001b3cf.cpp:7|src/functions/1001b3cf.cpp:37|src/functions/1001b3cf.cpp:67|src/functions/1001b3d8.cpp:7|src/functions/1001b3d8.cpp:33|src/functions/1001b3d8.cpp:63
0x10039580,.data,DAT_10039580,3,0,,0,1,src/functions/1001b508.cpp,,3,1,1001b508,src/functions/1001b508.cpp:7|src/functions/1001b508.cpp:33|src/functions/1001b508.cpp:63
0x10039590,.data,DAT_10039590,3,0,,0,1,src/functions/1001b5bd.cpp,,3,1,1001b5bd,src/functions/1001b5bd.cpp:5|src/functions/1001b5bd.cpp:40|src/functions/1001b5bd.cpp:75
0x100395c0,.data,DAT_100395c0,3,1,std::uint32_t,1,1,src/functions/1001e085.cpp,src/functions/1001e085.cpp:7:std::uint32_t DAT_100395c0,2,1,1001e085,src/functions/1001e085.cpp:155|src/functions/1001e085.cpp:230
0x100395c4,.data,DAT_100395c4,4,1,std::uint32_t,1,1,src/functions/1001e085.cpp,src/functions/1001e085.cpp:8:std::uint32_t DAT_100395c4,3,1,1001e085,src/functions/1001e085.cpp:146|src/functions/1001e085.cpp:153|src/functions/1001e085.cpp:237
0x100395c8,.data,DAT_100395c8,10,1,std::uint32_t,1,1,src/functions/1001e085.cpp,src/functions/1001e085.cpp:9:std::uint32_t DAT_100395c8,9,1,1001e085,src/functions/1001e085.cpp:64|src/functions/1001e085.cpp:66|src/functions/1001e085.cpp:67|src/functions/1001e085.cpp:70|src/functions/1001e085.cpp:146|src/functions/1001e085.cpp:271|src/functions/1001e085.cpp:273|src/functions/1001e085.cpp:274|src/functions/1001e085.cpp:276
0x100395cc,.data,DAT_100395cc,8,1,std::uint32_t,1,1,src/functions/1001e085.cpp,src/functions/1001e085.cpp:10:std::uint32_t DAT_100395cc,7,1,1001e085,src/functions/1001e085.cpp:41|src/functions/1001e085.cpp:161|src/functions/1001e085.cpp:162|src/functions/1001e085.cpp:199|src/functions/1001e085.cpp:200|src/functions/1001e085.cpp:337|src/functions/1001e085.cpp:338
0x100395d0,.data,DAT_100395d0,3,1,std::uint32_t,1,1,src/functions/1001e085.cpp,src/functions/1001e085.cpp:11:std::uint32_t DAT_100395d0,2,1,1001e085,src/functions/1001e085.cpp:380|src/functions/1001e085.cpp:386
0x100395d4,.data,DAT_100395d4,3,1,std::uint32_t,1,1,src/functions/1001e085.cpp,src/functions/1001e085.cpp:12:std::uint32_t DAT_100395d4,2,1,1001e085,src/functions/1001e085.cpp:158|src/functions/1001e085.cpp:230
0x100395d8,.data,DAT_100395d8,3,1,std::uint32_t,1,1,src/functions/1001e5d6.cpp,src/functions/1001e5d6.cpp:7:std::uint32_t DAT_100395d8,2,1,1001e5d6,src/functions/1001e5d6.cpp:194|src/functions/1001e5d6.cpp:279
0x100395dc,.data,DAT_100395dc,4,1,std::uint32_t,1,1,src/functions/1001e5d6.cpp,src/functions/1001e5d6.cpp:8:std::uint32_t DAT_100395dc,3,1,1001e5d6,src/functions/1001e5d6.cpp:185|src/functions/1001e5d6.cpp:192|src/functions/1001e5d6.cpp:286
0x100395e0,.data,DAT_100395e0,10,1,std::uint32_t,1,1,src/functions/1001e5d6.cpp,src/functions/1001e5d6.cpp:9:std::uint32_t DAT_100395e0,9,1,1001e5d6,src/functions/1001e5d6.cpp:83|src/functions/1001e5d6.cpp:86|src/functions/1001e5d6.cpp:87|src/functions/1001e5d6.cpp:92|src/functions/1001e5d6.cpp:185|src/functions/1001e5d6.cpp:326|src/functions/1001e5d6.cpp:329|src/functions/1001e5d6.cpp:330|src/functions/1001e5d6.cpp:334
0x100395e4,.data,DAT_100395e4,8,1,std::uint32_t,1,1,src/functions/1001e5d6.cpp,src/functions/1001e5d6.cpp:10:std::uint32_t DAT_100395e4,7,1,1001e5d6,src/functions/1001e5d6.cpp:57|src/functions/1001e5d6.cpp:201|src/functions/1001e5d6.cpp:202|src/functions/1001e5d6.cpp:245|src/functions/1001e5d6.cpp:246|src/functions/1001e5d6.cpp:407|src/functions/1001e5d6.cpp:408
0x100395e8,.data,DAT_100395e8,3,1,std::uint32_t,1,1,src/functions/1001e5d6.cpp,src/functions/1001e5d6.cpp:11:std::uint32_t DAT_100395e8,2,1,1001e5d6,src/functions/1001e5d6.cpp:453|src/functions/1001e5d6.cpp:459
0x100395ec,.data,DAT_100395ec,3,1,std::uint32_t,1,1,src/functions/1001e5d6.cpp,src/functions/1001e5d6.cpp:12:std::uint32_t DAT_100395ec,2,1,1001e5d6,src/functions/1001e5d6.cpp:196|src/functions/1001e5d6.cpp:279
0x10039698,.data,DAT_10039698,4,2,std::uint8_t|std::uint8_t[],2,2,src/functions/1001eb27.cpp|src/functions/1001f203.cpp,src/functions/1001eb27.cpp:26:std::uint8_t[] DAT_10039698|src/functions/1001f203.cpp:50:std::uint8_t DAT_10039698,2,2,1001eb27|1001f203,src/functions/1001eb27.cpp:665|src/functions/1001f203.cpp:311
0x100396d8,.data,DAT_100396d8,2,1,std::uint32_t,1,1,src/functions/1001defe.cpp,src/functions/1001defe.cpp:23:std::uint32_t DAT_100396d8,1,1,1001defe,src/functions/1001defe.cpp:113
0x100396f4,.data,DAT_100396f4,2,1,std::uint32_t,1,1,src/functions/100204f2.cpp,src/functions/100204f2.cpp:5:std::uint32_t DAT_100396f4,1,1,100204f2,src/functions/100204f2.cpp:11
0x100397f8,.data,DAT_100397f8,4,2,std::uint8_t|std::uint8_t[],2,2,src/functions/1001eb27.cpp|src/functions/1001f203.cpp,src/functions/1001eb27.cpp:27:std::uint8_t[] DAT_100397f8|src/functions/1001f203.cpp:51:std::uint8_t DAT_100397f8,2,2,1001eb27|1001f203,src/functions/1001eb27.cpp:673|src/functions/1001f203.cpp:317
0x100399b8,.data,DAT_100399b8,3,1,double,1,1,src/functions/1002023a.cpp,src/functions/1002023a.cpp:12:double _DAT_100399b8,2,1,1002023a,src/functions/1002023a.cpp:158|src/functions/1002023a.cpp:159
0x100399c8,.data,DAT_100399c8,4,1,double,1,1,src/functions/1002023a.cpp,src/functions/1002023a.cpp:13:double _DAT_100399c8,3,1,1002023a,src/functions/1002023a.cpp:172|src/functions/1002023a.cpp:180|src/functions/1002023a.cpp:192
0x100399e0,.data,DAT_100399e0,4,1,BadAllocStorage,1,1,src/functions/10010893.cpp,src/functions/10010893.cpp:14:BadAllocStorage DAT_100399e0,3,1,10010893,src/functions/10010893.cpp:45|src/functions/10010893.cpp:47|src/functions/10010893.cpp:55
0x100399ec,.data,DAT_100399ec,3,1,std::uint32_t,1,1,src/functions/10010893.cpp,src/functions/10010893.cpp:12:std::uint32_t _DAT_100399ec,2,1,10010893,src/functions/10010893.cpp:38|src/functions/10010893.cpp:40
0x100399f0,.data,DAT_100399f0,8,1,int,1,2,src/functions/10010f59.cpp|src/functions/100110bd.cpp,src/functions/10010f59.cpp:39:int DAT_100399f0,7,2,10010f59|100110bd,src/functions/10010f59.cpp:97|src/functions/10010f59.cpp:97|src/functions/10010f59.cpp:115|src/functions/10010f59.cpp:117|src/functions/10010f59.cpp:117|src/functions/100110bd.cpp:9|src/functions/100110bd.cpp:33
0x100399f4,.data,DAT_100399f4,8,2,char*,1,2,src/functions/10010f59.cpp|src/functions/100168fe.cpp,src/functions/10010f59.cpp:42:char* DAT_100399f4|src/functions/100168fe.cpp:6:char* DAT_100399f4,6,2,10010f59|100168fe,src/functions/10010f59.cpp:79|src/functions/100168fe.cpp:38|src/functions/100168fe.cpp:40|src/functions/100168fe.cpp:55|src/functions/100168fe.cpp:64|src/functions/100168fe.cpp:65
0x100399fc,.data,DAT_100399fc,4,1,int,1,1,src/functions/1001ade6.cpp,src/functions/1001ade6.cpp:8:int DAT_100399fc,3,1,1001ade6,src/functions/1001ade6.cpp:17|src/functions/1001ade6.cpp:18|src/functions/1001ade6.cpp:23
0x10039a00,.data,DAT_10039a00,8,4,int,1,4,src/functions/100170d6.cpp|src/functions/10017285.cpp|src/functions/10018f97.cpp|src/functions/10019018.cpp,src/functions/100170d6.cpp:36:int DAT_10039a00|src/functions/10017285.cpp:5:int DAT_10039a00|src/functions/10018f97.cpp:6:int DAT_10039a00|src/functions/10019018.cpp:6:int DAT_10039a00,4,4,100170d6|10017285|10018f97|10019018,src/functions/100170d6.cpp:68|src/functions/10017285.cpp:23|src/functions/10018f97.cpp:27|src/functions/10019018.cpp:27
0x10039a04,.data,DAT_10039a04,4,2,std::uint32_t,1,2,src/functions/10011715.cpp|src/functions/10011872.cpp,src/functions/10011715.cpp:3:std::uint32_t DAT_10039a04|src/functions/10011872.cpp:3:std::uint32_t DAT_10039a04,2,2,10011715|10011872,src/functions/10011715.cpp:7|src/functions/10011872.cpp:26
0x10039a08,.data,DAT_10039a08,12,4,std::uint32_t,1,4,src/functions/100129f5.cpp|src/functions/10012a3a.cpp|src/functions/10012a86.cpp|src/functions/10012ad4.cpp,src/functions/100129f5.cpp:7:std::uint32_t DAT_10039a08|src/functions/10012a3a.cpp:11:std::uint32_t DAT_10039a08|src/functions/10012a86.cpp:7:std::uint32_t DAT_10039a08|src/functions/10012ad4.cpp:11:std::uint32_t DAT_10039a08,8,4,100129f5|10012a3a|10012a86|10012ad4,src/functions/100129f5.cpp:22|src/functions/100129f5.cpp:30|src/functions/10012a3a.cpp:28|src/functions/10012a3a.cpp:36|src/functions/10012a86.cpp:29|src/functions/10012a86.cpp:37|src/functions/10012ad4.cpp:34|src/functions/10012ad4.cpp:43
0x10039a0c,.data,DAT_10039a0c,2,1,std::uint8_t,1,1,src/functions/100182c1.cpp,src/functions/100182c1.cpp:6:std::uint8_t DAT_10039a0c,1,1,100182c1,src/functions/100182c1.cpp:170
0x10039a10,.data,DAT_10039a10,2,1,std::uint32_t,1,1,src/functions/10016b74.cpp,src/functions/10016b74.cpp:9:std::uint32_t _DAT_10039a10,1,1,10016b74,src/functions/10016b74.cpp:76
0x10039a14,.data,DAT_10039a14,2,1,std::uint32_t*,1,1,src/functions/10016b74.cpp,src/functions/10016b74.cpp:10:std::uint32_t* _DAT_10039a14,1,1,10016b74,src/functions/10016b74.cpp:77
0x10039a1c,.data,DAT_10039a1c,4,1,char**,1,1,src/functions/100168fe.cpp,src/functions/100168fe.cpp:7:char** DAT_10039a1c,3,1,100168fe,src/functions/100168fe.cpp:56|src/functions/100168fe.cpp:81|src/functions/100168fe.cpp:82
0x10039a2c,.data,DAT_10039a2c,2,1,char*,1,1,src/functions/10016b74.cpp,src/functions/10016b74.cpp:7:char* _DAT_10039a2c,1,1,10016b74,src/functions/10016b74.cpp:44
0x10039a34,.data,DAT_10039a34,2,1,std::uint8_t,1,1,src/functions/10012c9c.cpp,src/functions/10012c9c.cpp:19:std::uint8_t DAT_10039a34,1,1,10012c9c,src/functions/10012c9c.cpp:31
0x10039a38,.data,DAT_10039a38,4,2,int,1,2,src/functions/10010f59.cpp|src/functions/10012c9c.cpp,src/functions/10010f59.cpp:40:int DAT_10039a38|src/functions/10012c9c.cpp:18:int DAT_10039a38,2,2,10010f59|10012c9c,src/functions/10010f59.cpp:119|src/functions/10012c9c.cpp:30
0x10039a3c,.data,DAT_10039a3c,3,1,int,1,1,src/functions/10012c9c.cpp,src/functions/10012c9c.cpp:17:int DAT_10039a3c,2,1,10012c9c,src/functions/10012c9c.cpp:28|src/functions/10012c9c.cpp:110
0x10039a40,.data,DAT_10039a40,9,3,int|std::uint32_t,2,3,src/functions/100135b4.cpp|src/functions/10013f33.cpp|src/functions/10018278.cpp,src/functions/100135b4.cpp:31:std::uint32_t _DAT_10039a40|src/functions/10013f33.cpp:29:int _DAT_10039a40|src/functions/10018278.cpp:20:std::uint32_t _DAT_10039a40,6,3,100135b4|10013f33|10018278,src/functions/100135b4.cpp:324|src/functions/100135b4.cpp:324|src/functions/10013f33.cpp:62|src/functions/10013f33.cpp:62|src/functions/10018278.cpp:25|src/functions/10018278.cpp:25
0x10039a44,.data,DAT_10039a44,2,1,std::int32_t,1,1,src/functions/10013ad2.cpp,src/functions/10013ad2.cpp:11:std::int32_t DAT_10039a44,1,1,10013ad2,src/functions/10013ad2.cpp:31
0x10039a48,.data,DAT_10039a48,6,1,std::int32_t*,1,1,src/functions/10013ad2.cpp,src/functions/10013ad2.cpp:12:std::int32_t* DAT_10039a48,5,1,10013ad2,src/functions/10013ad2.cpp:25|src/functions/10013ad2.cpp:38|src/functions/10013ad2.cpp:41|src/functions/10013ad2.cpp:43|src/functions/10013ad2.cpp:45
0x10039a4c,.data,DAT_10039a4c,4,2,std::uint32_t,1,2,src/functions/10013efc.cpp|src/functions/10013f0b.cpp,src/functions/10013efc.cpp:3:std::uint32_t DAT_10039a4c|src/functions/10013f0b.cpp:4:std::uint32_t DAT_10039a4c,2,2,10013efc|10013f0b,src/functions/10013efc.cpp:7|src/functions/10013f0b.cpp:14
0x10039a50,.data,DAT_10039a50,2,1,int,1,1,src/functions/10013f33.cpp,src/functions/10013f33.cpp:30:int DAT_10039a50,1,1,10013f33,src/functions/10013f33.cpp:68
0x10039a58,.data,DAT_10039a58,7,2,int|std::uint32_t,2,2,src/functions/100144ea.cpp|src/functions/10014566.cpp,src/functions/100144ea.cpp:2:std::uint32_t DAT_10039a58|src/functions/10014566.cpp:18:int DAT_10039a58,5,2,100144ea|10014566,src/functions/100144ea.cpp:19|src/functions/100144ea.cpp:22|src/functions/100144ea.cpp:33|src/functions/100144ea.cpp:41|src/functions/10014566.cpp:189
0x10039a5c,.data,DAT_10039a5c,2,1,std::uint16_t,1,1,src/functions/1001474f.cpp,src/functions/1001474f.cpp:62:std::uint16_t DAT_10039a5c,1,1,1001474f,src/functions/1001474f.cpp:156
0x10039a68,.data,DAT_10039a68,2,1,std::uint32_t,1,1,src/functions/1001474f.cpp,src/functions/1001474f.cpp:59:std::uint32_t _DAT_10039a68,1,1,1001474f,src/functions/1001474f.cpp:150
0x10039a6c,.data,DAT_10039a6c,2,1,std::uint32_t,1,1,src/functions/1001474f.cpp,src/functions/1001474f.cpp:60:std::uint32_t _DAT_10039a6c,1,1,1001474f,src/functions/1001474f.cpp:151
0x10039a70,.data,DAT_10039a70,2,1,std::uint32_t,1,1,src/functions/1001474f.cpp,src/functions/1001474f.cpp:61:std::uint32_t _DAT_10039a70,1,1,1001474f,src/functions/1001474f.cpp:152
0x10039a74,.data,DAT_10039a74,7,0,,0,1,src/functions/10014fa7.cpp,,7,1,10014fa7,src/functions/10014fa7.cpp:12|src/functions/10014fa7.cpp:40|src/functions/10014fa7.cpp:45|src/functions/10014fa7.cpp:50|src/functions/10014fa7.cpp:63|src/functions/10014fa7.cpp:63|src/functions/10014fa7.cpp:75
0x10039a78,.data,DAT_10039a78,9,1,LPVOID,1,2,src/functions/10014c52.cpp|src/functions/10014fa7.cpp,src/functions/10014c52.cpp:4:LPVOID DAT_10039a78,8,2,10014c52|10014fa7,src/functions/10014c52.cpp:12|src/functions/10014fa7.cpp:13|src/functions/10014fa7.cpp:41|src/functions/10014fa7.cpp:46|src/functions/10014fa7.cpp:49|src/functions/10014fa7.cpp:59|src/functions/10014fa7.cpp:64|src/functions/10014fa7.cpp:64
0x10039a7c,.data,DAT_10039a7c,13,3,void*,1,4,src/functions/10010f59.cpp|src/functions/10014d77.cpp|src/functions/10014f39.cpp|src/functions/10014fa7.cpp,src/functions/10010f59.cpp:43:void* DAT_10039a7c|src/functions/10014d77.cpp:23:void* DAT_10039a7c|src/functions/10014f39.cpp:7:void* DAT_10039a7c,10,4,10010f59|10014d77|10014f39|10014fa7,src/functions/10010f59.cpp:157|src/functions/10014d77.cpp:42|src/functions/10014f39.cpp:36|src/functions/10014fa7.cpp:14|src/functions/10014fa7.cpp:42|src/functions/10014fa7.cpp:47|src/functions/10014fa7.cpp:51|src/functions/10014fa7.cpp:65|src/functions/10014fa7.cpp:65|src/functions/10014fa7.cpp:89
0x10039a80,.data,DAT_10039a80,8,1,LPVOID,1,2,src/functions/10014c86.cpp|src/functions/10014fa7.cpp,src/functions/10014c86.cpp:4:LPVOID DAT_10039a80,7,2,10014c86|10014fa7,src/functions/10014c86.cpp:15|src/functions/10014fa7.cpp:15|src/functions/10014fa7.cpp:43|src/functions/10014fa7.cpp:48|src/functions/10014fa7.cpp:52|src/functions/10014fa7.cpp:66|src/functions/10014fa7.cpp:66
0x10039a84,.data,DAT_10039a84,10,5,int,1,5,src/functions/10010c83.cpp|src/functions/10015237.cpp|src/functions/100176a2.cpp|src/functions/10017726.cpp|src/functions/100177a7.cpp,src/functions/10010c83.cpp:15:int DAT_10039a84|src/functions/10015237.cpp:5:int DAT_10039a84|src/functions/100176a2.cpp:13:int DAT_10039a84|src/functions/10017726.cpp:13:int DAT_10039a84|src/functions/100177a7.cpp:13:int DAT_10039a84,5,5,10010c83|10015237|100176a2|10017726|100177a7,src/functions/10010c83.cpp:24|src/functions/10015237.cpp:11|src/functions/100176a2.cpp:20|src/functions/10017726.cpp:20|src/functions/100177a7.cpp:20
0x10039a88,.data,DAT_10039a88,4,1,char[0x104],1,1,src/functions/10016b74.cpp,src/functions/10016b74.cpp:6:char[0x104] DAT_10039a88,3,1,10016b74,src/functions/10016b74.cpp:42|src/functions/10016b74.cpp:44|src/functions/10016b74.cpp:48
0x10039b54,.data,DAT_10039b54,2,1,wchar_t[],1,1,src/functions/100170d6.cpp,src/functions/100170d6.cpp:37:wchar_t[] DAT_10039b54,1,1,100170d6,src/functions/100170d6.cpp:132
0x10039b8c,.data,DAT_10039b8c,2,1,std::uint32_t,1,1,src/functions/10016b74.cpp,src/functions/10016b74.cpp:5:std::uint32_t DAT_10039b8c,1,1,10016b74,src/functions/10016b74.cpp:40
0x10039b90,.data,DAT_10039b90,19,8,HANDLE|int|void*,3,8,src/functions/100115b7.cpp|src/functions/100116db.cpp|src/functions/10012b26.cpp|src/functions/10016d12.cpp|src/functions/10016d30.cpp|src/functions/10017a94.cpp|src/functions/10017b16.cpp|src/functions/10017ce9.cpp,src/functions/100115b7.cpp:9:HANDLE DAT_10039b90|src/functions/100116db.cpp:7:HANDLE DAT_10039b90|src/functions/10012b26.cpp:11:void* DAT_10039b90|src/functions/10016d12.cpp:6:HANDLE DAT_10039b90|src/functions/10016d30.cpp:6:HANDLE DAT_10039b90|src/functions/10017a94.cpp:4:void* DAT_10039b90|src/functions/10017b16.cpp:4:void* DAT_10039b90|src/functions/10017ce9.cpp:13:int DAT_10039b90,11,8,100115b7|100116db|10012b26|10016d12|10016d30|10017a94|10017b16|10017ce9,src/functions/100115b7.cpp:28|src/functions/100115b7.cpp:41|src/functions/100116db.cpp:22|src/functions/10012b26.cpp:23|src/functions/10016d12.cpp:10|src/functions/10016d12.cpp:11|src/functions/10016d30.cpp:10|src/functions/10016d30.cpp:11|src/functions/10017a94.cpp:38|src/functions/10017b16.cpp:51|src/functions/10017ce9.cpp:39
0x10039b98,.data,DAT_10039b98,5,1,wchar_t[],1,1,src/functions/100170d6.cpp,src/functions/100170d6.cpp:38:wchar_t[] DAT_10039b98,4,1,100170d6,src/functions/100170d6.cpp:104|src/functions/100170d6.cpp:146|src/functions/100170d6.cpp:152|src/functions/100170d6.cpp:158
0x10039bca,.data,DAT_10039bca,5,1,wchar_t[],1,1,src/functions/100170d6.cpp,src/functions/100170d6.cpp:39:wchar_t[] DAT_10039bca,4,1,100170d6,src/functions/100170d6.cpp:114|src/functions/100170d6.cpp:119|src/functions/100170d6.cpp:124|src/functions/100170d6.cpp:128
0x10039dd2,.data,DAT_10039dd2,2,1,unsigned short,1,1,src/functions/100170d6.cpp,src/functions/100170d6.cpp:40:unsigned short _DAT_10039dd2,1,1,100170d6,src/functions/100170d6.cpp:110
0x1003a1c0,.data,DAT_1003a1c0,4,2,unsigned int|void*,2,2,src/functions/10011541.cpp|src/functions/100172be.cpp,src/functions/10011541.cpp:12:void* DAT_1003a1c0|src/functions/100172be.cpp:5:unsigned int DAT_1003a1c0,2,2,10011541|100172be,src/functions/10011541.cpp:17|src/functions/100172be.cpp:9
0x1003a1c4,.data,DAT_1003a1c4,6,3,int|std::uint32_t,2,3,src/functions/100115b7.cpp|src/functions/10017a94.cpp|src/functions/10017b16.cpp,src/functions/100115b7.cpp:10:int DAT_1003a1c4|src/functions/10017a94.cpp:5:std::uint32_t DAT_1003a1c4|src/functions/10017b16.cpp:5:std::uint32_t DAT_1003a1c4,3,3,100115b7|10017a94|10017b16,src/functions/100115b7.cpp:47|src/functions/10017a94.cpp:43|src/functions/10017b16.cpp:61
0x1003a1c8,.data,DAT_1003a1c8,2,1,std::uint8_t,1,1,src/functions/10017c31.cpp,src/functions/10017c31.cpp:5:std::uint8_t DAT_1003a1c8,1,1,10017c31,src/functions/10017c31.cpp:14
0x1003a318,.data,DAT_1003a318,4,2,void*,1,2,src/functions/10017e2a.cpp|src/functions/10017e62.cpp,src/functions/10017e2a.cpp:5:void* DAT_1003a318|src/functions/10017e62.cpp:5:void* DAT_1003a318,2,2,10017e2a|10017e62,src/functions/10017e2a.cpp:15|src/functions/10017e62.cpp:12
0x1003a31c,.data,DAT_1003a31c,5,2,std::uint32_t,1,2,src/functions/10017e73.cpp|src/functions/10017ed5.cpp,src/functions/10017e73.cpp:3:std::uint32_t DAT_1003a31c|src/functions/10017ed5.cpp:6:std::uint32_t DAT_1003a31c,3,2,10017e73|10017ed5,src/functions/10017e73.cpp:10|src/functions/10017ed5.cpp:60|src/functions/10017ed5.cpp:62
0x1003a320,.data,DAT_1003a320,5,2,std::uint32_t,1,2,src/functions/10017e73.cpp|src/functions/10017ed5.cpp,src/functions/10017e73.cpp:4:std::uint32_t DAT_1003a320|src/functions/10017ed5.cpp:7:std::uint32_t DAT_1003a320,3,2,10017e73|10017ed5,src/functions/10017e73.cpp:11|src/functions/10017ed5.cpp:103|src/functions/10017ed5.cpp:105
0x1003a324,.data,DAT_1003a324,7,3,std::uint32_t,1,3,src/functions/10017e73.cpp|src/functions/10017ec8.cpp|src/functions/10017ed5.cpp,src/functions/10017e73.cpp:5:std::uint32_t DAT_1003a324|src/functions/10017ec8.cpp:3:std::uint32_t DAT_1003a324|src/functions/10017ed5.cpp:8:std::uint32_t DAT_1003a324,4,3,10017e73|10017ec8|10017ed5,src/functions/10017e73.cpp:12|src/functions/10017ec8.cpp:11|src/functions/10017ed5.cpp:120|src/functions/10017ed5.cpp:122
0x1003a328,.data,DAT_1003a328,5,2,std::uint32_t,1,2,src/functions/10017e73.cpp|src/functions/10017ed5.cpp,src/functions/10017e73.cpp:6:std::uint32_t DAT_1003a328|src/functions/10017ed5.cpp:9:std::uint32_t DAT_1003a328,3,2,10017e73|10017ed5,src/functions/10017e73.cpp:13|src/functions/10017ed5.cpp:97|src/functions/10017ed5.cpp:99
0x1003a330,.data,DAT_1003a330,2,1,std::uint32_t,1,1,src/functions/10018078.cpp,src/functions/10018078.cpp:3:std::uint32_t _DAT_1003a330,1,1,10018078,src/functions/10018078.cpp:7
0x1003a334,.data,DAT_1003a334,3,1,std::uint32_t,1,1,src/functions/100135b4.cpp,src/functions/100135b4.cpp:30:std::uint32_t DAT_1003a334,2,1,100135b4,src/functions/100135b4.cpp:88|src/functions/100135b4.cpp:92
0x1003a37c,.data,DAT_1003a37c,2,1,std::uint32_t,1,1,src/functions/1001a76f.cpp,src/functions/1001a76f.cpp:3:std::uint32_t DAT_1003a37c,1,1,1001a76f,src/functions/1001a76f.cpp:9
0x1003a380,.data,DAT_1003a380,4,1,PVOID,1,1,src/functions/1001aaba.cpp,src/functions/1001aaba.cpp:6:PVOID DAT_1003a380,3,1,1001aaba,src/functions/1001aaba.cpp:30|src/functions/1001aaba.cpp:42|src/functions/1001aaba.cpp:123
0x1003a384,.data,DAT_1003a384,4,1,PVOID,1,1,src/functions/1001aaba.cpp,src/functions/1001aaba.cpp:7:PVOID DAT_1003a384,3,1,1001aaba,src/functions/1001aaba.cpp:45|src/functions/1001aaba.cpp:94|src/functions/1001aaba.cpp:99
0x1003a388,.data,DAT_1003a388,4,1,PVOID,1,1,src/functions/1001aaba.cpp,src/functions/1001aaba.cpp:8:PVOID DAT_1003a388,3,1,1001aaba,src/functions/1001aaba.cpp:48|src/functions/1001aaba.cpp:103|src/functions/1001aaba.cpp:109
0x1003a38c,.data,DAT_1003a38c,4,1,PVOID,1,1,src/functions/1001aaba.cpp,src/functions/1001aaba.cpp:9:PVOID DAT_1003a38c,3,1,1001aaba,src/functions/1001aaba.cpp:57|src/functions/1001aaba.cpp:61|src/functions/1001aaba.cpp:70
0x1003a390,.data,DAT_1003a390,5,1,PVOID,1,1,src/functions/1001aaba.cpp,src/functions/1001aaba.cpp:10:PVOID DAT_1003a390,4,1,1001aaba,src/functions/1001aaba.cpp:52|src/functions/1001aaba.cpp:54|src/functions/1001aaba.cpp:62|src/functions/1001aaba.cpp:74
0x1003a398,.data,DAT_1003a398,2,1,volatile std::uint32_t,1,1,src/functions/1001ae25.cpp,src/functions/1001ae25.cpp:12:volatile std::uint32_t _DAT_1003a398,1,1,1001ae25,src/functions/1001ae25.cpp:120
0x1003a39c,.data,DAT_1003a39c,2,1,volatile std::uint32_t,1,1,src/functions/1001ae25.cpp,src/functions/1001ae25.cpp:13:volatile std::uint32_t _DAT_1003a39c,1,1,1001ae25,src/functions/1001ae25.cpp:121
0x1003a3a4,.data,DAT_1003a3a4,2,1,volatile std::uint32_t,1,1,src/functions/1001ae25.cpp,src/functions/1001ae25.cpp:14:volatile std::uint32_t _DAT_1003a3a4,1,1,1001ae25,src/functions/1001ae25.cpp:126
0x1003a3e8,.data,DAT_1003a3e8,3,1,volatile std::uint32_t,1,1,src/functions/1001ae25.cpp,src/functions/1001ae25.cpp:29:volatile std::uint32_t DAT_1003a3e8,2,1,1001ae25,src/functions/1001ae25.cpp:143|src/functions/1001ae25.cpp:152
0x1003a3f0,.data,DAT_1003a3f0,2,1,volatile std::uint32_t,1,1,src/functions/1001ae25.cpp,src/functions/1001ae25.cpp:11:volatile std::uint32_t _DAT_1003a3f0,1,1,1001ae25,src/functions/1001ae25.cpp:119
0x1003a47c,.data,DAT_1003a47c,2,1,volatile std::uint16_t,1,1,src/functions/1001ae25.cpp,src/functions/1001ae25.cpp:15:volatile std::uint16_t _DAT_1003a47c,1,1,1001ae25,src/functions/1001ae25.cpp:128
0x1003a480,.data,DAT_1003a480,2,1,volatile std::uint16_t,1,1,src/functions/1001ae25.cpp,src/functions/1001ae25.cpp:16:volatile std::uint16_t _DAT_1003a480,1,1,1001ae25,src/functions/1001ae25.cpp:129
0x1003a484,.data,DAT_1003a484,2,1,volatile std::uint16_t,1,1,src/functions/1001ae25.cpp,src/functions/1001ae25.cpp:17:volatile std::uint16_t _DAT_1003a484,1,1,1001ae25,src/functions/1001ae25.cpp:130
0x1003a488,.data,DAT_1003a488,2,1,volatile std::uint16_t,1,1,src/functions/1001ae25.cpp,src/functions/1001ae25.cpp:18:volatile std::uint16_t _DAT_1003a488,1,1,1001ae25,src/functions/1001ae25.cpp:131
0x1003a48c,.data,DAT_1003a48c,2,1,volatile std::uint32_t,1,1,src/functions/1001ae25.cpp,src/functions/1001ae25.cpp:19:volatile std::uint32_t _DAT_1003a48c,1,1,1001ae25,src/functions/1001ae25.cpp:132
0x1003a490,.data,DAT_1003a490,2,1,volatile std::uint32_t,1,1,src/functions/1001ae25.cpp,src/functions/1001ae25.cpp:20:volatile std::uint32_t _DAT_1003a490,1,1,1001ae25,src/functions/1001ae25.cpp:133
0x1003a494,.data,DAT_1003a494,2,1,volatile std::uint32_t,1,1,src/functions/1001ae25.cpp,src/functions/1001ae25.cpp:21:volatile std::uint32_t _DAT_1003a494,1,1,1001ae25,src/functions/1001ae25.cpp:134
0x1003a498,.data,DAT_1003a498,2,1,volatile std::uint32_t,1,1,src/functions/1001ae25.cpp,src/functions/1001ae25.cpp:22:volatile std::uint32_t _DAT_1003a498,1,1,1001ae25,src/functions/1001ae25.cpp:135
0x1003a49c,.data,DAT_1003a49c,2,1,volatile std::uint32_t,1,1,src/functions/1001ae25.cpp,src/functions/1001ae25.cpp:23:volatile std::uint32_t _DAT_1003a49c,1,1,1001ae25,src/functions/1001ae25.cpp:136
0x1003a4a0,.data,DAT_1003a4a0,2,1,volatile std::uint32_t,1,1,src/functions/1001ae25.cpp,src/functions/1001ae25.cpp:24:volatile std::uint32_t _DAT_1003a4a0,1,1,1001ae25,src/functions/1001ae25.cpp:137
0x1003a4a4,.data,DAT_1003a4a4,2,1,volatile std::uint32_t,1,1,src/functions/1001ae25.cpp,src/functions/1001ae25.cpp:25:volatile std::uint32_t _DAT_1003a4a4,1,1,1001ae25,src/functions/1001ae25.cpp:138
0x1003a4a8,.data,DAT_1003a4a8,2,1,volatile std::uint32_t,1,1,src/functions/1001ae25.cpp,src/functions/1001ae25.cpp:26:volatile std::uint32_t DAT_1003a4a8,1,1,1001ae25,src/functions/1001ae25.cpp:139
0x1003a4ac,.data,DAT_1003a4ac,2,1,volatile std::uint16_t,1,1,src/functions/1001ae25.cpp,src/functions/1001ae25.cpp:27:volatile std::uint16_t _DAT_1003a4ac,1,1,1001ae25,src/functions/1001ae25.cpp:140
0x1003a4b0,.data,DAT_1003a4b0,2,1,volatile std::uint32_t,1,1,src/functions/1001ae25.cpp,src/functions/1001ae25.cpp:9:volatile std::uint32_t _DAT_1003a4b0,1,1,1001ae25,src/functions/1001ae25.cpp:95
0x1003a4b4,.data,DAT_1003a4b4,2,1,volatile void*,1,1,src/functions/1001ae25.cpp,src/functions/1001ae25.cpp:10:volatile void* _DAT_1003a4b4,1,1,1001ae25,src/functions/1001ae25.cpp:115
0x1003a4b8,.data,DAT_1003a4b8,2,1,volatile std::uint16_t,1,1,src/functions/1001ae25.cpp,src/functions/1001ae25.cpp:28:volatile std::uint16_t _DAT_1003a4b8,1,1,1001ae25,src/functions/1001ae25.cpp:141
0x1003a6bc,.data,DAT_1003a6bc,2,1,std::uint32_t,1,1,src/functions/1001b1a5.cpp,src/functions/1001b1a5.cpp:6:std::uint32_t DAT_1003a6bc,1,1,1001b1a5,src/functions/1001b1a5.cpp:19
0x1003a6c0,.data,DAT_1003a6c0,6,2,FILE*,1,2,src/functions/100014c0.cpp|src/functions/10001db0.cpp,src/functions/100014c0.cpp:19:FILE* DAT_1003a6c0|src/functions/10001db0.cpp:8:FILE* DAT_1003a6c0,4,2,100014c0|10001db0,src/functions/100014c0.cpp:38|src/functions/100014c0.cpp:39|src/functions/10001db0.cpp:33|src/functions/10001db0.cpp:45
0x1003a6c4,.data,DAT_1003a6c4,6,2,char|std::uint8_t,2,2,src/functions/100014c0.cpp|src/functions/10001db0.cpp,src/functions/100014c0.cpp:18:char DAT_1003a6c4|src/functions/10001db0.cpp:6:std::uint8_t DAT_1003a6c4,4,2,100014c0|10001db0,src/functions/100014c0.cpp:25|src/functions/10001db0.cpp:34|src/functions/10001db0.cpp:42|src/functions/10001db0.cpp:44
0x1003a6c5,.data,DAT_1003a6c5,4,2,char|std::uint8_t,2,2,src/functions/10001520.cpp|src/functions/10001db0.cpp,src/functions/10001520.cpp:12:char DAT_1003a6c5|src/functions/10001db0.cpp:7:std::uint8_t DAT_1003a6c5,2,2,10001520|10001db0,src/functions/10001520.cpp:40|src/functions/10001db0.cpp:32
0x1003a6c6,.data,DAT_1003a6c6,3,1,std::uint8_t,1,1,src/functions/10004bb0.cpp,src/functions/10004bb0.cpp:6:std::uint8_t DAT_1003a6c6,2,1,10004bb0,src/functions/10004bb0.cpp:50|src/functions/10004bb0.cpp:54
0x1003a6c8,.data,DAT_1003a6c8,60,2,char[0x200],1,3,src/functions/10001e80.cpp|src/functions/10003ba0.cpp|src/functions/10008140.cpp,src/functions/10001e80.cpp:6:char[0x200] DAT_1003a6c8|src/functions/10003ba0.cpp:34:char[0x200] DAT_1003a6c8,58,3,10001e80|10003ba0|10008140,src/functions/10001e80.cpp:55|src/functions/10001e80.cpp:57|src/functions/10001e80.cpp:62|src/functions/10003ba0.cpp:55|src/functions/10003ba0.cpp:57|src/functions/10003ba0.cpp:62|src/functions/10003ba0.cpp:67|src/functions/10003ba0.cpp:69|src/functions/10003ba0.cpp:74|src/functions/10003ba0.cpp:84|src/functions/10003ba0.cpp:86|src/functions/10003ba0.cpp:91|src/functions/10003ba0.cpp:101|src/functions/10003ba0.cpp:103|src/functions/10003ba0.cpp:108|src/functions/10003ba0.cpp:126|src/functions/10003ba0.cpp:128|src/functions/10003ba0.cpp:133|src/functions/10003ba0.cpp:143|src/functions/10003ba0.cpp:145|src/functions/10003ba0.cpp:150|src/functions/10003ba0.cpp:160|src/functions/10003ba0.cpp:162|src/functions/10003ba0.cpp:167|src/functions/10008140.cpp:50|src/functions/10008140.cpp:102|src/functions/10008140.cpp:103|src/functions/10008140.cpp:109|src/functions/10008140.cpp:117|src/functions/10008140.cpp:118|src/functions/10008140.cpp:124|src/functions/10008140.cpp:132|src/functions/10008140.cpp:133|src/functions/10008140.cpp:139|src/functions/10008140.cpp:149|src/functions/10008140.cpp:150|src/functions/10008140.cpp:154|src/functions/10008140.cpp:211|src/functions/10008140.cpp:212|src/functions/10008140.cpp:224|src/functions/10008140.cpp:253|src/functions/10008140.cpp:254|src/functions/10008140.cpp:266|src/functions/10008140.cpp:295|src/functions/10008140.cpp:296|src/functions/10008140.cpp:308|src/functions/10008140.cpp:337|src/functions/10008140.cpp:338|src/functions/10008140.cpp:350|src/functions/10008140.cpp:379|src/functions/10008140.cpp:380|src/functions/10008140.cpp:392|src/functions/10008140.cpp:422|src/functions/10008140.cpp:423|src/functions/10008140.cpp:425|src/functions/10008140.cpp:427|src/functions/10008140.cpp:428|src/functions/10008140.cpp:430
0x1003a8c8,.data,DAT_1003a8c8,28,4,char|char[0x200]|char[],3,5,src/functions/10001520.cpp|src/functions/10001db0.cpp|src/functions/10001e80.cpp|src/functions/10003ba0.cpp|src/functions/10008140.cpp,src/functions/10001520.cpp:13:char DAT_1003a8c8|src/functions/10001db0.cpp:5:char[0x200] DAT_1003a8c8|src/functions/10001e80.cpp:7:char[] DAT_1003a8c8|src/functions/10003ba0.cpp:35:char[] DAT_1003a8c8,24,5,10001520|10001db0|10001e80|10003ba0|10008140,src/functions/10001520.cpp:51|src/functions/10001db0.cpp:23|src/functions/10001db0.cpp:25|src/functions/10001db0.cpp:28|src/functions/10001e80.cpp:55|src/functions/10003ba0.cpp:55|src/functions/10003ba0.cpp:67|src/functions/10003ba0.cpp:84|src/functions/10003ba0.cpp:101|src/functions/10003ba0.cpp:126|src/functions/10003ba0.cpp:143|src/functions/10003ba0.cpp:160|src/functions/10008140.cpp:51|src/functions/10008140.cpp:102|src/functions/10008140.cpp:117|src/functions/10008140.cpp:132|src/functions/10008140.cpp:149|src/functions/10008140.cpp:211|src/functions/10008140.cpp:253|src/functions/10008140.cpp:295|src/functions/10008140.cpp:337|src/functions/10008140.cpp:379|src/functions/10008140.cpp:422|src/functions/10008140.cpp:427
0x1003aac8,.data,DAT_1003aac8,29,3,int|unsigned int,2,4,src/functions/10001590.cpp|src/functions/10001630.cpp|src/functions/10001730.cpp|src/functions/10008140.cpp,src/functions/10001590.cpp:16:unsigned int DAT_1003aac8|src/functions/10001630.cpp:45:int DAT_1003aac8|src/functions/10001730.cpp:3:int DAT_1003aac8,26,4,10001590|10001630|10001730|10008140,src/functions/10001590.cpp:29|src/functions/10001590.cpp:29|src/functions/10001630.cpp:79|src/functions/10001630.cpp:79|src/functions/10001630.cpp:84|src/functions/10001730.cpp:16|src/functions/10001730.cpp:16|src/functions/10008140.cpp:53|src/functions/10008140.cpp:156|src/functions/10008140.cpp:156|src/functions/10008140.cpp:159|src/functions/10008140.cpp:215|src/functions/10008140.cpp:215|src/functions/10008140.cpp:218|src/functions/10008140.cpp:257|src/functions/10008140.cpp:257|src/functions/10008140.cpp:260|src/functions/10008140.cpp:299|src/functions/10008140.cpp:299|src/functions/10008140.cpp:302|src/functions/10008140.cpp:341|src/functions/10008140.cpp:341|src/functions/10008140.cpp:344|src/functions/10008140.cpp:383|src/functions/10008140.cpp:383|src/functions/10008140.cpp:386
0x1003aacc,.data,DAT_1003aacc,13,6,Address|int|std::uintptr_t|unsigned int,4,6,src/functions/10001980.cpp|src/functions/10001ad0.cpp|src/functions/10001b00.cpp|src/functions/10001b30.cpp|src/functions/10001fb0.cpp|src/functions/100076d0.cpp,src/functions/10001980.cpp:16:unsigned int DAT_1003aacc|src/functions/10001ad0.cpp:5:int DAT_1003aacc|src/functions/10001b00.cpp:3:int DAT_1003aacc|src/functions/10001b30.cpp:5:int DAT_1003aacc|src/functions/10001fb0.cpp:63:Address DAT_1003aacc|src/functions/100076d0.cpp:12:std::uintptr_t DAT_1003aacc,7,6,10001980|10001ad0|10001b00|10001b30|10001fb0|100076d0,src/functions/10001980.cpp:98|src/functions/10001ad0.cpp:9|src/functions/10001ad0.cpp:11|src/functions/10001b00.cpp:10|src/functions/10001b30.cpp:22|src/functions/10001fb0.cpp:92|src/functions/100076d0.cpp:123
0x1003aed8,.data,DAT_1003aed8,4,2,int|std::uint32_t,2,2,src/functions/10004bb0.cpp|src/functions/100050e0.cpp,src/functions/10004bb0.cpp:14:std::uint32_t DAT_1003aed8|src/functions/100050e0.cpp:14:int DAT_1003aed8,2,2,10004bb0|100050e0,src/functions/10004bb0.cpp:147|src/functions/100050e0.cpp:202
0x1003aedc,.data,DAT_1003aedc,21,2,std::uint8_t[0x12]|volatile std::uint32_t,2,2,src/functions/100074d0.cpp|src/functions/100076d0.cpp,src/functions/100074d0.cpp:13:volatile std::uint32_t DAT_1003aedc|src/functions/100076d0.cpp:29:std::uint8_t[0x12] DAT_1003aedc,19,2,100074d0|100076d0,src/functions/100074d0.cpp:27|src/functions/100074d0.cpp:30|src/functions/100074d0.cpp:33|src/functions/100074d0.cpp:36|src/functions/100074d0.cpp:93|src/functions/100074d0.cpp:120|src/functions/100074d0.cpp:129|src/functions/100074d0.cpp:156|src/functions/100074d0.cpp:157|src/functions/100074d0.cpp:174|src/functions/100074d0.cpp:180|src/functions/100074d0.cpp:199|src/functions/100074d0.cpp:200|src/functions/100074d0.cpp:210|src/functions/100074d0.cpp:217|src/functions/100074d0.cpp:238|src/functions/100074d0.cpp:239|src/functions/100076d0.cpp:459|src/functions/100076d0.cpp:462
0x1003aee0,.data,DAT_1003aee0,14,1,volatile std::uint32_t,1,1,src/functions/100074d0.cpp,src/functions/100074d0.cpp:14:volatile std::uint32_t DAT_1003aee0,13,1,100074d0,src/functions/100074d0.cpp:39|src/functions/100074d0.cpp:77|src/functions/100074d0.cpp:201|src/functions/100074d0.cpp:202|src/functions/100074d0.cpp:205|src/functions/100074d0.cpp:206|src/functions/100074d0.cpp:234|src/functions/100074d0.cpp:240|src/functions/100074d0.cpp:241|src/functions/100074d0.cpp:243|src/functions/100074d0.cpp:251|src/functions/100074d0.cpp:254|src/functions/100074d0.cpp:255
0x1003aee4,.data,DAT_1003aee4,12,1,volatile std::uint32_t,1,1,src/functions/100074d0.cpp,src/functions/100074d0.cpp:15:volatile std::uint32_t DAT_1003aee4,11,1,100074d0,src/functions/100074d0.cpp:42|src/functions/100074d0.cpp:79|src/functions/100074d0.cpp:122|src/functions/100074d0.cpp:123|src/functions/100074d0.cpp:152|src/functions/100074d0.cpp:158|src/functions/100074d0.cpp:159|src/functions/100074d0.cpp:161|src/functions/100074d0.cpp:166|src/functions/100074d0.cpp:169|src/functions/100074d0.cpp:170
0x1003aee8,.data,DAT_1003aee8,8,1,volatile std::uint32_t,1,1,src/functions/100074d0.cpp,src/functions/100074d0.cpp:16:volatile std::uint32_t DAT_1003aee8,7,1,100074d0,src/functions/100074d0.cpp:81|src/functions/100074d0.cpp:124|src/functions/100074d0.cpp:125|src/functions/100074d0.cpp:203|src/functions/100074d0.cpp:204|src/functions/100074d0.cpp:245|src/functions/100074d0.cpp:246
0x1003aeec,.data,DAT_1003aeec,4,2,char|volatile std::uint32_t,2,2,src/functions/100074d0.cpp|src/functions/100076d0.cpp,src/functions/100074d0.cpp:17:volatile std::uint32_t DAT_1003aeec|src/functions/100076d0.cpp:27:char DAT_1003aeec,2,2,100074d0|100076d0,src/functions/100074d0.cpp:102|src/functions/100076d0.cpp:669
0x1003aef0,.data,DAT_1003aef0,4,2,char|volatile std::uint8_t,2,2,src/functions/100074d0.cpp|src/functions/100076d0.cpp,src/functions/100074d0.cpp:18:volatile std::uint8_t DAT_1003aef0|src/functions/100076d0.cpp:26:char DAT_1003aef0,2,2,100074d0|100076d0,src/functions/100074d0.cpp:87|src/functions/100076d0.cpp:652
0x1003aef1,.data,DAT_1003aef1,2,1,char,1,1,src/functions/100076d0.cpp,src/functions/100076d0.cpp:28:char DAT_1003aef1,1,1,100076d0,src/functions/100076d0.cpp:352
0x1003aef3,.data,DAT_1003aef3,2,1,std::uint8_t,1,1,src/functions/1000a800.cpp,src/functions/1000a800.cpp:4:std::uint8_t DAT_1003aef3,1,1,1000a800,src/functions/1000a800.cpp:18
0x1003aef4,.data,DAT_1003aef4,5,2,std::int32_t|volatile std::int32_t,2,2,src/functions/100074d0.cpp|src/functions/100076d0.cpp,src/functions/100074d0.cpp:19:volatile std::int32_t DAT_1003aef4|src/functions/100076d0.cpp:10:std::int32_t DAT_1003aef4,3,2,100074d0|100076d0,src/functions/100074d0.cpp:259|src/functions/100074d0.cpp:273|src/functions/100076d0.cpp:116
0x1003b6f8,.data,DAT_1003b6f8,3,1,i32,1,1,src/functions/100042c0.cpp,src/functions/100042c0.cpp:17:i32 _DAT_1003b6f8,2,1,100042c0,src/functions/100042c0.cpp:54|src/functions/100042c0.cpp:62
0x1003b6fc,.data,DAT_1003b6fc,2,1,std::int32_t,1,1,src/functions/10004bb0.cpp,src/functions/10004bb0.cpp:9:std::int32_t DAT_1003b6fc,1,1,10004bb0,src/functions/10004bb0.cpp:100
0x1003b700,.data,DAT_1003b700,13,3,std::uint32_t[]|u32[]|unsigned int[],3,3,src/functions/10003810.cpp|src/functions/100042c0.cpp|src/functions/10004a60.cpp,src/functions/10003810.cpp:25:unsigned int[] DAT_1003b700|src/functions/100042c0.cpp:15:u32[] DAT_1003b700|src/functions/10004a60.cpp:3:std::uint32_t[] DAT_1003b700,10,3,10003810|100042c0|10004a60,src/functions/10003810.cpp:68|src/functions/10003810.cpp:71|src/functions/10003810.cpp:75|src/functions/10003810.cpp:80|src/functions/10003810.cpp:124|src/functions/10003810.cpp:241|src/functions/100042c0.cpp:86|src/functions/100042c0.cpp:89|src/functions/10004a60.cpp:14|src/functions/10004a60.cpp:16
0x1003bbb0,.data,DAT_1003bbb0,4,2,Address|std::uint32_t,2,2,src/functions/10001e80.cpp|src/functions/10001fb0.cpp,src/functions/10001e80.cpp:9:std::uint32_t DAT_1003bbb0|src/functions/10001fb0.cpp:65:Address DAT_1003bbb0,2,2,10001e80|10001fb0,src/functions/10001e80.cpp:115|src/functions/10001fb0.cpp:133
0x1003bbb4,.data,DAT_1003bbb4,6,2,std::uint32_t,1,3,src/functions/10003400.cpp|src/functions/10003660.cpp|src/functions/10008140.cpp,src/functions/10003400.cpp:8:std::uint32_t DAT_1003bbb4|src/functions/10003660.cpp:13:std::uint32_t DAT_1003bbb4,4,3,10003400|10003660|10008140,src/functions/10003400.cpp:205|src/functions/10003660.cpp:125|src/functions/10008140.cpp:55|src/functions/10008140.cpp:251
0x1003bbbc,.data,DAT_1003bbbc,2,1,std::int32_t,1,1,src/functions/10004bb0.cpp,src/functions/10004bb0.cpp:10:std::int32_t DAT_1003bbbc,1,1,10004bb0,src/functions/10004bb0.cpp:108
0x1003bbc0,.data,DAT_1003bbc0,2,1,std::int32_t*,1,1,src/functions/100076d0.cpp,src/functions/100076d0.cpp:34:std::int32_t* _DAT_1003bbc0,1,1,100076d0,src/functions/100076d0.cpp:252
0x1003bc00,.data,DAT_1003bc00,2,1,std::int32_t,1,1,src/functions/100076d0.cpp,src/functions/100076d0.cpp:22:std::int32_t _DAT_1003bc00,1,1,100076d0,src/functions/100076d0.cpp:155
0x1003bc04,.data,DAT_1003bc04,3,1,std::int32_t,1,1,src/functions/10004bb0.cpp,src/functions/10004bb0.cpp:7:std::int32_t DAT_1003bc04,2,1,10004bb0,src/functions/10004bb0.cpp:62|src/functions/10004bb0.cpp:71
0x1003bc08,.data,DAT_1003bc08,2,0,,0,1,src/functions/10008140.cpp,,2,1,10008140,src/functions/10008140.cpp:58|src/functions/10008140.cpp:377
0x1003bc0c,.data,DAT_1003bc0c,2,1,std::int32_t,1,1,src/functions/10004bb0.cpp,src/functions/10004bb0.cpp:11:std::int32_t DAT_1003bc0c,1,1,10004bb0,src/functions/10004bb0.cpp:118
0x1003bc18,.data,DAT_1003bc18,22,1,std::int32_t,1,1,src/functions/10005670.cpp,src/functions/10005670.cpp:5:std::int32_t DAT_1003bc18,21,1,10005670,src/functions/10005670.cpp:41|src/functions/10005670.cpp:52|src/functions/10005670.cpp:54|src/functions/10005670.cpp:54|src/functions/10005670.cpp:56|src/functions/10005670.cpp:73|src/functions/10005670.cpp:84|src/functions/10005670.cpp:86|src/functions/10005670.cpp:86|src/functions/10005670.cpp:88|src/functions/10005670.cpp:100|src/functions/10005670.cpp:111|src/functions/10005670.cpp:113|src/functions/10005670.cpp:113|src/functions/10005670.cpp:115|src/functions/10005670.cpp:124|src/functions/10005670.cpp:135|src/functions/10005670.cpp:139|src/functions/10005670.cpp:186|src/functions/10005670.cpp:186|src/functions/10005670.cpp:188
0x1003bc1c,.data,DAT_1003bc1c,12,5,float|std::uint32_t,2,6,src/functions/10005b60.cpp|src/functions/10005d30.cpp|src/functions/10005ef0.cpp|src/functions/10006be0.cpp|src/functions/10007030.cpp|src/functions/10008140.cpp,src/functions/10005b60.cpp:17:std::uint32_t DAT_1003bc1c|src/functions/10005d30.cpp:18:std::uint32_t DAT_1003bc1c|src/functions/10005ef0.cpp:15:std::uint32_t DAT_1003bc1c|src/functions/10006be0.cpp:8:float DAT_1003bc1c|src/functions/10007030.cpp:5:std::uint32_t DAT_1003bc1c,7,6,10005b60|10005d30|10005ef0|10006be0|10007030|10008140,src/functions/10005b60.cpp:137|src/functions/10005d30.cpp:197|src/functions/10005ef0.cpp:163|src/functions/10006be0.cpp:368|src/functions/10007030.cpp:245|src/functions/10008140.cpp:57|src/functions/10008140.cpp:335
0x1003bc20,.data,DAT_1003bc20,3,1,std::uint32_t,1,1,src/functions/10004bb0.cpp,src/functions/10004bb0.cpp:16:std::uint32_t _DAT_1003bc20,2,1,10004bb0,src/functions/10004bb0.cpp:78|src/functions/10004bb0.cpp:83
0x1003bc24,.data,DAT_1003bc24,2,1,std::int32_t,1,1,src/functions/10004bb0.cpp,src/functions/10004bb0.cpp:12:std::int32_t DAT_1003bc24,1,1,10004bb0,src/functions/10004bb0.cpp:128
0x1003bc30,.data,DAT_1003bc30,2,1,std::int32_t*,1,1,src/functions/100076d0.cpp,src/functions/100076d0.cpp:35:std::int32_t* _DAT_1003bc30,1,1,100076d0,src/functions/100076d0.cpp:301
0x1003bc70,.data,DAT_1003bc70,4,2,int|std::uint32_t,2,2,src/functions/10004bb0.cpp|src/functions/100050e0.cpp,src/functions/10004bb0.cpp:13:std::uint32_t DAT_1003bc70|src/functions/100050e0.cpp:13:int DAT_1003bc70,2,2,10004bb0|100050e0,src/functions/10004bb0.cpp:140|src/functions/100050e0.cpp:197
0x1003bc74,.data,DAT_1003bc74,2,1,std::int32_t,1,1,src/functions/10004bb0.cpp,src/functions/10004bb0.cpp:8:std::int32_t DAT_1003bc74,1,1,10004bb0,src/functions/10004bb0.cpp:75
0x1003bc78,.data,DAT_1003bc78,7,2,std::int32_t|volatile std::uint32_t,2,2,src/functions/100074d0.cpp|src/functions/100076d0.cpp,src/functions/100074d0.cpp:22:volatile std::uint32_t DAT_1003bc78|src/functions/100076d0.cpp:25:std::int32_t DAT_1003bc78,5,2,100074d0|100076d0,src/functions/100074d0.cpp:276|src/functions/100076d0.cpp:205|src/functions/100076d0.cpp:252|src/functions/100076d0.cpp:301|src/functions/100076d0.cpp:350
0x1003bc7c,.data,DAT_1003bc7c,6,2,std::uint32_t,1,3,src/functions/10003400.cpp|src/functions/10003660.cpp|src/functions/10008140.cpp,src/functions/10003400.cpp:7:std::uint32_t DAT_1003bc7c|src/functions/10003660.cpp:12:std::uint32_t DAT_1003bc7c,4,3,10003400|10003660|10008140,src/functions/10003400.cpp:174|src/functions/10003660.cpp:108|src/functions/10008140.cpp:56|src/functions/10008140.cpp:293
0x1003bc80,.data,DAT_1003bc80,4,0,,0,1,src/functions/10008140.cpp,,4,1,10008140,src/functions/10008140.cpp:52|src/functions/10008140.cpp:110|src/functions/10008140.cpp:125|src/functions/10008140.cpp:140
0x1003bd8c,.data,DAT_1003bd8c,17,3,std::uint16_t|u16|unsigned short,3,4,src/functions/10003810.cpp|src/functions/100042c0.cpp|src/functions/10004a60.cpp|src/functions/10008140.cpp,src/functions/10003810.cpp:26:unsigned short DAT_1003bd8c|src/functions/100042c0.cpp:14:u16 DAT_1003bd8c|src/functions/10004a60.cpp:4:std::uint16_t DAT_1003bd8c,14,4,10003810|100042c0|10004a60|10008140,src/functions/10003810.cpp:68|src/functions/10003810.cpp:72|src/functions/10003810.cpp:75|src/functions/10003810.cpp:81|src/functions/10003810.cpp:124|src/functions/10003810.cpp:242|src/functions/10003810.cpp:246|src/functions/10003810.cpp:246|src/functions/100042c0.cpp:82|src/functions/100042c0.cpp:94|src/functions/10004a60.cpp:10|src/functions/10004a60.cpp:21|src/functions/10008140.cpp:59|src/functions/10008140.cpp:419
0x1003bd90,.data,DAT_1003bd90,3,1,std::int32_t,1,1,src/functions/10008000.cpp,src/functions/10008000.cpp:6:std::int32_t DAT_1003bd90,2,1,10008000,src/functions/10008000.cpp:37|src/functions/10008000.cpp:39
0x1003bd98,.data,DAT_1003bd98,11,2,ContextObject*|std::uint32_t,2,2,src/functions/10001e80.cpp|src/functions/10001fb0.cpp,src/functions/10001e80.cpp:5:std::uint32_t DAT_1003bd98|src/functions/10001fb0.cpp:64:ContextObject* DAT_1003bd98,9,2,10001e80|10001fb0,src/functions/10001e80.cpp:47|src/functions/10001e80.cpp:50|src/functions/10001e80.cpp:51|src/functions/10001fb0.cpp:101|src/functions/10001fb0.cpp:103|src/functions/10001fb0.cpp:106|src/functions/10001fb0.cpp:143|src/functions/10001fb0.cpp:144|src/functions/10001fb0.cpp:187
0x1003bd9c,.data,DAT_1003bd9c,5,2,Texture*|std::int32_t,2,2,src/functions/10003ba0.cpp|src/functions/100076d0.cpp,src/functions/10003ba0.cpp:38:Texture* DAT_1003bd9c|src/functions/100076d0.cpp:14:std::int32_t DAT_1003bd9c,3,2,10003ba0|100076d0,src/functions/10003ba0.cpp:140|src/functions/100076d0.cpp:368|src/functions/100076d0.cpp:396
0x1003bda0,.data,DAT_1003bda0,2,1,Texture*,1,1,src/functions/10003ba0.cpp,src/functions/10003ba0.cpp:39:Texture* DAT_1003bda0,1,1,10003ba0,src/functions/10003ba0.cpp:157
0x1003bda4,.data,DAT_1003bda4,2,1,Texture*,1,1,src/functions/10003ba0.cpp,src/functions/10003ba0.cpp:40:Texture* DAT_1003bda4,1,1,10003ba0,src/functions/10003ba0.cpp:174
0x1003c1a8,.data,DAT_1003c1a8,2,1,std::int32_t*,1,1,src/functions/100076d0.cpp,src/functions/100076d0.cpp:33:std::int32_t* _DAT_1003c1a8,1,1,100076d0,src/functions/100076d0.cpp:205
0x1003c1e8,.data,DAT_1003c1e8,2,1,i32,1,1,src/functions/100042c0.cpp,src/functions/100042c0.cpp:18:i32 _DAT_1003c1e8,1,1,100042c0,src/functions/100042c0.cpp:64
0x1003c1ec,.data,DAT_1003c1ec,4,2,float|volatile std::uint32_t,2,2,src/functions/100074d0.cpp|src/functions/100076d0.cpp,src/functions/100074d0.cpp:20:volatile std::uint32_t DAT_1003c1ec|src/functions/100076d0.cpp:9:float _DAT_1003c1ec,2,2,100074d0|100076d0,src/functions/100074d0.cpp:264|src/functions/100076d0.cpp:410
0x1003c1f4,.data,DAT_1003c1f4,4,0,,0,1,src/functions/10008140.cpp,,4,1,10008140,src/functions/10008140.cpp:49|src/functions/10008140.cpp:101|src/functions/10008140.cpp:116|src/functions/10008140.cpp:131
0x1003c1f8,.data,DAT_1003c1f8,6,2,float|std::uint32_t,2,3,src/functions/10006be0.cpp|src/functions/10007030.cpp|src/functions/10008140.cpp,src/functions/10006be0.cpp:7:float DAT_1003c1f8|src/functions/10007030.cpp:6:std::uint32_t DAT_1003c1f8,4,3,10006be0|10007030|10008140,src/functions/10006be0.cpp:363|src/functions/10007030.cpp:251|src/functions/10008140.cpp:60|src/functions/10008140.cpp:420
0x1003c1fc,.data,DAT_1003c1fc,9,2,std::int32_t|volatile std::int32_t,2,2,src/functions/100074d0.cpp|src/functions/100076d0.cpp,src/functions/100074d0.cpp:21:volatile std::int32_t DAT_1003c1fc|src/functions/100076d0.cpp:8:std::int32_t DAT_1003c1fc,7,2,100074d0|100076d0,src/functions/100074d0.cpp:269|src/functions/100076d0.cpp:93|src/functions/100076d0.cpp:95|src/functions/100076d0.cpp:353|src/functions/100076d0.cpp:455|src/functions/100076d0.cpp:506|src/functions/100076d0.cpp:820
0x1003c208,.data,DAT_1003c208,5,1,std::int32_t*,1,2,src/functions/100076d0.cpp|src/functions/10008140.cpp,src/functions/100076d0.cpp:36:std::int32_t* _DAT_1003c208,4,2,100076d0|10008140,src/functions/100076d0.cpp:350|src/functions/10008140.cpp:54|src/functions/10008140.cpp:191|src/functions/10008140.cpp:194
0x1003c248,.data,DAT_1003c248,40,18,i32|int|std::int32_t|volatile std::int32_t,4,18,src/functions/10003130.cpp|src/functions/10003200.cpp|src/functions/10003340.cpp|src/functions/10003400.cpp|src/functions/10003660.cpp|src/functions/100042c0.cpp|src/functions/10004bb0.cpp|src/functions/100050e0.cpp|src/functions/10005670.cpp|src/functions/10005860.cpp|src/functions/100060d0.cpp|src/functions/10006360.cpp|src/functions/100069e0.cpp|src/functions/10006a50.cpp|src/functions/10006ad0.cpp|src/functions/100074d0.cpp|src/functions/100076d0.cpp|src/functions/10008e00.cpp,src/functions/10003130.cpp:4:std::int32_t DAT_1003c248|src/functions/10003200.cpp:4:std::int32_t DAT_1003c248|src/functions/10003340.cpp:4:std::int32_t DAT_1003c248|src/functions/10003400.cpp:6:std::int32_t DAT_1003c248|src/functions/10003660.cpp:11:std::int32_t DAT_1003c248|src/functions/100042c0.cpp:13:i32 DAT_1003c248|src/functions/10004bb0.cpp:5:std::int32_t DAT_1003c248|src/functions/100050e0.cpp:12:int DAT_1003c248|src/functions/10005670.cpp:4:std::int32_t DAT_1003c248|src/functions/10005860.cpp:4:std::int32_t DAT_1003c248|src/functions/100060d0.cpp:4:std::int32_t DAT_1003c248|src/functions/10006360.cpp:4:std::int32_t DAT_1003c248|src/functions/100069e0.cpp:4:std::int32_t DAT_1003c248|src/functions/10006a50.cpp:37:int DAT_1003c248|src/functions/10006ad0.cpp:4:std::int32_t DAT_1003c248|src/functions/100074d0.cpp:12:volatile std::int32_t DAT_1003c248|src/functions/100076d0.cpp:7:std::int32_t DAT_1003c248|src/functions/10008e00.cpp:4:std::int32_t DAT_1003c248,22,18,10003130|10003200|10003340|10003400|10003660|100042c0|10004bb0|100050e0|10005670|10005860|100060d0|10006360|100069e0|10006a50|10006ad0|100074d0|100076d0|10008e00,src/functions/10003130.cpp:26|src/functions/10003200.cpp:33|src/functions/10003200.cpp:39|src/functions/10003340.cpp:38|src/functions/10003400.cpp:123|src/functions/10003660.cpp:76|src/functions/100042c0.cpp:41|src/functions/10004bb0.cpp:35|src/functions/100050e0.cpp:34|src/functions/100050e0.cpp:57|src/functions/10005670.cpp:20|src/functions/10005860.cpp:43|src/functions/100060d0.cpp:20|src/functions/10006360.cpp:23|src/functions/100069e0.cpp:16|src/functions/10006a50.cpp:42|src/functions/10006ad0.cpp:33|src/functions/100074d0.cpp:44|src/functions/100076d0.cpp:92|src/functions/100076d0.cpp:503|src/functions/100076d0.cpp:505|src/functions/10008e00.cpp:13
0x1003c24c,.data,DAT_1003c24c,2,1,int,1,1,src/functions/1000d250.cpp,src/functions/1000d250.cpp:4:int _DAT_1003c24c,1,1,1000d250,src/functions/1000d250.cpp:15
0x1003c250,.data,DAT_1003c250,3,1,std::int32_t,1,1,src/functions/100076d0.cpp,src/functions/100076d0.cpp:20:std::int32_t DAT_1003c250,2,1,100076d0,src/functions/100076d0.cpp:574|src/functions/100076d0.cpp:575
0x1003c254,.data,DAT_1003c254,3,1,std::int32_t,1,1,src/functions/100076d0.cpp,src/functions/100076d0.cpp:21:std::int32_t DAT_1003c254,2,1,100076d0,src/functions/100076d0.cpp:579|src/functions/100076d0.cpp:580
0x1003c25c,.data,DAT_1003c25c,23,5,char*|i32*|std::int32_t|std::uint32_t,4,5,src/functions/10001040.cpp|src/functions/10001350.cpp|src/functions/100013e0.cpp|src/functions/100042c0.cpp|src/functions/10020870.cpp,src/functions/10001040.cpp:26:char* DAT_1003c25c|src/functions/10001350.cpp:17:std::uint32_t DAT_1003c25c|src/functions/100013e0.cpp:5:char* DAT_1003c25c|src/functions/100042c0.cpp:16:i32* DAT_1003c25c|src/functions/10020870.cpp:11:std::int32_t DAT_1003c25c,18,5,10001040|10001350|100013e0|100042c0|10020870,src/functions/10001040.cpp:239|src/functions/10001040.cpp:242|src/functions/10001040.cpp:243|src/functions/10001350.cpp:22|src/functions/100013e0.cpp:15|src/functions/100013e0.cpp:16|src/functions/100013e0.cpp:17|src/functions/100013e0.cpp:18|src/functions/100013e0.cpp:19|src/functions/100013e0.cpp:22|src/functions/100013e0.cpp:30|src/functions/100013e0.cpp:33|src/functions/100042c0.cpp:120|src/functions/100042c0.cpp:122|src/functions/100042c0.cpp:131|src/functions/10020870.cpp:22|src/functions/10020870.cpp:25|src/functions/10020870.cpp:25
0x1003c260,.data,DAT_1003c260,6,2,int,1,2,src/functions/10001040.cpp|src/functions/100013e0.cpp,src/functions/10001040.cpp:27:int _DAT_1003c260|src/functions/100013e0.cpp:6:int _DAT_1003c260,4,2,10001040|100013e0,src/functions/10001040.cpp:245|src/functions/10001040.cpp:250|src/functions/10001040.cpp:250|src/functions/100013e0.cpp:20
0x1003c328,.data,DAT_1003c328,6,2,std::uint32_t,1,2,src/functions/1000a680.cpp|src/functions/1000a740.cpp,src/functions/1000a680.cpp:3:std::uint32_t DAT_1003c328|src/functions/1000a740.cpp:4:std::uint32_t DAT_1003c328,4,2,1000a680|1000a740,src/functions/1000a680.cpp:15|src/functions/1000a680.cpp:25|src/functions/1000a740.cpp:15|src/functions/1000a740.cpp:19
0x1003c32c,.data,DAT_1003c32c,2,0,,0,1,src/functions/1000a090.cpp,,2,1,1000a090,src/functions/1000a090.cpp:4|src/functions/1000a090.cpp:29
0x1003c330,.data,DAT_1003c330,2,0,,0,1,src/functions/1000a090.cpp,,2,1,1000a090,src/functions/1000a090.cpp:5|src/functions/1000a090.cpp:30
0x1003c334,.data,DAT_1003c334,2,0,,0,1,src/functions/1000a090.cpp,,2,1,1000a090,src/functions/1000a090.cpp:6|src/functions/1000a090.cpp:31
0x1003c338,.data,DAT_1003c338,2,0,,0,1,src/functions/1000a090.cpp,,2,1,1000a090,src/functions/1000a090.cpp:7|src/functions/1000a090.cpp:32
0x1003c33c,.data,DAT_1003c33c,2,0,,0,1,src/functions/1000a090.cpp,,2,1,1000a090,src/functions/1000a090.cpp:8|src/functions/1000a090.cpp:33
0x1003c340,.data,DAT_1003c340,2,0,,0,1,src/functions/1000a090.cpp,,2,1,1000a090,src/functions/1000a090.cpp:9|src/functions/1000a090.cpp:34
0x1003c344,.data,DAT_1003c344,2,0,,0,1,src/functions/1000a090.cpp,,2,1,1000a090,src/functions/1000a090.cpp:10|src/functions/1000a090.cpp:35
0x1003c348,.data,DAT_1003c348,2,0,,0,1,src/functions/1000a090.cpp,,2,1,1000a090,src/functions/1000a090.cpp:11|src/functions/1000a090.cpp:36
0x1003c34c,.data,DAT_1003c34c,2,0,,0,1,src/functions/1000a090.cpp,,2,1,1000a090,src/functions/1000a090.cpp:12|src/functions/1000a090.cpp:37
0x1003c350,.data,DAT_1003c350,2,0,,0,1,src/functions/1000a090.cpp,,2,1,1000a090,src/functions/1000a090.cpp:13|src/functions/1000a090.cpp:38
0x1003c354,.data,DAT_1003c354,2,0,,0,1,src/functions/1000a090.cpp,,2,1,1000a090,src/functions/1000a090.cpp:14|src/functions/1000a090.cpp:39
0x1003c358,.data,DAT_1003c358,2,0,,0,1,src/functions/1000a090.cpp,,2,1,1000a090,src/functions/1000a090.cpp:15|src/functions/1000a090.cpp:40
0x1003c35c,.data,DAT_1003c35c,2,0,,0,1,src/functions/1000a090.cpp,,2,1,1000a090,src/functions/1000a090.cpp:16|src/functions/1000a090.cpp:41
0x1003c360,.data,DAT_1003c360,2,0,,0,1,src/functions/1000a090.cpp,,2,1,1000a090,src/functions/1000a090.cpp:17|src/functions/1000a090.cpp:42
0x1003c364,.data,DAT_1003c364,2,0,,0,1,src/functions/1000a090.cpp,,2,1,1000a090,src/functions/1000a090.cpp:18|src/functions/1000a090.cpp:43
0x1003c368,.data,DAT_1003c368,2,0,,0,1,src/functions/1000a090.cpp,,2,1,1000a090,src/functions/1000a090.cpp:19|src/functions/1000a090.cpp:44
0x1003c36c,.data,DAT_1003c36c,10,2,std::uint32_t*|void*,2,3,src/functions/1000a090.cpp|src/functions/1000a680.cpp|src/functions/10020fd0.cpp,src/functions/1000a680.cpp:4:std::uint32_t* DAT_1003c36c|src/functions/10020fd0.cpp:7:void* DAT_1003c36c,8,3,1000a090|1000a680|10020fd0,src/functions/1000a090.cpp:20|src/functions/1000a090.cpp:45|src/functions/1000a680.cpp:33|src/functions/1000a680.cpp:40|src/functions/1000a680.cpp:50|src/functions/10020fd0.cpp:29|src/functions/10020fd0.cpp:30|src/functions/10020fd0.cpp:33
0x1003c370,.data,DAT_1003c370,16,2,std::uint32_t|std::uint32_t*,2,3,src/functions/1000a090.cpp|src/functions/1000a680.cpp|src/functions/10020fd0.cpp,src/functions/1000a680.cpp:5:std::uint32_t* DAT_1003c370|src/functions/10020fd0.cpp:8:std::uint32_t DAT_1003c370,14,3,1000a090|1000a680|10020fd0,src/functions/1000a090.cpp:21|src/functions/1000a090.cpp:46|src/functions/1000a680.cpp:32|src/functions/1000a680.cpp:43|src/functions/1000a680.cpp:48|src/functions/1000a680.cpp:50|src/functions/1000a680.cpp:53|src/functions/1000a680.cpp:53|src/functions/1000a680.cpp:57|src/functions/1000a680.cpp:62|src/functions/1000a680.cpp:64|src/functions/1000a680.cpp:67|src/functions/1000a680.cpp:67|src/functions/10020fd0.cpp:34
0x1003c374,.data,DAT_1003c374,7,2,std::uint32_t|std::uint32_t*,2,3,src/functions/1000a090.cpp|src/functions/1000a680.cpp|src/functions/10020fd0.cpp,src/functions/1000a680.cpp:6:std::uint32_t* DAT_1003c374|src/functions/10020fd0.cpp:9:std::uint32_t DAT_1003c374,5,3,1000a090|1000a680|10020fd0,src/functions/1000a090.cpp:22|src/functions/1000a090.cpp:47|src/functions/1000a680.cpp:43|src/functions/1000a680.cpp:57|src/functions/10020fd0.cpp:35
0x1003c37c,.data,DAT_1003c37c,10,2,std::uint32_t*|void*,2,3,src/functions/1000a090.cpp|src/functions/1000a740.cpp|src/functions/10020fd0.cpp,src/functions/1000a740.cpp:5:std::uint32_t* DAT_1003c37c|src/functions/10020fd0.cpp:4:void* DAT_1003c37c,8,3,1000a090|1000a740|10020fd0,src/functions/1000a090.cpp:23|src/functions/1000a090.cpp:48|src/functions/1000a740.cpp:27|src/functions/1000a740.cpp:32|src/functions/1000a740.cpp:42|src/functions/10020fd0.cpp:21|src/functions/10020fd0.cpp:22|src/functions/10020fd0.cpp:25
0x1003c380,.data,DAT_1003c380,16,2,std::uint32_t|std::uint32_t*,2,3,src/functions/1000a090.cpp|src/functions/1000a740.cpp|src/functions/10020fd0.cpp,src/functions/1000a740.cpp:6:std::uint32_t* DAT_1003c380|src/functions/10020fd0.cpp:5:std::uint32_t DAT_1003c380,14,3,1000a090|1000a740|10020fd0,src/functions/1000a090.cpp:24|src/functions/1000a090.cpp:49|src/functions/1000a740.cpp:26|src/functions/1000a740.cpp:35|src/functions/1000a740.cpp:40|src/functions/1000a740.cpp:42|src/functions/1000a740.cpp:45|src/functions/1000a740.cpp:45|src/functions/1000a740.cpp:49|src/functions/1000a740.cpp:54|src/functions/1000a740.cpp:56|src/functions/1000a740.cpp:59|src/functions/1000a740.cpp:59|src/functions/10020fd0.cpp:26
0x1003c384,.data,DAT_1003c384,7,2,std::uint32_t|std::uint32_t*,2,3,src/functions/1000a090.cpp|src/functions/1000a740.cpp|src/functions/10020fd0.cpp,src/functions/1000a740.cpp:7:std::uint32_t* DAT_1003c384|src/functions/10020fd0.cpp:6:std::uint32_t DAT_1003c384,5,3,1000a090|1000a740|10020fd0,src/functions/1000a090.cpp:25|src/functions/1000a090.cpp:50|src/functions/1000a740.cpp:35|src/functions/1000a740.cpp:49|src/functions/10020fd0.cpp:27
0x1003c390,.data,DAT_1003c390,38,18,std::int32_t|std::uint32_t|std::uint32_t*,3,18,src/functions/1000a680.cpp|src/functions/1000a740.cpp|src/functions/1000d460.cpp|src/functions/1000d4c0.cpp|src/functions/1000d520.cpp|src/functions/1000d580.cpp|src/functions/1000d5e0.cpp|src/functions/1000d640.cpp|src/functions/1000d6a0.cpp|src/functions/1000d700.cpp|src/functions/1000d760.cpp|src/functions/1000d7c0.cpp|src/functions/1000d820.cpp|src/functions/1000d880.cpp|src/functions/1000d8e0.cpp|src/functions/1000d940.cpp|src/functions/1000d9a0.cpp|src/functions/1000da00.cpp,src/functions/1000a680.cpp:7:std::uint32_t* DAT_1003c390|src/functions/1000a740.cpp:3:std::uint32_t* DAT_1003c390|src/functions/1000d460.cpp:3:std::int32_t DAT_1003c390|src/functions/1000d4c0.cpp:3:std::int32_t DAT_1003c390|src/functions/1000d520.cpp:3:std::int32_t DAT_1003c390|src/functions/1000d580.cpp:3:std::int32_t DAT_1003c390|src/functions/1000d5e0.cpp:3:std::int32_t DAT_1003c390|src/functions/1000d640.cpp:3:std::int32_t DAT_1003c390|src/functions/1000d6a0.cpp:3:std::int32_t DAT_1003c390|src/functions/1000d700.cpp:17:std::int32_t DAT_1003c390|src/functions/1000d760.cpp:3:std::int32_t DAT_1003c390|src/functions/1000d7c0.cpp:3:std::uint32_t DAT_1003c390|src/functions/1000d820.cpp:3:std::int32_t DAT_1003c390|src/functions/1000d880.cpp:3:std::int32_t DAT_1003c390|src/functions/1000d8e0.cpp:3:std::int32_t DAT_1003c390|src/functions/1000d940.cpp:3:std::int32_t DAT_1003c390|src/functions/1000d9a0.cpp:3:std::int32_t DAT_1003c390|src/functions/1000da00.cpp:3:std::int32_t DAT_1003c390,20,18,1000a680|1000a740|1000d460|1000d4c0|1000d520|1000d580|1000d5e0|1000d640|1000d6a0|1000d700|1000d760|1000d7c0|1000d820|1000d880|1000d8e0|1000d940|1000d9a0|1000da00,src/functions/1000a680.cpp:13|src/functions/1000a680.cpp:15|src/functions/1000a740.cpp:13|src/functions/1000a740.cpp:15|src/functions/1000d460.cpp:14|src/functions/1000d4c0.cpp:14|src/functions/1000d520.cpp:14|src/functions/1000d580.cpp:14|src/functions/1000d5e0.cpp:14|src/functions/1000d640.cpp:14|src/functions/1000d6a0.cpp:14|src/functions/1000d700.cpp:23|src/functions/1000d760.cpp:15|src/functions/1000d7c0.cpp:16|src/functions/1000d820.cpp:14|src/functions/1000d880.cpp:14|src/functions/1000d8e0.cpp:14|src/functions/1000d940.cpp:14|src/functions/1000d9a0.cpp:14|src/functions/1000da00.cpp:14
0x1003c394,.data,DAT_1003c394,3,1,std::uint8_t*,1,1,src/functions/1000a800.cpp,src/functions/1000a800.cpp:3:std::uint8_t* DAT_1003c394,2,1,1000a800,src/functions/1000a800.cpp:16|src/functions/1000a800.cpp:18
0x1003c398,.data,DAT_1003c398,18,6,std::uint32_t|void**,2,7,src/functions/1000a940.cpp|src/functions/1000aa10.cpp|src/functions/1000da60.cpp|src/functions/1000dac0.cpp|src/functions/1000db20.cpp|src/functions/1000db80.cpp|src/functions/1000dbe0.cpp,src/functions/1000a940.cpp:3:void** DAT_1003c398|src/functions/1000aa10.cpp:4:void** DAT_1003c398|src/functions/1000da60.cpp:3:std::uint32_t DAT_1003c398|src/functions/1000dac0.cpp:3:std::uint32_t DAT_1003c398|src/functions/1000db20.cpp:3:std::uint32_t DAT_1003c398|src/functions/1000dbe0.cpp:3:std::uint32_t DAT_1003c398,12,7,1000a940|1000aa10|1000da60|1000dac0|1000db20|1000db80|1000dbe0,src/functions/1000a940.cpp:17|src/functions/1000a940.cpp:19|src/functions/1000a940.cpp:26|src/functions/1000aa10.cpp:17|src/functions/1000aa10.cpp:19|src/functions/1000aa10.cpp:30|src/functions/1000da60.cpp:11|src/functions/1000dac0.cpp:10|src/functions/1000db20.cpp:10|src/functions/1000db80.cpp:3|src/functions/1000db80.cpp:8|src/functions/1000dbe0.cpp:10
0x1003c39c,.data,DAT_1003c39c,14,5,std::int32_t|std::uint32_t|void**,3,6,src/functions/1000ab60.cpp|src/functions/1000dc40.cpp|src/functions/1000dca0.cpp|src/functions/1000dd00.cpp|src/functions/1000dd60.cpp|src/functions/1000ddc0.cpp,src/functions/1000ab60.cpp:3:void** DAT_1003c39c|src/functions/1000dc40.cpp:20:std::uint32_t DAT_1003c39c|src/functions/1000dca0.cpp:3:std::int32_t DAT_1003c39c|src/functions/1000dd00.cpp:3:std::int32_t DAT_1003c39c|src/functions/1000ddc0.cpp:3:std::uint32_t DAT_1003c39c,9,6,1000ab60|1000dc40|1000dca0|1000dd00|1000dd60|1000ddc0,src/functions/1000ab60.cpp:17|src/functions/1000ab60.cpp:19|src/functions/1000ab60.cpp:26|src/functions/1000dc40.cpp:23|src/functions/1000dca0.cpp:9|src/functions/1000dd00.cpp:10|src/functions/1000dd60.cpp:7|src/functions/1000dd60.cpp:11|src/functions/1000ddc0.cpp:10
0x1003c3a0,.data,DAT_1003c3a0,14,6,std::int32_t|void**,2,6,src/functions/1000aca0.cpp|src/functions/1000de20.cpp|src/functions/1000de80.cpp|src/functions/1000dee0.cpp|src/functions/1000df40.cpp|src/functions/1000dfa0.cpp,src/functions/1000aca0.cpp:3:void** DAT_1003c3a0|src/functions/1000de20.cpp:3:std::int32_t DAT_1003c3a0|src/functions/1000de80.cpp:3:std::int32_t DAT_1003c3a0|src/functions/1000dee0.cpp:3:std::int32_t DAT_1003c3a0|src/functions/1000df40.cpp:3:std::int32_t DAT_1003c3a0|src/functions/1000dfa0.cpp:3:std::int32_t DAT_1003c3a0,8,6,1000aca0|1000de20|1000de80|1000dee0|1000df40|1000dfa0,src/functions/1000aca0.cpp:18|src/functions/1000aca0.cpp:20|src/functions/1000aca0.cpp:26|src/functions/1000de20.cpp:10|src/functions/1000de80.cpp:10|src/functions/1000dee0.cpp:10|src/functions/1000df40.cpp:10|src/functions/1000dfa0.cpp:10
0x1003c3a4,.data,DAT_1003c3a4,13,5,std::int32_t|std::uint32_t,2,6,src/functions/1000ade0.cpp|src/functions/1000e000.cpp|src/functions/1000e060.cpp|src/functions/1000e0c0.cpp|src/functions/1000e120.cpp|src/functions/1000e180.cpp,src/functions/1000e000.cpp:29:std::uint32_t DAT_1003c3a4|src/functions/1000e060.cpp:20:std::uint32_t DAT_1003c3a4|src/functions/1000e0c0.cpp:3:std::int32_t DAT_1003c3a4|src/functions/1000e120.cpp:3:std::int32_t DAT_1003c3a4|src/functions/1000e180.cpp:3:std::int32_t DAT_1003c3a4,8,6,1000ade0|1000e000|1000e060|1000e0c0|1000e120|1000e180,src/functions/1000ade0.cpp:4|src/functions/1000ade0.cpp:20|src/functions/1000ade0.cpp:22|src/functions/1000e000.cpp:33|src/functions/1000e060.cpp:22|src/functions/1000e0c0.cpp:10|src/functions/1000e120.cpp:10|src/functions/1000e180.cpp:10
0x1003c3a8,.data,DAT_1003c3a8,14,6,std::int32_t|std::uint32_t|void**,3,6,src/functions/1000af20.cpp|src/functions/1000e1e0.cpp|src/functions/1000e240.cpp|src/functions/1000e2a0.cpp|src/functions/1000e300.cpp|src/functions/1000e360.cpp,src/functions/1000af20.cpp:3:void** DAT_1003c3a8|src/functions/1000e1e0.cpp:6:std::uint32_t DAT_1003c3a8|src/functions/1000e240.cpp:3:std::int32_t DAT_1003c3a8|src/functions/1000e2a0.cpp:3:std::int32_t DAT_1003c3a8|src/functions/1000e300.cpp:22:std::uint32_t DAT_1003c3a8|src/functions/1000e360.cpp:3:std::int32_t DAT_1003c3a8,8,6,1000af20|1000e1e0|1000e240|1000e2a0|1000e300|1000e360,src/functions/1000af20.cpp:18|src/functions/1000af20.cpp:20|src/functions/1000af20.cpp:27|src/functions/1000e1e0.cpp:10|src/functions/1000e240.cpp:10|src/functions/1000e2a0.cpp:10|src/functions/1000e300.cpp:26|src/functions/1000e360.cpp:10
0x1003c3ac,.data,DAT_1003c3ac,14,6,std::int32_t|std::uintptr_t|void*,3,6,src/functions/1000b060.cpp|src/functions/1000e3c0.cpp|src/functions/1000e420.cpp|src/functions/1000e480.cpp|src/functions/1000e4e0.cpp|src/functions/1000e540.cpp,src/functions/1000b060.cpp:3:void* DAT_1003c3ac|src/functions/1000e3c0.cpp:3:std::int32_t DAT_1003c3ac|src/functions/1000e420.cpp:3:std::int32_t DAT_1003c3ac|src/functions/1000e480.cpp:3:std::uintptr_t DAT_1003c3ac|src/functions/1000e4e0.cpp:3:std::int32_t DAT_1003c3ac|src/functions/1000e540.cpp:3:std::int32_t DAT_1003c3ac,8,6,1000b060|1000e3c0|1000e420|1000e480|1000e4e0|1000e540,src/functions/1000b060.cpp:18|src/functions/1000b060.cpp:20|src/functions/1000b060.cpp:26|src/functions/1000e3c0.cpp:10|src/functions/1000e420.cpp:10|src/functions/1000e480.cpp:10|src/functions/1000e4e0.cpp:10|src/functions/1000e540.cpp:10
0x1003c3b0,.data,DAT_1003c3b0,11,0,,0,5,src/functions/1000b1a0.cpp|src/functions/1000e5a0.cpp|src/functions/1000e600.cpp|src/functions/1000e6c0.cpp|src/functions/1000e720.cpp,,11,5,1000b1a0|1000e5a0|1000e600|1000e6c0|1000e720,src/functions/1000b1a0.cpp:4|src/functions/1000b1a0.cpp:15|src/functions/1000b1a0.cpp:17|src/functions/1000e5a0.cpp:4|src/functions/1000e5a0.cpp:11|src/functions/1000e600.cpp:4|src/functions/1000e600.cpp:11|src/functions/1000e6c0.cpp:4|src/functions/1000e6c0.cpp:11|src/functions/1000e720.cpp:7|src/functions/1000e720.cpp:12
0x1003c3b4,.data,DAT_1003c3b4,16,7,std::int32_t|std::uint32_t|std::uint8_t**|unsigned int|void**,5,7,src/functions/1000b2e0.cpp|src/functions/1000b3a0.cpp|src/functions/1000e780.cpp|src/functions/1000e7e0.cpp|src/functions/1000e840.cpp|src/functions/1000e8a0.cpp|src/functions/1000e900.cpp,src/functions/1000b2e0.cpp:5:void** DAT_1003c3b4|src/functions/1000b3a0.cpp:4:std::uint8_t** DAT_1003c3b4|src/functions/1000e780.cpp:3:std::uint32_t DAT_1003c3b4|src/functions/1000e7e0.cpp:3:std::int32_t DAT_1003c3b4|src/functions/1000e840.cpp:3:std::int32_t DAT_1003c3b4|src/functions/1000e8a0.cpp:7:unsigned int DAT_1003c3b4|src/functions/1000e900.cpp:6:std::int32_t DAT_1003c3b4,9,7,1000b2e0|1000b3a0|1000e780|1000e7e0|1000e840|1000e8a0|1000e900,src/functions/1000b2e0.cpp:15|src/functions/1000b2e0.cpp:16|src/functions/1000b3a0.cpp:18|src/functions/1000b3a0.cpp:20|src/functions/1000e780.cpp:24|src/functions/1000e7e0.cpp:10|src/functions/1000e840.cpp:10|src/functions/1000e8a0.cpp:12|src/functions/1000e900.cpp:10
0x1003c3b8,.data,DAT_1003c3b8,16,6,std::int32_t|void**,2,6,src/functions/1000b4e0.cpp|src/functions/1000e960.cpp|src/functions/1000e9c0.cpp|src/functions/1000ea20.cpp|src/functions/1000ea80.cpp|src/functions/1000eae0.cpp,src/functions/1000b4e0.cpp:3:void** DAT_1003c3b8|src/functions/1000e960.cpp:3:std::int32_t DAT_1003c3b8|src/functions/1000e9c0.cpp:3:std::int32_t DAT_1003c3b8|src/functions/1000ea20.cpp:3:std::int32_t DAT_1003c3b8|src/functions/1000ea80.cpp:3:std::int32_t DAT_1003c3b8|src/functions/1000eae0.cpp:3:std::int32_t DAT_1003c3b8,10,6,1000b4e0|1000e960|1000e9c0|1000ea20|1000ea80|1000eae0,src/functions/1000b4e0.cpp:13|src/functions/1000b4e0.cpp:15|src/functions/1000b4e0.cpp:25|src/functions/1000e960.cpp:10|src/functions/1000e9c0.cpp:10|src/functions/1000ea20.cpp:10|src/functions/1000ea80.cpp:10|src/functions/1000eae0.cpp:10|src/functions/1000eae0.cpp:13|src/functions/1000eae0.cpp:17
0x1003c3bc,.data,DAT_1003c3bc,24,6,std::int32_t|std::uint32_t**,2,6,src/functions/1000b620.cpp|src/functions/1000eb40.cpp|src/functions/1000eba0.cpp|src/functions/1000ec00.cpp|src/functions/1000ec60.cpp|src/functions/1000ecc0.cpp,src/functions/1000b620.cpp:5:std::uint32_t** DAT_1003c3bc|src/functions/1000eb40.cpp:3:std::int32_t DAT_1003c3bc|src/functions/1000eba0.cpp:3:std::int32_t DAT_1003c3bc|src/functions/1000ec00.cpp:3:std::int32_t DAT_1003c3bc|src/functions/1000ec60.cpp:3:std::int32_t DAT_1003c3bc|src/functions/1000ecc0.cpp:3:std::int32_t DAT_1003c3bc,18,6,1000b620|1000eb40|1000eba0|1000ec00|1000ec60|1000ecc0,src/functions/1000b620.cpp:18|src/functions/1000b620.cpp:20|src/functions/1000b620.cpp:27|src/functions/1000eb40.cpp:10|src/functions/1000eb40.cpp:13|src/functions/1000eb40.cpp:17|src/functions/1000eba0.cpp:10|src/functions/1000eba0.cpp:13|src/functions/1000eba0.cpp:17|src/functions/1000ec00.cpp:10|src/functions/1000ec00.cpp:13|src/functions/1000ec00.cpp:17|src/functions/1000ec60.cpp:10|src/functions/1000ec60.cpp:13|src/functions/1000ec60.cpp:17|src/functions/1000ecc0.cpp:10|src/functions/1000ecc0.cpp:13|src/functions/1000ecc0.cpp:17
0x1003c3c0,.data,DAT_1003c3c0,24,7,int|std::int32_t|std::uint32_t|void**,4,7,src/functions/1000b760.cpp|src/functions/1000b820.cpp|src/functions/1000ed20.cpp|src/functions/1000ed80.cpp|src/functions/1000ede0.cpp|src/functions/1000ee40.cpp|src/functions/1000eea0.cpp,src/functions/1000b760.cpp:4:void** DAT_1003c3c0|src/functions/1000b820.cpp:3:void** DAT_1003c3c0|src/functions/1000ed20.cpp:3:std::int32_t DAT_1003c3c0|src/functions/1000ed80.cpp:3:std::uint32_t DAT_1003c3c0|src/functions/1000ede0.cpp:3:std::int32_t DAT_1003c3c0|src/functions/1000ee40.cpp:3:std::int32_t DAT_1003c3c0|src/functions/1000eea0.cpp:21:int DAT_1003c3c0,17,7,1000b760|1000b820|1000ed20|1000ed80|1000ede0|1000ee40|1000eea0,src/functions/1000b760.cpp:18|src/functions/1000b760.cpp:20|src/functions/1000b760.cpp:26|src/functions/1000b820.cpp:20|src/functions/1000b820.cpp:22|src/functions/1000b820.cpp:29|src/functions/1000ed20.cpp:10|src/functions/1000ed20.cpp:13|src/functions/1000ed20.cpp:17|src/functions/1000ed80.cpp:22|src/functions/1000ede0.cpp:10|src/functions/1000ede0.cpp:13|src/functions/1000ede0.cpp:17|src/functions/1000ee40.cpp:10|src/functions/1000ee40.cpp:13|src/functions/1000ee40.cpp:17|src/functions/1000eea0.cpp:23
0x1003c3c4,.data,DAT_1003c3c4,25,7,std::int32_t|std::uint32_t|void**,3,7,src/functions/1000b960.cpp|src/functions/1000ba20.cpp|src/functions/1000ef00.cpp|src/functions/1000ef60.cpp|src/functions/1000efc0.cpp|src/functions/1000f020.cpp|src/functions/1000f080.cpp,src/functions/1000b960.cpp:3:void** DAT_1003c3c4|src/functions/1000ba20.cpp:3:void** DAT_1003c3c4|src/functions/1000ef00.cpp:3:std::int32_t DAT_1003c3c4|src/functions/1000ef60.cpp:3:std::int32_t DAT_1003c3c4|src/functions/1000efc0.cpp:3:std::int32_t DAT_1003c3c4|src/functions/1000f020.cpp:3:std::uint32_t DAT_1003c3c4|src/functions/1000f080.cpp:3:std::int32_t DAT_1003c3c4,18,7,1000b960|1000ba20|1000ef00|1000ef60|1000efc0|1000f020|1000f080,src/functions/1000b960.cpp:22|src/functions/1000b960.cpp:24|src/functions/1000ba20.cpp:20|src/functions/1000ba20.cpp:22|src/functions/1000ba20.cpp:29|src/functions/1000ef00.cpp:10|src/functions/1000ef00.cpp:13|src/functions/1000ef00.cpp:17|src/functions/1000ef60.cpp:10|src/functions/1000ef60.cpp:13|src/functions/1000ef60.cpp:17|src/functions/1000efc0.cpp:10|src/functions/1000efc0.cpp:13|src/functions/1000efc0.cpp:17|src/functions/1000f020.cpp:11|src/functions/1000f080.cpp:10|src/functions/1000f080.cpp:13|src/functions/1000f080.cpp:17
0x1003c3c8,.data,DAT_1003c3c8,22,6,std::int32_t|void**,2,6,src/functions/1000bbe0.cpp|src/functions/1000f2c0.cpp|src/functions/1000f320.cpp|src/functions/1000f380.cpp|src/functions/1000f3e0.cpp|src/functions/1000f440.cpp,src/functions/1000bbe0.cpp:3:void** DAT_1003c3c8|src/functions/1000f2c0.cpp:3:std::int32_t DAT_1003c3c8|src/functions/1000f320.cpp:3:std::int32_t DAT_1003c3c8|src/functions/1000f380.cpp:3:std::int32_t DAT_1003c3c8|src/functions/1000f3e0.cpp:3:std::int32_t DAT_1003c3c8|src/functions/1000f440.cpp:3:std::int32_t DAT_1003c3c8,16,6,1000bbe0|1000f2c0|1000f320|1000f380|1000f3e0|1000f440,src/functions/1000bbe0.cpp:18|src/functions/1000bbe0.cpp:20|src/functions/1000bbe0.cpp:27|src/functions/1000f2c0.cpp:10|src/functions/1000f2c0.cpp:13|src/functions/1000f2c0.cpp:17|src/functions/1000f320.cpp:10|src/functions/1000f320.cpp:13|src/functions/1000f320.cpp:17|src/functions/1000f380.cpp:10|src/functions/1000f380.cpp:13|src/functions/1000f380.cpp:17|src/functions/1000f3e0.cpp:10|src/functions/1000f440.cpp:10|src/functions/1000f440.cpp:13|src/functions/1000f440.cpp:17
0x1003c3cc,.data,DAT_1003c3cc,4,1,std::uint32_t**,1,1,src/functions/1000bd20.cpp,src/functions/1000bd20.cpp:3:std::uint32_t** DAT_1003c3cc,3,1,1000bd20,src/functions/1000bd20.cpp:19|src/functions/1000bd20.cpp:20|src/functions/1000bd20.cpp:27
0x1003c3d0,.data,DAT_1003c3d0,20,6,std::int32_t|std::uint32_t|void**|volatile std::uintptr_t,4,6,src/functions/1000be60.cpp|src/functions/1000f4a0.cpp|src/functions/1000f520.cpp|src/functions/1000f5a0.cpp|src/functions/1000f620.cpp|src/functions/1000f6a0.cpp,src/functions/1000be60.cpp:3:void** DAT_1003c3d0|src/functions/1000f4a0.cpp:3:volatile std::uintptr_t DAT_1003c3d0|src/functions/1000f520.cpp:3:std::int32_t DAT_1003c3d0|src/functions/1000f5a0.cpp:3:std::int32_t DAT_1003c3d0|src/functions/1000f620.cpp:3:std::uint32_t DAT_1003c3d0|src/functions/1000f6a0.cpp:3:std::int32_t DAT_1003c3d0,14,6,1000be60|1000f4a0|1000f520|1000f5a0|1000f620|1000f6a0,src/functions/1000be60.cpp:19|src/functions/1000be60.cpp:21|src/functions/1000be60.cpp:26|src/functions/1000f4a0.cpp:10|src/functions/1000f520.cpp:10|src/functions/1000f520.cpp:13|src/functions/1000f520.cpp:17|src/functions/1000f5a0.cpp:10|src/functions/1000f5a0.cpp:13|src/functions/1000f5a0.cpp:17|src/functions/1000f620.cpp:10|src/functions/1000f6a0.cpp:10|src/functions/1000f6a0.cpp:13|src/functions/1000f6a0.cpp:17
0x1003c3d4,.data,DAT_1003c3d4,20,6,std::int32_t|std::uint32_t|void**,3,6,src/functions/1000bfa0.cpp|src/functions/1000f720.cpp|src/functions/1000f7a0.cpp|src/functions/1000f820.cpp|src/functions/1000f8a0.cpp|src/functions/1000f920.cpp,src/functions/1000bfa0.cpp:3:void** DAT_1003c3d4|src/functions/1000f720.cpp:3:std::uint32_t DAT_1003c3d4|src/functions/1000f7a0.cpp:3:std::int32_t DAT_1003c3d4|src/functions/1000f820.cpp:20:std::uint32_t DAT_1003c3d4|src/functions/1000f8a0.cpp:3:std::int32_t DAT_1003c3d4|src/functions/1000f920.cpp:3:std::int32_t DAT_1003c3d4,14,6,1000bfa0|1000f720|1000f7a0|1000f820|1000f8a0|1000f920,src/functions/1000bfa0.cpp:19|src/functions/1000bfa0.cpp:21|src/functions/1000bfa0.cpp:28|src/functions/1000f720.cpp:23|src/functions/1000f7a0.cpp:10|src/functions/1000f7a0.cpp:13|src/functions/1000f7a0.cpp:17|src/functions/1000f820.cpp:23|src/functions/1000f8a0.cpp:10|src/functions/1000f8a0.cpp:13|src/functions/1000f8a0.cpp:17|src/functions/1000f920.cpp:10|src/functions/1000f920.cpp:13|src/functions/1000f920.cpp:17
0x1003c3d8,.data,DAT_1003c3d8,20,6,std::int32_t|std::uint32_t|std::uintptr_t|void**,4,6,src/functions/1000c0e0.cpp|src/functions/1000f9a0.cpp|src/functions/1000fa20.cpp|src/functions/1000faa0.cpp|src/functions/1000fb20.cpp|src/functions/1000fba0.cpp,src/functions/1000c0e0.cpp:3:void** DAT_1003c3d8|src/functions/1000f9a0.cpp:3:std::int32_t DAT_1003c3d8|src/functions/1000fa20.cpp:3:std::uintptr_t DAT_1003c3d8|src/functions/1000faa0.cpp:3:std::uint32_t DAT_1003c3d8|src/functions/1000fb20.cpp:3:std::int32_t DAT_1003c3d8|src/functions/1000fba0.cpp:3:std::uint32_t DAT_1003c3d8,14,6,1000c0e0|1000f9a0|1000fa20|1000faa0|1000fb20|1000fba0,src/functions/1000c0e0.cpp:24|src/functions/1000c0e0.cpp:26|src/functions/1000c0e0.cpp:34|src/functions/1000f9a0.cpp:10|src/functions/1000f9a0.cpp:13|src/functions/1000f9a0.cpp:17|src/functions/1000fa20.cpp:10|src/functions/1000faa0.cpp:10|src/functions/1000faa0.cpp:13|src/functions/1000faa0.cpp:16|src/functions/1000fb20.cpp:22|src/functions/1000fba0.cpp:10|src/functions/1000fba0.cpp:13|src/functions/1000fba0.cpp:16
0x1003c3dc,.data,DAT_1003c3dc,20,6,std::int32_t|std::uint8_t*|unsigned int|void**,4,6,src/functions/1000c220.cpp|src/functions/1000fc20.cpp|src/functions/1000fca0.cpp|src/functions/1000fd20.cpp|src/functions/1000fda0.cpp|src/functions/1000fe20.cpp,src/functions/1000c220.cpp:3:void** DAT_1003c3dc|src/functions/1000fc20.cpp:6:std::uint8_t* DAT_1003c3dc|src/functions/1000fca0.cpp:3:std::int32_t DAT_1003c3dc|src/functions/1000fd20.cpp:10:unsigned int DAT_1003c3dc|src/functions/1000fda0.cpp:3:std::int32_t DAT_1003c3dc|src/functions/1000fe20.cpp:3:std::int32_t DAT_1003c3dc,14,6,1000c220|1000fc20|1000fca0|1000fd20|1000fda0|1000fe20,src/functions/1000c220.cpp:19|src/functions/1000c220.cpp:21|src/functions/1000c220.cpp:28|src/functions/1000fc20.cpp:10|src/functions/1000fca0.cpp:10|src/functions/1000fca0.cpp:13|src/functions/1000fca0.cpp:17|src/functions/1000fd20.cpp:13|src/functions/1000fda0.cpp:10|src/functions/1000fda0.cpp:13|src/functions/1000fda0.cpp:17|src/functions/1000fe20.cpp:10|src/functions/1000fe20.cpp:13|src/functions/1000fe20.cpp:17
0x1003c3e0,.data,DAT_1003c3e0,20,6,std::int32_t|std::uint32_t|std::uintptr_t|void**,4,6,src/functions/1000c360.cpp|src/functions/1000fea0.cpp|src/functions/1000ff20.cpp|src/functions/1000ffa0.cpp|src/functions/10010020.cpp|src/functions/100100a0.cpp,src/functions/1000c360.cpp:3:void** DAT_1003c3e0|src/functions/1000fea0.cpp:3:std::int32_t DAT_1003c3e0|src/functions/1000ff20.cpp:3:std::int32_t DAT_1003c3e0|src/functions/1000ffa0.cpp:6:std::uintptr_t DAT_1003c3e0|src/functions/10010020.cpp:3:std::int32_t DAT_1003c3e0|src/functions/100100a0.cpp:3:std::uint32_t DAT_1003c3e0,14,6,1000c360|1000fea0|1000ff20|1000ffa0|10010020|100100a0,src/functions/1000c360.cpp:19|src/functions/1000c360.cpp:21|src/functions/1000c360.cpp:28|src/functions/1000fea0.cpp:10|src/functions/1000fea0.cpp:13|src/functions/1000fea0.cpp:17|src/functions/1000ff20.cpp:10|src/functions/1000ff20.cpp:13|src/functions/1000ff20.cpp:17|src/functions/1000ffa0.cpp:10|src/functions/10010020.cpp:10|src/functions/10010020.cpp:13|src/functions/10010020.cpp:17|src/functions/100100a0.cpp:10
0x1003c3e4,.data,DAT_1003c3e4,20,5,std::int32_t,1,5,src/functions/1000f0e0.cpp|src/functions/1000f140.cpp|src/functions/1000f1a0.cpp|src/functions/1000f200.cpp|src/functions/1000f260.cpp,src/functions/1000f0e0.cpp:3:std::int32_t DAT_1003c3e4|src/functions/1000f140.cpp:3:std::int32_t DAT_1003c3e4|src/functions/1000f1a0.cpp:3:std::int32_t DAT_1003c3e4|src/functions/1000f200.cpp:3:std::int32_t DAT_1003c3e4|src/functions/1000f260.cpp:3:std::int32_t DAT_1003c3e4,15,5,1000f0e0|1000f140|1000f1a0|1000f200|1000f260,src/functions/1000f0e0.cpp:10|src/functions/1000f0e0.cpp:13|src/functions/1000f0e0.cpp:17|src/functions/1000f140.cpp:10|src/functions/1000f140.cpp:13|src/functions/1000f140.cpp:17|src/functions/1000f1a0.cpp:10|src/functions/1000f1a0.cpp:13|src/functions/1000f1a0.cpp:17|src/functions/1000f200.cpp:10|src/functions/1000f200.cpp:13|src/functions/1000f200.cpp:17|src/functions/1000f260.cpp:10|src/functions/1000f260.cpp:13|src/functions/1000f260.cpp:17
0x1003c3e8,.data,DAT_1003c3e8,59,7,HANDLE|std::uint8_t,2,7,src/functions/10009360.cpp|src/functions/10009580.cpp|src/functions/1000a350.cpp|src/functions/1000c420.cpp|src/functions/1000cf80.cpp|src/functions/1000d030.cpp|src/functions/1000d140.cpp,src/functions/10009360.cpp:5:HANDLE DAT_1003c3e8|src/functions/10009580.cpp:9:HANDLE DAT_1003c3e8|src/functions/1000a350.cpp:6:HANDLE DAT_1003c3e8|src/functions/1000c420.cpp:18:HANDLE DAT_1003c3e8|src/functions/1000cf80.cpp:5:std::uint8_t DAT_1003c3e8|src/functions/1000d030.cpp:7:HANDLE DAT_1003c3e8|src/functions/1000d140.cpp:27:HANDLE DAT_1003c3e8,52,7,10009360|10009580|1000a350|1000c420|1000cf80|1000d030|1000d140,src/functions/10009360.cpp:21|src/functions/10009360.cpp:28|src/functions/10009360.cpp:34|src/functions/10009360.cpp:37|src/functions/10009360.cpp:40|src/functions/10009360.cpp:50|src/functions/10009360.cpp:53|src/functions/10009360.cpp:57|src/functions/10009360.cpp:58|src/functions/10009360.cpp:61|src/functions/10009360.cpp:70|src/functions/10009580.cpp:17|src/functions/10009580.cpp:22|src/functions/10009580.cpp:23|src/functions/1000a350.cpp:23|src/functions/1000a350.cpp:30|src/functions/1000a350.cpp:36|src/functions/1000a350.cpp:40|src/functions/1000a350.cpp:42|src/functions/1000a350.cpp:53|src/functions/1000a350.cpp:55|src/functions/1000a350.cpp:59|src/functions/1000a350.cpp:65|src/functions/1000a350.cpp:67|src/functions/1000a350.cpp:74|src/functions/1000a350.cpp:80|src/functions/1000c420.cpp:33|src/functions/1000c420.cpp:38|src/functions/1000cf80.cpp:24|src/functions/1000cf80.cpp:29|src/functions/1000d030.cpp:38|src/functions/1000d030.cpp:45|src/functions/1000d030.cpp:51|src/functions/1000d030.cpp:55|src/functions/1000d030.cpp:57|src/functions/1000d030.cpp:68|src/functions/1000d030.cpp:70|src/functions/1000d030.cpp:74|src/functions/1000d030.cpp:78|src/functions/1000d030.cpp:80|src/functions/1000d030.cpp:90|src/functions/1000d140.cpp:41|src/functions/1000d140.cpp:52|src/functions/1000d140.cpp:60|src/functions/1000d140.cpp:64|src/functions/1000d140.cpp:66|src/functions/1000d140.cpp:77|src/functions/1000d140.cpp:79|src/functions/1000d140.cpp:85|src/functions/1000d140.cpp:89|src/functions/1000d140.cpp:91|src/functions/1000d140.cpp:106
0x1003c3ec,.data,DAT_1003c3ec,57,8,MappedObject*|StateAt1003c3ec*|int*|std::uint8_t*,4,8,src/functions/10009360.cpp|src/functions/100094d0.cpp|src/functions/10009580.cpp|src/functions/1000a350.cpp|src/functions/1000c420.cpp|src/functions/1000cf80.cpp|src/functions/1000d030.cpp|src/functions/1000d140.cpp,src/functions/10009360.cpp:6:int* DAT_1003c3ec|src/functions/100094d0.cpp:3:int* DAT_1003c3ec|src/functions/10009580.cpp:10:MappedObject* DAT_1003c3ec|src/functions/1000a350.cpp:7:int* DAT_1003c3ec|src/functions/1000c420.cpp:19:StateAt1003c3ec* DAT_1003c3ec|src/functions/1000cf80.cpp:6:std::uint8_t* DAT_1003c3ec|src/functions/1000d030.cpp:8:int* DAT_1003c3ec|src/functions/1000d140.cpp:28:int* DAT_1003c3ec,49,8,10009360|100094d0|10009580|1000a350|1000c420|1000cf80|1000d030|1000d140,src/functions/10009360.cpp:22|src/functions/10009360.cpp:26|src/functions/10009360.cpp:32|src/functions/10009360.cpp:33|src/functions/10009360.cpp:35|src/functions/10009360.cpp:38|src/functions/10009360.cpp:40|src/functions/10009360.cpp:51|src/functions/10009360.cpp:59|src/functions/10009360.cpp:71|src/functions/100094d0.cpp:12|src/functions/10009580.cpp:19|src/functions/10009580.cpp:20|src/functions/10009580.cpp:21|src/functions/1000a350.cpp:24|src/functions/1000a350.cpp:28|src/functions/1000a350.cpp:34|src/functions/1000a350.cpp:35|src/functions/1000a350.cpp:37|src/functions/1000a350.cpp:39|src/functions/1000a350.cpp:42|src/functions/1000a350.cpp:52|src/functions/1000a350.cpp:64|src/functions/1000a350.cpp:73|src/functions/1000a350.cpp:79|src/functions/1000c420.cpp:34|src/functions/1000c420.cpp:46|src/functions/1000cf80.cpp:25|src/functions/1000cf80.cpp:38|src/functions/1000d030.cpp:39|src/functions/1000d030.cpp:43|src/functions/1000d030.cpp:49|src/functions/1000d030.cpp:50|src/functions/1000d030.cpp:52|src/functions/1000d030.cpp:54|src/functions/1000d030.cpp:57|src/functions/1000d030.cpp:67|src/functions/1000d030.cpp:77|src/functions/1000d030.cpp:89|src/functions/1000d140.cpp:42|src/functions/1000d140.cpp:50|src/functions/1000d140.cpp:58|src/functions/1000d140.cpp:59|src/functions/1000d140.cpp:61|src/functions/1000d140.cpp:63|src/functions/1000d140.cpp:66|src/functions/1000d140.cpp:76|src/functions/1000d140.cpp:88|src/functions/1000d140.cpp:105
0x1003c3f0,.data,DAT_1003c3f0,18,4,const char*,1,4,src/functions/10009610.cpp|src/functions/100096e0.cpp|src/functions/1000c480.cpp|src/functions/1000cdc0.cpp,src/functions/10009610.cpp:4:const char* _DAT_1003c3f0|src/functions/100096e0.cpp:5:const char* DAT_1003c3f0|src/functions/1000c480.cpp:4:const char* _DAT_1003c3f0|src/functions/1000cdc0.cpp:5:const char* _DAT_1003c3f0,14,4,10009610|100096e0|1000c480|1000cdc0,src/functions/10009610.cpp:36|src/functions/10009610.cpp:58|src/functions/100096e0.cpp:19|src/functions/100096e0.cpp:31|src/functions/1000c480.cpp:36|src/functions/1000c480.cpp:54|src/functions/1000c480.cpp:72|src/functions/1000c480.cpp:90|src/functions/1000c480.cpp:108|src/functions/1000cdc0.cpp:41|src/functions/1000cdc0.cpp:59|src/functions/1000cdc0.cpp:77|src/functions/1000cdc0.cpp:95|src/functions/1000cdc0.cpp:113
0x1003c3f4,.data,DAT_1003c3f4,31,4,std::uint16_t|std::uint8_t,2,5,src/functions/10009120.cpp|src/functions/10009610.cpp|src/functions/100096e0.cpp|src/functions/1000c480.cpp|src/functions/1000cdc0.cpp,src/functions/10009610.cpp:5:std::uint8_t DAT_1003c3f4|src/functions/100096e0.cpp:6:std::uint16_t DAT_1003c3f4|src/functions/1000c480.cpp:5:std::uint16_t _DAT_1003c3f4|src/functions/1000cdc0.cpp:6:std::uint16_t _DAT_1003c3f4,27,5,10009120|10009610|100096e0|1000c480|1000cdc0,src/functions/10009120.cpp:12|src/functions/10009120.cpp:24|src/functions/10009120.cpp:64|src/functions/10009120.cpp:72|src/functions/10009120.cpp:81|src/functions/10009120.cpp:88|src/functions/10009120.cpp:102|src/functions/10009120.cpp:109|src/functions/10009120.cpp:116|src/functions/10009120.cpp:136|src/functions/10009120.cpp:141|src/functions/10009120.cpp:147|src/functions/10009120.cpp:153|src/functions/10009610.cpp:42|src/functions/10009610.cpp:64|src/functions/100096e0.cpp:21|src/functions/100096e0.cpp:33|src/functions/1000c480.cpp:38|src/functions/1000c480.cpp:56|src/functions/1000c480.cpp:74|src/functions/1000c480.cpp:92|src/functions/1000c480.cpp:110|src/functions/1000cdc0.cpp:43|src/functions/1000cdc0.cpp:61|src/functions/1000cdc0.cpp:79|src/functions/1000cdc0.cpp:97|src/functions/1000cdc0.cpp:115
0x1003c3f5,.data,DAT_1003c3f5,3,1,std::uint8_t,1,1,src/functions/10009610.cpp,src/functions/10009610.cpp:6:std::uint8_t DAT_1003c3f5,2,1,10009610,src/functions/10009610.cpp:41|src/functions/10009610.cpp:63
0x1003c3f6,.data,DAT_1003c3f6,31,4,std::uint16_t|std::uint8_t,2,5,src/functions/10009120.cpp|src/functions/10009610.cpp|src/functions/100096e0.cpp|src/functions/1000c480.cpp|src/functions/1000cdc0.cpp,src/functions/10009610.cpp:7:std::uint8_t DAT_1003c3f6|src/functions/100096e0.cpp:7:std::uint16_t DAT_1003c3f6|src/functions/1000c480.cpp:6:std::uint16_t _DAT_1003c3f6|src/functions/1000cdc0.cpp:7:std::uint16_t _DAT_1003c3f6,27,5,10009120|10009610|100096e0|1000c480|1000cdc0,src/functions/10009120.cpp:14|src/functions/10009120.cpp:21|src/functions/10009120.cpp:65|src/functions/10009120.cpp:73|src/functions/10009120.cpp:82|src/functions/10009120.cpp:89|src/functions/10009120.cpp:103|src/functions/10009120.cpp:110|src/functions/10009120.cpp:117|src/functions/10009120.cpp:137|src/functions/10009120.cpp:142|src/functions/10009120.cpp:148|src/functions/10009120.cpp:154|src/functions/10009610.cpp:40|src/functions/10009610.cpp:62|src/functions/100096e0.cpp:20|src/functions/100096e0.cpp:32|src/functions/1000c480.cpp:37|src/functions/1000c480.cpp:55|src/functions/1000c480.cpp:73|src/functions/1000c480.cpp:91|src/functions/1000c480.cpp:109|src/functions/1000cdc0.cpp:42|src/functions/1000cdc0.cpp:60|src/functions/1000cdc0.cpp:78|src/functions/1000cdc0.cpp:96|src/functions/1000cdc0.cpp:114
0x1003c3f7,.data,DAT_1003c3f7,3,1,std::uint8_t,1,1,src/functions/10009610.cpp,src/functions/10009610.cpp:8:std::uint8_t DAT_1003c3f7,2,1,10009610,src/functions/10009610.cpp:39|src/functions/10009610.cpp:61
0x1003c3f8,.data,DAT_1003c3f8,6,1,std::uint8_t,1,2,src/functions/10009120.cpp|src/functions/10009610.cpp,src/functions/10009610.cpp:9:std::uint8_t DAT_1003c3f8,5,2,10009120|10009610,src/functions/10009120.cpp:16|src/functions/10009120.cpp:22|src/functions/10009120.cpp:175|src/functions/10009610.cpp:38|src/functions/10009610.cpp:60
0x1003c3f9,.data,DAT_1003c3f9,16,1,std::uint8_t,1,2,src/functions/10009120.cpp|src/functions/10009610.cpp,src/functions/10009610.cpp:10:std::uint8_t DAT_1003c3f9,15,2,10009120|10009610,src/functions/10009120.cpp:18|src/functions/10009120.cpp:23|src/functions/10009120.cpp:66|src/functions/10009120.cpp:71|src/functions/10009120.cpp:83|src/functions/10009120.cpp:90|src/functions/10009120.cpp:104|src/functions/10009120.cpp:111|src/functions/10009120.cpp:118|src/functions/10009120.cpp:135|src/functions/10009120.cpp:143|src/functions/10009120.cpp:149|src/functions/10009120.cpp:155|src/functions/10009610.cpp:37|src/functions/10009610.cpp:59
0x1003c3fc,.data,DAT_1003c3fc,23,7,int|std::uint32_t,2,6,src/functions/10009360.cpp|src/functions/1000a350.cpp|src/functions/1000c420.cpp|src/functions/1000cf80.cpp|src/functions/1000d030.cpp|src/functions/1000d140.cpp,src/functions/10009360.cpp:4:int _DAT_1003c3fc|src/functions/1000a350.cpp:5:std::uint32_t _DAT_1003c3fc|src/functions/1000c420.cpp:17:std::uint32_t DAT_1003c3fc|src/functions/1000c420.cpp:23:std::uint32_t DAT_1003c3fc|src/functions/1000cf80.cpp:4:std::uint32_t _DAT_1003c3fc|src/functions/1000d030.cpp:6:std::uint32_t _DAT_1003c3fc|src/functions/1000d140.cpp:26:int DAT_1003c3fc,16,6,10009360|1000a350|1000c420|1000cf80|1000d030|1000d140,src/functions/10009360.cpp:18|src/functions/10009360.cpp:20|src/functions/1000a350.cpp:20|src/functions/1000a350.cpp:22|src/functions/1000a350.cpp:22|src/functions/1000c420.cpp:30|src/functions/1000c420.cpp:32|src/functions/1000c420.cpp:32|src/functions/1000cf80.cpp:21|src/functions/1000cf80.cpp:23|src/functions/1000cf80.cpp:23|src/functions/1000d030.cpp:35|src/functions/1000d030.cpp:37|src/functions/1000d140.cpp:38|src/functions/1000d140.cpp:40|src/functions/1000d140.cpp:40
0x1003c400,.data,DAT_1003c400,46,4,std::int32_t|std::uint32_t,2,4,src/functions/10009610.cpp|src/functions/100096e0.cpp|src/functions/1000c480.cpp|src/functions/1000cdc0.cpp,src/functions/10009610.cpp:3:std::uint32_t _DAT_1003c400|src/functions/100096e0.cpp:4:std::int32_t DAT_1003c400|src/functions/1000c480.cpp:3:std::uint32_t _DAT_1003c400|src/functions/1000cdc0.cpp:4:std::uint32_t _DAT_1003c400,42,4,10009610|100096e0|1000c480|1000cdc0,src/functions/10009610.cpp:33|src/functions/10009610.cpp:35|src/functions/10009610.cpp:35|src/functions/10009610.cpp:51|src/functions/10009610.cpp:57|src/functions/10009610.cpp:57|src/functions/100096e0.cpp:16|src/functions/100096e0.cpp:18|src/functions/100096e0.cpp:18|src/functions/100096e0.cpp:28|src/functions/100096e0.cpp:30|src/functions/100096e0.cpp:30|src/functions/1000c480.cpp:33|src/functions/1000c480.cpp:35|src/functions/1000c480.cpp:35|src/functions/1000c480.cpp:51|src/functions/1000c480.cpp:53|src/functions/1000c480.cpp:53|src/functions/1000c480.cpp:69|src/functions/1000c480.cpp:71|src/functions/1000c480.cpp:71|src/functions/1000c480.cpp:87|src/functions/1000c480.cpp:89|src/functions/1000c480.cpp:89|src/functions/1000c480.cpp:105|src/functions/1000c480.cpp:107|src/functions/1000c480.cpp:107|src/functions/1000cdc0.cpp:38|src/functions/1000cdc0.cpp:40|src/functions/1000cdc0.cpp:40|src/functions/1000cdc0.cpp:56|src/functions/1000cdc0.cpp:58|src/functions/1000cdc0.cpp:58|src/functions/1000cdc0.cpp:74|src/functions/1000cdc0.cpp:76|src/functions/1000cdc0.cpp:76|src/functions/1000cdc0.cpp:92|src/functions/1000cdc0.cpp:94|src/functions/1000cdc0.cpp:94|src/functions/1000cdc0.cpp:110|src/functions/1000cdc0.cpp:112|src/functions/1000cdc0.cpp:112
0x1003c404,.data,DAT_1003c404,12,4,std::uint32_t,1,4,src/functions/1001b3cf.cpp|src/functions/1001b3d8.cpp|src/functions/1001b508.cpp|src/functions/1001b5bd.cpp,src/functions/1001b3cf.cpp:6:std::uint32_t DAT_1003c404|src/functions/1001b3d8.cpp:6:std::uint32_t DAT_1003c404|src/functions/1001b508.cpp:6:std::uint32_t DAT_1003c404|src/functions/1001b5bd.cpp:3:std::uint32_t DAT_1003c404,8,4,1001b3cf|1001b3d8|1001b508|1001b5bd,src/functions/1001b3cf.cpp:32|src/functions/1001b3cf.cpp:62|src/functions/1001b3d8.cpp:28|src/functions/1001b3d8.cpp:58|src/functions/1001b508.cpp:28|src/functions/1001b508.cpp:58|src/functions/1001b5bd.cpp:35|src/functions/1001b5bd.cpp:70
0x1003c408,.data,DAT_1003c408,2,1,unsigned char,1,1,src/functions/1001bc9e.cpp,src/functions/1001bc9e.cpp:32:unsigned char DAT_1003c408,1,1,1001bc9e,src/functions/1001bc9e.cpp:124
0x1003c40c,.data,DAT_1003c40c,4,2,std::uint32_t,1,2,src/functions/1001b380.cpp|src/functions/1001b4b0.cpp,src/functions/1001b380.cpp:3:std::uint32_t DAT_1003c40c|src/functions/1001b4b0.cpp:3:std::uint32_t DAT_1003c40c,2,2,1001b380|1001b4b0,src/functions/1001b380.cpp:20|src/functions/1001b4b0.cpp:28
0x1003c410,.data,DAT_1003c410,2,1,unsigned int,1,1,src/functions/100172cd.cpp,src/functions/100172cd.cpp:5:unsigned int DAT_1003c410,1,1,100172cd,src/functions/100172cd.cpp:9
0x1003c414,.data,DAT_1003c414,12,6,int|std::int32_t|std::uint32_t|volatile std::uint32_t,4,6,src/functions/100111e0.cpp|src/functions/10016740.cpp|src/functions/100172f0.cpp|src/functions/1001ba40.cpp|src/functions/1001fc29.cpp|src/functions/100204f2.cpp,src/functions/100111e0.cpp:4:std::int32_t DAT_1003c414|src/functions/10016740.cpp:4:int DAT_1003c414|src/functions/100172f0.cpp:4:std::uint32_t DAT_1003c414|src/functions/1001ba40.cpp:3:volatile std::uint32_t DAT_1003c414|src/functions/1001fc29.cpp:3:volatile std::uint32_t DAT_1003c414|src/functions/100204f2.cpp:4:std::uint32_t DAT_1003c414,6,6,100111e0|10016740|100172f0|1001ba40|1001fc29|100204f2,src/functions/100111e0.cpp:238|src/functions/10016740.cpp:26|src/functions/100172f0.cpp:271|src/functions/1001ba40.cpp:15|src/functions/1001fc29.cpp:102|src/functions/100204f2.cpp:9
0x1003c418,.data,DAT_1003c418,30,12,int|std::uint32_t|unsigned int,3,12,src/functions/100132f6.cpp|src/functions/10013c74.cpp|src/functions/10016088.cpp|src/functions/1001663f.cpp|src/functions/10018f97.cpp|src/functions/10019018.cpp|src/functions/1001909e.cpp|src/functions/100191cd.cpp|src/functions/10019a63.cpp|src/functions/10019b37.cpp|src/functions/10019c10.cpp|src/functions/1001a685.cpp,src/functions/100132f6.cpp:6:std::uint32_t DAT_1003c418|src/functions/10013c74.cpp:3:std::uint32_t DAT_1003c418|src/functions/10016088.cpp:5:std::uint32_t DAT_1003c418|src/functions/1001663f.cpp:16:unsigned int DAT_1003c418|src/functions/10018f97.cpp:4:std::uint32_t DAT_1003c418|src/functions/10019018.cpp:4:std::uint32_t DAT_1003c418|src/functions/1001909e.cpp:3:std::uint32_t DAT_1003c418|src/functions/100191cd.cpp:6:int DAT_1003c418|src/functions/10019a63.cpp:15:unsigned int DAT_1003c418|src/functions/10019b37.cpp:14:std::uint32_t DAT_1003c418|src/functions/10019c10.cpp:6:std::uint32_t DAT_1003c418|src/functions/1001a685.cpp:16:std::uint32_t DAT_1003c418,18,12,100132f6|10013c74|10016088|1001663f|10018f97|10019018|1001909e|100191cd|10019a63|10019b37|10019c10|1001a685,src/functions/100132f6.cpp:29|src/functions/100132f6.cpp:69|src/functions/100132f6.cpp:76|src/functions/100132f6.cpp:81|src/functions/100132f6.cpp:119|src/functions/100132f6.cpp:218|src/functions/10013c74.cpp:31|src/functions/10016088.cpp:49|src/functions/1001663f.cpp:36|src/functions/10018f97.cpp:17|src/functions/10019018.cpp:17|src/functions/1001909e.cpp:20|src/functions/100191cd.cpp:47|src/functions/100191cd.cpp:47|src/functions/10019a63.cpp:36|src/functions/10019b37.cpp:34|src/functions/10019c10.cpp:19|src/functions/1001a685.cpp:37
0x1003c420,.data,DAT_1003C420|DAT_1003c420,90,29,char*[]|int[]|std::uint32_t[64]|std::uint8_t*|std::uint8_t*[0x40]|std::uint8_t*[]|std::uintptr_t[]|undefined*|undefined*[]|unsigned char*[32]|unsigned char*[]|void*[64],12,29,src/functions/10010540.cpp|src/functions/10010913.cpp|src/functions/100119f1.cpp|src/functions/100131d4.cpp|src/functions/100132f6.cpp|src/functions/1001353b.cpp|src/functions/10013bd8.cpp|src/functions/10013c74.cpp|src/functions/100152d1.cpp|src/functions/100154dc.cpp|src/functions/10016088.cpp|src/functions/1001663f.cpp|src/functions/100167ba.cpp|src/functions/100177d5.cpp|src/functions/100182c1.cpp|src/functions/10018a8b.cpp|src/functions/10018f97.cpp|src/functions/10019018.cpp|src/functions/1001909e.cpp|src/functions/10019107.cpp|src/functions/100191a6.cpp|src/functions/100191cd.cpp|src/functions/10019366.cpp|src/functions/10019a63.cpp|src/functions/10019b37.cpp|src/functions/10019c10.cpp|src/functions/1001a600.cpp|src/functions/1001a685.cpp|src/functions/1001b0ea.cpp,src/functions/10010540.cpp:39:unsigned char*[] DAT_1003c420|src/functions/10010913.cpp:23:unsigned char*[32] DAT_1003C420|src/functions/100119f1.cpp:71:undefined* DAT_1003c420|src/functions/100131d4.cpp:35:std::uint8_t*[] DAT_1003c420|src/functions/100132f6.cpp:7:void*[64] DAT_1003c420|src/functions/1001353b.cpp:4:std::uint32_t[64] DAT_1003c420|src/functions/10013bd8.cpp:8:std::uint8_t* DAT_1003c420|src/functions/10013c74.cpp:4:std::uint8_t* DAT_1003c420|src/functions/100152d1.cpp:44:undefined*[] DAT_1003c420|src/functions/100154dc.cpp:54:std::uint8_t*[] DAT_1003c420|src/functions/10016088.cpp:6:std::uint8_t*[] DAT_1003c420|src/functions/1001663f.cpp:17:unsigned char*[] DAT_1003c420|src/functions/100167ba.cpp:7:std::uint8_t*[] DAT_1003c420|src/functions/100177d5.cpp:34:unsigned char*[] DAT_1003c420|src/functions/100182c1.cpp:5:std::uintptr_t[] DAT_1003c420|src/functions/10018a8b.cpp:3:std::uintptr_t[] DAT_1003c420|src/functions/10018f97.cpp:5:std::uint8_t*[] DAT_1003c420|src/functions/10019018.cpp:5:std::uint8_t*[] DAT_1003c420|src/functions/1001909e.cpp:4:std::uint8_t*[] DAT_1003c420|src/functions/10019107.cpp:4:std::uint8_t*[] DAT_1003c420|src/functions/100191a6.cpp:4:std::uint8_t*[] DAT_1003c420|src/functions/100191cd.cpp:5:std::uint8_t*[0x40] DAT_1003c420|src/functions/10019366.cpp:25:std::uint8_t*[] DAT_1003c420|src/functions/10019a63.cpp:16:unsigned char*[] DAT_1003c420|src/functions/10019b37.cpp:15:std::uint8_t*[] DAT_1003c420|src/functions/10019c10.cpp:7:char*[] DAT_1003c420|src/functions/1001a600.cpp:8:std::uint8_t*[] DAT_1003c420|src/functions/1001a685.cpp:17:std::uint8_t*[] DAT_1003c420|src/functions/1001b0ea.cpp:3:int[] DAT_1003c420,61,29,10010540|10010913|100119f1|100131d4|100132f6|1001353b|10013bd8|10013c74|100152d1|100154dc|10016088|1001663f|100167ba|100177d5|100182c1|10018a8b|10018f97|10019018|1001909e|10019107|100191a6|100191cd|10019366|10019a63|10019b37|10019c10|1001a600|1001a685|1001b0ea,src/functions/10010540.cpp:74|src/functions/10010540.cpp:87|src/functions/10010913.cpp:54|src/functions/10010913.cpp:70|src/functions/100119f1.cpp:179|src/functions/100119f1.cpp:187|src/functions/100131d4.cpp:94|src/functions/100132f6.cpp:30|src/functions/100132f6.cpp:71|src/functions/100132f6.cpp:137|src/functions/100132f6.cpp:167|src/functions/1001353b.cpp:9|src/functions/1001353b.cpp:52|src/functions/10013bd8.cpp:24|src/functions/10013bd8.cpp:26|src/functions/10013bd8.cpp:51|src/functions/10013c74.cpp:35|src/functions/10013c74.cpp:40|src/functions/100152d1.cpp:120|src/functions/100154dc.cpp:143|src/functions/100154dc.cpp:157|src/functions/10016088.cpp:57|src/functions/1001663f.cpp:40|src/functions/1001663f.cpp:47|src/functions/100167ba.cpp:48|src/functions/100177d5.cpp:49|src/functions/100177d5.cpp:57|src/functions/100182c1.cpp:222|src/functions/100182c1.cpp:237|src/functions/100182c1.cpp:263|src/functions/100182c1.cpp:267|src/functions/100182c1.cpp:509|src/functions/100182c1.cpp:512|src/functions/100182c1.cpp:515|src/functions/100182c1.cpp:519|src/functions/100182c1.cpp:523|src/functions/100182c1.cpp:528|src/functions/100182c1.cpp:551|src/functions/100182c1.cpp:560|src/functions/10018a8b.cpp:23|src/functions/10018f97.cpp:23|src/functions/10019018.cpp:22|src/functions/1001909e.cpp:25|src/functions/10019107.cpp:12|src/functions/100191a6.cpp:10|src/functions/100191cd.cpp:37|src/functions/100191cd.cpp:46|src/functions/100191cd.cpp:50|src/functions/100191cd.cpp:60|src/functions/100191cd.cpp:73|src/functions/100191cd.cpp:118|src/functions/10019366.cpp:100|src/functions/10019a63.cpp:40|src/functions/10019a63.cpp:44|src/functions/10019b37.cpp:37|src/functions/10019b37.cpp:40|src/functions/10019c10.cpp:23|src/functions/1001a600.cpp:57|src/functions/1001a685.cpp:41|src/functions/1001a685.cpp:45|src/functions/1001b0ea.cpp:15
0x1003c520,.data,DAT_1003c520,9,4,CRTStreamBlock_0x38**|int*|void*|void*[],4,4,src/functions/1001384b.cpp|src/functions/10013e19.cpp|src/functions/10013ebb.cpp|src/functions/100181dc.cpp,src/functions/1001384b.cpp:41:CRTStreamBlock_0x38** DAT_1003c520|src/functions/10013e19.cpp:15:void*[] DAT_1003c520|src/functions/10013ebb.cpp:11:void* DAT_1003c520|src/functions/100181dc.cpp:6:int* DAT_1003c520,5,4,1001384b|10013e19|10013ebb|100181dc,src/functions/1001384b.cpp:70|src/functions/10013e19.cpp:33|src/functions/10013e19.cpp:43|src/functions/10013ebb.cpp:15|src/functions/100181dc.cpp:24
0x1003d540,.data,DAT_1003d540,6,3,int,1,3,src/functions/1001384b.cpp|src/functions/10013e19.cpp|src/functions/100181dc.cpp,src/functions/1001384b.cpp:40:int DAT_1003d540|src/functions/10013e19.cpp:14:int DAT_1003d540|src/functions/100181dc.cpp:5:int DAT_1003d540,3,3,1001384b|10013e19|100181dc,src/functions/1001384b.cpp:65|src/functions/10013e19.cpp:31|src/functions/100181dc.cpp:22
0x1003d544,.data,DAT_1003d544,2,1,std::uint32_t,1,1,src/functions/100168fe.cpp,src/functions/100168fe.cpp:8:std::uint32_t _DAT_1003d544,1,1,100168fe,src/functions/100168fe.cpp:67
0x1003d548,.data,DAT_1003d548,6,2,PVOID|void*,2,2,src/functions/10010406.cpp|src/functions/10012c9c.cpp,src/functions/10010406.cpp:11:PVOID DAT_1003d548|src/functions/10012c9c.cpp:16:void* DAT_1003d548,4,2,10010406|10012c9c,src/functions/10010406.cpp:19|src/functions/10010406.cpp:70|src/functions/10012c9c.cpp:41|src/functions/10012c9c.cpp:67
0x1003d54c,.data,DAT_1003d54c,6,2,PVOID|void*,2,2,src/functions/10010406.cpp|src/functions/10012c9c.cpp,src/functions/10010406.cpp:12:PVOID DAT_1003d54c|src/functions/10012c9c.cpp:15:void* DAT_1003d54c,4,2,10010406|10012c9c,src/functions/10010406.cpp:17|src/functions/10010406.cpp:63|src/functions/10012c9c.cpp:36|src/functions/10012c9c.cpp:65
0x1003d550,.data,DAT_1003d550,7,3,int|std::uint32_t,2,3,src/functions/100148e9.cpp|src/functions/100168fe.cpp|src/functions/10016b74.cpp,src/functions/100148e9.cpp:3:int DAT_1003d550|src/functions/100168fe.cpp:5:std::uint32_t DAT_1003d550|src/functions/10016b74.cpp:4:std::uint32_t DAT_1003d550,4,3,100148e9|100168fe|10016b74,src/functions/100148e9.cpp:8|src/functions/100148e9.cpp:11|src/functions/100168fe.cpp:32|src/functions/10016b74.cpp:35
0x1003d554,.data,DAT_1003d554,4,1,RuntimeFunction,1,1,src/functions/10012c05.cpp,src/functions/10012c05.cpp:18:RuntimeFunction DAT_1003d554,3,1,10012c05,src/functions/10012c05.cpp:50|src/functions/10012c05.cpp:52|src/functions/10012c05.cpp:54
0x1003d558,.data,DAT_1003d558,6,2,char*,1,2,src/functions/10010f59.cpp|src/functions/10016b74.cpp,src/functions/10010f59.cpp:41:char* DAT_1003d558|src/functions/10016b74.cpp:8:char* DAT_1003d558,4,2,10010f59|10016b74,src/functions/10010f59.cpp:78|src/functions/10016b74.cpp:46|src/functions/10016b74.cpp:46|src/functions/10016b74.cpp:52
