entry_va,entry_offset,target_va,source_va,source_function,source_function_name,reference_type
10001010,0,10001010,10022250,,,DATA
10001040,0,10001040,1000875a,10008140,"FUN_10008140",DATA
10001350,0,10001350,1000876c,10008140,"FUN_10008140",UNCONDITIONAL_CALL
100013e0,0,100013e0,10020a70,10020a70,"thunk_FUN_100013e0",UNCONDITIONAL_CALL
10001430,0,10001430,10001305,10001040,"FUN_10001040",UNCONDITIONAL_CALL
100014c0,0,100014c0,10001055,10001040,"FUN_10001040",UNCONDITIONAL_CALL
100014c0,0,100014c0,100010bd,10001040,"FUN_10001040",UNCONDITIONAL_CALL
100014c0,0,100014c0,1000111d,10001040,"FUN_10001040",UNCONDITIONAL_CALL
100014c0,0,100014c0,100011b0,10001040,"FUN_10001040",UNCONDITIONAL_CALL
100014c0,0,100014c0,1000122d,10001040,"FUN_10001040",UNCONDITIONAL_CALL
100014c0,0,100014c0,100012c3,10001040,"FUN_10001040",UNCONDITIONAL_CALL
100014c0,0,100014c0,100015aa,10001590,"FUN_10001590",UNCONDITIONAL_CALL
100014c0,0,100014c0,1000167a,10001630,"FUN_10001630",UNCONDITIONAL_CALL
100014c0,0,100014c0,1000221e,10002210,"FUN_10002210",UNCONDITIONAL_CALL
100014c0,0,100014c0,10002228,10002210,"FUN_10002210",UNCONDITIONAL_CALL
100014c0,0,100014c0,100024aa,10002210,"FUN_10002210",UNCONDITIONAL_CALL
100014c0,0,100014c0,100024b4,10002210,"FUN_10002210",UNCONDITIONAL_CALL
100014c0,0,100014c0,10002fdc,10002210,"FUN_10002210",UNCONDITIONAL_CALL
100014c0,0,100014c0,10002fff,10002210,"FUN_10002210",UNCONDITIONAL_CALL
100014c0,0,100014c0,10003021,10002210,"FUN_10002210",UNCONDITIONAL_CALL
100014c0,0,100014c0,10003824,10003810,"FUN_10003810",UNCONDITIONAL_CALL
100014c0,0,100014c0,10003ba8,10003ba0,"FUN_10003ba0",UNCONDITIONAL_CALL
100014c0,0,100014c0,10003c69,10003ba0,"FUN_10003ba0",UNCONDITIONAL_CALL
100014c0,0,100014c0,10003cba,10003ba0,"FUN_10003ba0",UNCONDITIONAL_CALL
100014c0,0,100014c0,10003d09,10003ba0,"FUN_10003ba0",UNCONDITIONAL_CALL
100014c0,0,100014c0,10003d71,10003ba0,"FUN_10003ba0",UNCONDITIONAL_CALL
100014c0,0,100014c0,10003dc8,10003ba0,"FUN_10003ba0",UNCONDITIONAL_CALL
100014c0,0,100014c0,10003e1c,10003ba0,"FUN_10003ba0",UNCONDITIONAL_CALL
100014c0,0,100014c0,10008290,10008140,"FUN_10008140",UNCONDITIONAL_CALL
100014c0,0,100014c0,1000838c,10008140,"FUN_10008140",UNCONDITIONAL_CALL
100014c0,0,100014c0,10008447,10008140,"FUN_10008140",UNCONDITIONAL_CALL
100014c0,0,100014c0,100084ff,10008140,"FUN_10008140",UNCONDITIONAL_CALL
100014c0,0,100014c0,100085ba,10008140,"FUN_10008140",UNCONDITIONAL_CALL
100014c0,0,100014c0,10008672,10008140,"FUN_10008140",UNCONDITIONAL_CALL
100014c0,0,100014c0,1000185e,,,UNCONDITIONAL_CALL
100014c0,0,100014c0,1000188b,,,UNCONDITIONAL_CALL
100014c0,0,100014c0,100030b6,,,UNCONDITIONAL_CALL
100014c0,0,100014c0,100030f1,,,UNCONDITIONAL_CALL
100014c0,0,100014c0,1000174f,10001730,"FUN_10001730",UNCONDITIONAL_CALL
10001520,0,10001520,10001e08,10001db0,"FUN_10001db0",UNCONDITIONAL_CALL
10001590,0,10001590,10003c15,10003ba0,"FUN_10003ba0",UNCONDITIONAL_CALL
10001630,0,10001630,10008104,10008000,"FUN_10008000",UNCONDITIONAL_CALL
10001730,0,10001730,100089f9,,,UNCONDITIONAL_CALL
10001730,0,10001730,10008a54,,,UNCONDITIONAL_CALL
10001730,0,10001730,10008a68,,,UNCONDITIONAL_CALL
10001730,0,10001730,10008a7c,,,UNCONDITIONAL_CALL
10001730,0,10001730,10008a90,,,UNCONDITIONAL_CALL
10001730,0,10001730,10008aa4,,,UNCONDITIONAL_CALL
10001730,0,10001730,10008ab8,,,UNCONDITIONAL_CALL
10001770,0,10001770,10002ff0,10002210,"FUN_10002210",UNCONDITIONAL_CALL
100018a0,0,100018a0,100017b8,10001770,"FUN_10001770",DATA
100018a0,0,100018a0,10001818,10001770,"FUN_10001770",DATA
10001980,0,10001980,10001959,100018a0,"FUN_100018a0",DATA
10001ad0,0,10001ad0,1000186d,,,DATA
10001b00,0,10001b00,10001868,,,DATA
10001b30,0,10001b30,10001863,,,DATA
10001b90,0,10001b90,10001d07,10001b90,"FUN_10001b90",UNCONDITIONAL_CALL
10001b90,0,10001b90,1000872b,10008140,"FUN_10008140",UNCONDITIONAL_CALL
10001b90,0,10001b90,10008764,10008140,"FUN_10008140",UNCONDITIONAL_CALL
10001db0,0,10001db0,10011124,100110bd,"___DllMainCRTStartup",UNCONDITIONAL_CALL
10001db0,0,10001db0,10011138,100110bd,"___DllMainCRTStartup",UNCONDITIONAL_CALL
10001e80,0,10001e80,10002ff5,10002210,"FUN_10002210",UNCONDITIONAL_CALL
10001fb0,0,10001fb0,1000779d,100076d0,"FUN_100076d0",UNCONDITIONAL_CALL
10001fb0,0,10001fb0,1000780e,100076d0,"FUN_100076d0",UNCONDITIONAL_CALL
10002210,0,10002210,10001e75,,,UNCONDITIONAL_CALL
10003130,0,10003130,100031e7,,,UNCONDITIONAL_CALL
10003200,0,10003200,10007f75,,,UNCONDITIONAL_CALL
10003340,0,10003340,10002fb1,10002210,"FUN_10002210",DATA
10003400,0,10003400,10002d38,10002210,"FUN_10002210",DATA
10003400,0,10003400,10002d94,10002210,"FUN_10002210",DATA
10003660,0,10003660,10002de8,10002210,"FUN_10002210",DATA
10003660,0,10003660,10002e4c,10002210,"FUN_10002210",DATA
10003810,0,10003810,10008721,10008140,"FUN_10008140",DATA
10003ba0,0,10003ba0,10002b4b,10002210,"FUN_10002210",DATA
10003e60,0,10003e60,10003f6d,10003f40,"FUN_10003f40",UNCONDITIONAL_CALL
10003f40,0,10003f40,10002b20,10002210,"FUN_10002210",DATA
10003f80,0,10003f80,100067e8,10006790,"FUN_10006790",UNCONDITIONAL_CALL
10003f80,0,10003f80,10006803,10006790,"FUN_10006790",UNCONDITIONAL_CALL
10003fb0,0,10003fb0,10006b71,10006ad0,"FUN_10006ad0",DATA
10003fb0,0,10003fb0,10006bab,10006ad0,"FUN_10006ad0",DATA
10003fb0,0,10003fb0,10006842,10006790,"FUN_10006790",DATA
10003fb0,0,10003fb0,10006871,10006790,"FUN_10006790",DATA
10003fb0,0,10003fb0,10003f8f,10003f80,"FUN_10003f80",DATA
10003fb0,0,10003fb0,10003fca,10003fb0,"FUN_10003fb0",DATA
10003fe0,0,10003fe0,10006b62,10006ad0,"FUN_10006ad0",DATA
10003fe0,0,10003fe0,10006b9c,10006ad0,"FUN_10006ad0",DATA
10003fe0,0,10003fe0,10006833,10006790,"FUN_10006790",DATA
10003fe0,0,10003fe0,10006862,10006790,"FUN_10006790",DATA
10003fe0,0,10003fe0,10003f81,10003f80,"FUN_10003f80",DATA
10003fe0,0,10003fe0,10003fbc,10003fb0,"FUN_10003fb0",DATA
10004000,0,10004000,1000465f,10004430,"FUN_10004430",UNCONDITIONAL_CALL
10004000,0,10004000,100049e3,100046f0,"FUN_100046f0",UNCONDITIONAL_CALL
10004000,0,10004000,10004a41,10004a00,"FUN_10004a00",UNCONDITIONAL_CALL
10004000,0,10004000,10004a58,10004a00,"FUN_10004a00",UNCONDITIONAL_CALL
10004000,0,10004000,10004b05,10004ab0,"FUN_10004ab0",UNCONDITIONAL_CALL
100042c0,0,100042c0,10002695,10002210,"FUN_10002210",DATA
10004430,0,10004430,100046d9,10004430,"FUN_10004430",DATA
10004430,0,10004430,10004378,100042c0,"FUN_100042c0",DATA
100046f0,0,100046f0,10004448,10004430,"FUN_10004430",UNCONDITIONAL_CALL
10004a00,0,10004a00,1000460f,10004430,"FUN_10004430",UNCONDITIONAL_CALL
10004a60,0,10004a60,1000303b,,,UNCONDITIONAL_CALL
10004ab0,0,10004ab0,100046cd,10004430,"FUN_10004430",UNCONDITIONAL_CALL
10004bb0,0,10004bb0,100051a8,100050e0,"FUN_100050e0",UNCONDITIONAL_CALL
100050e0,0,100050e0,100025dd,10002210,"FUN_10002210",DATA
10005670,0,10005670,100059d5,10005860,"FUN_10005860",UNCONDITIONAL_CALL
10005860,0,10005860,100076b8,100074d0,"FUN_100074d0",UNCONDITIONAL_CALL
10005b60,0,10005b60,100061e7,100060d0,"FUN_100060d0",UNCONDITIONAL_CALL
10005b60,0,10005b60,100062c0,100060d0,"FUN_100060d0",UNCONDITIONAL_CALL
10005b60,0,10005b60,100062dc,100060d0,"FUN_100060d0",UNCONDITIONAL_CALL
10005d30,0,10005d30,100062fd,100060d0,"FUN_100060d0",UNCONDITIONAL_CALL
10005ef0,0,10005ef0,100061fd,100060d0,"FUN_100060d0",UNCONDITIONAL_CALL
10005ef0,0,10005ef0,100062cc,100060d0,"FUN_100060d0",UNCONDITIONAL_CALL
100060d0,0,100060d0,10005b4b,10005860,"FUN_10005860",UNCONDITIONAL_CALL
10006360,0,10006360,100076a2,100074d0,"FUN_100074d0",UNCONDITIONAL_CALL
10006790,0,10006790,10006a38,100069e0,"FUN_100069e0",UNCONDITIONAL_CALL
100069e0,0,100069e0,100076a8,100074d0,"FUN_100074d0",UNCONDITIONAL_CALL
10006a50,0,10006a50,100076ad,100074d0,"FUN_100074d0",UNCONDITIONAL_CALL
10006ad0,0,10006ad0,100076b2,100074d0,"FUN_100074d0",UNCONDITIONAL_CALL
10006be0,0,10006be0,10005b1b,10005860,"FUN_10005860",UNCONDITIONAL_CALL
10007030,0,10007030,1000599b,10005860,"FUN_10005860",UNCONDITIONAL_CALL
100073f0,0,100073f0,10005d21,10005b60,"FUN_10005b60",UNCONDITIONAL_CALL
100073f0,0,100073f0,10005edc,10005d30,"FUN_10005d30",UNCONDITIONAL_CALL
100073f0,0,100073f0,100060b3,10005ef0,"FUN_10005ef0",UNCONDITIONAL_CALL
100073f0,0,100073f0,10007008,10006be0,"FUN_10006be0",UNCONDITIONAL_CALL
100073f0,0,100073f0,100073d0,10007030,"FUN_10007030",UNCONDITIONAL_CALL
100074d0,0,100074d0,10002525,10002210,"FUN_10002210",DATA
100076d0,0,100076d0,100024df,10002210,"FUN_10002210",DATA
100076d0,0,100076d0,100024cf,10002210,"FUN_10002210",DATA
10008000,0,10008000,100026c0,10002210,"FUN_10002210",DATA
10008140,0,10008140,10002581,10002210,"FUN_10002210",DATA
10008b70,0,10008b70,10002a29,10002210,"FUN_10002210",DATA
10008b70,0,10008b70,10002a19,10002210,"FUN_10002210",DATA
10008cb0,0,10008cb0,10008cfa,10008cb0,"FUN_10008cb0",DATA
10008cb0,0,10008cb0,10002a51,10002210,"FUN_10002210",DATA
10008cb0,0,10008cb0,10002a41,10002210,"FUN_10002210",DATA
10008d20,0,10008d20,10005ced,10005b60,"FUN_10005b60",UNCONDITIONAL_CALL
10008d20,0,10008d20,10005eb3,10005d30,"FUN_10005d30",UNCONDITIONAL_CALL
10008d20,0,10008d20,1000608a,10005ef0,"FUN_10005ef0",UNCONDITIONAL_CALL
10008d20,0,10008d20,10006fcf,10006be0,"FUN_10006be0",UNCONDITIONAL_CALL
10008d20,0,10008d20,1000739d,10007030,"FUN_10007030",UNCONDITIONAL_CALL
10008da0,0,10008da0,1000300c,10002210,"FUN_10002210",DATA
10008dd0,0,10008dd0,10003007,10002210,"FUN_10002210",DATA
10008e00,0,10008e00,10007b32,100076d0,"FUN_100076d0",UNCONDITIONAL_CALL
10008e00,0,10008e00,10007b6c,100076d0,"FUN_100076d0",UNCONDITIONAL_CALL
10008e00,0,10008e00,10007f9c,,,UNCONDITIONAL_CALL
10008e40,0,10008e40,100096ca,10009610,"FUN_10009610",UNCONDITIONAL_CALL
10008eb0,0,10008eb0,10008f73,10008f10,"FUN_10008f10",UNCONDITIONAL_CALL
10008f10,0,10008f10,10008fb5,10008fa0,"FUN_10008fa0",UNCONDITIONAL_CALL
10008f10,0,10008f10,10009075,10009060,"FUN_10009060",UNCONDITIONAL_CALL
10008fa0,0,10008fa0,1000ce0e,1000cdc0,"FUN_1000cdc0",UNCONDITIONAL_CALL
10008fa0,0,10008fa0,1000ce63,1000cdc0,"FUN_1000cdc0",UNCONDITIONAL_CALL
10008fa0,0,10008fa0,1000ceb9,1000cdc0,"FUN_1000cdc0",UNCONDITIONAL_CALL
10008fa0,0,10008fa0,1000cf0f,1000cdc0,"FUN_1000cdc0",UNCONDITIONAL_CALL
10008fa0,0,10008fa0,1000cf65,1000cdc0,"FUN_1000cdc0",UNCONDITIONAL_CALL
10009060,0,10009060,10009669,10009610,"FUN_10009610",UNCONDITIONAL_CALL
10009060,0,10009060,1000c4ce,1000c480,"FUN_1000c480",UNCONDITIONAL_CALL
10009060,0,10009060,1000c523,1000c480,"FUN_1000c480",UNCONDITIONAL_CALL
10009060,0,10009060,1000c579,1000c480,"FUN_1000c480",UNCONDITIONAL_CALL
10009060,0,10009060,1000c5cf,1000c480,"FUN_1000c480",UNCONDITIONAL_CALL
10009060,0,10009060,1000c625,1000c480,"FUN_1000c480",UNCONDITIONAL_CALL
10009120,0,10009120,1000965e,10009610,"FUN_10009610",UNCONDITIONAL_CALL
10009120,0,10009120,100096bd,10009610,"FUN_10009610",UNCONDITIONAL_CALL
10009120,0,10009120,10009711,100096e0,"FUN_100096e0",UNCONDITIONAL_CALL
10009120,0,10009120,1000974a,100096e0,"FUN_100096e0",UNCONDITIONAL_CALL
10009120,0,10009120,1000c4c3,1000c480,"FUN_1000c480",UNCONDITIONAL_CALL
10009120,0,10009120,1000c518,1000c480,"FUN_1000c480",UNCONDITIONAL_CALL
10009120,0,10009120,1000c56e,1000c480,"FUN_1000c480",UNCONDITIONAL_CALL
10009120,0,10009120,1000c5c4,1000c480,"FUN_1000c480",UNCONDITIONAL_CALL
10009120,0,10009120,1000c61a,1000c480,"FUN_1000c480",UNCONDITIONAL_CALL
10009120,0,10009120,1000ce03,1000cdc0,"FUN_1000cdc0",UNCONDITIONAL_CALL
10009120,0,10009120,1000ce58,1000cdc0,"FUN_1000cdc0",UNCONDITIONAL_CALL
10009120,0,10009120,1000ceae,1000cdc0,"FUN_1000cdc0",UNCONDITIONAL_CALL
10009120,0,10009120,1000cf04,1000cdc0,"FUN_1000cdc0",UNCONDITIONAL_CALL
10009120,0,10009120,1000cf5a,1000cdc0,"FUN_1000cdc0",UNCONDITIONAL_CALL
10009360,0,10009360,1000a4f0,1000a4f0,"FUN_1000a4f0",UNCONDITIONAL_CALL
10009360,0,10009360,1000a805,1000a800,"FUN_1000a800",UNCONDITIONAL_CALL
10009360,0,10009360,1000313a,10003130,"FUN_10003130",UNCONDITIONAL_CALL
10009360,0,10009360,1000321b,10003200,"FUN_10003200",UNCONDITIONAL_CALL
10009360,0,10009360,10003253,10003200,"FUN_10003200",UNCONDITIONAL_CALL
10009360,0,10009360,1000334b,10003340,"FUN_10003340",UNCONDITIONAL_CALL
10009360,0,10009360,100035a8,10003400,"FUN_10003400",UNCONDITIONAL_CALL
10009360,0,10009360,10003762,10003660,"FUN_10003660",UNCONDITIONAL_CALL
10009360,0,10009360,100042db,100042c0,"FUN_100042c0",UNCONDITIONAL_CALL
10009360,0,10009360,10004bc1,10004bb0,"FUN_10004bb0",UNCONDITIONAL_CALL
10009360,0,10009360,100050fa,100050e0,"FUN_100050e0",UNCONDITIONAL_CALL
10009360,0,10009360,10005176,100050e0,"FUN_100050e0",UNCONDITIONAL_CALL
10009360,0,10009360,10005892,10005860,"FUN_10005860",UNCONDITIONAL_CALL
10009360,0,10009360,1000567a,10005670,"FUN_10005670",UNCONDITIONAL_CALL
10009360,0,10009360,100060d9,100060d0,"FUN_100060d0",UNCONDITIONAL_CALL
10009360,0,10009360,1000636f,10006360,"FUN_10006360",UNCONDITIONAL_CALL
10009360,0,10009360,100069ec,100069e0,"FUN_100069e0",UNCONDITIONAL_CALL
10009360,0,10009360,10006a5b,10006a50,"FUN_10006a50",UNCONDITIONAL_CALL
10009360,0,10009360,10006adc,10006ad0,"FUN_10006ad0",UNCONDITIONAL_CALL
10009360,0,10009360,100074dc,100074d0,"FUN_100074d0",UNCONDITIONAL_CALL
10009360,0,10009360,100076e9,100076d0,"FUN_100076d0",UNCONDITIONAL_CALL
10009360,0,10009360,10007dba,100076d0,"FUN_100076d0",UNCONDITIONAL_CALL
10009360,0,10009360,10007e28,100076d0,"FUN_100076d0",UNCONDITIONAL_CALL
10009360,0,10009360,10008e0a,10008e00,"FUN_10008e00",UNCONDITIONAL_CALL
10009360,0,10009360,100099f4,100099f0,"FUN_100099f0",UNCONDITIONAL_CALL
10009360,0,10009360,10009a19,100099f0,"FUN_100099f0",UNCONDITIONAL_CALL
10009360,0,10009360,10009a87,10009a80,"FUN_10009a80",UNCONDITIONAL_CALL
10009360,0,10009360,1000d035,1000d030,"FUN_1000d030",UNCONDITIONAL_CALL
10009360,0,10009360,1000d145,1000d140,"FUN_1000d140",UNCONDITIONAL_CALL
10009360,0,10009360,1000d25e,1000d250,"FUN_1000d250",UNCONDITIONAL_CALL
10009360,0,10009360,1000d28d,1000d250,"FUN_1000d250",UNCONDITIONAL_CALL
10009360,0,10009360,1000d294,1000d250,"FUN_1000d250",UNCONDITIONAL_CALL
10009360,0,10009360,1000d304,1000d300,"FUN_1000d300",UNCONDITIONAL_CALL
10009360,0,10009360,1000d332,1000d300,"FUN_1000d300",UNCONDITIONAL_CALL
10009360,0,10009360,1000a493,1000a350,"FUN_1000a350",UNCONDITIONAL_CALL
10009430,0,10009430,1000954a,100094d0,"FUN_100094d0",UNCONDITIONAL_CALL
10009430,0,10009430,1000cfbb,1000cf80,"FUN_1000cf80",UNCONDITIONAL_CALL
10009430,0,10009430,1000c45b,1000c420,"FUN_1000c420",UNCONDITIONAL_CALL
100094d0,0,100094d0,1000940b,10009360,"FUN_10009360",UNCONDITIONAL_CALL
100094d0,0,100094d0,100094a4,10009430,"FUN_10009430",UNCONDITIONAL_CALL
100094d0,0,100094d0,1000d0fb,1000d030,"FUN_1000d030",UNCONDITIONAL_CALL
100094d0,0,100094d0,1000d207,1000d140,"FUN_1000d140",UNCONDITIONAL_CALL
100094d0,0,100094d0,1000a3fc,1000a350,"FUN_1000a350",UNCONDITIONAL_CALL
10009580,0,10009580,10020a80,10020a80,"thunk_FUN_10009580",UNCONDITIONAL_CALL
100095f0,0,100095f0,100093f8,10009360,"FUN_10009360",UNCONDITIONAL_CALL
100095f0,0,100095f0,10009424,10009360,"FUN_10009360",UNCONDITIONAL_CALL
100095f0,0,100095f0,1000948e,10009430,"FUN_10009430",UNCONDITIONAL_CALL
100095f0,0,100095f0,1000d0e9,1000d030,"FUN_1000d030",UNCONDITIONAL_CALL
100095f0,0,100095f0,1000d116,1000d030,"FUN_1000d030",UNCONDITIONAL_CALL
100095f0,0,100095f0,1000d1f4,1000d140,"FUN_1000d140",UNCONDITIONAL_CALL
100095f0,0,100095f0,1000d220,1000d140,"FUN_1000d140",UNCONDITIONAL_CALL
100095f0,0,100095f0,10009531,100094d0,"FUN_100094d0",UNCONDITIONAL_CALL
100095f0,0,100095f0,10009553,100094d0,"FUN_100094d0",UNCONDITIONAL_CALL
100095f0,0,100095f0,1000cfc4,1000cf80,"FUN_1000cf80",UNCONDITIONAL_CALL
100095f0,0,100095f0,1000a3ea,1000a350,"FUN_1000a350",UNCONDITIONAL_CALL
100095f0,0,100095f0,1000a414,1000a350,"FUN_1000a350",UNCONDITIONAL_CALL
100095f0,0,100095f0,1000c464,1000c420,"FUN_1000c420",UNCONDITIONAL_CALL
10009610,0,10009610,100097a4,10009790,"FUN_10009790",UNCONDITIONAL_CALL
10009610,0,10009610,100097b8,10009790,"FUN_10009790",UNCONDITIONAL_CALL
10009610,0,10009610,100097cc,10009790,"FUN_10009790",UNCONDITIONAL_CALL
10009610,0,10009610,100097e0,10009790,"FUN_10009790",UNCONDITIONAL_CALL
10009610,0,10009610,100097f4,10009790,"FUN_10009790",UNCONDITIONAL_CALL
10009610,0,10009610,10009808,10009790,"FUN_10009790",UNCONDITIONAL_CALL
10009610,0,10009610,1000981c,10009790,"FUN_10009790",UNCONDITIONAL_CALL
10009610,0,10009610,10009830,10009790,"FUN_10009790",UNCONDITIONAL_CALL
10009610,0,10009610,10009844,10009790,"FUN_10009790",UNCONDITIONAL_CALL
10009610,0,10009610,10009858,10009790,"FUN_10009790",UNCONDITIONAL_CALL
10009610,0,10009610,1000986c,10009790,"FUN_10009790",UNCONDITIONAL_CALL
10009610,0,10009610,10009880,10009790,"FUN_10009790",UNCONDITIONAL_CALL
10009610,0,10009610,10009894,10009790,"FUN_10009790",UNCONDITIONAL_CALL
10009610,0,10009610,100098a8,10009790,"FUN_10009790",UNCONDITIONAL_CALL
10009610,0,10009610,100098bc,10009790,"FUN_10009790",UNCONDITIONAL_CALL
10009610,0,10009610,100098d0,10009790,"FUN_10009790",UNCONDITIONAL_CALL
100096e0,0,100096e0,1000d48c,1000d460,"FUN_1000d460",UNCONDITIONAL_CALL
100096e0,0,100096e0,1000d4ec,1000d4c0,"FUN_1000d4c0",UNCONDITIONAL_CALL
100096e0,0,100096e0,1000d54c,1000d520,"FUN_1000d520",UNCONDITIONAL_CALL
100096e0,0,100096e0,1000d5ac,1000d580,"FUN_1000d580",UNCONDITIONAL_CALL
100096e0,0,100096e0,1000d60c,1000d5e0,"FUN_1000d5e0",UNCONDITIONAL_CALL
100096e0,0,100096e0,1000d66c,1000d640,"FUN_1000d640",UNCONDITIONAL_CALL
100096e0,0,100096e0,1000d6cc,1000d6a0,"FUN_1000d6a0",UNCONDITIONAL_CALL
100096e0,0,100096e0,1000d72c,1000d700,"FUN_1000d700",UNCONDITIONAL_CALL
100096e0,0,100096e0,1000d78c,1000d760,"FUN_1000d760",UNCONDITIONAL_CALL
100096e0,0,100096e0,1000d7ec,1000d7c0,"FUN_1000d7c0",UNCONDITIONAL_CALL
100096e0,0,100096e0,1000d84c,1000d820,"FUN_1000d820",UNCONDITIONAL_CALL
100096e0,0,100096e0,1000d8ac,1000d880,"FUN_1000d880",UNCONDITIONAL_CALL
100096e0,0,100096e0,1000d90c,1000d8e0,"FUN_1000d8e0",UNCONDITIONAL_CALL
100096e0,0,100096e0,1000d96c,1000d940,"FUN_1000d940",UNCONDITIONAL_CALL
100096e0,0,100096e0,1000d9cc,1000d9a0,"FUN_1000d9a0",UNCONDITIONAL_CALL
100096e0,0,100096e0,1000da2c,1000da00,"FUN_1000da00",UNCONDITIONAL_CALL
10009790,0,10009790,10024c78,,,DATA
100099e0,0,100099e0,10009763,100096e0,"FUN_100096e0",UNCONDITIONAL_CALL
100099f0,0,100099f0,1000cad0,,,UNCONDITIONAL_CALL
100099f0,0,100099f0,1000cae0,,,UNCONDITIONAL_CALL
100099f0,0,100099f0,1000cb20,,,UNCONDITIONAL_CALL
100099f0,0,100099f0,1000cb30,,,UNCONDITIONAL_CALL
100099f0,0,100099f0,1000cb70,,,UNCONDITIONAL_CALL
100099f0,0,100099f0,1000cb80,,,UNCONDITIONAL_CALL
100099f0,0,100099f0,1000cbc0,,,UNCONDITIONAL_CALL
100099f0,0,100099f0,1000cbd0,,,UNCONDITIONAL_CALL
100099f0,0,100099f0,1000cc10,,,UNCONDITIONAL_CALL
100099f0,0,100099f0,1000cc20,,,UNCONDITIONAL_CALL
10009a80,0,10009a80,10009a07,100099f0,"FUN_100099f0",UNCONDITIONAL_CALL
10009af0,0,10009af0,10024c98,,,DATA
10009af0,0,10009af0,10024c8c,,,DATA
10009b50,0,10009b50,10024cb0,,,DATA
10009b50,0,10009b50,10024ca4,,,DATA
10009bb0,0,10009bb0,10024cc8,,,DATA
10009bb0,0,10009bb0,10024cbc,,,DATA
10009c10,0,10009c10,10024ce0,,,DATA
10009c10,0,10009c10,10024cd4,,,DATA
10009c70,0,10009c70,10024cf8,,,DATA
10009c70,0,10009c70,10024cec,,,DATA
10009cd0,0,10009cd0,10024d10,,,DATA
10009cd0,0,10009cd0,10024d04,,,DATA
10009d30,0,10009d30,10024d28,,,DATA
10009d30,0,10009d30,10024d1c,,,DATA
10009d90,0,10009d90,10024d40,,,DATA
10009d90,0,10009d90,10024d34,,,DATA
10009df0,0,10009df0,10024d58,,,DATA
10009df0,0,10009df0,10024d4c,,,DATA
10009e50,0,10009e50,10024d70,,,DATA
10009e50,0,10009e50,10024d64,,,DATA
10009eb0,0,10009eb0,10024d88,,,DATA
10009eb0,0,10009eb0,10024d7c,,,DATA
10009f10,0,10009f10,10024da0,,,DATA
10009f10,0,10009f10,10024d94,,,DATA
10009f70,0,10009f70,10024db8,,,DATA
10009f70,0,10009f70,10024dac,,,DATA
10009fd0,0,10009fd0,10024dd0,,,DATA
10009fd0,0,10009fd0,10024dc4,,,DATA
1000a030,0,1000a030,10024c80,,,DATA
1000a030,0,1000a030,10024c74,,,DATA
1000a090,0,1000a090,100209f0,,,UNCONDITIONAL_CALL
1000a110,0,1000a110,10024de8,,,DATA
1000a110,0,1000a110,10024ddc,,,DATA
1000a170,0,1000a170,10024e00,,,DATA
1000a170,0,1000a170,10024df4,,,DATA
1000a1d0,0,1000a1d0,10024e18,,,DATA
1000a1d0,0,1000a1d0,10024e0c,,,DATA
1000a230,0,1000a230,10024e30,,,DATA
1000a230,0,1000a230,10024e24,,,DATA
1000a290,0,1000a290,10024e48,,,DATA
1000a290,0,1000a290,10024e3c,,,DATA
1000a2f0,0,1000a2f0,10024e60,,,DATA
1000a2f0,0,1000a2f0,10024e54,,,DATA
1000a350,0,1000a350,10001e70,,,UNCONDITIONAL_CALL
1000a4f0,0,1000a4f0,10002fe4,10002210,"FUN_10002210",UNCONDITIONAL_CALL
1000a4f0,0,1000a4f0,10001850,,,UNCONDITIONAL_CALL
1000a4f0,0,1000a4f0,100030f9,,,UNCONDITIONAL_CALL
1000a560,0,1000a560,10001e23,10001db0,"FUN_10001db0",UNCONDITIONAL_CALL
1000a560,0,1000a560,10001e32,10001db0,"FUN_10001db0",UNCONDITIONAL_CALL
1000a560,0,1000a560,100026c5,10002210,"FUN_10002210",UNCONDITIONAL_CALL
1000a560,0,1000a560,10002b50,10002210,"FUN_10002210",UNCONDITIONAL_CALL
1000a560,0,1000a560,10002bee,10002210,"FUN_10002210",UNCONDITIONAL_CALL
1000a560,0,1000a560,1000a829,1000a800,"FUN_1000a800",UNCONDITIONAL_CALL
1000a560,0,1000a560,1000a838,1000a800,"FUN_1000a800",UNCONDITIONAL_CALL
1000a560,0,1000a560,1000a847,1000a800,"FUN_1000a800",UNCONDITIONAL_CALL
1000a560,0,1000a560,1000a856,1000a800,"FUN_1000a800",UNCONDITIONAL_CALL
1000a680,0,1000a680,1000a568,,,UNCONDITIONAL_CALL
1000a740,0,1000a740,1000a56f,,,UNCONDITIONAL_CALL
1000a800,0,1000a800,10003011,10002210,"FUN_10002210",UNCONDITIONAL_CALL
1000a8c0,0,1000a8c0,1000a978,1000a940,"FUN_1000a940",COMPUTED_CALL
1000a8c0,0,1000a8c0,1000aa48,1000aa10,"FUN_1000aa10",COMPUTED_CALL
1000a8c0,0,1000a8c0,10024c90,,,DATA
1000a940,0,1000a940,1000a5ae,,,UNCONDITIONAL_CALL
1000aa10,0,1000aa10,1000a5b5,,,UNCONDITIONAL_CALL
1000aae0,0,1000aae0,1000ab8c,1000ab60,"FUN_1000ab60",COMPUTED_CALL
1000aae0,0,1000aae0,10024ca8,,,DATA
1000ab60,0,1000ab60,1000a584,,,UNCONDITIONAL_CALL
1000ac20,0,1000ac20,1000accc,1000aca0,"FUN_1000aca0",COMPUTED_CALL
1000ac20,0,1000ac20,10024cc0,,,DATA
1000aca0,0,1000aca0,1000a58b,,,UNCONDITIONAL_CALL
1000ad60,0,1000ad60,1000ae0c,1000ade0,"FUN_1000ade0",COMPUTED_CALL
1000ad60,0,1000ad60,10024cd8,,,DATA
1000ade0,0,1000ade0,1000a592,,,UNCONDITIONAL_CALL
1000aea0,0,1000aea0,1000af4c,1000af20,"FUN_1000af20",COMPUTED_CALL
1000aea0,0,1000aea0,10024cf0,,,DATA
1000af20,0,1000af20,1000a599,,,UNCONDITIONAL_CALL
1000afe0,0,1000afe0,1000b08f,1000b060,"FUN_1000b060",COMPUTED_CALL
1000afe0,0,1000afe0,10024d08,,,DATA
1000b060,0,1000b060,1000a5a0,,,UNCONDITIONAL_CALL
1000b120,0,1000b120,1000b1cc,1000b1a0,"FUN_1000b1a0",COMPUTED_CALL
1000b120,0,1000b120,10024d20,,,DATA
1000b1a0,0,1000b1a0,1000a5a7,,,UNCONDITIONAL_CALL
1000b260,0,1000b260,1000b30c,1000b2e0,"FUN_1000b2e0",COMPUTED_CALL
1000b260,0,1000b260,1000b3cc,1000b3a0,"FUN_1000b3a0",COMPUTED_CALL
1000b260,0,1000b260,10024d38,,,DATA
1000b2e0,0,1000b2e0,1000a5bc,,,UNCONDITIONAL_CALL
1000b3a0,0,1000b3a0,1000a5c3,,,UNCONDITIONAL_CALL
1000b460,0,1000b460,1000b50c,1000b4e0,"FUN_1000b4e0",COMPUTED_CALL
1000b460,0,1000b460,10024d50,,,DATA
1000b4e0,0,1000b4e0,1000a5ca,,,UNCONDITIONAL_CALL
1000b5a0,0,1000b5a0,1000b64c,1000b620,"FUN_1000b620",COMPUTED_CALL
1000b5a0,0,1000b5a0,10024d68,,,DATA
1000b620,0,1000b620,1000a5d1,,,UNCONDITIONAL_CALL
1000b6e0,0,1000b6e0,1000b84c,1000b820,"FUN_1000b820",COMPUTED_CALL
1000b6e0,0,1000b6e0,1000b78c,1000b760,"FUN_1000b760",COMPUTED_CALL
1000b6e0,0,1000b6e0,10024d80,,,DATA
1000b760,0,1000b760,1000a5d8,,,UNCONDITIONAL_CALL
1000b820,0,1000b820,1000a5df,,,UNCONDITIONAL_CALL
1000b8e0,0,1000b8e0,1000b98c,1000b960,"FUN_1000b960",COMPUTED_CALL
1000b8e0,0,1000b8e0,1000ba4c,1000ba20,"FUN_1000ba20",COMPUTED_CALL
1000b8e0,0,1000b8e0,10024d98,,,DATA
1000b960,0,1000b960,1000a602,,,UNCONDITIONAL_CALL
1000ba20,0,1000ba20,1000a609,,,UNCONDITIONAL_CALL
1000bae0,0,1000bae0,10024db0,,,DATA
1000bb60,0,1000bb60,1000bc0c,1000bbe0,"FUN_1000bbe0",COMPUTED_CALL
1000bb60,0,1000bb60,10024dc8,,,DATA
1000bbe0,0,1000bbe0,1000a576,,,UNCONDITIONAL_CALL
1000bca0,0,1000bca0,1000bd4c,1000bd20,"FUN_1000bd20",COMPUTED_CALL
1000bca0,0,1000bca0,10024de0,,,DATA
1000bd20,0,1000bd20,1000a610,,,UNCONDITIONAL_CALL
1000bde0,0,1000bde0,1000be8c,1000be60,"FUN_1000be60",COMPUTED_CALL
1000bde0,0,1000bde0,10024df8,,,DATA
1000be60,0,1000be60,1000a5e6,,,UNCONDITIONAL_CALL
1000bf20,0,1000bf20,1000bfcc,1000bfa0,"FUN_1000bfa0",COMPUTED_CALL
1000bf20,0,1000bf20,10024e10,,,DATA
1000bfa0,0,1000bfa0,1000a5ed,,,UNCONDITIONAL_CALL
1000c060,0,1000c060,1000c10c,1000c0e0,"FUN_1000c0e0",COMPUTED_CALL
1000c060,0,1000c060,10024e28,,,DATA
1000c0e0,0,1000c0e0,1000a5f4,,,UNCONDITIONAL_CALL
1000c1a0,0,1000c1a0,1000c24c,1000c220,"FUN_1000c220",COMPUTED_CALL
1000c1a0,0,1000c1a0,10024e40,,,DATA
1000c220,0,1000c220,1000a5fb,,,UNCONDITIONAL_CALL
1000c2e0,0,1000c2e0,1000c38c,1000c360,"FUN_1000c360",COMPUTED_CALL
1000c2e0,0,1000c2e0,10024e58,,,DATA
1000c360,0,1000c360,1000a57d,,,UNCONDITIONAL_CALL
1000c420,0,1000c420,1000a4a5,1000a350,"FUN_1000a350",UNCONDITIONAL_CALL
1000c480,0,1000c480,1000a92e,1000a8c0,"FUN_1000a8c0",UNCONDITIONAL_CALL
1000c480,0,1000c480,1000ab4e,1000aae0,"FUN_1000aae0",UNCONDITIONAL_CALL
1000c480,0,1000c480,1000ac8e,1000ac20,"FUN_1000ac20",UNCONDITIONAL_CALL
1000c480,0,1000c480,1000adce,1000ad60,"FUN_1000ad60",UNCONDITIONAL_CALL
1000c480,0,1000c480,1000af0e,1000aea0,"FUN_1000aea0",UNCONDITIONAL_CALL
1000c480,0,1000c480,1000b04e,1000afe0,"FUN_1000afe0",UNCONDITIONAL_CALL
1000c480,0,1000c480,1000b18e,1000b120,"FUN_1000b120",UNCONDITIONAL_CALL
1000c480,0,1000c480,1000b4ce,1000b460,"FUN_1000b460",UNCONDITIONAL_CALL
1000c480,0,1000c480,1000b60e,1000b5a0,"FUN_1000b5a0",UNCONDITIONAL_CALL
1000c480,0,1000c480,1000b74e,1000b6e0,"FUN_1000b6e0",UNCONDITIONAL_CALL
1000c480,0,1000c480,1000b94e,1000b8e0,"FUN_1000b8e0",UNCONDITIONAL_CALL
1000c480,0,1000c480,1000bb4e,1000bae0,"FUN_1000bae0",UNCONDITIONAL_CALL
1000c480,0,1000c480,1000bbce,1000bb60,"FUN_1000bb60",UNCONDITIONAL_CALL
1000c480,0,1000c480,1000bd0e,1000bca0,"FUN_1000bca0",UNCONDITIONAL_CALL
1000c480,0,1000c480,1000be4e,1000bde0,"FUN_1000bde0",UNCONDITIONAL_CALL
1000c480,0,1000c480,1000bf8e,1000bf20,"FUN_1000bf20",UNCONDITIONAL_CALL
1000c480,0,1000c480,1000c0ce,1000c060,"FUN_1000c060",UNCONDITIONAL_CALL
1000c480,0,1000c480,1000c20e,1000c1a0,"FUN_1000c1a0",UNCONDITIONAL_CALL
1000cdc0,0,1000cdc0,1000b2ce,1000b260,"FUN_1000b260",UNCONDITIONAL_CALL
1000cdc0,0,1000cdc0,1000c34e,1000c2e0,"FUN_1000c2e0",UNCONDITIONAL_CALL
1000cf80,0,1000cf80,1000a869,1000a800,"FUN_1000a800",UNCONDITIONAL_CALL
1000cfe0,0,1000cfe0,1000a798,1000a740,"FUN_1000a740",UNCONDITIONAL_CALL
1000cfe0,0,1000cfe0,1000a7d0,1000a740,"FUN_1000a740",UNCONDITIONAL_CALL
1000cfe0,0,1000cfe0,1000a9a7,1000a940,"FUN_1000a940",UNCONDITIONAL_CALL
1000cfe0,0,1000cfe0,1000a9df,1000a940,"FUN_1000a940",UNCONDITIONAL_CALL
1000cfe0,0,1000cfe0,1000aa77,1000aa10,"FUN_1000aa10",UNCONDITIONAL_CALL
1000cfe0,0,1000cfe0,1000aaaf,1000aa10,"FUN_1000aa10",UNCONDITIONAL_CALL
1000cfe0,0,1000cfe0,1000abbb,1000ab60,"FUN_1000ab60",UNCONDITIONAL_CALL
1000cfe0,0,1000cfe0,1000abf3,1000ab60,"FUN_1000ab60",UNCONDITIONAL_CALL
1000cfe0,0,1000cfe0,1000acfb,1000aca0,"FUN_1000aca0",UNCONDITIONAL_CALL
1000cfe0,0,1000cfe0,1000ad33,1000aca0,"FUN_1000aca0",UNCONDITIONAL_CALL
1000cfe0,0,1000cfe0,1000ae3b,1000ade0,"FUN_1000ade0",UNCONDITIONAL_CALL
1000cfe0,0,1000cfe0,1000ae73,1000ade0,"FUN_1000ade0",UNCONDITIONAL_CALL
1000cfe0,0,1000cfe0,1000af7b,1000af20,"FUN_1000af20",UNCONDITIONAL_CALL
1000cfe0,0,1000cfe0,1000afb3,1000af20,"FUN_1000af20",UNCONDITIONAL_CALL
1000cfe0,0,1000cfe0,1000b0be,1000b060,"FUN_1000b060",UNCONDITIONAL_CALL
1000cfe0,0,1000cfe0,1000b0f6,1000b060,"FUN_1000b060",UNCONDITIONAL_CALL
1000cfe0,0,1000cfe0,1000b1fb,1000b1a0,"FUN_1000b1a0",UNCONDITIONAL_CALL
1000cfe0,0,1000cfe0,1000b233,1000b1a0,"FUN_1000b1a0",UNCONDITIONAL_CALL
1000cfe0,0,1000cfe0,1000b33b,1000b2e0,"FUN_1000b2e0",UNCONDITIONAL_CALL
1000cfe0,0,1000cfe0,1000b373,1000b2e0,"FUN_1000b2e0",UNCONDITIONAL_CALL
1000cfe0,0,1000cfe0,1000b3fb,1000b3a0,"FUN_1000b3a0",UNCONDITIONAL_CALL
1000cfe0,0,1000cfe0,1000b433,1000b3a0,"FUN_1000b3a0",UNCONDITIONAL_CALL
1000cfe0,0,1000cfe0,1000b53b,1000b4e0,"FUN_1000b4e0",UNCONDITIONAL_CALL
1000cfe0,0,1000cfe0,1000b573,1000b4e0,"FUN_1000b4e0",UNCONDITIONAL_CALL
1000cfe0,0,1000cfe0,1000b67b,1000b620,"FUN_1000b620",UNCONDITIONAL_CALL
1000cfe0,0,1000cfe0,1000b6b3,1000b620,"FUN_1000b620",UNCONDITIONAL_CALL
1000cfe0,0,1000cfe0,1000b7bb,1000b760,"FUN_1000b760",UNCONDITIONAL_CALL
1000cfe0,0,1000cfe0,1000b7f3,1000b760,"FUN_1000b760",UNCONDITIONAL_CALL
1000cfe0,0,1000cfe0,1000b87b,1000b820,"FUN_1000b820",UNCONDITIONAL_CALL
1000cfe0,0,1000cfe0,1000b8b3,1000b820,"FUN_1000b820",UNCONDITIONAL_CALL
1000cfe0,0,1000cfe0,1000b9bb,1000b960,"FUN_1000b960",UNCONDITIONAL_CALL
1000cfe0,0,1000cfe0,1000b9f3,1000b960,"FUN_1000b960",UNCONDITIONAL_CALL
1000cfe0,0,1000cfe0,1000ba7b,1000ba20,"FUN_1000ba20",UNCONDITIONAL_CALL
1000cfe0,0,1000cfe0,1000bab3,1000ba20,"FUN_1000ba20",UNCONDITIONAL_CALL
1000cfe0,0,1000cfe0,1000bc3b,1000bbe0,"FUN_1000bbe0",UNCONDITIONAL_CALL
1000cfe0,0,1000cfe0,1000bc73,1000bbe0,"FUN_1000bbe0",UNCONDITIONAL_CALL
1000cfe0,0,1000cfe0,1000bd7b,1000bd20,"FUN_1000bd20",UNCONDITIONAL_CALL
1000cfe0,0,1000cfe0,1000bdb3,1000bd20,"FUN_1000bd20",UNCONDITIONAL_CALL
1000cfe0,0,1000cfe0,1000bebb,1000be60,"FUN_1000be60",UNCONDITIONAL_CALL
1000cfe0,0,1000cfe0,1000bef3,1000be60,"FUN_1000be60",UNCONDITIONAL_CALL
1000cfe0,0,1000cfe0,1000bffb,1000bfa0,"FUN_1000bfa0",UNCONDITIONAL_CALL
1000cfe0,0,1000cfe0,1000c033,1000bfa0,"FUN_1000bfa0",UNCONDITIONAL_CALL
1000cfe0,0,1000cfe0,1000c13b,1000c0e0,"FUN_1000c0e0",UNCONDITIONAL_CALL
1000cfe0,0,1000cfe0,1000c173,1000c0e0,"FUN_1000c0e0",UNCONDITIONAL_CALL
1000cfe0,0,1000cfe0,1000c27b,1000c220,"FUN_1000c220",UNCONDITIONAL_CALL
1000cfe0,0,1000cfe0,1000c2b3,1000c220,"FUN_1000c220",UNCONDITIONAL_CALL
1000cfe0,0,1000cfe0,1000c3bb,1000c360,"FUN_1000c360",UNCONDITIONAL_CALL
1000cfe0,0,1000cfe0,1000c3f3,1000c360,"FUN_1000c360",UNCONDITIONAL_CALL
1000cfe0,0,1000cfe0,1000a6d8,1000a680,"FUN_1000a680",UNCONDITIONAL_CALL
1000cfe0,0,1000cfe0,1000a710,1000a680,"FUN_1000a680",UNCONDITIONAL_CALL
1000d030,0,1000d030,1000a842,1000a800,"FUN_1000a800",DATA
1000d140,0,1000d140,1000a851,1000a800,"FUN_1000a800",DATA
1000d250,0,1000d250,1000a81a,1000a800,"FUN_1000a800",DATA
1000d300,0,1000d300,1000a833,1000a800,"FUN_1000a800",DATA
1000d380,0,1000d380,1000d029,1000cfe0,"FUN_1000cfe0",UNCONDITIONAL_CALL
1000d400,0,1000d400,1000d3a6,1000d380,"FUN_1000d380",UNCONDITIONAL_CALL
1000d460,0,1000d460,100098e0,,,UNCONDITIONAL_CALL
1000d4c0,0,1000d4c0,100098f0,,,UNCONDITIONAL_CALL
1000d520,0,1000d520,10009900,,,UNCONDITIONAL_CALL
1000d580,0,1000d580,10009910,,,UNCONDITIONAL_CALL
1000d5e0,0,1000d5e0,10009920,,,UNCONDITIONAL_CALL
1000d640,0,1000d640,10009930,,,UNCONDITIONAL_CALL
1000d6a0,0,1000d6a0,10009940,,,UNCONDITIONAL_CALL
1000d700,0,1000d700,10009950,,,UNCONDITIONAL_CALL
1000d760,0,1000d760,10009960,,,UNCONDITIONAL_CALL
1000d7c0,0,1000d7c0,10009970,,,UNCONDITIONAL_CALL
1000d820,0,1000d820,10009980,,,UNCONDITIONAL_CALL
1000d880,0,1000d880,10009990,,,UNCONDITIONAL_CALL
1000d8e0,0,1000d8e0,100099a0,,,UNCONDITIONAL_CALL
1000d940,0,1000d940,100099b0,,,UNCONDITIONAL_CALL
1000d9a0,0,1000d9a0,100099c0,,,UNCONDITIONAL_CALL
1000da00,0,1000da00,100099d0,,,UNCONDITIONAL_CALL
1000da60,0,1000da60,1000c640,,,UNCONDITIONAL_CALL
1000dac0,0,1000dac0,1000c650,,,UNCONDITIONAL_CALL
1000db20,0,1000db20,1000c660,,,UNCONDITIONAL_CALL
1000db80,0,1000db80,1000c670,,,UNCONDITIONAL_CALL
1000dbe0,0,1000dbe0,1000c680,,,UNCONDITIONAL_CALL
1000dc40,0,1000dc40,1000c690,,,UNCONDITIONAL_CALL
1000dca0,0,1000dca0,1000c6a0,,,UNCONDITIONAL_CALL
1000dd00,0,1000dd00,1000c6b0,,,UNCONDITIONAL_CALL
1000dd60,0,1000dd60,1000c6c0,,,UNCONDITIONAL_CALL
1000ddc0,0,1000ddc0,1000c6d0,,,UNCONDITIONAL_CALL
1000de20,0,1000de20,1000c6e0,,,UNCONDITIONAL_CALL
1000de80,0,1000de80,1000c6f0,,,UNCONDITIONAL_CALL
1000dee0,0,1000dee0,1000c700,,,UNCONDITIONAL_CALL
1000df40,0,1000df40,1000c710,,,UNCONDITIONAL_CALL
1000dfa0,0,1000dfa0,1000c720,,,UNCONDITIONAL_CALL
1000e000,0,1000e000,1000c730,,,UNCONDITIONAL_CALL
1000e060,0,1000e060,1000c740,,,UNCONDITIONAL_CALL
1000e0c0,0,1000e0c0,1000c750,,,UNCONDITIONAL_CALL
1000e120,0,1000e120,1000c760,,,UNCONDITIONAL_CALL
1000e180,0,1000e180,1000c770,,,UNCONDITIONAL_CALL
1000e1e0,0,1000e1e0,1000c780,,,UNCONDITIONAL_CALL
1000e240,0,1000e240,1000c790,,,UNCONDITIONAL_CALL
1000e2a0,0,1000e2a0,1000c7a0,,,UNCONDITIONAL_CALL
1000e300,0,1000e300,1000c7b0,,,UNCONDITIONAL_CALL
1000e360,0,1000e360,1000c7c0,,,UNCONDITIONAL_CALL
1000e3c0,0,1000e3c0,1000c7d0,,,UNCONDITIONAL_CALL
1000e420,0,1000e420,1000c7e0,,,UNCONDITIONAL_CALL
1000e480,0,1000e480,1000c7f0,,,UNCONDITIONAL_CALL
1000e4e0,0,1000e4e0,1000c800,,,UNCONDITIONAL_CALL
1000e540,0,1000e540,1000c810,,,UNCONDITIONAL_CALL
1000e5a0,0,1000e5a0,1000c820,,,UNCONDITIONAL_CALL
1000e600,0,1000e600,1000c830,,,UNCONDITIONAL_CALL
1000e660,0,1000e660,1000c840,,,UNCONDITIONAL_CALL
1000e6c0,0,1000e6c0,1000c850,,,UNCONDITIONAL_CALL
1000e720,0,1000e720,1000c860,,,UNCONDITIONAL_CALL
1000e780,0,1000e780,1000c870,,,UNCONDITIONAL_CALL
1000e7e0,0,1000e7e0,1000c880,,,UNCONDITIONAL_CALL
1000e840,0,1000e840,1000c890,,,UNCONDITIONAL_CALL
1000e8a0,0,1000e8a0,1000c8a0,,,UNCONDITIONAL_CALL
1000e900,0,1000e900,1000c8b0,,,UNCONDITIONAL_CALL
1000e960,0,1000e960,1000c8c0,,,UNCONDITIONAL_CALL
1000e9c0,0,1000e9c0,1000c8d0,,,UNCONDITIONAL_CALL
1000ea20,0,1000ea20,1000c8e0,,,UNCONDITIONAL_CALL
1000ea80,0,1000ea80,1000c8f0,,,UNCONDITIONAL_CALL
1000eae0,0,1000eae0,1000c900,,,UNCONDITIONAL_CALL
1000eb40,0,1000eb40,1000c910,,,UNCONDITIONAL_CALL
1000eba0,0,1000eba0,1000c920,,,UNCONDITIONAL_CALL
1000ec00,0,1000ec00,1000c930,,,UNCONDITIONAL_CALL
1000ec60,0,1000ec60,1000c940,,,UNCONDITIONAL_CALL
1000ecc0,0,1000ecc0,1000c950,,,UNCONDITIONAL_CALL
1000ed20,0,1000ed20,1000c960,,,UNCONDITIONAL_CALL
1000ed80,0,1000ed80,1000c970,,,UNCONDITIONAL_CALL
1000ede0,0,1000ede0,1000c980,,,UNCONDITIONAL_CALL
1000ee40,0,1000ee40,1000c990,,,UNCONDITIONAL_CALL
1000eea0,0,1000eea0,1000c9a0,,,UNCONDITIONAL_CALL
1000ef00,0,1000ef00,1000c9b0,,,UNCONDITIONAL_CALL
1000ef60,0,1000ef60,1000c9c0,,,UNCONDITIONAL_CALL
1000efc0,0,1000efc0,1000c9d0,,,UNCONDITIONAL_CALL
1000f020,0,1000f020,1000c9e0,,,UNCONDITIONAL_CALL
1000f080,0,1000f080,1000c9f0,,,UNCONDITIONAL_CALL
1000f0e0,0,1000f0e0,1000ca00,,,UNCONDITIONAL_CALL
1000f140,0,1000f140,1000ca10,,,UNCONDITIONAL_CALL
1000f1a0,0,1000f1a0,1000ca20,,,UNCONDITIONAL_CALL
1000f200,0,1000f200,1000ca30,,,UNCONDITIONAL_CALL
1000f260,0,1000f260,1000ca40,,,UNCONDITIONAL_CALL
1000f2c0,0,1000f2c0,1000ca50,,,UNCONDITIONAL_CALL
1000f320,0,1000f320,1000ca60,,,UNCONDITIONAL_CALL
1000f380,0,1000f380,1000ca70,,,UNCONDITIONAL_CALL
1000f3e0,0,1000f3e0,1000ca80,,,UNCONDITIONAL_CALL
1000f440,0,1000f440,1000ca90,,,UNCONDITIONAL_CALL
1000f4a0,0,1000f4a0,1000cc31,,,UNCONDITIONAL_CALL
1000f520,0,1000f520,1000cc41,,,UNCONDITIONAL_CALL
1000f5a0,0,1000f5a0,1000cc51,,,UNCONDITIONAL_CALL
1000f620,0,1000f620,1000cc61,,,UNCONDITIONAL_CALL
1000f6a0,0,1000f6a0,1000cc71,,,UNCONDITIONAL_CALL
1000f720,0,1000f720,1000cc81,,,UNCONDITIONAL_CALL
1000f7a0,0,1000f7a0,1000cc91,,,UNCONDITIONAL_CALL
1000f820,0,1000f820,1000cca1,,,UNCONDITIONAL_CALL
1000f8a0,0,1000f8a0,1000ccb1,,,UNCONDITIONAL_CALL
1000f920,0,1000f920,1000ccc1,,,UNCONDITIONAL_CALL
1000f9a0,0,1000f9a0,1000ccd1,,,UNCONDITIONAL_CALL
1000fa20,0,1000fa20,1000cce1,,,UNCONDITIONAL_CALL
1000faa0,0,1000faa0,1000ccf1,,,UNCONDITIONAL_CALL
1000fb20,0,1000fb20,1000cd01,,,UNCONDITIONAL_CALL
1000fba0,0,1000fba0,1000cd11,,,UNCONDITIONAL_CALL
1000fc20,0,1000fc20,1000cd21,,,UNCONDITIONAL_CALL
1000fca0,0,1000fca0,1000cd31,,,UNCONDITIONAL_CALL
1000fd20,0,1000fd20,1000cd41,,,UNCONDITIONAL_CALL
1000fda0,0,1000fda0,1000cd51,,,UNCONDITIONAL_CALL
1000fe20,0,1000fe20,1000cd61,,,UNCONDITIONAL_CALL
1000fea0,0,1000fea0,1000cd71,,,UNCONDITIONAL_CALL
1000ff20,0,1000ff20,1000cd81,,,UNCONDITIONAL_CALL
1000ffa0,0,1000ffa0,1000cd91,,,UNCONDITIONAL_CALL
10010020,0,10010020,1000cda1,,,UNCONDITIONAL_CALL
100100a0,0,100100a0,1000cdb1,,,UNCONDITIONAL_CALL
10010120,0,10010120,10004ee5,10004bb0,"FUN_10004bb0",UNCONDITIONAL_CALL
10010120,0,10010120,10004f6b,10004bb0,"FUN_10004bb0",UNCONDITIONAL_CALL
10010120,0,10010120,100063fa,10006360,"FUN_10006360",UNCONDITIONAL_CALL
10010120,0,10010120,10006471,10006360,"FUN_10006360",UNCONDITIONAL_CALL
10010140,0,10010140,100080ef,10008000,"FUN_10008000",UNCONDITIONAL_CALL
10010170,0,10010170,10020843,10020840,"Unwind@10020840",UNCONDITIONAL_CALL
10010180,0,10010180,10008079,10008000,"FUN_10008000",UNCONDITIONAL_CALL
100101c2,0,100101c2,1000131f,10001040,"FUN_10001040",UNCONDITIONAL_CALL
100101c2,0,100101c2,1000cff9,1000cfe0,"FUN_1000cfe0",UNCONDITIONAL_CALL
100101c2,0,100101c2,1000d393,1000d380,"FUN_1000d380",UNCONDITIONAL_CALL
1001020f,0,1001020f,10022210,,,DATA
1001020f,0,1001020f,1002221c,,,DATA
10010230,0,10010230,10001139,10001040,"FUN_10001040",UNCONDITIONAL_CALL
10010230,0,10010230,10001249,10001040,"FUN_10001040",UNCONDITIONAL_CALL
10010230,0,10010230,100038b3,10003810,"FUN_10003810",UNCONDITIONAL_CALL
10010230,0,10010230,1000399c,10003810,"FUN_10003810",UNCONDITIONAL_CALL
10010230,0,10010230,100043f6,100042c0,"FUN_100042c0",UNCONDITIONAL_CALL
1001023b,0,1001023b,100108e2,10010893,"FUN_10010893",UNCONDITIONAL_CALL
10010258,0,10010258,10022214,,,DATA
10010258,0,10010258,10022220,,,DATA
10010258,0,10010258,1002222c,,,DATA
10010258,0,10010258,10022254,,,DATA
10010258,0,10010258,100261ec,,,DATA
10010265,0,10010265,100102de,100102c3,"exception",UNCONDITIONAL_CALL
10010265,0,10010265,1001030a,100102ea,"operator=",UNCONDITIONAL_CALL
100102a5,0,100102a5,100102fa,100102ea,"operator=",UNCONDITIONAL_CALL
100102a5,0,100102a5,10010338,1001032a,"FUN_1001032a",UNCONDITIONAL_CALL
100102a5,0,100102a5,10010325,1001031f,"FUN_1001031f",UNCONDITIONAL_CALL
100102c3,0,100102c3,1000147a,10001430,"FUN_10001430",UNCONDITIONAL_CALL
100102c3,0,100102c3,100101d7,100101c2,"FUN_100101c2",UNCONDITIONAL_CALL
100102c3,0,100102c3,1000d436,1000d400,"FUN_1000d400",UNCONDITIONAL_CALL
100102c3,0,100102c3,1001d6f0,1001d591,"FindHandler",UNCONDITIONAL_CALL
100102c3,0,100102c3,100208b2,10020870,"FUN_10020870",UNCONDITIONAL_CALL
100102ea,0,100102ea,1001036a,10010351,"exception",UNCONDITIONAL_CALL
1001031f,0,1001031f,1000101c,10001010,"FUN_10001010",UNCONDITIONAL_CALL
1001031f,0,1001031f,10010217,1001020f,"FUN_1001020f",UNCONDITIONAL_CALL
1001031f,0,1001031f,1001cd45,1001cd37,"FUN_1001cd37",UNCONDITIONAL_CALL
1001031f,0,1001031f,10021276,10021267,"FUN_10021267",UNCONDITIONAL_CALL
1001031f,0,1001031f,10001006,,,UNCONDITIONAL_CALL
1001032a,0,1001032a,10022228,,,DATA
10010351,0,10010351,100108fc,10010893,"FUN_10010893",UNCONDITIONAL_CALL
10010351,0,10010351,100014aa,100014a0,"FUN_100014a0",UNCONDITIONAL_CALL
10010351,0,10010351,100101b0,100101a5,"FUN_100101a5",UNCONDITIONAL_CALL
10010351,0,10010351,100101fd,100101f2,"FUN_100101f2",UNCONDITIONAL_CALL
10010351,0,10010351,1001d911,1001d906,"FUN_1001d906",UNCONDITIONAL_CALL
10010376,0,10010376,100103fb,100103e4,"FID_conflict:_sscanf",UNCONDITIONAL_CALL
100103e4,0,100103e4,100010af,10001040,"FUN_10001040",UNCONDITIONAL_CALL
100103e4,0,100103e4,1000110f,10001040,"FUN_10001040",UNCONDITIONAL_CALL
100103e4,0,100103e4,1000119a,10001040,"FUN_10001040",UNCONDITIONAL_CALL
100103e4,0,100103e4,1000121f,10001040,"FUN_10001040",UNCONDITIONAL_CALL
100103e4,0,100103e4,100012a9,10001040,"FUN_10001040",UNCONDITIONAL_CALL
100103e4,0,100103e4,10003885,10003810,"FUN_10003810",UNCONDITIONAL_CALL
100103e4,0,100103e4,1000395d,10003810,"FUN_10003810",UNCONDITIONAL_CALL
100103e4,0,100103e4,10003afe,10003810,"FUN_10003810",UNCONDITIONAL_CALL
100103e4,0,100103e4,1000469b,10004430,"FUN_10004430",UNCONDITIONAL_CALL
100103e4,0,100103e4,100049ae,100046f0,"FUN_100046f0",UNCONDITIONAL_CALL
100103e4,0,100103e4,10004a39,10004a00,"FUN_10004a00",UNCONDITIONAL_CALL
100103e4,0,100103e4,10004acb,10004ab0,"FUN_10004ab0",UNCONDITIONAL_CALL
10010406,0,10010406,10010505,100104ed,"__onexit",UNCONDITIONAL_CALL
100104ed,0,100104ed,10010531,10010529,"_atexit",UNCONDITIONAL_CALL
10010523,0,10010523,10010515,100104ed,"__onexit",UNCONDITIONAL_CALL
10010529,0,10010529,10012c4d,10012c05,"__cinit",UNCONDITIONAL_CALL
10010529,0,10010529,100108f2,10010893,"FUN_10010893",UNCONDITIONAL_CALL
10010529,0,10010529,10009389,10009360,"FUN_10009360",UNCONDITIONAL_CALL
10010529,0,10010529,1000cfac,1000cf80,"FUN_1000cf80",UNCONDITIONAL_CALL
10010529,0,10010529,1000d07a,1000d030,"FUN_1000d030",UNCONDITIONAL_CALL
10010529,0,10010529,1000d17f,1000d140,"FUN_1000d140",UNCONDITIONAL_CALL
10010529,0,10010529,10020898,10020870,"FUN_10020870",UNCONDITIONAL_CALL
10010529,0,10010529,1000a379,1000a350,"FUN_1000a350",UNCONDITIONAL_CALL
10010529,0,10010529,1000c44c,1000c420,"FUN_1000c420",UNCONDITIONAL_CALL
10010529,0,10010529,100208f4,,,UNCONDITIONAL_CALL
10010529,0,10010529,10020915,,,UNCONDITIONAL_CALL
10010529,0,10010529,10020925,,,UNCONDITIONAL_CALL
10010529,0,10010529,10020935,,,UNCONDITIONAL_CALL
10010529,0,10010529,10020945,,,UNCONDITIONAL_CALL
10010529,0,10010529,10020955,,,UNCONDITIONAL_CALL
10010529,0,10010529,10020965,,,UNCONDITIONAL_CALL
10010529,0,10010529,10020975,,,UNCONDITIONAL_CALL
10010529,0,10010529,10020985,,,UNCONDITIONAL_CALL
10010529,0,10010529,10020995,,,UNCONDITIONAL_CALL
10010529,0,10010529,100209a5,,,UNCONDITIONAL_CALL
10010529,0,10010529,100209b5,,,UNCONDITIONAL_CALL
10010529,0,10010529,100209c5,,,UNCONDITIONAL_CALL
10010529,0,10010529,100209d5,,,UNCONDITIONAL_CALL
10010529,0,10010529,100209e5,,,UNCONDITIONAL_CALL
10010529,0,10010529,10020a04,,,UNCONDITIONAL_CALL
10010529,0,10010529,10020a15,,,UNCONDITIONAL_CALL
10010529,0,10010529,10020a25,,,UNCONDITIONAL_CALL
10010529,0,10010529,10020a35,,,UNCONDITIONAL_CALL
10010529,0,10010529,10020a45,,,UNCONDITIONAL_CALL
10010529,0,10010529,10020a55,,,UNCONDITIONAL_CALL
10010529,0,10010529,10020a65,,,UNCONDITIONAL_CALL
10010540,0,10010540,1000107d,10001040,"FUN_10001040",UNCONDITIONAL_CALL
10010540,0,10010540,100010dd,10001040,"FUN_10001040",UNCONDITIONAL_CALL
10010540,0,10010540,10001164,10001040,"FUN_10001040",UNCONDITIONAL_CALL
10010540,0,10010540,100011ed,10001040,"FUN_10001040",UNCONDITIONAL_CALL
10010540,0,10010540,1000126f,10001040,"FUN_10001040",UNCONDITIONAL_CALL
10010540,0,10010540,1000384d,10003810,"FUN_10003810",UNCONDITIONAL_CALL
10010540,0,10010540,100038f1,10003810,"FUN_10003810",UNCONDITIONAL_CALL
10010670,0,10010670,1001065f,10010540,"_fgets",UNCONDITIONAL_CALL
10010678,0,10010678,10010741,10010734,"_fopen",UNCONDITIONAL_CALL
1001072a,0,1001072a,1001071c,10010678,"__fsopen",UNCONDITIONAL_CALL
10010734,0,10010734,10001584,10001520,"FUN_10001520",UNCONDITIONAL_CALL
10010734,0,10010734,10001060,10001040,"FUN_10001040",UNCONDITIONAL_CALL
10010734,0,10010734,1000382f,10003810,"FUN_10003810",UNCONDITIONAL_CALL
1001074b,0,1001074b,10008dec,10008dd0,"FUN_10008dd0",UNCONDITIONAL_CALL
1001074b,0,1001074b,100030d4,,,UNCONDITIONAL_CALL
10010756,0,10010756,10001028,10001010,"FUN_10001010",UNCONDITIONAL_CALL
10010756,0,10010756,10004390,100042c0,"FUN_100042c0",UNCONDITIONAL_CALL
10010756,0,10010756,10008ddb,10008dd0,"FUN_10008dd0",UNCONDITIONAL_CALL
10010756,0,10010756,10009b07,10009af0,"FUN_10009af0",UNCONDITIONAL_CALL
10010756,0,10010756,10009b20,10009af0,"FUN_10009af0",UNCONDITIONAL_CALL
10010756,0,10010756,10009b38,10009af0,"FUN_10009af0",UNCONDITIONAL_CALL
10010756,0,10010756,10009b67,10009b50,"FUN_10009b50",UNCONDITIONAL_CALL
10010756,0,10010756,10009b80,10009b50,"FUN_10009b50",UNCONDITIONAL_CALL
10010756,0,10010756,10009b98,10009b50,"FUN_10009b50",UNCONDITIONAL_CALL
10010756,0,10010756,10009bc7,10009bb0,"FUN_10009bb0",UNCONDITIONAL_CALL
10010756,0,10010756,10009be0,10009bb0,"FUN_10009bb0",UNCONDITIONAL_CALL
10010756,0,10010756,10009bf8,10009bb0,"FUN_10009bb0",UNCONDITIONAL_CALL
10010756,0,10010756,10009c27,10009c10,"FUN_10009c10",UNCONDITIONAL_CALL
10010756,0,10010756,10009c40,10009c10,"FUN_10009c10",UNCONDITIONAL_CALL
10010756,0,10010756,10009c58,10009c10,"FUN_10009c10",UNCONDITIONAL_CALL
10010756,0,10010756,10009c87,10009c70,"FUN_10009c70",UNCONDITIONAL_CALL
10010756,0,10010756,10009ca0,10009c70,"FUN_10009c70",UNCONDITIONAL_CALL
10010756,0,10010756,10009cb8,10009c70,"FUN_10009c70",UNCONDITIONAL_CALL
10010756,0,10010756,10009ce7,10009cd0,"FUN_10009cd0",UNCONDITIONAL_CALL
10010756,0,10010756,10009d00,10009cd0,"FUN_10009cd0",UNCONDITIONAL_CALL
10010756,0,10010756,10009d18,10009cd0,"FUN_10009cd0",UNCONDITIONAL_CALL
10010756,0,10010756,10009d47,10009d30,"FUN_10009d30",UNCONDITIONAL_CALL
10010756,0,10010756,10009d60,10009d30,"FUN_10009d30",UNCONDITIONAL_CALL
10010756,0,10010756,10009d78,10009d30,"FUN_10009d30",UNCONDITIONAL_CALL
10010756,0,10010756,10009da7,10009d90,"FUN_10009d90",UNCONDITIONAL_CALL
10010756,0,10010756,10009dc0,10009d90,"FUN_10009d90",UNCONDITIONAL_CALL
10010756,0,10010756,10009dd8,10009d90,"FUN_10009d90",UNCONDITIONAL_CALL
10010756,0,10010756,10009e07,10009df0,"FUN_10009df0",UNCONDITIONAL_CALL
10010756,0,10010756,10009e20,10009df0,"FUN_10009df0",UNCONDITIONAL_CALL
10010756,0,10010756,10009e38,10009df0,"FUN_10009df0",UNCONDITIONAL_CALL
10010756,0,10010756,10009e67,10009e50,"FUN_10009e50",UNCONDITIONAL_CALL
10010756,0,10010756,10009e80,10009e50,"FUN_10009e50",UNCONDITIONAL_CALL
10010756,0,10010756,10009e98,10009e50,"FUN_10009e50",UNCONDITIONAL_CALL
10010756,0,10010756,10009ec7,10009eb0,"FUN_10009eb0",UNCONDITIONAL_CALL
10010756,0,10010756,10009ee0,10009eb0,"FUN_10009eb0",UNCONDITIONAL_CALL
10010756,0,10010756,10009ef8,10009eb0,"FUN_10009eb0",UNCONDITIONAL_CALL
10010756,0,10010756,10009f27,10009f10,"FUN_10009f10",UNCONDITIONAL_CALL
10010756,0,10010756,10009f40,10009f10,"FUN_10009f10",UNCONDITIONAL_CALL
10010756,0,10010756,10009f58,10009f10,"FUN_10009f10",UNCONDITIONAL_CALL
10010756,0,10010756,10009f87,10009f70,"FUN_10009f70",UNCONDITIONAL_CALL
10010756,0,10010756,10009fa0,10009f70,"FUN_10009f70",UNCONDITIONAL_CALL
10010756,0,10010756,10009fb8,10009f70,"FUN_10009f70",UNCONDITIONAL_CALL
10010756,0,10010756,10009fe7,10009fd0,"FUN_10009fd0",UNCONDITIONAL_CALL
10010756,0,10010756,1000a000,10009fd0,"FUN_10009fd0",UNCONDITIONAL_CALL
10010756,0,10010756,1000a018,10009fd0,"FUN_10009fd0",UNCONDITIONAL_CALL
10010756,0,10010756,1000a047,1000a030,"FUN_1000a030",UNCONDITIONAL_CALL
10010756,0,10010756,1000a060,1000a030,"FUN_1000a030",UNCONDITIONAL_CALL
10010756,0,10010756,1000a078,1000a030,"FUN_1000a030",UNCONDITIONAL_CALL
10010756,0,10010756,1000a127,1000a110,"FUN_1000a110",UNCONDITIONAL_CALL
10010756,0,10010756,1000a140,1000a110,"FUN_1000a110",UNCONDITIONAL_CALL
10010756,0,10010756,1000a158,1000a110,"FUN_1000a110",UNCONDITIONAL_CALL
10010756,0,10010756,1000a187,1000a170,"FUN_1000a170",UNCONDITIONAL_CALL
10010756,0,10010756,1000a1a0,1000a170,"FUN_1000a170",UNCONDITIONAL_CALL
10010756,0,10010756,1000a1b8,1000a170,"FUN_1000a170",UNCONDITIONAL_CALL
10010756,0,10010756,1000a1e7,1000a1d0,"FUN_1000a1d0",UNCONDITIONAL_CALL
10010756,0,10010756,1000a200,1000a1d0,"FUN_1000a1d0",UNCONDITIONAL_CALL
10010756,0,10010756,1000a218,1000a1d0,"FUN_1000a1d0",UNCONDITIONAL_CALL
10010756,0,10010756,1000a247,1000a230,"FUN_1000a230",UNCONDITIONAL_CALL
10010756,0,10010756,1000a260,1000a230,"FUN_1000a230",UNCONDITIONAL_CALL
10010756,0,10010756,1000a278,1000a230,"FUN_1000a230",UNCONDITIONAL_CALL
10010756,0,10010756,1000a2a7,1000a290,"FUN_1000a290",UNCONDITIONAL_CALL
10010756,0,10010756,1000a2c0,1000a290,"FUN_1000a290",UNCONDITIONAL_CALL
10010756,0,10010756,1000a2d8,1000a290,"FUN_1000a290",UNCONDITIONAL_CALL
10010756,0,10010756,1000a307,1000a2f0,"FUN_1000a2f0",UNCONDITIONAL_CALL
10010756,0,10010756,1000a320,1000a2f0,"FUN_1000a2f0",UNCONDITIONAL_CALL
10010756,0,10010756,1000a338,1000a2f0,"FUN_1000a2f0",UNCONDITIONAL_CALL
10010756,0,10010756,1000d3d5,1000d380,"FUN_1000d380",UNCONDITIONAL_CALL
10010756,0,10010756,10010223,1001020f,"FUN_1001020f",UNCONDITIONAL_CALL
10010756,0,10010756,10010344,1001032a,"FUN_1001032a",UNCONDITIONAL_CALL
10010756,0,10010756,10010785,10010771,"`scalar_deleting_destructor'",UNCONDITIONAL_CALL
10010756,0,10010756,1001cd51,1001cd37,"FUN_1001cd37",UNCONDITIONAL_CALL
10010756,0,10010756,10010751,1001074b,"FUN_1001074b",UNCONDITIONAL_CALL
10010756,0,10010756,1000140b,100013e0,"FUN_100013e0",UNCONDITIONAL_CALL
10010756,0,10010756,10001421,100013e0,"FUN_100013e0",UNCONDITIONAL_CALL
10010756,0,10010756,10020aa7,10020a90,"FUN_10020a90",UNCONDITIONAL_CALL
10010756,0,10010756,10020acb,10020a90,"FUN_10020a90",UNCONDITIONAL_CALL
10010756,0,10010756,10020b07,10020af0,"FUN_10020af0",UNCONDITIONAL_CALL
10010756,0,10010756,10020b2b,10020af0,"FUN_10020af0",UNCONDITIONAL_CALL
10010756,0,10010756,10020b67,10020b50,"FUN_10020b50",UNCONDITIONAL_CALL
10010756,0,10010756,10020b8b,10020b50,"FUN_10020b50",UNCONDITIONAL_CALL
10010756,0,10010756,10020bc7,10020bb0,"FUN_10020bb0",UNCONDITIONAL_CALL
10010756,0,10010756,10020beb,10020bb0,"FUN_10020bb0",UNCONDITIONAL_CALL
10010756,0,10010756,10020c27,10020c10,"FUN_10020c10",UNCONDITIONAL_CALL
10010756,0,10010756,10020c4b,10020c10,"FUN_10020c10",UNCONDITIONAL_CALL
10010756,0,10010756,10020c87,10020c70,"FUN_10020c70",UNCONDITIONAL_CALL
10010756,0,10010756,10020cab,10020c70,"FUN_10020c70",UNCONDITIONAL_CALL
10010756,0,10010756,10020ce7,10020cd0,"FUN_10020cd0",UNCONDITIONAL_CALL
10010756,0,10010756,10020d0b,10020cd0,"FUN_10020cd0",UNCONDITIONAL_CALL
10010756,0,10010756,10020d47,10020d30,"FUN_10020d30",UNCONDITIONAL_CALL
10010756,0,10010756,10020d6b,10020d30,"FUN_10020d30",UNCONDITIONAL_CALL
10010756,0,10010756,10020da7,10020d90,"FUN_10020d90",UNCONDITIONAL_CALL
10010756,0,10010756,10020dcb,10020d90,"FUN_10020d90",UNCONDITIONAL_CALL
10010756,0,10010756,10020e07,10020df0,"FUN_10020df0",UNCONDITIONAL_CALL
10010756,0,10010756,10020e2b,10020df0,"FUN_10020df0",UNCONDITIONAL_CALL
10010756,0,10010756,10020e67,10020e50,"FUN_10020e50",UNCONDITIONAL_CALL
10010756,0,10010756,10020e8b,10020e50,"FUN_10020e50",UNCONDITIONAL_CALL
10010756,0,10010756,10020ec7,10020eb0,"FUN_10020eb0",UNCONDITIONAL_CALL
10010756,0,10010756,10020eeb,10020eb0,"FUN_10020eb0",UNCONDITIONAL_CALL
10010756,0,10010756,10020f27,10020f10,"FUN_10020f10",UNCONDITIONAL_CALL
10010756,0,10010756,10020f4b,10020f10,"FUN_10020f10",UNCONDITIONAL_CALL
10010756,0,10010756,10020f87,10020f70,"FUN_10020f70",UNCONDITIONAL_CALL
10010756,0,10010756,10020fab,10020f70,"FUN_10020f70",UNCONDITIONAL_CALL
10010756,0,10010756,10020fe7,10020fd0,"FUN_10020fd0",UNCONDITIONAL_CALL
10010756,0,10010756,1002100b,10020fd0,"FUN_10020fd0",UNCONDITIONAL_CALL
10010756,0,10010756,10021047,10021030,"FUN_10021030",UNCONDITIONAL_CALL
10010756,0,10010756,1002106b,10021030,"FUN_10021030",UNCONDITIONAL_CALL
10010756,0,10010756,100210a7,10021090,"FUN_10021090",UNCONDITIONAL_CALL
10010756,0,10010756,100210cb,10021090,"FUN_10021090",UNCONDITIONAL_CALL
10010756,0,10010756,10021107,100210f0,"FUN_100210f0",UNCONDITIONAL_CALL
10010756,0,10010756,1002112b,100210f0,"FUN_100210f0",UNCONDITIONAL_CALL
10010756,0,10010756,10021167,10021150,"FUN_10021150",UNCONDITIONAL_CALL
10010756,0,10010756,1002118b,10021150,"FUN_10021150",UNCONDITIONAL_CALL
10010756,0,10010756,100211c7,100211b0,"FUN_100211b0",UNCONDITIONAL_CALL
10010756,0,10010756,100211eb,100211b0,"FUN_100211b0",UNCONDITIONAL_CALL
10010756,0,10010756,10021227,10021210,"FUN_10021210",UNCONDITIONAL_CALL
10010756,0,10010756,1002124b,10021210,"FUN_10021210",UNCONDITIONAL_CALL
10010761,0,10010761,10010779,10010771,"`scalar_deleting_destructor'",UNCONDITIONAL_CALL
10010771,0,10010771,10022248,,,DATA
10010792,0,10010792,1001d6c0,1001d591,"FindHandler",UNCONDITIONAL_CALL
100107b2,0,100107b2,10010871,1001081f,"_fclose",UNCONDITIONAL_CALL
1001081f,0,1001081f,10001e57,10001db0,"FUN_10001db0",UNCONDITIONAL_CALL
1001081f,0,1001081f,10001333,10001040,"FUN_10001040",UNCONDITIONAL_CALL
1001081f,0,1001081f,10003b8f,10003810,"FUN_10003810",UNCONDITIONAL_CALL
1001081f,0,1001081f,1001821c,100181dc,"__fcloseall",UNCONDITIONAL_CALL
1001088b,0,1001088b,10010881,1001081f,"_fclose",UNCONDITIONAL_CALL
10010893,0,10010893,10001438,10001430,"FUN_10001430",UNCONDITIONAL_CALL
10010893,0,10010893,10008db1,10008da0,"FUN_10008da0",UNCONDITIONAL_CALL
10010893,0,10010893,1000d41c,1000d400,"FUN_1000d400",UNCONDITIONAL_CALL
10010893,0,10010893,10020878,10020870,"FUN_10020870",UNCONDITIONAL_CALL
10010893,0,10010893,10010236,10010230,"FUN_10010230",UNCONDITIONAL_CALL
10010913,0,10010913,100014f8,100014c0,"FUN_100014c0",UNCONDITIONAL_CALL
10010913,0,10010913,10001509,100014c0,"FUN_100014c0",UNCONDITIONAL_CALL
10010a11,0,10010a11,100109f7,10010913,"_fputs",UNCONDITIONAL_CALL
10010a19,0,10010a19,1000155d,10001520,"FUN_10001520",UNCONDITIONAL_CALL
10010a19,0,10010a19,1001697a,100168fe,"FUN_100168fe",UNCONDITIONAL_CALL
10010a19,0,10010a19,10010293,10010265,"_Copy_str",UNCONDITIONAL_CALL
10010a19,0,10010a19,10001614,10001590,"FUN_10001590",UNCONDITIONAL_CALL
10010a19,0,10010a19,1000171e,10001630,"FUN_10001630",UNCONDITIONAL_CALL
10010a19,0,10010a19,10001ed0,10001e80,"FUN_10001e80",UNCONDITIONAL_CALL
10010a19,0,10010a19,1000223c,10002210,"FUN_10002210",UNCONDITIONAL_CALL
10010a19,0,10010a19,1000228a,10002210,"FUN_10002210",UNCONDITIONAL_CALL
10010a19,0,10010a19,100022d3,10002210,"FUN_10002210",UNCONDITIONAL_CALL
10010a19,0,10010a19,10002322,10002210,"FUN_10002210",UNCONDITIONAL_CALL
10010a19,0,10010a19,10002365,10002210,"FUN_10002210",UNCONDITIONAL_CALL
10010a19,0,10010a19,100023a8,10002210,"FUN_10002210",UNCONDITIONAL_CALL
10010a19,0,10010a19,100023eb,10002210,"FUN_10002210",UNCONDITIONAL_CALL
10010a19,0,10010a19,1000242e,10002210,"FUN_10002210",UNCONDITIONAL_CALL
10010a19,0,10010a19,10002471,10002210,"FUN_10002210",UNCONDITIONAL_CALL
10010a19,0,10010a19,10003bf2,10003ba0,"FUN_10003ba0",UNCONDITIONAL_CALL
10010a19,0,10010a19,10003c3a,10003ba0,"FUN_10003ba0",UNCONDITIONAL_CALL
10010a19,0,10010a19,10003c8e,10003ba0,"FUN_10003ba0",UNCONDITIONAL_CALL
10010a19,0,10010a19,10003cda,10003ba0,"FUN_10003ba0",UNCONDITIONAL_CALL
10010a19,0,10010a19,10003d42,10003ba0,"FUN_10003ba0",UNCONDITIONAL_CALL
10010a19,0,10010a19,10003d96,10003ba0,"FUN_10003ba0",UNCONDITIONAL_CALL
10010a19,0,10010a19,10003ded,10003ba0,"FUN_10003ba0",UNCONDITIONAL_CALL
10010a19,0,10010a19,1000815f,10008140,"FUN_10008140",UNCONDITIONAL_CALL
10010a19,0,10010a19,100081b1,10008140,"FUN_10008140",UNCONDITIONAL_CALL
10010a19,0,10010a19,10008201,10008140,"FUN_10008140",UNCONDITIONAL_CALL
10010a19,0,10010a19,1000824f,10008140,"FUN_10008140",UNCONDITIONAL_CALL
10010a19,0,10010a19,10008302,10008140,"FUN_10008140",UNCONDITIONAL_CALL
10010a19,0,10010a19,1000835d,10008140,"FUN_10008140",UNCONDITIONAL_CALL
10010a19,0,10010a19,100083fb,10008140,"FUN_10008140",UNCONDITIONAL_CALL
10010a19,0,10010a19,10008415,10008140,"FUN_10008140",UNCONDITIONAL_CALL
10010a19,0,10010a19,100084b6,10008140,"FUN_10008140",UNCONDITIONAL_CALL
10010a19,0,10010a19,100084d0,10008140,"FUN_10008140",UNCONDITIONAL_CALL
10010a19,0,10010a19,1000856e,10008140,"FUN_10008140",UNCONDITIONAL_CALL
10010a19,0,10010a19,10008588,10008140,"FUN_10008140",UNCONDITIONAL_CALL
10010a19,0,10010a19,10008629,10008140,"FUN_10008140",UNCONDITIONAL_CALL
10010a19,0,10010a19,10008643,10008140,"FUN_10008140",UNCONDITIONAL_CALL
10010a19,0,10010a19,100086e1,10008140,"FUN_10008140",UNCONDITIONAL_CALL
10010a19,0,10010a19,10008703,10008140,"FUN_10008140",UNCONDITIONAL_CALL
10010a19,0,10010a19,1000873f,10008140,"FUN_10008140",UNCONDITIONAL_CALL
10010a19,0,10010a19,1001bd72,1001bc9e,"FUN_1001bc9e",UNCONDITIONAL_CALL
10010a19,0,10010a19,1001dd73,1001dd12,"FUN_1001dd12",UNCONDITIONAL_CALL
10010a19,0,10010a19,1001f310,1001f203,"$I10_OUTPUT",UNCONDITIONAL_CALL
10010a19,0,10010a19,1001f32d,1001f203,"$I10_OUTPUT",UNCONDITIONAL_CALL
10010a80,0,10010a80,10001de2,10001db0,"FUN_10001db0",UNCONDITIONAL_CALL
10010a80,0,10010a80,10001df5,10001db0,"FUN_10001db0",UNCONDITIONAL_CALL
10010a80,0,10010a80,1001bfe4,1001bee6,"__cftoa_l",UNCONDITIONAL_CALL
10010aad,0,10010aad,10001573,10001520,"FUN_10001520",UNCONDITIONAL_CALL
10010aad,0,10010aad,10001ee4,10001e80,"FUN_10001e80",UNCONDITIONAL_CALL
10010aad,0,10010aad,10002250,10002210,"FUN_10002210",UNCONDITIONAL_CALL
10010aad,0,10010aad,1000229e,10002210,"FUN_10002210",UNCONDITIONAL_CALL
10010aad,0,10010aad,100022e7,10002210,"FUN_10002210",UNCONDITIONAL_CALL
10010aad,0,10010aad,10002336,10002210,"FUN_10002210",UNCONDITIONAL_CALL
10010aad,0,10010aad,10002379,10002210,"FUN_10002210",UNCONDITIONAL_CALL
10010aad,0,10010aad,100023bc,10002210,"FUN_10002210",UNCONDITIONAL_CALL
10010aad,0,10010aad,100023ff,10002210,"FUN_10002210",UNCONDITIONAL_CALL
10010aad,0,10010aad,10002442,10002210,"FUN_10002210",UNCONDITIONAL_CALL
10010aad,0,10010aad,10002485,10002210,"FUN_10002210",UNCONDITIONAL_CALL
10010aad,0,10010aad,10003c06,10003ba0,"FUN_10003ba0",UNCONDITIONAL_CALL
10010aad,0,10010aad,10003c4e,10003ba0,"FUN_10003ba0",UNCONDITIONAL_CALL
10010aad,0,10010aad,10003ca2,10003ba0,"FUN_10003ba0",UNCONDITIONAL_CALL
10010aad,0,10010aad,10003cee,10003ba0,"FUN_10003ba0",UNCONDITIONAL_CALL
10010aad,0,10010aad,10003d56,10003ba0,"FUN_10003ba0",UNCONDITIONAL_CALL
10010aad,0,10010aad,10003dad,10003ba0,"FUN_10003ba0",UNCONDITIONAL_CALL
10010aad,0,10010aad,10003e01,10003ba0,"FUN_10003ba0",UNCONDITIONAL_CALL
10010aad,0,10010aad,10008173,10008140,"FUN_10008140",UNCONDITIONAL_CALL
10010aad,0,10010aad,100081c5,10008140,"FUN_10008140",UNCONDITIONAL_CALL
10010aad,0,10010aad,10008215,10008140,"FUN_10008140",UNCONDITIONAL_CALL
10010aad,0,10010aad,10008263,10008140,"FUN_10008140",UNCONDITIONAL_CALL
10010aad,0,10010aad,10008371,10008140,"FUN_10008140",UNCONDITIONAL_CALL
10010aad,0,10010aad,10008429,10008140,"FUN_10008140",UNCONDITIONAL_CALL
10010aad,0,10010aad,100084e4,10008140,"FUN_10008140",UNCONDITIONAL_CALL
10010aad,0,10010aad,1000859c,10008140,"FUN_10008140",UNCONDITIONAL_CALL
10010aad,0,10010aad,10008657,10008140,"FUN_10008140",UNCONDITIONAL_CALL
10010aad,0,10010aad,10008717,10008140,"FUN_10008140",UNCONDITIONAL_CALL
10010aad,0,10010aad,10008753,10008140,"FUN_10008140",UNCONDITIONAL_CALL
10010b1a,0,10010b1a,100144f9,100144ea,"getSystemCP",UNCONDITIONAL_CALL
10010b1a,0,10010b1a,10018ae8,10018ad9,"__mbsnbicmp_l",UNCONDITIONAL_CALL
10010b1a,0,10010b1a,10010bbc,10010ba1,"__strnicmp_l",UNCONDITIONAL_CALL
10010b1a,0,10010b1a,10015132,10015122,"__tolower_l",UNCONDITIONAL_CALL
10010b1a,0,10010b1a,100179f6,100179e8,"__isleadbyte_l",UNCONDITIONAL_CALL
10010b1a,0,10010b1a,10018d10,10018cf7,"__mbsnbcmp_l",UNCONDITIONAL_CALL
10010b1a,0,10010b1a,100178ec,100178b8,"__mbtowc_l",UNCONDITIONAL_CALL
10010b1a,0,10010b1a,10019e7b,10019e6d,"___crtLCMapStringA",UNCONDITIONAL_CALL
10010b1a,0,10010b1a,10019fa8,10019f9a,"___crtGetStringTypeA",UNCONDITIONAL_CALL
10010b1a,0,10010b1a,1001a4c7,1001a4b8,"__isctype_l",UNCONDITIONAL_CALL
10010b1a,0,10010b1a,1001aa5d,1001aa4f,"x_ismbbtype_l",UNCONDITIONAL_CALL
10010b1a,0,10010b1a,1001553e,100154dc,"__output_l",UNCONDITIONAL_CALL
10010b1a,0,10010b1a,1001765f,10017651,"__isdigit_l",UNCONDITIONAL_CALL
10010b1a,0,10010b1a,10017764,10017756,"__isspace_l",UNCONDITIONAL_CALL
10010b1a,0,10010b1a,10011ae9,100119f1,"__input_l",UNCONDITIONAL_CALL
10010b1a,0,10010b1a,100176de,100176d0,"__isxdigit_l",UNCONDITIONAL_CALL
10010b1a,0,10010b1a,1001a7d8,1001a785,"__wctomb_s_l",UNCONDITIONAL_CALL
10010b1a,0,10010b1a,1001bafa,1001baeb,"__forcdecpt_l",UNCONDITIONAL_CALL
10010b1a,0,10010b1a,1001bb6e,1001bb5f,"__cropzeros_l",UNCONDITIONAL_CALL
10010b1a,0,10010b1a,1001da7d,1001da5c,"FID_conflict:__atoflt_l",UNCONDITIONAL_CALL
10010b1a,0,10010b1a,1001db25,1001db04,"FID_conflict:__atoflt_l",UNCONDITIONAL_CALL
10010b1a,0,10010b1a,1001bcb0,1001bc9e,"FUN_1001bc9e",UNCONDITIONAL_CALL
10010b1a,0,10010b1a,1001bf06,1001bee6,"__cftoa_l",UNCONDITIONAL_CALL
10010b1a,0,10010b1a,1001c275,1001c25c,"__cftof2_l",UNCONDITIONAL_CALL
10010ba1,0,10010ba1,10010ccc,10010c83,"__strnicmp",UNCONDITIONAL_CALL
10010c83,0,10010c83,10018b18,10018ad9,"__mbsnbicmp_l",UNCONDITIONAL_CALL
10010c83,0,10010c83,100019d9,10001980,"FUN_10001980",UNCONDITIONAL_CALL
10010cd6,0,10010cd6,10001a2e,10001980,"FUN_10001980",UNCONDITIONAL_CALL
10010d8b,0,10010d8b,10018d27,10018cf7,"__mbsnbcmp_l",UNCONDITIONAL_CALL
10010d8b,0,10010d8b,10001c3c,10001b90,"FUN_10001b90",UNCONDITIONAL_CALL
10010d8b,0,10010d8b,10001c58,10001b90,"FUN_10001b90",UNCONDITIONAL_CALL
10010d8b,0,10010d8b,10003f4f,10003f40,"FUN_10003f40",UNCONDITIONAL_CALL
10010d8b,0,10010d8b,100045dc,10004430,"FUN_10004430",UNCONDITIONAL_CALL
10010d8b,0,10010d8b,10004621,10004430,"FUN_10004430",UNCONDITIONAL_CALL
10010d8b,0,10010d8b,10004671,10004430,"FUN_10004430",UNCONDITIONAL_CALL
10010d8b,0,10010d8b,100046b9,10004430,"FUN_10004430",UNCONDITIONAL_CALL
10010d8b,0,10010d8b,10004019,10004000,"FUN_10004000",UNCONDITIONAL_CALL
10010d8b,0,10010d8b,10004730,100046f0,"FUN_100046f0",UNCONDITIONAL_CALL
10010d8b,0,10010d8b,10004748,100046f0,"FUN_100046f0",UNCONDITIONAL_CALL
10010d8b,0,10010d8b,10004760,100046f0,"FUN_100046f0",UNCONDITIONAL_CALL
10010d8b,0,10010d8b,100047b6,100046f0,"FUN_100046f0",UNCONDITIONAL_CALL
10010d8b,0,10010d8b,10004802,100046f0,"FUN_100046f0",UNCONDITIONAL_CALL
10010d8b,0,10010d8b,10004816,100046f0,"FUN_100046f0",UNCONDITIONAL_CALL
10010d8b,0,10010d8b,1000482a,100046f0,"FUN_100046f0",UNCONDITIONAL_CALL
10010d8b,0,10010d8b,1000483e,100046f0,"FUN_100046f0",UNCONDITIONAL_CALL
10010d8b,0,10010d8b,10004852,100046f0,"FUN_100046f0",UNCONDITIONAL_CALL
10010d8b,0,10010d8b,10007985,100076d0,"FUN_100076d0",UNCONDITIONAL_CALL
10010d8b,0,10010d8b,100079b5,100076d0,"FUN_100076d0",UNCONDITIONAL_CALL
10010d8b,0,10010d8b,100079ce,100076d0,"FUN_100076d0",UNCONDITIONAL_CALL
10010d8b,0,10010d8b,10008cca,10008cb0,"FUN_10008cb0",UNCONDITIONAL_CALL
10010d8b,0,10010d8b,10008ce9,10008cb0,"FUN_10008cb0",UNCONDITIONAL_CALL
10010e4b,0,10010e4b,10008275,10008140,"FUN_10008140",UNCONDITIONAL_CALL
10010ed0,0,10010ed0,10004786,100046f0,"FUN_100046f0",UNCONDITIONAL_CALL
10010ed0,0,10010ed0,100047e4,100046f0,"FUN_100046f0",UNCONDITIONAL_CALL
10010ed0,0,10010ed0,1000489e,100046f0,"FUN_100046f0",UNCONDITIONAL_CALL
10010ed0,0,10010ed0,100048d5,100046f0,"FUN_100046f0",UNCONDITIONAL_CALL
10010ed0,0,10010ed0,100048eb,100046f0,"FUN_100046f0",UNCONDITIONAL_CALL
10010ed0,0,10010ed0,10004901,100046f0,"FUN_100046f0",UNCONDITIONAL_CALL
10010ed0,0,10010ed0,10004917,100046f0,"FUN_100046f0",UNCONDITIONAL_CALL
10010ed0,0,10010ed0,1000492d,100046f0,"FUN_100046f0",UNCONDITIONAL_CALL
10010ed0,0,10010ed0,10004943,100046f0,"FUN_100046f0",UNCONDITIONAL_CALL
10010ed0,0,10010ed0,10004976,100046f0,"FUN_100046f0",UNCONDITIONAL_CALL
10010ed0,0,10010ed0,100049a5,100046f0,"FUN_100046f0",UNCONDITIONAL_CALL
10010ed0,0,10010ed0,10004a11,10004a00,"FUN_10004a00",UNCONDITIONAL_CALL
10010ed0,0,10010ed0,10004a30,10004a00,"FUN_10004a00",UNCONDITIONAL_CALL
10010f59,0,10010f59,10011111,100110bd,"___DllMainCRTStartup",UNCONDITIONAL_CALL
10010f59,0,10010f59,10011141,100110bd,"___DllMainCRTStartup",UNCONDITIONAL_CALL
10010f59,0,10010f59,10011161,100110bd,"___DllMainCRTStartup",UNCONDITIONAL_CALL
10011032,0,10011032,10011026,10010f59,"__CRT_INIT@12",UNCONDITIONAL_CALL
100110bd,0,100110bd,100111cc,100111b3,"entry",UNCONDITIONAL_CALL
100111b3,0,100111b3,10000110,,,DATA
100111b3,0,100111b3,Entry Point,,,EXTERNAL
100111e0,0,100111e0,1000d3be,1000d380,"FUN_1000d380",UNCONDITIONAL_CALL
100111e0,0,100111e0,1001d2d6,1001d20b,"___BuildCatchObjectHelper",UNCONDITIONAL_CALL
100111e0,0,100111e0,1001d327,1001d20b,"___BuildCatchObjectHelper",UNCONDITIONAL_CALL
100111e0,0,100111e0,1001bdd6,1001bc9e,"FUN_1001bc9e",UNCONDITIONAL_CALL
100111e0,0,100111e0,1001bc6e,1001bc59,"__shift",UNCONDITIONAL_CALL
100111e0,0,100111e0,1001dc50,1001dbac,"__fptostr",UNCONDITIONAL_CALL
100111e0,0,100111e0,1001c2e3,1001c25c,"__cftof2_l",UNCONDITIONAL_CALL
100111e0,0,100111e0,1001c307,1001c25c,"__cftof2_l",UNCONDITIONAL_CALL
10011541,0,10011541,10024e64,,,DATA
10011541,0,10011541,10024e4c,,,DATA
10011541,0,10011541,10024e34,,,DATA
10011541,0,10011541,10024e1c,,,DATA
10011541,0,10011541,10024e04,,,DATA
10011541,0,10011541,10024dec,,,DATA
10011541,0,10011541,10024dd4,,,DATA
10011541,0,10011541,10024dbc,,,DATA
10011541,0,10011541,10024da4,,,DATA
10011541,0,10011541,10024d8c,,,DATA
10011541,0,10011541,10024d74,,,DATA
10011541,0,10011541,10024d5c,,,DATA
10011541,0,10011541,10024d44,,,DATA
10011541,0,10011541,10024d2c,,,DATA
10011541,0,10011541,10024d14,,,DATA
10011541,0,10011541,10024cfc,,,DATA
10011541,0,10011541,10024ce4,,,DATA
10011541,0,10011541,10024ccc,,,DATA
10011541,0,10011541,10024cb4,,,DATA
10011541,0,10011541,10024c9c,,,DATA
10011541,0,10011541,10024c84,,,DATA
1001156b,0,1001156b,1001d069,1001d057,"Catch_All@1001d057",UNCONDITIONAL_CALL
1001156b,0,1001156b,1000148f,10001430,"FUN_10001430",UNCONDITIONAL_CALL
1001156b,0,1001156b,100101ec,100101c2,"FUN_100101c2",UNCONDITIONAL_CALL
1001156b,0,1001156b,1001090d,10010893,"FUN_10010893",UNCONDITIONAL_CALL
1001156b,0,1001156b,1000d44b,1000d400,"FUN_1000d400",UNCONDITIONAL_CALL
1001156b,0,1001156b,1001d705,1001d591,"FindHandler",UNCONDITIONAL_CALL
1001156b,0,1001156b,100208c7,10020870,"FUN_10020870",UNCONDITIONAL_CALL
100115b7,0,100115b7,10012a01,100129f5,"__malloc_crt",UNCONDITIONAL_CALL
100115b7,0,100115b7,10017b24,10017b16,"_realloc",UNCONDITIONAL_CALL
100115b7,0,100115b7,10019d36,10019c86,"__crtLCMapStringA_stat",UNCONDITIONAL_CALL
100115b7,0,100115b7,10019df3,10019c86,"__crtLCMapStringA_stat",UNCONDITIONAL_CALL
100115b7,0,100115b7,10019f32,10019eb3,"__crtGetStringTypeA_stat",UNCONDITIONAL_CALL
100115b7,0,100115b7,100108ad,10010893,"FUN_10010893",UNCONDITIONAL_CALL
100115b7,0,100115b7,10010280,10010265,"_Copy_str",UNCONDITIONAL_CALL
10011650,0,10011650,10017261,100170d6,"__NMSG_WRITE",UNCONDITIONAL_CALL
10011650,0,10011650,10016928,100168fe,"FUN_100168fe",UNCONDITIONAL_CALL
10011650,0,10011650,10016959,100168fe,"FUN_100168fe",UNCONDITIONAL_CALL
10011650,0,10011650,10010277,10010265,"_Copy_str",UNCONDITIONAL_CALL
10011650,0,10011650,100103ad,10010376,"vscan_fn",UNCONDITIONAL_CALL
10011650,0,10011650,100109b9,10010913,"_fputs",UNCONDITIONAL_CALL
10011650,0,10011650,1001bc63,1001bc59,"__shift",UNCONDITIONAL_CALL
10011650,0,10011650,1001dc47,1001dbac,"__fptostr",UNCONDITIONAL_CALL
10011650,0,10011650,1001c2da,1001c25c,"__cftof2_l",UNCONDITIONAL_CALL
10011650,0,10011650,1001c2fe,1001c25c,"__cftof2_l",UNCONDITIONAL_CALL
10011650,0,10011650,10015a97,100154dc,"__output_l",UNCONDITIONAL_CALL
100116db,0,100116db,10014ddc,10014d77,"__getptd_noexit",UNCONDITIONAL_CALL
100116db,0,100116db,10017d6c,10017ce9,"__mtinitlocknum",UNCONDITIONAL_CALL
100116db,0,100116db,10017d87,10017ce9,"__mtinitlocknum",UNCONDITIONAL_CALL
100116db,0,100116db,1001080b,100107b2,"__fclose_nolock",UNCONDITIONAL_CALL
100116db,0,100116db,1001109b,10010f59,"__CRT_INIT@12",UNCONDITIONAL_CALL
100116db,0,100116db,10013577,1001353b,"__ioterm",UNCONDITIONAL_CALL
100116db,0,100116db,10013919,1001384b,"__getstream",UNCONDITIONAL_CALL
100116db,0,100116db,10013d4f,10013d38,"__freebuf",UNCONDITIONAL_CALL
100116db,0,100116db,10017c9b,10017c7b,"__mtdeletelocks",UNCONDITIONAL_CALL
100116db,0,100116db,10014e29,10014e0a,"__freefls@4",UNCONDITIONAL_CALL
100116db,0,100116db,10014e37,10014e0a,"__freefls@4",UNCONDITIONAL_CALL
100116db,0,100116db,10014e45,10014e0a,"__freefls@4",UNCONDITIONAL_CALL
100116db,0,100116db,10014e53,10014e0a,"__freefls@4",UNCONDITIONAL_CALL
100116db,0,100116db,10014e61,10014e0a,"__freefls@4",UNCONDITIONAL_CALL
100116db,0,100116db,10014e6f,10014e0a,"__freefls@4",UNCONDITIONAL_CALL
100116db,0,100116db,10014e7d,10014e0a,"__freefls@4",UNCONDITIONAL_CALL
100116db,0,100116db,10014e8e,10014e0a,"__freefls@4",UNCONDITIONAL_CALL
100116db,0,100116db,10014ebb,10014e0a,"__freefls@4",UNCONDITIONAL_CALL
100116db,0,100116db,10014f13,10014e0a,"__freefls@4",UNCONDITIONAL_CALL
100116db,0,100116db,10014a6a,10014a2f,"___freetlocinfo",UNCONDITIONAL_CALL
100116db,0,100116db,10014a8b,10014a2f,"___freetlocinfo",UNCONDITIONAL_CALL
100116db,0,100116db,10014aa3,10014a2f,"___freetlocinfo",UNCONDITIONAL_CALL
100116db,0,100116db,10014aae,10014a2f,"___freetlocinfo",UNCONDITIONAL_CALL
100116db,0,100116db,10014acf,10014a2f,"___freetlocinfo",UNCONDITIONAL_CALL
100116db,0,100116db,10014ae2,10014a2f,"___freetlocinfo",UNCONDITIONAL_CALL
100116db,0,100116db,10014af0,10014a2f,"___freetlocinfo",UNCONDITIONAL_CALL
100116db,0,100116db,10014afb,10014a2f,"___freetlocinfo",UNCONDITIONAL_CALL
100116db,0,100116db,10014b24,10014a2f,"___freetlocinfo",UNCONDITIONAL_CALL
100116db,0,100116db,10014b49,10014a2f,"___freetlocinfo",UNCONDITIONAL_CALL
100116db,0,100116db,10014b60,10014a2f,"___freetlocinfo",UNCONDITIONAL_CALL
100116db,0,100116db,10014b6f,10014a2f,"___freetlocinfo",UNCONDITIONAL_CALL
100116db,0,100116db,10016996,100168fe,"FUN_100168fe",UNCONDITIONAL_CALL
100116db,0,100116db,100169bc,100168fe,"FUN_100168fe",UNCONDITIONAL_CALL
100116db,0,100116db,100147da,1001474f,"__setmbcp",UNCONDITIONAL_CALL
100116db,0,100116db,10014893,1001474f,"__setmbcp",UNCONDITIONAL_CALL
100116db,0,100116db,100148c9,1001474f,"__setmbcp",UNCONDITIONAL_CALL
100116db,0,100116db,100144b2,10014446,"___updatetmbcinfo",UNCONDITIONAL_CALL
100116db,0,100116db,10016ca3,10016c2f,"___crtGetEnvironmentStringsA",UNCONDITIONAL_CALL
100116db,0,100116db,10017b37,10017b16,"_realloc",UNCONDITIONAL_CALL
100116db,0,100116db,1001649d,10016088,"__read_nolock",UNCONDITIONAL_CALL
100116db,0,100116db,10019c7e,10019c66,"__freea",UNCONDITIONAL_CALL
100116db,0,100116db,10019fee,10019fda,"___free_lc_time",UNCONDITIONAL_CALL
100116db,0,100116db,10019ff6,10019fda,"___free_lc_time",UNCONDITIONAL_CALL
100116db,0,100116db,10019ffe,10019fda,"___free_lc_time",UNCONDITIONAL_CALL
100116db,0,100116db,1001a006,10019fda,"___free_lc_time",UNCONDITIONAL_CALL
100116db,0,100116db,1001a00e,10019fda,"___free_lc_time",UNCONDITIONAL_CALL
100116db,0,100116db,1001a016,10019fda,"___free_lc_time",UNCONDITIONAL_CALL
100116db,0,100116db,1001a01d,10019fda,"___free_lc_time",UNCONDITIONAL_CALL
100116db,0,100116db,1001a025,10019fda,"___free_lc_time",UNCONDITIONAL_CALL
100116db,0,100116db,1001a02d,10019fda,"___free_lc_time",UNCONDITIONAL_CALL
100116db,0,100116db,1001a035,10019fda,"___free_lc_time",UNCONDITIONAL_CALL
100116db,0,100116db,1001a03d,10019fda,"___free_lc_time",UNCONDITIONAL_CALL
100116db,0,100116db,1001a045,10019fda,"___free_lc_time",UNCONDITIONAL_CALL
100116db,0,100116db,1001a04d,10019fda,"___free_lc_time",UNCONDITIONAL_CALL
100116db,0,100116db,1001a055,10019fda,"___free_lc_time",UNCONDITIONAL_CALL
100116db,0,100116db,1001a05d,10019fda,"___free_lc_time",UNCONDITIONAL_CALL
100116db,0,100116db,1001a065,10019fda,"___free_lc_time",UNCONDITIONAL_CALL
100116db,0,100116db,1001a070,10019fda,"___free_lc_time",UNCONDITIONAL_CALL
100116db,0,100116db,1001a078,10019fda,"___free_lc_time",UNCONDITIONAL_CALL
100116db,0,100116db,1001a080,10019fda,"___free_lc_time",UNCONDITIONAL_CALL
100116db,0,100116db,1001a088,10019fda,"___free_lc_time",UNCONDITIONAL_CALL
100116db,0,100116db,1001a090,10019fda,"___free_lc_time",UNCONDITIONAL_CALL
100116db,0,100116db,1001a098,10019fda,"___free_lc_time",UNCONDITIONAL_CALL
100116db,0,100116db,1001a0a0,10019fda,"___free_lc_time",UNCONDITIONAL_CALL
100116db,0,100116db,1001a0a8,10019fda,"___free_lc_time",UNCONDITIONAL_CALL
100116db,0,100116db,1001a0b0,10019fda,"___free_lc_time",UNCONDITIONAL_CALL
100116db,0,100116db,1001a0b8,10019fda,"___free_lc_time",UNCONDITIONAL_CALL
100116db,0,100116db,1001a0c0,10019fda,"___free_lc_time",UNCONDITIONAL_CALL
100116db,0,100116db,1001a0c8,10019fda,"___free_lc_time",UNCONDITIONAL_CALL
100116db,0,100116db,1001a0d0,10019fda,"___free_lc_time",UNCONDITIONAL_CALL
100116db,0,100116db,1001a0d8,10019fda,"___free_lc_time",UNCONDITIONAL_CALL
100116db,0,100116db,1001a0e0,10019fda,"___free_lc_time",UNCONDITIONAL_CALL
100116db,0,100116db,1001a0e8,10019fda,"___free_lc_time",UNCONDITIONAL_CALL
100116db,0,100116db,1001a0f6,10019fda,"___free_lc_time",UNCONDITIONAL_CALL
100116db,0,100116db,1001a101,10019fda,"___free_lc_time",UNCONDITIONAL_CALL
100116db,0,100116db,1001a10c,10019fda,"___free_lc_time",UNCONDITIONAL_CALL
100116db,0,100116db,1001a117,10019fda,"___free_lc_time",UNCONDITIONAL_CALL
100116db,0,100116db,1001a122,10019fda,"___free_lc_time",UNCONDITIONAL_CALL
100116db,0,100116db,1001a12d,10019fda,"___free_lc_time",UNCONDITIONAL_CALL
100116db,0,100116db,1001a138,10019fda,"___free_lc_time",UNCONDITIONAL_CALL
100116db,0,100116db,1001a143,10019fda,"___free_lc_time",UNCONDITIONAL_CALL
100116db,0,100116db,1001a14e,10019fda,"___free_lc_time",UNCONDITIONAL_CALL
100116db,0,100116db,1001a159,10019fda,"___free_lc_time",UNCONDITIONAL_CALL
100116db,0,100116db,1001a164,10019fda,"___free_lc_time",UNCONDITIONAL_CALL
100116db,0,100116db,1001a16f,10019fda,"___free_lc_time",UNCONDITIONAL_CALL
100116db,0,100116db,1001a17a,10019fda,"___free_lc_time",UNCONDITIONAL_CALL
100116db,0,100116db,1001a185,10019fda,"___free_lc_time",UNCONDITIONAL_CALL
100116db,0,100116db,1001a190,10019fda,"___free_lc_time",UNCONDITIONAL_CALL
100116db,0,100116db,1001a19b,10019fda,"___free_lc_time",UNCONDITIONAL_CALL
100116db,0,100116db,1001a1a9,10019fda,"___free_lc_time",UNCONDITIONAL_CALL
100116db,0,100116db,1001a1b4,10019fda,"___free_lc_time",UNCONDITIONAL_CALL
100116db,0,100116db,1001a1bf,10019fda,"___free_lc_time",UNCONDITIONAL_CALL
100116db,0,100116db,1001a1ca,10019fda,"___free_lc_time",UNCONDITIONAL_CALL
100116db,0,100116db,1001a1d5,10019fda,"___free_lc_time",UNCONDITIONAL_CALL
100116db,0,100116db,1001a1e0,10019fda,"___free_lc_time",UNCONDITIONAL_CALL
100116db,0,100116db,1001a1eb,10019fda,"___free_lc_time",UNCONDITIONAL_CALL
100116db,0,100116db,1001a1f6,10019fda,"___free_lc_time",UNCONDITIONAL_CALL
100116db,0,100116db,1001a201,10019fda,"___free_lc_time",UNCONDITIONAL_CALL
100116db,0,100116db,1001a20c,10019fda,"___free_lc_time",UNCONDITIONAL_CALL
100116db,0,100116db,1001a217,10019fda,"___free_lc_time",UNCONDITIONAL_CALL
100116db,0,100116db,1001a222,10019fda,"___free_lc_time",UNCONDITIONAL_CALL
100116db,0,100116db,1001a22d,10019fda,"___free_lc_time",UNCONDITIONAL_CALL
100116db,0,100116db,1001a238,10019fda,"___free_lc_time",UNCONDITIONAL_CALL
100116db,0,100116db,1001a243,10019fda,"___free_lc_time",UNCONDITIONAL_CALL
100116db,0,100116db,1001a24e,10019fda,"___free_lc_time",UNCONDITIONAL_CALL
100116db,0,100116db,1001a25c,10019fda,"___free_lc_time",UNCONDITIONAL_CALL
100116db,0,100116db,1001a267,10019fda,"___free_lc_time",UNCONDITIONAL_CALL
100116db,0,100116db,1001a272,10019fda,"___free_lc_time",UNCONDITIONAL_CALL
100116db,0,100116db,1001a27d,10019fda,"___free_lc_time",UNCONDITIONAL_CALL
100116db,0,100116db,1001a288,10019fda,"___free_lc_time",UNCONDITIONAL_CALL
100116db,0,100116db,1001a293,10019fda,"___free_lc_time",UNCONDITIONAL_CALL
100116db,0,100116db,1001a29e,10019fda,"___free_lc_time",UNCONDITIONAL_CALL
100116db,0,100116db,1001a2a9,10019fda,"___free_lc_time",UNCONDITIONAL_CALL
100116db,0,100116db,1001a2b4,10019fda,"___free_lc_time",UNCONDITIONAL_CALL
100116db,0,100116db,1001a2bf,10019fda,"___free_lc_time",UNCONDITIONAL_CALL
100116db,0,100116db,1001a2ca,10019fda,"___free_lc_time",UNCONDITIONAL_CALL
100116db,0,100116db,1001a2d5,10019fda,"___free_lc_time",UNCONDITIONAL_CALL
100116db,0,100116db,1001a2e0,10019fda,"___free_lc_time",UNCONDITIONAL_CALL
100116db,0,100116db,1001a2eb,10019fda,"___free_lc_time",UNCONDITIONAL_CALL
100116db,0,100116db,1001a2f6,10019fda,"___free_lc_time",UNCONDITIONAL_CALL
100116db,0,100116db,1001a301,10019fda,"___free_lc_time",UNCONDITIONAL_CALL
100116db,0,100116db,1001a30f,10019fda,"___free_lc_time",UNCONDITIONAL_CALL
100116db,0,100116db,1001a31a,10019fda,"___free_lc_time",UNCONDITIONAL_CALL
100116db,0,100116db,1001a325,10019fda,"___free_lc_time",UNCONDITIONAL_CALL
100116db,0,100116db,1001a330,10019fda,"___free_lc_time",UNCONDITIONAL_CALL
100116db,0,100116db,1001a33b,10019fda,"___free_lc_time",UNCONDITIONAL_CALL
100116db,0,100116db,1001a346,10019fda,"___free_lc_time",UNCONDITIONAL_CALL
100116db,0,100116db,1001a369,1001a351,"___free_lconv_num",UNCONDITIONAL_CALL
100116db,0,100116db,1001a37b,1001a351,"___free_lconv_num",UNCONDITIONAL_CALL
100116db,0,100116db,1001a38d,1001a351,"___free_lconv_num",UNCONDITIONAL_CALL
100116db,0,100116db,1001a39f,1001a351,"___free_lconv_num",UNCONDITIONAL_CALL
100116db,0,100116db,1001a3b1,1001a351,"___free_lconv_num",UNCONDITIONAL_CALL
100116db,0,100116db,1001a3d7,1001a3ba,"___free_lconv_mon",UNCONDITIONAL_CALL
100116db,0,100116db,1001a3e9,1001a3ba,"___free_lconv_mon",UNCONDITIONAL_CALL
100116db,0,100116db,1001a3fb,1001a3ba,"___free_lconv_mon",UNCONDITIONAL_CALL
100116db,0,100116db,1001a40d,1001a3ba,"___free_lconv_mon",UNCONDITIONAL_CALL
100116db,0,100116db,1001a41f,1001a3ba,"___free_lconv_mon",UNCONDITIONAL_CALL
100116db,0,100116db,1001a431,1001a3ba,"___free_lconv_mon",UNCONDITIONAL_CALL
100116db,0,100116db,1001a443,1001a3ba,"___free_lconv_mon",UNCONDITIONAL_CALL
100116db,0,100116db,1001a455,1001a3ba,"___free_lconv_mon",UNCONDITIONAL_CALL
100116db,0,100116db,1001a467,1001a3ba,"___free_lconv_mon",UNCONDITIONAL_CALL
100116db,0,100116db,1001a479,1001a3ba,"___free_lconv_mon",UNCONDITIONAL_CALL
100116db,0,100116db,1001a48b,1001a3ba,"___free_lconv_mon",UNCONDITIONAL_CALL
100116db,0,100116db,1001a49d,1001a3ba,"___free_lconv_mon",UNCONDITIONAL_CALL
100116db,0,100116db,1001a4af,1001a3ba,"___free_lconv_mon",UNCONDITIONAL_CALL
100116db,0,100116db,100102b3,100102a5,"_Tidy",UNCONDITIONAL_CALL
100116db,0,100116db,10013b10,10013ad2,"_Type_info_dtor",UNCONDITIONAL_CALL
100116db,0,100116db,10013b19,10013ad2,"_Type_info_dtor",UNCONDITIONAL_CALL
100116db,0,100116db,10012994,100119f1,"__input_l",UNCONDITIONAL_CALL
100116db,0,100116db,1001075c,10010756,"FUN_10010756",UNCONDITIONAL_CALL
100116db,0,100116db,10016009,100154dc,"__output_l",UNCONDITIONAL_CALL
100116db,0,100116db,100130ef,,,UNCONDITIONAL_CALL
100116db,0,100116db,10018249,100181dc,"__fcloseall",UNCONDITIONAL_CALL
10011715,0,10011715,10012bbf,10012bae,"__init_pointers",UNCONDITIONAL_CALL
10011724,0,10011724,1001185a,1001184d,"__invoke_watson",UNCONDITIONAL_CALL
10011724,0,10011724,1001707f,1001705c,"_abort",UNCONDITIONAL_CALL
1001184d,0,1001184d,1001719b,100170d6,"__NMSG_WRITE",UNCONDITIONAL_CALL
1001184d,0,1001184d,10011899,10011872,"FUN_10011872",UNCONDITIONAL_CALL
1001184d,0,1001184d,100169d4,100168fe,"FUN_100168fe",UNCONDITIONAL_CALL
1001184d,0,1001184d,100189ef,100182c1,"FUN_100182c1",UNCONDITIONAL_CALL
1001184d,0,1001184d,1001c5d9,1001c5b8,"__setdefaultprecision",UNCONDITIONAL_CALL
1001184d,0,1001184d,1001bdf9,1001bc9e,"FUN_1001bc9e",UNCONDITIONAL_CALL
1001184d,0,1001184d,1001dd9a,1001dd12,"FUN_1001dd12",UNCONDITIONAL_CALL
1001184d,0,1001184d,1001f2db,1001f203,"$I10_OUTPUT",UNCONDITIONAL_CALL
10011872,0,10011872,100118a6,1001189f,"FUN_1001189f",UNCONDITIONAL_CALL
1001189f,0,1001189f,1001ac45,1001ac26,"_wcscat_s",UNCONDITIONAL_CALL
1001189f,0,1001189f,1001acd2,1001ac9b,"_wcsncpy_s",UNCONDITIONAL_CALL
1001189f,0,1001189f,1001ada2,1001ad83,"_wcscpy_s",UNCONDITIONAL_CALL
1001189f,0,1001189f,1001ae1b,1001ade6,"__set_error_mode",UNCONDITIONAL_CALL
1001189f,0,1001189f,100106a2,10010678,"__fsopen",UNCONDITIONAL_CALL
1001189f,0,1001189f,10010848,1001081f,"_fclose",UNCONDITIONAL_CALL
1001189f,0,1001189f,100107ce,100107b2,"__fclose_nolock",UNCONDITIONAL_CALL
1001189f,0,1001189f,10010a38,10010a19,"_strcpy_s",UNCONDITIONAL_CALL
1001189f,0,1001189f,10010acc,10010aad,"_strcat_s",UNCONDITIONAL_CALL
1001189f,0,1001189f,10012b3c,10012b26,"__msize",UNCONDITIONAL_CALL
1001189f,0,1001189f,100135a5,1001358e,"__fileno",UNCONDITIONAL_CALL
1001189f,0,1001189f,100135f5,100135b4,"__openfile",UNCONDITIONAL_CALL
1001189f,0,1001189f,100137fd,100135b4,"__openfile",UNCONDITIONAL_CALL
1001189f,0,1001189f,10013cc2,10013c74,"__close",UNCONDITIONAL_CALL
1001189f,0,1001189f,10018a1e,100189f5,"FID_conflict:__sopen_helper",UNCONDITIONAL_CALL
1001189f,0,1001189f,10018357,100182c1,"FUN_100182c1",UNCONDITIONAL_CALL
1001189f,0,1001189f,10018439,100182c1,"FUN_100182c1",UNCONDITIONAL_CALL
1001189f,0,1001189f,100160e0,10016088,"__read_nolock",UNCONDITIONAL_CALL
1001189f,0,1001189f,10016187,10016088,"__read_nolock",UNCONDITIONAL_CALL
1001189f,0,1001189f,10018b45,10018ad9,"__mbsnbicmp_l",UNCONDITIONAL_CALL
1001189f,0,1001189f,10018b73,10018ad9,"__mbsnbicmp_l",UNCONDITIONAL_CALL
1001189f,0,1001189f,10010ca2,10010c83,"__strnicmp",UNCONDITIONAL_CALL
1001189f,0,1001189f,10010bd3,10010ba1,"__strnicmp_l",UNCONDITIONAL_CALL
1001189f,0,1001189f,10010c0b,10010ba1,"__strnicmp_l",UNCONDITIONAL_CALL
1001189f,0,1001189f,10018d58,10018cf7,"__mbsnbcmp_l",UNCONDITIONAL_CALL
1001189f,0,1001189f,10018d83,10018cf7,"__mbsnbcmp_l",UNCONDITIONAL_CALL
1001189f,0,1001189f,100190e2,1001909e,"__get_osfhandle",UNCONDITIONAL_CALL
1001189f,0,1001189f,10019ab1,10019a63,"__write",UNCONDITIONAL_CALL
1001189f,0,1001189f,100193bd,10019366,"__write_nolock",UNCONDITIONAL_CALL
1001189f,0,1001189f,1001941c,10019366,"__write_nolock",UNCONDITIONAL_CALL
1001189f,0,1001189f,10019c43,10019c10,"__isatty",UNCONDITIONAL_CALL
1001189f,0,1001189f,1001b1bc,1001b1a5,"FUN_1001b1a5",UNCONDITIONAL_CALL
1001189f,0,1001189f,1001039d,10010376,"vscan_fn",UNCONDITIONAL_CALL
1001189f,0,1001189f,1001056a,10010540,"_fgets",UNCONDITIONAL_CALL
1001189f,0,1001189f,1001060f,10010540,"_fgets",UNCONDITIONAL_CALL
1001189f,0,1001189f,10010936,10010913,"_fputs",UNCONDITIONAL_CALL
1001189f,0,1001189f,100131ec,100131d4,"__filbuf",UNCONDITIONAL_CALL
1001189f,0,1001189f,1001402d,10014003,"__fwrite_nolock",UNCONDITIONAL_CALL
1001189f,0,1001189f,10014181,1001415a,"__vsnprintf_l",UNCONDITIONAL_CALL
1001189f,0,1001189f,100141a5,1001415a,"__vsnprintf_l",UNCONDITIONAL_CALL
1001189f,0,1001189f,10015552,100154dc,"__output_l",UNCONDITIONAL_CALL
1001189f,0,1001189f,1001668d,1001663f,"__read",UNCONDITIONAL_CALL
1001189f,0,1001189f,1001a6dd,1001a685,"__lseeki64",UNCONDITIONAL_CALL
1001189f,0,1001189f,10010d0d,10010cd6,"_strncpy_s",UNCONDITIONAL_CALL
1001189f,0,1001189f,10010e74,10010e4b,"_sprintf",UNCONDITIONAL_CALL
1001189f,0,1001189f,10011a56,100119f1,"__input_l",UNCONDITIONAL_CALL
1001189f,0,1001189f,10011ad3,100119f1,"__input_l",UNCONDITIONAL_CALL
1001189f,0,1001189f,1001784c,100177d5,"__ungetc_nolock",UNCONDITIONAL_CALL
1001189f,0,1001189f,10019b75,10019b37,"__commit",UNCONDITIONAL_CALL
1001189f,0,1001189f,1001a7c9,1001a785,"__wctomb_s_l",UNCONDITIONAL_CALL
1001189f,0,1001189f,1001a83f,1001a785,"__wctomb_s_l",UNCONDITIONAL_CALL
1001189f,0,1001189f,1001ded8,1001de9f,"__controlfp_s",UNCONDITIONAL_CALL
1001189f,0,1001189f,10017f56,10017ed5,"_raise",UNCONDITIONAL_CALL
1001189f,0,1001189f,1001eb7a,1001eb27,"___strgtold12_l",UNCONDITIONAL_CALL
1001189f,0,1001189f,1001bcc5,1001bc9e,"FUN_1001bc9e",UNCONDITIONAL_CALL
1001189f,0,1001189f,1001be41,1001bdff,"__cftoe_l",UNCONDITIONAL_CALL
1001189f,0,1001189f,1001dbcc,1001dbac,"__fptostr",UNCONDITIONAL_CALL
1001189f,0,1001189f,1001bf24,1001bee6,"__cftoa_l",UNCONDITIONAL_CALL
1001189f,0,1001189f,1001c288,1001c25c,"__cftof2_l",UNCONDITIONAL_CALL
1001189f,0,1001189f,1001c39d,1001c35f,"__cftof_l",UNCONDITIONAL_CALL
1001189f,0,1001189f,1001c3b5,1001c35f,"__cftof_l",UNCONDITIONAL_CALL
1001189f,0,1001189f,1001c45e,1001c420,"__cftog_l",UNCONDITIONAL_CALL
100118af,0,100118af,1001170a,100116db,"_free",UNCONDITIONAL_CALL
100118af,0,100118af,10011928,10011917,"__dosmaperr",UNCONDITIONAL_CALL
100118af,0,100118af,10017b9f,10017b16,"_realloc",UNCONDITIONAL_CALL
100118af,0,100118af,10017bb7,10017b16,"_realloc",UNCONDITIONAL_CALL
100118f1,0,100118f1,100116fc,100116db,"_free",UNCONDITIONAL_CALL
100118f1,0,100118f1,10017aac,10017a94,"__calloc_impl",UNCONDITIONAL_CALL
100118f1,0,100118f1,10017d3d,10017ce9,"__mtinitlocknum",UNCONDITIONAL_CALL
100118f1,0,100118f1,10017d72,10017ce9,"__mtinitlocknum",UNCONDITIONAL_CALL
100118f1,0,100118f1,10011620,100115b7,"_malloc",UNCONDITIONAL_CALL
100118f1,0,100118f1,10011627,100115b7,"_malloc",UNCONDITIONAL_CALL
100118f1,0,100118f1,1001163b,100115b7,"_malloc",UNCONDITIONAL_CALL
100118f1,0,100118f1,1001ac3b,1001ac26,"_wcscat_s",UNCONDITIONAL_CALL
100118f1,0,100118f1,1001ac8d,1001ac26,"_wcscat_s",UNCONDITIONAL_CALL
100118f1,0,100118f1,1001acc8,1001ac9b,"_wcsncpy_s",UNCONDITIONAL_CALL
100118f1,0,100118f1,1001ad57,1001ac9b,"_wcsncpy_s",UNCONDITIONAL_CALL
100118f1,0,100118f1,1001ad98,1001ad83,"_wcscpy_s",UNCONDITIONAL_CALL
100118f1,0,100118f1,1001add8,1001ad83,"_wcscpy_s",UNCONDITIONAL_CALL
100118f1,0,100118f1,1001ae10,1001ade6,"__set_error_mode",UNCONDITIONAL_CALL
100118f1,0,100118f1,10010697,10010678,"__fsopen",UNCONDITIONAL_CALL
100118f1,0,100118f1,100106d0,10010678,"__fsopen",UNCONDITIONAL_CALL
100118f1,0,100118f1,100106e4,10010678,"__fsopen",UNCONDITIONAL_CALL
100118f1,0,100118f1,1001083d,1001081f,"_fclose",UNCONDITIONAL_CALL
100118f1,0,100118f1,100107c3,100107b2,"__fclose_nolock",UNCONDITIONAL_CALL
100118f1,0,100118f1,10010a2e,10010a19,"_strcpy_s",UNCONDITIONAL_CALL
100118f1,0,100118f1,10010a64,10010a19,"_strcpy_s",UNCONDITIONAL_CALL
100118f1,0,100118f1,10010ac2,10010aad,"_strcat_s",UNCONDITIONAL_CALL
100118f1,0,100118f1,10010b06,10010aad,"_strcat_s",UNCONDITIONAL_CALL
100118f1,0,100118f1,10012b31,10012b26,"__msize",UNCONDITIONAL_CALL
100118f1,0,100118f1,1001359a,1001358e,"__fileno",UNCONDITIONAL_CALL
100118f1,0,100118f1,100135ea,100135b4,"__openfile",UNCONDITIONAL_CALL
100118f1,0,100118f1,100137f2,100135b4,"__openfile",UNCONDITIONAL_CALL
100118f1,0,100118f1,10013c90,10013c74,"__close",UNCONDITIONAL_CALL
100118f1,0,100118f1,10013cb7,10013c74,"__close",UNCONDITIONAL_CALL
100118f1,0,100118f1,10013d09,10013c74,"__close",UNCONDITIONAL_CALL
100118f1,0,100118f1,10011930,10011917,"__dosmaperr",UNCONDITIONAL_CALL
100118f1,0,100118f1,100148cf,1001474f,"__setmbcp",UNCONDITIONAL_CALL
100118f1,0,100118f1,10017b80,10017b16,"_realloc",UNCONDITIONAL_CALL
100118f1,0,100118f1,10017b91,10017b16,"_realloc",UNCONDITIONAL_CALL
100118f1,0,100118f1,10017ba9,10017b16,"_realloc",UNCONDITIONAL_CALL
100118f1,0,100118f1,10018a14,100189f5,"FID_conflict:__sopen_helper",UNCONDITIONAL_CALL
100118f1,0,100118f1,1001834d,100182c1,"FUN_100182c1",UNCONDITIONAL_CALL
100118f1,0,100118f1,1001842f,100182c1,"FUN_100182c1",UNCONDITIONAL_CALL
100118f1,0,100118f1,100184c9,100182c1,"FUN_100182c1",UNCONDITIONAL_CALL
100118f1,0,100118f1,100184d4,100182c1,"FUN_100182c1",UNCONDITIONAL_CALL
100118f1,0,100118f1,1001856e,100182c1,"FUN_100182c1",UNCONDITIONAL_CALL
100118f1,0,100118f1,100185c1,100182c1,"FUN_100182c1",UNCONDITIONAL_CALL
100118f1,0,100118f1,10018871,100182c1,"FUN_100182c1",UNCONDITIONAL_CALL
100118f1,0,100118f1,100160ac,10016088,"__read_nolock",UNCONDITIONAL_CALL
100118f1,0,100118f1,100160d5,10016088,"__read_nolock",UNCONDITIONAL_CALL
100118f1,0,100118f1,10016112,10016088,"__read_nolock",UNCONDITIONAL_CALL
100118f1,0,100118f1,1001617c,10016088,"__read_nolock",UNCONDITIONAL_CALL
100118f1,0,100118f1,100161ae,10016088,"__read_nolock",UNCONDITIONAL_CALL
100118f1,0,100118f1,10016409,10016088,"__read_nolock",UNCONDITIONAL_CALL
100118f1,0,100118f1,1001660f,10016088,"__read_nolock",UNCONDITIONAL_CALL
100118f1,0,100118f1,100167cf,100167ba,"__lseek_nolock",UNCONDITIONAL_CALL
100118f1,0,100118f1,10018b3a,10018ad9,"__mbsnbicmp_l",UNCONDITIONAL_CALL
100118f1,0,100118f1,10018b68,10018ad9,"__mbsnbicmp_l",UNCONDITIONAL_CALL
100118f1,0,100118f1,10010c97,10010c83,"__strnicmp",UNCONDITIONAL_CALL
100118f1,0,100118f1,10010bc8,10010ba1,"__strnicmp_l",UNCONDITIONAL_CALL
100118f1,0,100118f1,10010c00,10010ba1,"__strnicmp_l",UNCONDITIONAL_CALL
100118f1,0,100118f1,100151d4,10015122,"__tolower_l",UNCONDITIONAL_CALL
100118f1,0,100118f1,10018d4d,10018cf7,"__mbsnbcmp_l",UNCONDITIONAL_CALL
100118f1,0,100118f1,10018d78,10018cf7,"__mbsnbcmp_l",UNCONDITIONAL_CALL
100118f1,0,100118f1,10018ffe,10018f97,"__set_osfhnd",UNCONDITIONAL_CALL
100118f1,0,100118f1,10019084,10019018,"__free_osfhnd",UNCONDITIONAL_CALL
100118f1,0,100118f1,100190b3,1001909e,"__get_osfhandle",UNCONDITIONAL_CALL
100118f1,0,100118f1,100190d7,1001909e,"__get_osfhandle",UNCONDITIONAL_CALL
100118f1,0,100118f1,10019a7f,10019a63,"__write",UNCONDITIONAL_CALL
100118f1,0,100118f1,10019aa6,10019a63,"__write",UNCONDITIONAL_CALL
100118f1,0,100118f1,10019b00,10019a63,"__write",UNCONDITIONAL_CALL
100118f1,0,100118f1,100193b2,10019366,"__write_nolock",UNCONDITIONAL_CALL
100118f1,0,100118f1,10019411,10019366,"__write_nolock",UNCONDITIONAL_CALL
100118f1,0,100118f1,100199f0,10019366,"__write_nolock",UNCONDITIONAL_CALL
100118f1,0,100118f1,10019a30,10019366,"__write_nolock",UNCONDITIONAL_CALL
100118f1,0,100118f1,10017988,100178b8,"__mbtowc_l",UNCONDITIONAL_CALL
100118f1,0,100118f1,10019c1d,10019c10,"__isatty",UNCONDITIONAL_CALL
100118f1,0,100118f1,10019c38,10019c10,"__isatty",UNCONDITIONAL_CALL
100118f1,0,100118f1,1001a626,1001a600,"__lseeki64_nolock",UNCONDITIONAL_CALL
100118f1,0,100118f1,1001afb1,1001af34,"__chsize_nolock",UNCONDITIONAL_CALL
100118f1,0,100118f1,1001afbc,1001af34,"__chsize_nolock",UNCONDITIONAL_CALL
100118f1,0,100118f1,1001b03e,1001af34,"__chsize_nolock",UNCONDITIONAL_CALL
100118f1,0,100118f1,1001b09d,1001af34,"__chsize_nolock",UNCONDITIONAL_CALL
100118f1,0,100118f1,1001b1b1,1001b1a5,"FUN_1001b1a5",UNCONDITIONAL_CALL
100118f1,0,100118f1,10010392,10010376,"vscan_fn",UNCONDITIONAL_CALL
100118f1,0,100118f1,1001055f,10010540,"_fgets",UNCONDITIONAL_CALL
100118f1,0,100118f1,10010604,10010540,"_fgets",UNCONDITIONAL_CALL
100118f1,0,100118f1,1001092b,10010913,"_fputs",UNCONDITIONAL_CALL
100118f1,0,100118f1,100131e1,100131d4,"__filbuf",UNCONDITIONAL_CALL
100118f1,0,100118f1,10014022,10014003,"__fwrite_nolock",UNCONDITIONAL_CALL
100118f1,0,100118f1,10014176,1001415a,"__vsnprintf_l",UNCONDITIONAL_CALL
100118f1,0,100118f1,1001419a,1001415a,"__vsnprintf_l",UNCONDITIONAL_CALL
100118f1,0,100118f1,100152ec,100152d1,"__flsbuf",UNCONDITIONAL_CALL
100118f1,0,100118f1,10015307,100152d1,"__flsbuf",UNCONDITIONAL_CALL
100118f1,0,100118f1,10015547,100154dc,"__output_l",UNCONDITIONAL_CALL
100118f1,0,100118f1,1001665b,1001663f,"__read",UNCONDITIONAL_CALL
100118f1,0,100118f1,10016682,1001663f,"__read",UNCONDITIONAL_CALL
100118f1,0,100118f1,100166c9,1001663f,"__read",UNCONDITIONAL_CALL
100118f1,0,100118f1,100166fe,1001663f,"__read",UNCONDITIONAL_CALL
100118f1,0,100118f1,1001a6aa,1001a685,"__lseeki64",UNCONDITIONAL_CALL
100118f1,0,100118f1,1001a6d2,1001a685,"__lseeki64",UNCONDITIONAL_CALL
100118f1,0,100118f1,1001a734,1001a685,"__lseeki64",UNCONDITIONAL_CALL
100118f1,0,100118f1,10010d03,10010cd6,"_strncpy_s",UNCONDITIONAL_CALL
100118f1,0,100118f1,10010d7d,10010cd6,"_strncpy_s",UNCONDITIONAL_CALL
100118f1,0,100118f1,10020431,1002041e,"__set_errno_from_matherr",UNCONDITIONAL_CALL
100118f1,0,100118f1,1002043e,1002041e,"__set_errno_from_matherr",UNCONDITIONAL_CALL
100118f1,0,100118f1,10010e69,10010e4b,"_sprintf",UNCONDITIONAL_CALL
100118f1,0,100118f1,10017bde,10017bc3,"__recalloc",UNCONDITIONAL_CALL
100118f1,0,100118f1,10011a4b,100119f1,"__input_l",UNCONDITIONAL_CALL
100118f1,0,100118f1,10011ac8,100119f1,"__input_l",UNCONDITIONAL_CALL
100118f1,0,100118f1,10017841,100177d5,"__ungetc_nolock",UNCONDITIONAL_CALL
100118f1,0,100118f1,10019b4b,10019b37,"__commit",UNCONDITIONAL_CALL
100118f1,0,100118f1,10019b6a,10019b37,"__commit",UNCONDITIONAL_CALL
100118f1,0,100118f1,10019be1,10019b37,"__commit",UNCONDITIONAL_CALL
100118f1,0,100118f1,10015474,10015468,"write_string",UNCONDITIONAL_CALL
100118f1,0,100118f1,1001548e,10015468,"write_string",UNCONDITIONAL_CALL
100118f1,0,100118f1,100154c4,10015468,"write_string",UNCONDITIONAL_CALL
100118f1,0,100118f1,100154ad,10015468,"write_string",UNCONDITIONAL_CALL
100118f1,0,100118f1,100154ce,10015468,"write_string",UNCONDITIONAL_CALL
100118f1,0,100118f1,1001a7bf,1001a785,"__wctomb_s_l",UNCONDITIONAL_CALL
100118f1,0,100118f1,1001a80a,1001a785,"__wctomb_s_l",UNCONDITIONAL_CALL
100118f1,0,100118f1,1001a815,1001a785,"__wctomb_s_l",UNCONDITIONAL_CALL
100118f1,0,100118f1,1001a835,1001a785,"__wctomb_s_l",UNCONDITIONAL_CALL
100118f1,0,100118f1,1001dece,1001de9f,"__controlfp_s",UNCONDITIONAL_CALL
100118f1,0,100118f1,10017f4b,10017ed5,"_raise",UNCONDITIONAL_CALL
100118f1,0,100118f1,1001eb6f,1001eb27,"___strgtold12_l",UNCONDITIONAL_CALL
100118f1,0,100118f1,1001bcbb,1001bc9e,"FUN_1001bc9e",UNCONDITIONAL_CALL
100118f1,0,100118f1,1001bcf6,1001bc9e,"FUN_1001bc9e",UNCONDITIONAL_CALL
100118f1,0,100118f1,1001be3a,1001bdff,"__cftoe_l",UNCONDITIONAL_CALL
100118f1,0,100118f1,1001dbc2,1001dbac,"__fptostr",UNCONDITIONAL_CALL
100118f1,0,100118f1,1001dbee,1001dbac,"__fptostr",UNCONDITIONAL_CALL
100118f1,0,100118f1,1001bf1a,1001bee6,"__cftoa_l",UNCONDITIONAL_CALL
100118f1,0,100118f1,1001bf50,1001bee6,"__cftoa_l",UNCONDITIONAL_CALL
100118f1,0,100118f1,1001c27e,1001c25c,"__cftof2_l",UNCONDITIONAL_CALL
100118f1,0,100118f1,1001c396,1001c35f,"__cftof_l",UNCONDITIONAL_CALL
100118f1,0,100118f1,1001c3ae,1001c35f,"__cftof_l",UNCONDITIONAL_CALL
100118f1,0,100118f1,1001c457,1001c420,"__cftog_l",UNCONDITIONAL_CALL
10011904,0,10011904,10013c88,10013c74,"__close",UNCONDITIONAL_CALL
10011904,0,10011904,10013caf,10013c74,"__close",UNCONDITIONAL_CALL
10011904,0,10011904,1001191d,10011917,"__dosmaperr",UNCONDITIONAL_CALL
10011904,0,10011904,10018343,100182c1,"FUN_100182c1",UNCONDITIONAL_CALL
10011904,0,10011904,10018425,100182c1,"FUN_100182c1",UNCONDITIONAL_CALL
10011904,0,10011904,100184bf,100182c1,"FUN_100182c1",UNCONDITIONAL_CALL
10011904,0,10011904,10018655,100182c1,"FUN_100182c1",UNCONDITIONAL_CALL
10011904,0,10011904,100160a4,10016088,"__read_nolock",UNCONDITIONAL_CALL
10011904,0,10011904,100160ce,10016088,"__read_nolock",UNCONDITIONAL_CALL
10011904,0,10011904,1001610b,10016088,"__read_nolock",UNCONDITIONAL_CALL
10011904,0,10011904,10016175,10016088,"__read_nolock",UNCONDITIONAL_CALL
10011904,0,10011904,100161b9,10016088,"__read_nolock",UNCONDITIONAL_CALL
10011904,0,10011904,1001661a,10016088,"__read_nolock",UNCONDITIONAL_CALL
10011904,0,10011904,10019009,10018f97,"__set_osfhnd",UNCONDITIONAL_CALL
10011904,0,10011904,1001908f,10019018,"__free_osfhnd",UNCONDITIONAL_CALL
10011904,0,10011904,100190ab,1001909e,"__get_osfhandle",UNCONDITIONAL_CALL
10011904,0,10011904,100190cf,1001909e,"__get_osfhandle",UNCONDITIONAL_CALL
10011904,0,10011904,10019a77,10019a63,"__write",UNCONDITIONAL_CALL
10011904,0,10011904,10019a9e,10019a63,"__write",UNCONDITIONAL_CALL
10011904,0,10011904,10019b0b,10019a63,"__write",UNCONDITIONAL_CALL
10011904,0,10011904,100193ab,10019366,"__write_nolock",UNCONDITIONAL_CALL
10011904,0,10011904,10019409,10019366,"__write_nolock",UNCONDITIONAL_CALL
10011904,0,10011904,100199fb,10019366,"__write_nolock",UNCONDITIONAL_CALL
10011904,0,10011904,10019a3b,10019366,"__write_nolock",UNCONDITIONAL_CALL
10011904,0,10011904,1001b034,1001af34,"__chsize_nolock",UNCONDITIONAL_CALL
10011904,0,10011904,1001b0a8,1001af34,"__chsize_nolock",UNCONDITIONAL_CALL
10011904,0,10011904,10016653,1001663f,"__read",UNCONDITIONAL_CALL
10011904,0,10011904,1001667a,1001663f,"__read",UNCONDITIONAL_CALL
10011904,0,10011904,100166c1,1001663f,"__read",UNCONDITIONAL_CALL
10011904,0,10011904,10016709,1001663f,"__read",UNCONDITIONAL_CALL
10011904,0,10011904,1001a6a2,1001a685,"__lseeki64",UNCONDITIONAL_CALL
10011904,0,10011904,1001a6ca,1001a685,"__lseeki64",UNCONDITIONAL_CALL
10011904,0,10011904,1001a73f,1001a685,"__lseeki64",UNCONDITIONAL_CALL
10011904,0,10011904,10019bd7,10019b37,"__commit",UNCONDITIONAL_CALL
10011917,0,10011917,10013c63,10013bd8,"__close_nolock",UNCONDITIONAL_CALL
10011917,0,10011917,10018568,100182c1,"FUN_100182c1",UNCONDITIONAL_CALL
10011917,0,10011917,100185ae,100182c1,"FUN_100182c1",UNCONDITIONAL_CALL
10011917,0,10011917,1001899e,100182c1,"FUN_100182c1",UNCONDITIONAL_CALL
10011917,0,10011917,1001648a,10016088,"__read_nolock",UNCONDITIONAL_CALL
10011917,0,10011917,10016805,100167ba,"__lseek_nolock",UNCONDITIONAL_CALL
10011917,0,10011917,10019a0a,10019366,"__write_nolock",UNCONDITIONAL_CALL
10011917,0,10011917,1001a65a,1001a600,"__lseeki64_nolock",UNCONDITIONAL_CALL
1001193a,0,1001193a,10011e98,100119f1,"__input_l",UNCONDITIONAL_CALL
1001193a,0,1001193a,10011f45,100119f1,"__input_l",UNCONDITIONAL_CALL
1001193a,0,1001193a,10011f9f,100119f1,"__input_l",UNCONDITIONAL_CALL
1001193a,0,1001193a,10012031,100119f1,"__input_l",UNCONDITIONAL_CALL
1001193a,0,1001193a,10012077,100119f1,"__input_l",UNCONDITIONAL_CALL
1001193a,0,1001193a,1001210b,100119f1,"__input_l",UNCONDITIONAL_CALL
10011991,0,10011991,100126e3,100119f1,"__input_l",UNCONDITIONAL_CALL
10011991,0,10011991,100127e7,100119f1,"__input_l",UNCONDITIONAL_CALL
100119b1,0,100119b1,100119d2,100119c7,"__whiteout",UNCONDITIONAL_CALL
100119b1,0,100119b1,10011d55,100119f1,"__input_l",UNCONDITIONAL_CALL
100119b1,0,100119b1,10011e33,100119f1,"__input_l",UNCONDITIONAL_CALL
100119b1,0,100119b1,10011f0f,100119f1,"__input_l",UNCONDITIONAL_CALL
100119b1,0,100119b1,10011eb4,100119f1,"__input_l",UNCONDITIONAL_CALL
100119b1,0,100119b1,10011fbb,100119f1,"__input_l",UNCONDITIONAL_CALL
100119b1,0,100119b1,1001204d,100119f1,"__input_l",UNCONDITIONAL_CALL
100119b1,0,100119b1,100120b6,100119f1,"__input_l",UNCONDITIONAL_CALL
100119b1,0,100119b1,10012127,100119f1,"__input_l",UNCONDITIONAL_CALL
100119b1,0,100119b1,1001222a,100119f1,"__input_l",UNCONDITIONAL_CALL
100119b1,0,100119b1,100122c9,100119f1,"__input_l",UNCONDITIONAL_CALL
100119b1,0,100119b1,100124a1,100119f1,"__input_l",UNCONDITIONAL_CALL
100119b1,0,100119b1,100124c3,100119f1,"__input_l",UNCONDITIONAL_CALL
100119b1,0,100119b1,10012540,100119f1,"__input_l",UNCONDITIONAL_CALL
100119b1,0,100119b1,10012634,100119f1,"__input_l",UNCONDITIONAL_CALL
100119b1,0,100119b1,10012728,100119f1,"__input_l",UNCONDITIONAL_CALL
100119b1,0,100119b1,1001281c,100119f1,"__input_l",UNCONDITIONAL_CALL
100119b1,0,100119b1,100128db,100119f1,"__input_l",UNCONDITIONAL_CALL
100119b1,0,100119b1,10012910,100119f1,"__input_l",UNCONDITIONAL_CALL
100119c7,0,100119c7,10011b2d,100119f1,"__input_l",UNCONDITIONAL_CALL
100119c7,0,100119c7,10011d41,100119f1,"__input_l",UNCONDITIONAL_CALL
100119f1,0,100119f1,100103f6,100103e4,"FID_conflict:_sscanf",DATA
100129f5,0,100129f5,10017d31,10017ce9,"__mtinitlocknum",UNCONDITIONAL_CALL
100129f5,0,100129f5,100138e3,1001384b,"__getstream",UNCONDITIONAL_CALL
100129f5,0,100129f5,1001478a,1001474f,"__setmbcp",UNCONDITIONAL_CALL
100129f5,0,100129f5,10016bf2,10016b74,"__setargv",UNCONDITIONAL_CALL
100129f5,0,100129f5,10016c81,10016c2f,"___crtGetEnvironmentStringsA",UNCONDITIONAL_CALL
100129f5,0,100129f5,1001619f,10016088,"__read_nolock",UNCONDITIONAL_CALL
100129f5,0,100129f5,10013f90,10013f33,"__stbuf",UNCONDITIONAL_CALL
100129f5,0,100129f5,10018288,10018278,"__getbuf",UNCONDITIONAL_CALL
100129f5,0,100129f5,10015ba3,100154dc,"__output_l",UNCONDITIONAL_CALL
10012a3a,0,10012a3a,10014d9d,10014d77,"__getptd_noexit",UNCONDITIONAL_CALL
10012a3a,0,10012a3a,10011059,10010f59,"__CRT_INIT@12",UNCONDITIONAL_CALL
10012a3a,0,10012a3a,1001330f,100132f6,"__ioinit",UNCONDITIONAL_CALL
10012a3a,0,10012a3a,100133af,100132f6,"__ioinit",UNCONDITIONAL_CALL
10012a3a,0,10012a3a,100150db,10014fa7,"__mtinit",UNCONDITIONAL_CALL
10012a3a,0,10012a3a,1001693c,100168fe,"FUN_100168fe",UNCONDITIONAL_CALL
10012a3a,0,10012a3a,1001696a,100168fe,"FUN_100168fe",UNCONDITIONAL_CALL
10012a3a,0,10012a3a,100192d9,100191cd,"__alloc_osfhnd",UNCONDITIONAL_CALL
10012a3a,0,10012a3a,10011950,1001193a,"___check_float_string",UNCONDITIONAL_CALL
10012a3a,0,10012a3a,100104c3,,,UNCONDITIONAL_CALL
10012a3a,0,10012a3a,10013047,,,UNCONDITIONAL_CALL
10012a3a,0,10012a3a,10013060,,,UNCONDITIONAL_CALL
10012a86,0,10012a86,10010465,10010406,"__onexit_nolock",UNCONDITIONAL_CALL
10012a86,0,10012a86,1001047b,10010406,"__onexit_nolock",UNCONDITIONAL_CALL
10012ad4,0,10012ad4,1001197c,1001193a,"___check_float_string",UNCONDITIONAL_CALL
10012b26,0,10012b26,10010441,10010406,"__onexit_nolock",UNCONDITIONAL_CALL
10012b26,0,10012b26,10017bfd,10017bc3,"__recalloc",UNCONDITIONAL_CALL
10012b59,0,10012b59,10012b8c,10012b84,"___crtExitProcess",UNCONDITIONAL_CALL
10012b84,0,10012b84,10012dc2,10012c9c,"doexit",UNCONDITIONAL_CALL
10012b84,0,10012b84,10017d16,10017ce9,"__mtinitlocknum",UNCONDITIONAL_CALL
10012b84,0,10012b84,100115e1,100115b7,"_malloc",UNCONDITIONAL_CALL
10012b9c,0,10012b9c,100104f9,100104ed,"__onexit",UNCONDITIONAL_CALL
10012ba5,0,10012ba5,10010523,10010523,"FUN_10010523",UNCONDITIONAL_CALL
10012bae,0,10012bae,1001506d,10014fa7,"__mtinit",UNCONDITIONAL_CALL
10012be1,0,10012be1,10012c3b,10012c05,"__cinit",UNCONDITIONAL_CALL
10012c05,0,10012c05,10010fcb,10010f59,"__CRT_INIT@12",UNCONDITIONAL_CALL
10012c9c,0,10012c9c,10012de8,10012ddc,"__exit",UNCONDITIONAL_CALL
10012c9c,0,10012c9c,10012df8,10012df2,"__cexit",UNCONDITIONAL_CALL
10012dc7,0,10012dc7,10012da2,10012c9c,"doexit",UNCONDITIONAL_CALL
10012ddc,0,10012ddc,10012e19,10012e01,"__amsg_exit",UNCONDITIONAL_CALL
10012ddc,0,10012ddc,10017089,1001705c,"_abort",UNCONDITIONAL_CALL
10012ddc,0,10012ddc,10017fa3,10017ed5,"_raise",UNCONDITIONAL_CALL
10012df2,0,10012df2,10011006,10010f59,"__CRT_INIT@12",UNCONDITIONAL_CALL
10012e01,0,10012e01,10014e00,10014df0,"__getptd",UNCONDITIONAL_CALL
10012e01,0,10012e01,10017dcd,10017dab,"__lock",UNCONDITIONAL_CALL
10012e01,0,10012e01,10014472,10014446,"___updatetmbcinfo",UNCONDITIONAL_CALL
10012e01,0,10012e01,10014bf8,10014bc7,"___updatetlocinfo",UNCONDITIONAL_CALL
10012e01,0,10012e01,1001af2d,,,UNCONDITIONAL_CALL
10012e20,0,10012e20,10012ca3,10012c9c,"doexit",UNCONDITIONAL_CALL
10012e20,0,10012e20,10014cca,10014cc3,"__initptd",UNCONDITIONAL_CALL
10012e20,0,10012e20,10017cf0,10017ce9,"__mtinitlocknum",UNCONDITIONAL_CALL
10012e20,0,10012e20,100110c4,100110bd,"___DllMainCRTStartup",UNCONDITIONAL_CALL
10012e20,0,10012e20,1001067f,10010678,"__fsopen",UNCONDITIONAL_CALL
10012e20,0,10012e20,10010826,1001081f,"_fclose",UNCONDITIONAL_CALL
10012e20,0,10012e20,10010f60,10010f59,"__CRT_INIT@12",UNCONDITIONAL_CALL
10012e20,0,10012e20,100104f4,100104ed,"__onexit",UNCONDITIONAL_CALL
10012e20,0,10012e20,10013852,1001384b,"__getstream",UNCONDITIONAL_CALL
10012e20,0,10012e20,10013c7b,10013c74,"__close",UNCONDITIONAL_CALL
10012e20,0,10012e20,10014e11,10014e0a,"__freefls@4",UNCONDITIONAL_CALL
10012e20,0,10012e20,10014756,1001474f,"__setmbcp",UNCONDITIONAL_CALL
10012e20,0,10012e20,1001444d,10014446,"___updatetmbcinfo",UNCONDITIONAL_CALL
10012e20,0,10012e20,10014bce,10014bc7,"___updatetlocinfo",UNCONDITIONAL_CALL
10012e20,0,10012e20,100189fc,100189f5,"FID_conflict:__sopen_helper",UNCONDITIONAL_CALL
10012e20,0,10012e20,1001910e,10019107,"___lock_fhandle",UNCONDITIONAL_CALL
10012e20,0,10012e20,100191d4,100191cd,"__alloc_osfhnd",UNCONDITIONAL_CALL
10012e20,0,10012e20,10019a6a,10019a63,"__write",UNCONDITIONAL_CALL
10012e20,0,10012e20,10010547,10010540,"_fgets",UNCONDITIONAL_CALL
10012e20,0,10012e20,1001091a,10010913,"_fputs",UNCONDITIONAL_CALL
10012e20,0,10012e20,10016646,1001663f,"__read",UNCONDITIONAL_CALL
10012e20,0,10012e20,1001a68c,1001a685,"__lseeki64",UNCONDITIONAL_CALL
10012e20,0,10012e20,10013ad9,10013ad2,"_Type_info_dtor",UNCONDITIONAL_CALL
10012e20,0,10012e20,10013e20,10013e19,"flsall",UNCONDITIONAL_CALL
10012e20,0,10012e20,10019b3e,10019b37,"__commit",UNCONDITIONAL_CALL
10012e20,0,10012e20,100204f9,100204f2,"___set_fpsr_sse2",UNCONDITIONAL_CALL
10012e20,0,10012e20,1001ce13,1001ce0c,"___FrameUnwindToState",UNCONDITIONAL_CALL
10012e20,0,10012e20,10017e31,10017e2a,"_inconsistency",UNCONDITIONAL_CALL
10012e20,0,10012e20,10017de5,10017dde,"terminate",UNCONDITIONAL_CALL
10012e20,0,10012e20,10017edc,10017ed5,"_raise",UNCONDITIONAL_CALL
10012e20,0,10012e20,1001cf34,1001cf2d,"___DestructExceptionObject",UNCONDITIONAL_CALL
10012e20,0,10012e20,1001d076,1001d06f,"CallCatchBlock",UNCONDITIONAL_CALL
10012e20,0,10012e20,1001d391,1001d38a,"___BuildCatchObject",UNCONDITIONAL_CALL
10012e20,0,10012e20,1001d212,1001d20b,"___BuildCatchObjectHelper",UNCONDITIONAL_CALL
10012e20,0,10012e20,100181e3,100181dc,"__fcloseall",UNCONDITIONAL_CALL
10012e65,0,10012e65,10012dd6,10012c9c,"doexit",UNCONDITIONAL_CALL
10012e65,0,10012e65,10014d59,10014cc3,"__initptd",UNCONDITIONAL_CALL
10012e65,0,10012e65,10017d9c,10017ce9,"__mtinitlocknum",UNCONDITIONAL_CALL
10012e65,0,10012e65,100111ad,100110bd,"___DllMainCRTStartup",UNCONDITIONAL_CALL
10012e65,0,10012e65,10010724,10010678,"__fsopen",UNCONDITIONAL_CALL
10012e65,0,10012e65,1001085f,1001081f,"_fclose",UNCONDITIONAL_CALL
10012e65,0,10012e65,100110b5,10010f59,"__CRT_INIT@12",UNCONDITIONAL_CALL
10012e65,0,10012e65,1001051d,100104ed,"__onexit",UNCONDITIONAL_CALL
10012e65,0,10012e65,1001396c,1001384b,"__getstream",UNCONDITIONAL_CALL
10012e65,0,10012e65,10013d27,10013c74,"__close",UNCONDITIONAL_CALL
10012e65,0,10012e65,10014f19,10014e0a,"__freefls@4",UNCONDITIONAL_CALL
10012e65,0,10012e65,100148e3,1001474f,"__setmbcp",UNCONDITIONAL_CALL
10012e65,0,10012e65,1001447a,10014446,"___updatetmbcinfo",UNCONDITIONAL_CALL
10012e65,0,10012e65,10014c00,10014bc7,"___updatetlocinfo",UNCONDITIONAL_CALL
10012e65,0,10012e65,10018a80,100189f5,"FID_conflict:__sopen_helper",UNCONDITIONAL_CALL
10012e65,0,10012e65,10019192,10019107,"___lock_fhandle",UNCONDITIONAL_CALL
10012e65,0,10012e65,10019357,100191cd,"__alloc_osfhnd",UNCONDITIONAL_CALL
10012e65,0,10012e65,10019b26,10019a63,"__write",UNCONDITIONAL_CALL
10012e65,0,10012e65,10010667,10010540,"_fgets",UNCONDITIONAL_CALL
10012e65,0,10012e65,10010a08,10010913,"_fputs",UNCONDITIONAL_CALL
10012e65,0,10012e65,10016724,1001663f,"__read",UNCONDITIONAL_CALL
10012e65,0,10012e65,1001a75f,1001a685,"__lseeki64",UNCONDITIONAL_CALL
10012e65,0,10012e65,10013b2f,10013ad2,"_Type_info_dtor",UNCONDITIONAL_CALL
10012e65,0,10012e65,10013ee4,10013e19,"flsall",UNCONDITIONAL_CALL
10012e65,0,10012e65,10019bff,10019b37,"__commit",UNCONDITIONAL_CALL
10012e65,0,10012e65,1002055e,100204f2,"___set_fpsr_sse2",UNCONDITIONAL_CALL
10012e65,0,10012e65,1001cec2,1001ce0c,"___FrameUnwindToState",UNCONDITIONAL_CALL
10012e65,0,10012e65,10018072,10017ed5,"_raise",UNCONDITIONAL_CALL
10012e65,0,10012e65,1001cf6a,1001cf2d,"___DestructExceptionObject",UNCONDITIONAL_CALL
10012e65,0,10012e65,1001d184,1001d06f,"CallCatchBlock",UNCONDITIONAL_CALL
10012e65,0,10012e65,1001d409,1001d38a,"___BuildCatchObject",UNCONDITIONAL_CALL
10012e65,0,10012e65,1001d384,1001d20b,"___BuildCatchObjectHelper",UNCONDITIONAL_CALL
10012e65,0,10012e65,10018269,100181dc,"__fcloseall",UNCONDITIONAL_CALL
10012e90,0,10012e90,10028160,,,DATA
10012e90,0,10012e90,1001812c,10018120,"__IsNonwritableInCurrentImage",DATA
10012e90,0,10012e90,10012e20,10012e20,"__SEH_prolog4",DATA
1001301f,0,1001301f,10013f4e,10013f33,"__stbuf",UNCONDITIONAL_CALL
1001301f,0,1001301f,10013f5e,10013f33,"__stbuf",UNCONDITIONAL_CALL
1001301f,0,1001301f,1001534a,100152d1,"__flsbuf",UNCONDITIONAL_CALL
1001301f,0,1001301f,10015356,100152d1,"__flsbuf",UNCONDITIONAL_CALL
100130f6,0,100130f6,10010866,1001081f,"_fclose",UNCONDITIONAL_CALL
100130f6,0,100130f6,10010599,10010540,"_fgets",UNCONDITIONAL_CALL
100130f6,0,100130f6,100109c2,10010913,"_fputs",UNCONDITIONAL_CALL
10013137,0,10013137,100138b9,1001384b,"__getstream",UNCONDITIONAL_CALL
10013137,0,10013137,10013e5f,10013e19,"flsall",UNCONDITIONAL_CALL
10013169,0,10013169,1001072d,1001072a,"FUN_1001072a",UNCONDITIONAL_CALL
10013169,0,10013169,1001088c,1001088b,"FUN_1001088b",UNCONDITIONAL_CALL
10013169,0,10013169,10010671,10010670,"FUN_10010670",UNCONDITIONAL_CALL
10013169,0,10013169,10010a12,10010a11,"FUN_10010a11",UNCONDITIONAL_CALL
100131a5,0,100131a5,100138d0,1001384b,"__getstream",UNCONDITIONAL_CALL
100131a5,0,100131a5,10013ec4,10013ebb,"FUN_10013ebb",UNCONDITIONAL_CALL
100131d4,0,100131d4,10010633,10010540,"_fgets",UNCONDITIONAL_CALL
100131d4,0,100131d4,100119c0,100119b1,"__inc",UNCONDITIONAL_CALL
100132f6,0,100132f6,10010fa7,10010f59,"__CRT_INIT@12",UNCONDITIONAL_CALL
1001353b,0,1001353b,10010fe0,10010f59,"__CRT_INIT@12",UNCONDITIONAL_CALL
1001353b,0,1001353b,10011010,10010f59,"__CRT_INIT@12",UNCONDITIONAL_CALL
1001358e,0,1001358e,100107ec,100107b2,"__fclose_nolock",UNCONDITIONAL_CALL
1001358e,0,1001358e,10013d98,10013d69,"__flush",UNCONDITIONAL_CALL
1001358e,0,1001358e,100105aa,10010540,"_fgets",UNCONDITIONAL_CALL
1001358e,0,1001358e,10010958,10010913,"_fputs",UNCONDITIONAL_CALL
1001358e,0,1001358e,1001323a,100131d4,"__filbuf",UNCONDITIONAL_CALL
1001358e,0,1001358e,10013264,100131d4,"__filbuf",UNCONDITIONAL_CALL
1001358e,0,1001358e,10013270,100131d4,"__filbuf",UNCONDITIONAL_CALL
1001358e,0,1001358e,1001327d,100131d4,"__filbuf",UNCONDITIONAL_CALL
1001358e,0,1001358e,1001328d,100131d4,"__filbuf",UNCONDITIONAL_CALL
1001358e,0,1001358e,10013f3d,10013f33,"__stbuf",UNCONDITIONAL_CALL
1001358e,0,1001358e,100140dc,10014003,"__fwrite_nolock",UNCONDITIONAL_CALL
1001358e,0,1001358e,100152dc,100152d1,"__flsbuf",UNCONDITIONAL_CALL
1001358e,0,1001358e,10015579,100154dc,"__output_l",UNCONDITIONAL_CALL
1001358e,0,1001358e,10011a6f,100119f1,"__input_l",UNCONDITIONAL_CALL
1001358e,0,1001358e,100177ea,100177d5,"__ungetc_nolock",UNCONDITIONAL_CALL
1001358e,0,1001358e,10013e01,10013dd1,"__fflush_nolock",UNCONDITIONAL_CALL
100135b4,0,100135b4,1001070a,10010678,"__fsopen",UNCONDITIONAL_CALL
1001384b,0,1001384b,100106c4,10010678,"__fsopen",UNCONDITIONAL_CALL
10013975,0,10013975,10013965,1001384b,"__getstream",UNCONDITIONAL_CALL
10013980,0,10013980,100106fa,10010678,"__fsopen",UNCONDITIONAL_CALL
10013980,0,10013980,10013ac6,10013abb,"_EH4_LocalUnwind",UNCONDITIONAL_CALL
10013980,0,10013980,10013a3d,,,UNCONDITIONAL_CALL
10013980,0,10013980,10013a66,10013a56,"__seh_longjmp_unwind4@4",UNCONDITIONAL_CALL
10013a72,0,10013a72,10012f19,10012e90,"__except_handler4",UNCONDITIONAL_CALL
10013a89,0,10013a89,10012ffa,10012e90,"__except_handler4",UNCONDITIONAL_CALL
10013aa2,0,10013aa2,10012fa9,10012e90,"__except_handler4",UNCONDITIONAL_CALL
10013abb,0,10013abb,10012fc0,10012e90,"__except_handler4",UNCONDITIONAL_CALL
10013abb,0,10013abb,10013015,10012e90,"__except_handler4",UNCONDITIONAL_CALL
10013ad2,0,10013ad2,1001076a,10010761,"~type_info",UNCONDITIONAL_CALL
10013b39,0,10013b39,10013b2a,10013ad2,"_Type_info_dtor",UNCONDITIONAL_CALL
10013b50,0,10013b50,100107a2,10010792,"operator==",UNCONDITIONAL_CALL
10013b50,0,10013b50,1001cd86,1001cd5e,"___TypeMatch",UNCONDITIONAL_CALL
10013bd8,0,10013bd8,10013cfe,10013c74,"__close",UNCONDITIONAL_CALL
10013bd8,0,10013bd8,10018664,100182c1,"FUN_100182c1",UNCONDITIONAL_CALL
10013bd8,0,10013bd8,1001886b,100182c1,"FUN_100182c1",UNCONDITIONAL_CALL
10013c74,0,10013c74,100107f2,100107b2,"__fclose_nolock",UNCONDITIONAL_CALL
10013d30,0,10013d30,10013d1f,10013c74,"__close",UNCONDITIONAL_CALL
10013d38,0,10013d38,100107e6,100107b2,"__fclose_nolock",UNCONDITIONAL_CALL
10013d69,0,10013d69,100107de,100107b2,"__fclose_nolock",UNCONDITIONAL_CALL
10013d69,0,10013d69,10013fe8,10013fcf,"__ftbuf",UNCONDITIONAL_CALL
10013d69,0,10013d69,100140bc,10014003,"__fwrite_nolock",UNCONDITIONAL_CALL
10013d69,0,10013d69,10013de8,10013dd1,"__fflush_nolock",UNCONDITIONAL_CALL
10013dd1,0,10013dd1,10013e82,10013e19,"flsall",UNCONDITIONAL_CALL
10013dd1,0,10013dd1,10013e9d,10013e19,"flsall",UNCONDITIONAL_CALL
10013e19,0,10013e19,10013ddf,10013dd1,"__fflush_nolock",UNCONDITIONAL_CALL
10013e19,0,10013e19,10013ef5,10013ef3,"__flushall",UNCONDITIONAL_CALL
10013ebb,0,10013ebb,10013eae,10013e19,"flsall",UNCONDITIONAL_CALL
10013eea,0,10013eea,10013ed3,10013e19,"flsall",UNCONDITIONAL_CALL
10013ef3,0,10013ef3,100130d6,,,UNCONDITIONAL_CALL
10013efc,0,10013efc,10012bb9,10012bae,"__init_pointers",UNCONDITIONAL_CALL
10013f0b,0,10013f0b,10017aeb,10017a94,"__calloc_impl",UNCONDITIONAL_CALL
10013f0b,0,10013f0b,10011614,100115b7,"_malloc",UNCONDITIONAL_CALL
10013f0b,0,10013f0b,10011635,100115b7,"_malloc",UNCONDITIONAL_CALL
10013f0b,0,10013f0b,10017b7a,10017b16,"_realloc",UNCONDITIONAL_CALL
10013f0b,0,10013f0b,10017b6a,10017b16,"_realloc",UNCONDITIONAL_CALL
10013f0b,0,10013f0b,100108a0,10010893,"FUN_10010893",UNCONDITIONAL_CALL
10013f33,0,10013f33,100109ce,10010913,"_fputs",UNCONDITIONAL_CALL
10013fcf,0,10013fcf,100109e8,10010913,"_fputs",UNCONDITIONAL_CALL
10014003,0,10014003,100109de,10010913,"_fputs",UNCONDITIONAL_CALL
1001415a,0,1001415a,10014219,10014206,"__vsnprintf",UNCONDITIONAL_CALL
10014206,0,10014206,100014e6,100014c0,"FUN_100014c0",UNCONDITIONAL_CALL
10014223,0,10014223,100146b5,10014566,"__setmbcp_nolock",UNCONDITIONAL_CALL
10014223,0,10014223,1001470d,10014566,"__setmbcp_nolock",UNCONDITIONAL_CALL
10014252,0,10014252,10014593,10014566,"__setmbcp_nolock",UNCONDITIONAL_CALL
100142b6,0,100142b6,100146da,10014566,"__setmbcp_nolock",UNCONDITIONAL_CALL
10014446,0,10014446,10014769,1001474f,"__setmbcp",UNCONDITIONAL_CALL
10014446,0,10014446,10010b75,10010b1a,"_LocaleUpdate",UNCONDITIONAL_CALL
100144e1,0,100144e1,100144d7,10014446,"___updatetmbcinfo",UNCONDITIONAL_CALL
100144ea,0,100144ea,10014774,1001474f,"__setmbcp",UNCONDITIONAL_CALL
100144ea,0,100144ea,10014581,10014566,"__setmbcp_nolock",UNCONDITIONAL_CALL
10014566,0,10014566,100147ad,1001474f,"__setmbcp",UNCONDITIONAL_CALL
1001474f,0,1001474f,100148f4,100148e9,"___initmbctable",UNCONDITIONAL_CALL
100148b0,0,100148b0,100148a9,1001474f,"__setmbcp",UNCONDITIONAL_CALL
100148e9,0,100148e9,10016907,100168fe,"FUN_100168fe",UNCONDITIONAL_CALL
100148e9,0,100148e9,10016b89,10016b74,"__setargv",UNCONDITIONAL_CALL
100148e9,0,100148e9,100221c4,,,DATA
10014907,0,10014907,10014d47,10014cc3,"__initptd",UNCONDITIONAL_CALL
10014907,0,10014907,10014b98,10014b7a,"__updatetlocinfoEx_nolock",UNCONDITIONAL_CALL
10014996,0,10014996,10014ee4,10014e0a,"__freefls@4",UNCONDITIONAL_CALL
10014996,0,10014996,10014ba3,10014b7a,"__updatetlocinfoEx_nolock",UNCONDITIONAL_CALL
10014a2f,0,10014a2f,10014f00,10014e0a,"__freefls@4",UNCONDITIONAL_CALL
10014a2f,0,10014a2f,10014bb7,10014b7a,"__updatetlocinfoEx_nolock",UNCONDITIONAL_CALL
10014b7a,0,10014b7a,10014c1c,10014bc7,"___updatetlocinfo",UNCONDITIONAL_CALL
10014bc7,0,10014bc7,10010b55,10010b1a,"_LocaleUpdate",UNCONDITIONAL_CALL
10014c34,0,10014c34,10014c2d,10014bc7,"___updatetlocinfo",UNCONDITIONAL_CALL
10014c40,0,10014c40,10012d0e,10012c9c,"doexit",UNCONDITIONAL_CALL
10014c40,0,10014c40,10012d21,10012c9c,"doexit",UNCONDITIONAL_CALL
10014c40,0,10014c40,1001aadb,1001aaba,"___crtMessageBoxW",UNCONDITIONAL_CALL
10014c40,0,10014c40,10012bb1,10012bae,"__init_pointers",UNCONDITIONAL_CALL
10014c40,0,10014c40,10018014,10017ed5,"_raise",UNCONDITIONAL_CALL
10014c40,0,10014c40,1001d4bc,1001d48a,"FindHandlerForForeignException",UNCONDITIONAL_CALL
10014c52,0,10014c52,10014d89,10014d77,"__getptd_noexit",UNCONDITIONAL_CALL
10014c52,0,10014c52,1001104d,10010f59,"__CRT_INIT@12",UNCONDITIONAL_CALL
10014c86,0,10014c86,10010fb0,10010f59,"__CRT_INIT@12",UNCONDITIONAL_CALL
10014c86,0,10014c86,10011015,10010f59,"__CRT_INIT@12",UNCONDITIONAL_CALL
10014c86,0,10014c86,10011040,10011032,"FUN_10011032",UNCONDITIONAL_CALL
10014c86,0,10014c86,10014fbb,10014fa7,"__mtinit",UNCONDITIONAL_CALL
10014c86,0,10014c86,10015118,10014fa7,"__mtinit",UNCONDITIONAL_CALL
10014cc3,0,10014cc3,10014dc6,10014d77,"__getptd_noexit",UNCONDITIONAL_CALL
10014cc3,0,10014cc3,10011085,10010f59,"__CRT_INIT@12",UNCONDITIONAL_CALL
10014cc3,0,10014cc3,10015100,10014fa7,"__mtinit",UNCONDITIONAL_CALL
10014d65,0,10014d65,10014d22,10014cc3,"__initptd",UNCONDITIONAL_CALL
10014d6e,0,10014d6e,10014d54,10014cc3,"__initptd",UNCONDITIONAL_CALL
10014d77,0,10014d77,10014df3,10014df0,"__getptd",UNCONDITIONAL_CALL
10014d77,0,10014d77,100118f1,100118f1,"__errno",UNCONDITIONAL_CALL
10014d77,0,10014d77,10011904,10011904,"___doserrno",UNCONDITIONAL_CALL
10014d77,0,10014d77,10016d4a,10016d44,"__XcptFilter",UNCONDITIONAL_CALL
10014d77,0,10014d77,10017f08,10017ed5,"_raise",UNCONDITIONAL_CALL
10014df0,0,10014df0,1001d057,1001d057,"Catch_All@1001d057",UNCONDITIONAL_CALL
10014df0,0,10014df0,1001475f,1001474f,"__setmbcp",UNCONDITIONAL_CALL
10014df0,0,10014df0,10014452,10014446,"___updatetmbcinfo",UNCONDITIONAL_CALL
10014df0,0,10014df0,10010b2d,10010b1a,"_LocaleUpdate",UNCONDITIONAL_CALL
10014df0,0,10014df0,10014bd3,10014bc7,"___updatetlocinfo",UNCONDITIONAL_CALL
10014df0,0,10014df0,10014bea,10014bc7,"___updatetlocinfo",UNCONDITIONAL_CALL
10014df0,0,10014df0,10019458,10019366,"__write_nolock",UNCONDITIONAL_CALL
10014df0,0,10014df0,1001d92b,1001d923,"___InternalCxxFrameHandler",UNCONDITIONAL_CALL
10014df0,0,10014df0,1001ce33,1001ce0c,"___FrameUnwindToState",UNCONDITIONAL_CALL
10014df0,0,10014df0,10017dea,10017dde,"terminate",UNCONDITIONAL_CALL
10014df0,0,10014df0,1001cece,1001cece,"FUN_1001cece",UNCONDITIONAL_CALL
10014df0,0,10014df0,1001cedc,1001cece,"FUN_1001cece",UNCONDITIONAL_CALL
10014df0,0,10014df0,1001d60c,1001d591,"FindHandler",UNCONDITIONAL_CALL
10014df0,0,10014df0,1001d61e,1001d591,"FindHandler",UNCONDITIONAL_CALL
10014df0,0,10014df0,1001d62c,1001d591,"FindHandler",UNCONDITIONAL_CALL
10014df0,0,10014df0,1001d677,1001d591,"FindHandler",UNCONDITIONAL_CALL
10014df0,0,10014df0,1001d689,1001d591,"FindHandler",UNCONDITIONAL_CALL
10014df0,0,10014df0,1001d694,1001d591,"FindHandler",UNCONDITIONAL_CALL
10014df0,0,10014df0,1001d86c,1001d591,"FindHandler",UNCONDITIONAL_CALL
10014df0,0,10014df0,1001d871,1001d591,"FindHandler",UNCONDITIONAL_CALL
10014df0,0,10014df0,1001d876,1001d591,"FindHandler",UNCONDITIONAL_CALL
10014df0,0,10014df0,1001d881,1001d591,"FindHandler",UNCONDITIONAL_CALL
10014df0,0,10014df0,1001d8ee,1001d591,"FindHandler",UNCONDITIONAL_CALL
10014df0,0,10014df0,1001d032,1001d026,"FUN_1001d026",UNCONDITIONAL_CALL
10014df0,0,10014df0,10017e17,10017e17,"FUN_10017e17",UNCONDITIONAL_CALL
10014df0,0,10014df0,1001d0a1,1001d06f,"CallCatchBlock",UNCONDITIONAL_CALL
10014df0,0,10014df0,1001d0af,1001d06f,"CallCatchBlock",UNCONDITIONAL_CALL
10014df0,0,10014df0,1001d0bd,1001d06f,"CallCatchBlock",UNCONDITIONAL_CALL
10014df0,0,10014df0,1001d0c8,1001d06f,"CallCatchBlock",UNCONDITIONAL_CALL
10014df0,0,10014df0,1001b947,1001b939,"__CreateFrameInfo",UNCONDITIONAL_CALL
10014df0,0,10014df0,1001b955,1001b939,"__CreateFrameInfo",UNCONDITIONAL_CALL
10014df0,0,10014df0,1001d1a4,1001d195,"FUN_1001d195",UNCONDITIONAL_CALL
10014df0,0,10014df0,1001d1b2,1001d195,"FUN_1001d195",UNCONDITIONAL_CALL
10014df0,0,10014df0,1001b96a,1001b965,"__IsExceptionObjectToBeDestroyed",UNCONDITIONAL_CALL
10014df0,0,10014df0,1001b992,1001b98c,"__FindAndUnlinkFrame",UNCONDITIONAL_CALL
10014df0,0,10014df0,1001b9a2,1001b98c,"__FindAndUnlinkFrame",UNCONDITIONAL_CALL
10014df0,0,10014df0,1001b9b3,1001b98c,"__FindAndUnlinkFrame",UNCONDITIONAL_CALL
10014df0,0,10014df0,1001d4a3,1001d48a,"FindHandlerForForeignException",UNCONDITIONAL_CALL
10014df0,0,10014df0,1001d4b1,1001d48a,"FindHandlerForForeignException",UNCONDITIONAL_CALL
10014df0,0,10014df0,1001b7db,1001b750,"_CallSETranslator",UNCONDITIONAL_CALL
10014df0,0,10014df0,1001cdde,1001cdbd,"___FrameUnwindFilter",UNCONDITIONAL_CALL
10014df0,0,10014df0,1001cdef,1001cdbd,"___FrameUnwindFilter",UNCONDITIONAL_CALL
10014df0,0,10014df0,1001cdfd,1001cdbd,"___FrameUnwindFilter",UNCONDITIONAL_CALL
10014e0a,0,10014e0a,10014f8d,10014f39,"__freeptd",UNCONDITIONAL_CALL
10014e0a,0,10014e0a,100150bb,10014fa7,"__mtinit",DATA
10014f24,0,10014f24,10014ec8,10014e0a,"__freefls@4",UNCONDITIONAL_CALL
10014f30,0,10014f30,10014f0d,10014e0a,"__freefls@4",UNCONDITIONAL_CALL
10014f39,0,10014f39,100110ac,10010f59,"__CRT_INIT@12",UNCONDITIONAL_CALL
10014fa7,0,10014fa7,10010f7d,10010f59,"__CRT_INIT@12",UNCONDITIONAL_CALL
10015122,0,10015122,10010c51,10010ba1,"__strnicmp_l",UNCONDITIONAL_CALL
10015122,0,10015122,10010c60,10010ba1,"__strnicmp_l",UNCONDITIONAL_CALL
10015122,0,10015122,1001525a,10015237,"_tolower",UNCONDITIONAL_CALL
10015237,0,10015237,1001bb06,1001baeb,"__forcdecpt_l",UNCONDITIONAL_CALL
10015237,0,10015237,1001bb23,1001baeb,"__forcdecpt_l",UNCONDITIONAL_CALL
10015270,0,10015270,10010c2f,10010ba1,"__strnicmp_l",UNCONDITIONAL_CALL
10015270,0,10015270,10010cbd,10010c83,"__strnicmp",UNCONDITIONAL_CALL
100152d1,0,100152d1,1001410e,10014003,"__fwrite_nolock",UNCONDITIONAL_CALL
100152d1,0,100152d1,100141f9,1001415a,"__vsnprintf_l",UNCONDITIONAL_CALL
100152d1,0,100152d1,10010ec1,10010e4b,"_sprintf",UNCONDITIONAL_CALL
100152d1,0,100152d1,10015456,10015435,"write_char",UNCONDITIONAL_CALL
10015435,0,10015435,100154a0,10015468,"write_string",UNCONDITIONAL_CALL
10015435,0,10015435,100154bb,10015468,"write_string",UNCONDITIONAL_CALL
10015435,0,10015435,10015882,100154dc,"__output_l",UNCONDITIONAL_CALL
10015435,0,10015435,100158a4,100154dc,"__output_l",UNCONDITIONAL_CALL
10015435,0,10015435,10015eea,100154dc,"__output_l",UNCONDITIONAL_CALL
10015435,0,10015435,10015f3a,100154dc,"__output_l",UNCONDITIONAL_CALL
10015435,0,10015435,10015fe8,100154dc,"__output_l",UNCONDITIONAL_CALL
10015468,0,10015468,10015f15,100154dc,"__output_l",UNCONDITIONAL_CALL
10015468,0,10015468,10015f9a,100154dc,"__output_l",UNCONDITIONAL_CALL
10015468,0,10015468,10015fbd,100154dc,"__output_l",UNCONDITIONAL_CALL
100154dc,0,100154dc,100141d8,1001415a,"__vsnprintf_l",UNCONDITIONAL_CALL
100154dc,0,100154dc,10010ea6,10010e4b,"_sprintf",UNCONDITIONAL_CALL
10016088,0,10016088,1001867a,100182c1,"FUN_100182c1",UNCONDITIONAL_CALL
10016088,0,10016088,100187db,100182c1,"FUN_100182c1",UNCONDITIONAL_CALL
10016088,0,10016088,100166f1,1001663f,"__read",UNCONDITIONAL_CALL
1001663f,0,1001663f,10013241,100131d4,"__filbuf",UNCONDITIONAL_CALL
1001672d,0,1001672d,1001671c,1001663f,"__read",UNCONDITIONAL_CALL
10016740,0,10016740,1001175c,10011724,"__call_reportfault",UNCONDITIONAL_CALL
10016740,0,10016740,10014604,10014566,"__setmbcp_nolock",UNCONDITIONAL_CALL
10016740,0,10016740,1001464b,10014566,"__setmbcp_nolock",UNCONDITIONAL_CALL
10016740,0,10016740,10014264,10014252,"setSBCS",UNCONDITIONAL_CALL
10016740,0,10016740,10014327,100142b6,"setSBUpLow",UNCONDITIONAL_CALL
10016740,0,10016740,10019f52,10019eb3,"__crtGetStringTypeA_stat",UNCONDITIONAL_CALL
10016740,0,10016740,10001bab,10001b90,"FUN_10001b90",UNCONDITIONAL_CALL
10016740,0,10016740,1000431f,100042c0,"FUN_100042c0",UNCONDITIONAL_CALL
10016740,0,10016740,10008e83,10008e40,"FUN_10008e40",UNCONDITIONAL_CALL
10016740,0,10016740,10017c22,10017bc3,"__recalloc",UNCONDITIONAL_CALL
10016740,0,10016740,100123a1,100119f1,"__input_l",UNCONDITIONAL_CALL
10016740,0,10016740,1001a802,1001a785,"__wctomb_s_l",UNCONDITIONAL_CALL
10016740,0,10016740,1001a8cd,1001a785,"__wctomb_s_l",UNCONDITIONAL_CALL
10016740,0,10016740,1001c16c,1001bee6,"__cftoa_l",UNCONDITIONAL_CALL
10016740,0,10016740,1001c343,1001c25c,"__cftof2_l",UNCONDITIONAL_CALL
100167ba,0,100167ba,10018647,100182c1,"FUN_100182c1",UNCONDITIONAL_CALL
100167ba,0,100167ba,100186a5,100182c1,"FUN_100182c1",UNCONDITIONAL_CALL
100167ba,0,100167ba,1001888f,100182c1,"FUN_100182c1",UNCONDITIONAL_CALL
100167ba,0,100167ba,100188a9,100182c1,"FUN_100182c1",UNCONDITIONAL_CALL
10016846,0,10016846,10010f44,10010ed0,"FUN_10010ed0",UNCONDITIONAL_CALL
100168fe,0,100168fe,10010fc0,10010f59,"__CRT_INIT@12",UNCONDITIONAL_CALL
100169da,0,100169da,10016bcb,10016b74,"__setargv",UNCONDITIONAL_CALL
100169da,0,100169da,10016c0c,10016b74,"__setargv",UNCONDITIONAL_CALL
10016b74,0,10016b74,10010fb7,10010f59,"__CRT_INIT@12",UNCONDITIONAL_CALL
10016c2f,0,10016c2f,10010f9d,10010f59,"__CRT_INIT@12",UNCONDITIONAL_CALL
10016cc6,0,10016cc6,10010f8d,10010f59,"__CRT_INIT@12",UNCONDITIONAL_CALL
10016cec,0,10016cec,10012c48,10012c05,"__cinit",DATA
10016d12,0,10016d12,10010f6d,10010f59,"__CRT_INIT@12",UNCONDITIONAL_CALL
10016d30,0,10016d30,10010f86,10010f59,"__CRT_INIT@12",UNCONDITIONAL_CALL
10016d30,0,10016d30,1001101a,10010f59,"__CRT_INIT@12",UNCONDITIONAL_CALL
10016d44,0,10016d44,10016ea1,10016e8e,"___CppXcptFilter",UNCONDITIONAL_CALL
10016eae,0,10016eae,100111be,100111b3,"entry",UNCONDITIONAL_CALL
10016f49,0,10016f49,1001732f,100172f0,"FID_conflict:_memcpy",UNCONDITIONAL_CALL
10016f49,0,10016f49,1001121f,100111e0,"FID_conflict:_memcpy",UNCONDITIONAL_CALL
1001705c,0,1001705c,10017e0c,10017dde,"terminate",UNCONDITIONAL_CALL
1001705c,0,1001705c,10011566,10011541,"__purecall",UNCONDITIONAL_CALL
1001708f,0,1001708f,1001155e,10011541,"__purecall",UNCONDITIONAL_CALL
100170b0,0,100170b0,100170f2,100170d6,"__NMSG_WRITE",UNCONDITIONAL_CALL
100170d6,0,100170d6,10012e0e,10012e01,"__amsg_exit",UNCONDITIONAL_CALL
100170d6,0,100170d6,100172ac,10017285,"__FF_MSGBANNER",UNCONDITIONAL_CALL
100170d6,0,100170d6,100172b6,10017285,"__FF_MSGBANNER",UNCONDITIONAL_CALL
100170d6,0,100170d6,10017d0c,10017ce9,"__mtinitlocknum",UNCONDITIONAL_CALL
100170d6,0,100170d6,100115d7,100115b7,"_malloc",UNCONDITIONAL_CALL
100170d6,0,100170d6,10011555,10011541,"__purecall",UNCONDITIONAL_CALL
10017285,0,10017285,10012e06,10012e01,"__amsg_exit",UNCONDITIONAL_CALL
10017285,0,10017285,10017d05,10017ce9,"__mtinitlocknum",UNCONDITIONAL_CALL
10017285,0,10017285,100115d0,100115b7,"_malloc",UNCONDITIONAL_CALL
100172be,0,100172be,10012bc5,10012bae,"__init_pointers",UNCONDITIONAL_CALL
100172cd,0,100172cd,10011744,10011724,"__call_reportfault",UNCONDITIONAL_CALL
100172cd,0,100172cd,10011839,10011724,"__call_reportfault",UNCONDITIONAL_CALL
100172cd,0,100172cd,1001aeed,1001ae25,"___report_gsfailure",UNCONDITIONAL_CALL
100172cd,0,100172cd,1001af11,1001ae25,"___report_gsfailure",UNCONDITIONAL_CALL
100172d5,0,100172d5,1001727e,100170d6,"__NMSG_WRITE",UNCONDITIONAL_CALL
100172d5,0,100172d5,10011846,10011724,"__call_reportfault",UNCONDITIONAL_CALL
100172d5,0,100172d5,1001ac1f,1001aaba,"___crtMessageBoxW",UNCONDITIONAL_CALL
100172d5,0,100172d5,10014748,10014566,"__setmbcp_nolock",UNCONDITIONAL_CALL
100172d5,0,100172d5,1001443f,100142b6,"setSBUpLow",UNCONDITIONAL_CALL
100172d5,0,100172d5,10019a5c,10019366,"__write_nolock",UNCONDITIONAL_CALL
100172d5,0,100172d5,10019e66,10019c86,"__crtLCMapStringA_stat",UNCONDITIONAL_CALL
100172d5,0,100172d5,10019f93,10019eb3,"__crtGetStringTypeA_stat",UNCONDITIONAL_CALL
100172d5,0,100172d5,1001605e,100154dc,"__output_l",UNCONDITIONAL_CALL
100172d5,0,100172d5,1001e031,1001defe,"__87except",UNCONDITIONAL_CALL
100172d5,0,100172d5,100129ee,100119f1,"__input_l",UNCONDITIONAL_CALL
100172d5,0,100172d5,10012ec4,10012e90,"__except_handler4",UNCONDITIONAL_CALL
100172d5,0,100172d5,10012ed4,10012e90,"__except_handler4",UNCONDITIONAL_CALL
100172d5,0,100172d5,10012f47,10012e90,"__except_handler4",UNCONDITIONAL_CALL
100172d5,0,100172d5,10012f57,10012e90,"__except_handler4",UNCONDITIONAL_CALL
100172d5,0,100172d5,10012fdd,10012e90,"__except_handler4",UNCONDITIONAL_CALL
100172d5,0,100172d5,10012fed,10012e90,"__except_handler4",UNCONDITIONAL_CALL
100172d5,0,100172d5,1001b72c,1001b71d,"CatchGuardHandler",UNCONDITIONAL_CALL
100172d5,0,100172d5,1001b838,1001b827,"TranslatorGuardHandler",UNCONDITIONAL_CALL
100172d5,0,100172d5,1001dafd,1001da5c,"FID_conflict:__atoflt_l",UNCONDITIONAL_CALL
100172d5,0,100172d5,1001dba5,1001db04,"FID_conflict:__atoflt_l",UNCONDITIONAL_CALL
100172d5,0,100172d5,1001e5cf,1001e085,"FID_conflict:__ld12tod",UNCONDITIONAL_CALL
100172d5,0,100172d5,1001eb20,1001e5d6,"FID_conflict:__ld12tod",UNCONDITIONAL_CALL
100172d5,0,100172d5,1001f1c9,1001eb27,"___strgtold12_l",UNCONDITIONAL_CALL
100172d5,0,100172d5,1001bebf,1001bdff,"__cftoe_l",UNCONDITIONAL_CALL
100172d5,0,100172d5,1001dd8c,1001dd12,"FUN_1001dd12",UNCONDITIONAL_CALL
100172d5,0,100172d5,1001fab7,1001f203,"$I10_OUTPUT",UNCONDITIONAL_CALL
100172d5,0,100172d5,1001c419,1001c35f,"__cftof_l",UNCONDITIONAL_CALL
100172d5,0,100172d5,1001c506,1001c420,"__cftog_l",UNCONDITIONAL_CALL
100172d5,0,100172d5,10013a2b,,,UNCONDITIONAL_CALL
100172d5,0,100172d5,10018e9b,,,UNCONDITIONAL_CALL
100172d5,0,100172d5,1002085e,,,UNCONDITIONAL_CALL
100172f0,0,100172f0,1001409e,10014003,"__fwrite_nolock",UNCONDITIONAL_CALL
100172f0,0,100172f0,10003b19,10003810,"FUN_10003810",UNCONDITIONAL_CALL
100172f0,0,100172f0,10011971,1001193a,"___check_float_string",UNCONDITIONAL_CALL
10017651,0,10017651,100176c7,100176a2,"_isdigit",UNCONDITIONAL_CALL
100176a2,0,100176a2,1001199b,10011991,"__hextodec",UNCONDITIONAL_CALL
100176a2,0,100176a2,10011bc8,100119f1,"__input_l",UNCONDITIONAL_CALL
100176a2,0,100176a2,10011ec3,100119f1,"__input_l",UNCONDITIONAL_CALL
100176a2,0,100176a2,10011fca,100119f1,"__input_l",UNCONDITIONAL_CALL
100176a2,0,100176a2,10012136,100119f1,"__input_l",UNCONDITIONAL_CALL
100176a2,0,100176a2,10012671,100119f1,"__input_l",UNCONDITIONAL_CALL
100176a2,0,100176a2,100127b3,100119f1,"__input_l",UNCONDITIONAL_CALL
100176a2,0,100176a2,1001bb15,1001baeb,"__forcdecpt_l",UNCONDITIONAL_CALL
100176d0,0,100176d0,1001774d,10017726,"_isxdigit",UNCONDITIONAL_CALL
10017726,0,10017726,100126c5,100119f1,"__input_l",UNCONDITIONAL_CALL
10017726,0,10017726,100127d9,100119f1,"__input_l",UNCONDITIONAL_CALL
10017756,0,10017756,100177cc,100177a7,"_isspace",UNCONDITIONAL_CALL
100177a7,0,100177a7,100119e2,100119c7,"__whiteout",UNCONDITIONAL_CALL
100177a7,0,100177a7,10011b11,100119f1,"__input_l",UNCONDITIONAL_CALL
100177a7,0,100177a7,10011b4b,100119f1,"__input_l",UNCONDITIONAL_CALL
100177d5,0,100177d5,10011b3f,100119f1,"__input_l",UNCONDITIONAL_CALL
100177d5,0,100177d5,1001215b,100119f1,"__input_l",UNCONDITIONAL_CALL
100177d5,0,100177d5,100121fa,100119f1,"__input_l",UNCONDITIONAL_CALL
100177d5,0,100177d5,10012525,100119f1,"__input_l",UNCONDITIONAL_CALL
100177d5,0,100177d5,100125a1,100119f1,"__input_l",UNCONDITIONAL_CALL
100177d5,0,100177d5,1001274c,100119f1,"__input_l",UNCONDITIONAL_CALL
100177d5,0,100177d5,10012840,100119f1,"__input_l",UNCONDITIONAL_CALL
100177d5,0,100177d5,10012966,100119f1,"__input_l",UNCONDITIONAL_CALL
100177d5,0,100177d5,1001297e,100119f1,"__input_l",UNCONDITIONAL_CALL
100178b8,0,100178b8,100179de,100179ce,"_mbtowc",UNCONDITIONAL_CALL
100178b8,0,100178b8,100122ff,100119f1,"__input_l",UNCONDITIONAL_CALL
100179ce,0,100179ce,10019530,10019366,"__write_nolock",UNCONDITIONAL_CALL
100179ce,0,100179ce,10019554,10019366,"__write_nolock",UNCONDITIONAL_CALL
100179e8,0,100179e8,100151b7,10015122,"__tolower_l",UNCONDITIONAL_CALL
100179e8,0,100179e8,1001791f,100178b8,"__mbtowc_l",UNCONDITIONAL_CALL
100179e8,0,100179e8,10017a2a,10017a20,"_isleadbyte",UNCONDITIONAL_CALL
100179e8,0,100179e8,1001a4fc,1001a4b8,"__isctype_l",UNCONDITIONAL_CALL
100179e8,0,100179e8,10015865,100154dc,"__output_l",UNCONDITIONAL_CALL
10017a20,0,10017a20,10019506,10019366,"__write_nolock",UNCONDITIONAL_CALL
10017a20,0,10017a20,100122b3,100119f1,"__input_l",UNCONDITIONAL_CALL
10017a20,0,10017a20,100128fa,100119f1,"__input_l",UNCONDITIONAL_CALL
10017a33,0,10017a33,10012c2c,10012c05,"__cinit",UNCONDITIONAL_CALL
10017a60,0,10017a60,100126b6,100119f1,"__input_l",UNCONDITIONAL_CALL
10017a94,0,10017a94,10012a4b,10012a3a,"__calloc_crt",UNCONDITIONAL_CALL
10017b16,0,10017b16,10012a95,10012a86,"__realloc_crt",UNCONDITIONAL_CALL
10017b16,0,10017b16,10017c09,10017bc3,"__recalloc",UNCONDITIONAL_CALL
10017bc3,0,10017bc3,10012ae6,10012ad4,"__recalloc_crt",UNCONDITIONAL_CALL
10017c31,0,10017c31,100150ac,10014fa7,"__mtinit",UNCONDITIONAL_CALL
10017c7b,0,10017c7b,10014cbe,10014c86,"__mtterm",UNCONDITIONAL_CALL
10017cd2,0,10017cd2,10012db9,10012c9c,"doexit",UNCONDITIONAL_CALL
10017cd2,0,10017cd2,10012dcf,10012dc7,"FUN_10012dc7",UNCONDITIONAL_CALL
10017cd2,0,10017cd2,10014d67,10014d65,"FUN_10014d65",UNCONDITIONAL_CALL
10017cd2,0,10017cd2,10014d70,10014d6e,"FUN_10014d6e",UNCONDITIONAL_CALL
10017cd2,0,10017cd2,10017da4,10017da2,"FUN_10017da2",UNCONDITIONAL_CALL
10017cd2,0,10017cd2,10012ba7,10012ba5,"FUN_10012ba5",UNCONDITIONAL_CALL
10017cd2,0,10017cd2,10013191,10013169,"__unlock_file",UNCONDITIONAL_CALL
10017cd2,0,10017cd2,100131c0,100131a5,"__unlock_file2",UNCONDITIONAL_CALL
10017cd2,0,10017cd2,10013977,10013975,"FUN_10013975",UNCONDITIONAL_CALL
10017cd2,0,10017cd2,10014f26,10014f24,"FUN_10014f24",UNCONDITIONAL_CALL
10017cd2,0,10017cd2,10014f32,10014f30,"FUN_10014f30",UNCONDITIONAL_CALL
10017cd2,0,10017cd2,100144e3,100144e1,"FUN_100144e1",UNCONDITIONAL_CALL
10017cd2,0,10017cd2,100148b2,100148b0,"FUN_100148b0",UNCONDITIONAL_CALL
10017cd2,0,10017cd2,10014c36,10014c34,"FUN_10014c34",UNCONDITIONAL_CALL
10017cd2,0,10017cd2,1001919f,1001919d,"FUN_1001919d",UNCONDITIONAL_CALL
10017cd2,0,10017cd2,100192a1,1001929f,"FUN_1001929f",UNCONDITIONAL_CALL
10017cd2,0,10017cd2,1001935f,1001935d,"FUN_1001935d",UNCONDITIONAL_CALL
10017cd2,0,10017cd2,10013b3b,10013b39,"FUN_10013b39",UNCONDITIONAL_CALL
10017cd2,0,10017cd2,10013eec,10013eea,"FUN_10013eea",UNCONDITIONAL_CALL
10017cd2,0,10017cd2,10018044,1001803c,"FUN_1001803c",UNCONDITIONAL_CALL
10017cd2,0,10017cd2,10018271,1001826f,"FUN_1001826f",UNCONDITIONAL_CALL
10017ce9,0,10017ce9,10017dc1,10017dab,"__lock",UNCONDITIONAL_CALL
10017ce9,0,10017ce9,100138a2,1001384b,"__getstream",UNCONDITIONAL_CALL
10017ce9,0,10017ce9,100191e4,100191cd,"__alloc_osfhnd",UNCONDITIONAL_CALL
10017da2,0,10017da2,10017d94,10017ce9,"__mtinitlocknum",UNCONDITIONAL_CALL
10017dab,0,10017dab,10012caa,10012c9c,"doexit",UNCONDITIONAL_CALL
10017dab,0,10017dab,10014d08,10014cc3,"__initptd",UNCONDITIONAL_CALL
10017dab,0,10017dab,10014d29,10014cc3,"__initptd",UNCONDITIONAL_CALL
10017dab,0,10017dab,10017d4e,10017ce9,"__mtinitlocknum",UNCONDITIONAL_CALL
10017dab,0,10017dab,10012b9e,10012b9c,"FUN_10012b9c",UNCONDITIONAL_CALL
10017dab,0,10017dab,1001311b,100130f6,"__lock_file",UNCONDITIONAL_CALL
10017dab,0,10017dab,10013860,1001384b,"__getstream",UNCONDITIONAL_CALL
10017dab,0,10017dab,10013148,10013137,"__lock_file2",UNCONDITIONAL_CALL
10017dab,0,10017dab,10014e96,10014e0a,"__freefls@4",UNCONDITIONAL_CALL
10017dab,0,10017dab,10014ecf,10014e0a,"__freefls@4",UNCONDITIONAL_CALL
10017dab,0,10017dab,10014805,1001474f,"__setmbcp",UNCONDITIONAL_CALL
10017dab,0,10017dab,10014482,10014446,"___updatetmbcinfo",UNCONDITIONAL_CALL
10017dab,0,10017dab,10014c08,10014bc7,"___updatetlocinfo",UNCONDITIONAL_CALL
10017dab,0,10017dab,1001913a,10019107,"___lock_fhandle",UNCONDITIONAL_CALL
10017dab,0,10017dab,100191f8,100191cd,"__alloc_osfhnd",UNCONDITIONAL_CALL
10017dab,0,10017dab,10019241,100191cd,"__alloc_osfhnd",UNCONDITIONAL_CALL
10017dab,0,10017dab,10013ae0,10013ad2,"_Type_info_dtor",UNCONDITIONAL_CALL
10017dab,0,10017dab,10013e2f,10013e19,"flsall",UNCONDITIONAL_CALL
10017dab,0,10017dab,10017fae,10017ed5,"_raise",UNCONDITIONAL_CALL
10017dab,0,10017dab,100181ef,100181dc,"__fcloseall",UNCONDITIONAL_CALL
10017dde,0,10017dde,10017e5c,10017e2a,"_inconsistency",UNCONDITIONAL_CALL
10017dde,0,10017dde,1001d6d1,1001d591,"FindHandler",UNCONDITIONAL_CALL
10017dde,0,10017dde,1001cfbc,1001cfab,"IsInExceptionSpec",UNCONDITIONAL_CALL
10017dde,0,10017dde,1001d052,1001d026,"FUN_1001d026",UNCONDITIONAL_CALL
10017dde,0,10017dde,10017e25,10017e17,"FUN_10017e17",UNCONDITIONAL_CALL
10017dde,0,10017dde,1001cdea,1001cdbd,"___FrameUnwindFilter",UNCONDITIONAL_CALL
10017dde,0,10017dde,10017e62,10017e62,"FUN_10017e62",DATA
10017e17,0,10017e17,1001d049,1001d026,"FUN_1001d026",UNCONDITIONAL_CALL
10017e2a,0,10017e2a,1001ce51,1001ce0c,"___FrameUnwindToState",UNCONDITIONAL_CALL
10017e2a,0,10017e2a,1001ceba,1001ce0c,"___FrameUnwindToState",UNCONDITIONAL_CALL
10017e2a,0,10017e2a,1001d5c5,1001d591,"FindHandler",UNCONDITIONAL_CALL
10017e2a,0,10017e2a,1001d648,1001d591,"FindHandler",UNCONDITIONAL_CALL
10017e2a,0,10017e2a,1001d672,1001d591,"FindHandler",UNCONDITIONAL_CALL
10017e2a,0,10017e2a,1001d8fc,1001d591,"FindHandler",UNCONDITIONAL_CALL
10017e2a,0,10017e2a,1001b927,1001b8c6,"_GetRangeOfTrysToCheck",UNCONDITIONAL_CALL
10017e2a,0,10017e2a,1001b8e4,1001b8c6,"_GetRangeOfTrysToCheck",UNCONDITIONAL_CALL
10017e2a,0,10017e2a,1001cfb7,1001cfab,"IsInExceptionSpec",UNCONDITIONAL_CALL
10017e2a,0,10017e2a,1001d040,1001d026,"FUN_1001d026",UNCONDITIONAL_CALL
10017e2a,0,10017e2a,1001d365,1001d20b,"___BuildCatchObjectHelper",UNCONDITIONAL_CALL
10017e2a,0,10017e2a,1001d501,1001d48a,"FindHandlerForForeignException",UNCONDITIONAL_CALL
10017e2a,0,10017e2a,1001b9d1,1001b98c,"__FindAndUnlinkFrame",UNCONDITIONAL_CALL
10017e62,0,10017e62,10012bd7,10012bae,"__init_pointers",UNCONDITIONAL_CALL
10017e73,0,10017e73,10012bd1,10012bae,"__init_pointers",UNCONDITIONAL_CALL
10017e91,0,10017e91,10017f2f,10017ed5,"_raise",UNCONDITIONAL_CALL
10017ec8,0,10017ec8,1001705c,1001705c,"_abort",UNCONDITIONAL_CALL
10017ed5,0,10017ed5,10017067,1001705c,"_abort",UNCONDITIONAL_CALL
1001803c,0,1001803c,10018022,10017ed5,"_raise",UNCONDITIONAL_CALL
10018078,0,10018078,10012bcb,10012bae,"__init_pointers",UNCONDITIONAL_CALL
10018090,0,10018090,10018161,10018120,"__IsNonwritableInCurrentImage",UNCONDITIONAL_CALL
100180d0,0,100180d0,1001817b,10018120,"__IsNonwritableInCurrentImage",UNCONDITIONAL_CALL
10018120,0,10018120,10012c18,10012c05,"__cinit",UNCONDITIONAL_CALL
10018120,0,10018120,10012c82,10012c05,"__cinit",UNCONDITIONAL_CALL
10018120,0,10018120,10012f88,10012e90,"__except_handler4",UNCONDITIONAL_CALL
100181dc,0,100181dc,100130e4,,,UNCONDITIONAL_CALL
1001826f,0,1001826f,10018261,100181dc,"__fcloseall",UNCONDITIONAL_CALL
10018278,0,10018278,10013226,100131d4,"__filbuf",UNCONDITIONAL_CALL
10018278,0,10018278,10015370,100152d1,"__flsbuf",UNCONDITIONAL_CALL
10018278,0,10018278,10017875,100177d5,"__ungetc_nolock",UNCONDITIONAL_CALL
100182c1,0,100182c1,10018a5f,100189f5,"FID_conflict:__sopen_helper",UNCONDITIONAL_CALL
100189f5,0,100189f5,10018acf,10018ab9,"__sopen_s",UNCONDITIONAL_CALL
10018a8b,0,10018a8b,10018a71,100189f5,"FID_conflict:__sopen_helper",UNCONDITIONAL_CALL
10018ab9,0,10018ab9,10013814,100135b4,"__openfile",UNCONDITIONAL_CALL
10018ad9,0,10018ad9,10018ced,10018cdd,"__mbsnbicmp",UNCONDITIONAL_CALL
10018cdd,0,10018cdd,10013792,100135b4,"__openfile",UNCONDITIONAL_CALL
10018cdd,0,10018cdd,100137b1,100135b4,"__openfile",UNCONDITIONAL_CALL
10018cdd,0,10018cdd,100137d0,100135b4,"__openfile",UNCONDITIONAL_CALL
10018cf7,0,10018cf7,10018e53,10018e43,"__mbsnbcmp",UNCONDITIONAL_CALL
10018e43,0,10018e43,10013768,100135b4,"__openfile",UNCONDITIONAL_CALL
10018ec5,0,10018ec5,10018eac,,,UNCONDITIONAL_CALL
10018f6c,0,10018f6c,1001da2e,1001da10,"__CallSettingFrame@12",UNCONDITIONAL_CALL
10018f6c,0,10018f6c,1001da50,1001da10,"__CallSettingFrame@12",UNCONDITIONAL_CALL
10018f75,0,10018f75,100139ee,10013980,"__local_unwind4",UNCONDITIONAL_CALL
10018f75,0,10018f75,10013a91,10013a89,"_EH4_TransferToHandler",UNCONDITIONAL_CALL
10018f75,0,10018f75,10018f27,10018ec5,"__local_unwind2",UNCONDITIONAL_CALL
10018f94,0,10018f94,100139fb,10013980,"__local_unwind4",UNCONDITIONAL_CALL
10018f94,0,10018f94,10018f30,10018ec5,"__local_unwind2",UNCONDITIONAL_CALL
10018f94,3,10018f97,100185e7,100182c1,"FUN_100182c1",UNCONDITIONAL_CALL
10018f97,0,10018f97,100185e7,100182c1,"FUN_100182c1",UNCONDITIONAL_CALL
10019018,0,10019018,10013c41,10013bd8,"__close_nolock",UNCONDITIONAL_CALL
10019018,0,10019018,100189c0,100182c1,"FUN_100182c1",UNCONDITIONAL_CALL
1001909e,0,1001909e,10013be3,10013bd8,"__close_nolock",UNCONDITIONAL_CALL
1001909e,0,1001909e,10013c0e,10013bd8,"__close_nolock",UNCONDITIONAL_CALL
1001909e,0,1001909e,10013c17,10013bd8,"__close_nolock",UNCONDITIONAL_CALL
1001909e,0,1001909e,10013c23,10013bd8,"__close_nolock",UNCONDITIONAL_CALL
1001909e,0,1001909e,100167c4,100167ba,"__lseek_nolock",UNCONDITIONAL_CALL
1001909e,0,1001909e,1001a619,1001a600,"__lseeki64_nolock",UNCONDITIONAL_CALL
1001909e,0,1001909e,1001b07b,1001af34,"__chsize_nolock",UNCONDITIONAL_CALL
1001909e,0,1001909e,10019bb1,10019b37,"__commit",UNCONDITIONAL_CALL
10019107,0,10019107,10013cea,10013c74,"__close",UNCONDITIONAL_CALL
10019107,0,10019107,1001933a,100191cd,"__alloc_osfhnd",UNCONDITIONAL_CALL
10019107,0,10019107,10019ad9,10019a63,"__write",UNCONDITIONAL_CALL
10019107,0,10019107,100166d7,1001663f,"__read",UNCONDITIONAL_CALL
10019107,0,10019107,1001a705,1001a685,"__lseeki64",UNCONDITIONAL_CALL
10019107,0,10019107,10019b9d,10019b37,"__commit",UNCONDITIONAL_CALL
1001919d,0,1001919d,10019168,10019107,"___lock_fhandle",UNCONDITIONAL_CALL
100191a6,0,100191a6,10013d31,10013d30,"FUN_10013d30",UNCONDITIONAL_CALL
100191a6,0,100191a6,10018ab2,10018a8b,"FUN_10018a8b",UNCONDITIONAL_CALL
100191a6,0,100191a6,10019b30,10019b2f,"FUN_10019b2f",UNCONDITIONAL_CALL
100191a6,0,100191a6,1001672e,1001672d,"FUN_1001672d",UNCONDITIONAL_CALL
100191a6,0,100191a6,1001a768,1001a765,"FUN_1001a765",UNCONDITIONAL_CALL
100191a6,0,100191a6,10019c09,10019c08,"FUN_10019c08",UNCONDITIONAL_CALL
100191cd,0,100191cd,100184b1,100182c1,"FUN_100182c1",UNCONDITIONAL_CALL
1001929f,0,1001929f,10019272,100191cd,"__alloc_osfhnd",UNCONDITIONAL_CALL
1001935d,0,1001935d,1001934f,100191cd,"__alloc_osfhnd",UNCONDITIONAL_CALL
10019366,0,10019366,10019af3,10019a63,"__write",UNCONDITIONAL_CALL
10019366,0,10019366,1001aff1,1001af34,"__chsize_nolock",UNCONDITIONAL_CALL
10019a63,0,10019a63,10013d9f,10013d69,"__flush",UNCONDITIONAL_CALL
10019a63,0,10019a63,100188c9,100182c1,"FUN_100182c1",UNCONDITIONAL_CALL
10019a63,0,10019a63,100140e3,10014003,"__fwrite_nolock",UNCONDITIONAL_CALL
10019a63,0,10019a63,100153a0,100152d1,"__flsbuf",UNCONDITIONAL_CALL
10019a63,0,10019a63,1001540f,100152d1,"__flsbuf",UNCONDITIONAL_CALL
10019b2f,0,10019b2f,10019b1e,10019a63,"__write",UNCONDITIONAL_CALL
10019b37,0,10019b37,10013e07,10013dd1,"__fflush_nolock",UNCONDITIONAL_CALL
10019c08,0,10019c08,10019bf7,10019b37,"__commit",UNCONDITIONAL_CALL
10019c10,0,10019c10,1001943d,10019366,"__write_nolock",UNCONDITIONAL_CALL
10019c10,0,10019c10,10013f43,10013f33,"__stbuf",UNCONDITIONAL_CALL
10019c10,0,10019c10,10015365,100152d1,"__flsbuf",UNCONDITIONAL_CALL
10019c66,0,10019c66,10019e49,10019c86,"__crtLCMapStringA_stat",UNCONDITIONAL_CALL
10019c66,0,10019c66,10019e52,10019c86,"__crtLCMapStringA_stat",UNCONDITIONAL_CALL
10019c66,0,10019c66,10019f7f,10019eb3,"__crtGetStringTypeA_stat",UNCONDITIONAL_CALL
10019c86,0,10019c86,10019e9c,10019e6d,"___crtLCMapStringA",UNCONDITIONAL_CALL
10019e6d,0,10019e6d,10014374,100142b6,"setSBUpLow",UNCONDITIONAL_CALL
10019e6d,0,10019e6d,10014399,100142b6,"setSBUpLow",UNCONDITIONAL_CALL
10019e6d,0,10019e6d,10015204,10015122,"__tolower_l",UNCONDITIONAL_CALL
10019eb3,0,10019eb3,10019fc3,10019f9a,"___crtGetStringTypeA",UNCONDITIONAL_CALL
10019f9a,0,10019f9a,10014354,100142b6,"setSBUpLow",UNCONDITIONAL_CALL
10019f9a,0,10019f9a,1001a53d,1001a4b8,"__isctype_l",UNCONDITIONAL_CALL
10019fda,0,10019fda,10014b19,10014a2f,"___freetlocinfo",UNCONDITIONAL_CALL
1001a351,0,1001a351,10014a96,10014a2f,"___freetlocinfo",UNCONDITIONAL_CALL
1001a3ba,0,1001a3ba,10014a75,10014a2f,"___freetlocinfo",UNCONDITIONAL_CALL
1001a4b8,0,1001a4b8,10015156,10015122,"__tolower_l",UNCONDITIONAL_CALL
1001a4b8,0,1001a4b8,10017679,10017651,"__isdigit_l",UNCONDITIONAL_CALL
1001a4b8,0,1001a4b8,1001777e,10017756,"__isspace_l",UNCONDITIONAL_CALL
1001a4b8,0,1001a4b8,100176fb,100176d0,"__isxdigit_l",UNCONDITIONAL_CALL
1001a600,0,1001a600,100187b0,100182c1,"FUN_100182c1",UNCONDITIONAL_CALL
1001a600,0,1001a600,100187c1,100182c1,"FUN_100182c1",UNCONDITIONAL_CALL
1001a600,0,1001a600,1001882e,100182c1,"FUN_100182c1",UNCONDITIONAL_CALL
1001a600,0,1001a600,10018843,100182c1,"FUN_100182c1",UNCONDITIONAL_CALL
1001a600,0,1001a600,100161d5,10016088,"__read_nolock",UNCONDITIONAL_CALL
1001a600,0,1001a600,1001637d,10016088,"__read_nolock",UNCONDITIONAL_CALL
1001a600,0,1001a600,10016457,10016088,"__read_nolock",UNCONDITIONAL_CALL
1001a600,0,1001a600,100165b8,10016088,"__read_nolock",UNCONDITIONAL_CALL
1001a600,0,1001a600,10019434,10019366,"__write_nolock",UNCONDITIONAL_CALL
1001a600,0,1001a600,1001af4e,1001af34,"__chsize_nolock",UNCONDITIONAL_CALL
1001a600,0,1001a600,1001af6a,1001af34,"__chsize_nolock",UNCONDITIONAL_CALL
1001a600,0,1001a600,1001b065,1001af34,"__chsize_nolock",UNCONDITIONAL_CALL
1001a600,0,1001a600,1001b0d0,1001af34,"__chsize_nolock",UNCONDITIONAL_CALL
1001a600,0,1001a600,1001a724,1001a685,"__lseeki64",UNCONDITIONAL_CALL
1001a685,0,1001a685,100153eb,100152d1,"__flsbuf",UNCONDITIONAL_CALL
1001a765,0,1001a765,1001a754,1001a685,"__lseeki64",UNCONDITIONAL_CALL
1001a76f,0,1001a76f,10015b00,100154dc,"__output_l",UNCONDITIONAL_CALL
1001a785,0,1001a785,1001a8ed,1001a8da,"_wctomb_s",UNCONDITIONAL_CALL
1001a8da,0,1001a8da,10015a05,100154dc,"__output_l",UNCONDITIONAL_CALL
1001a8da,0,1001a8da,10015f7a,100154dc,"__output_l",UNCONDITIONAL_CALL
1001a900,0,1001a900,10015dce,100154dc,"__output_l",UNCONDITIONAL_CALL
1001a995,0,1001a995,10016767,10016740,"_memset",UNCONDITIONAL_CALL
1001aa4f,0,1001aa4f,1001aab0,1001aaa2,"__ismbblead",UNCONDITIONAL_CALL
1001aaa2,0,1001aaa2,10016a2f,100169da,"parse_cmdline",UNCONDITIONAL_CALL
1001aaa2,0,1001aaa2,10016b14,100169da,"parse_cmdline",UNCONDITIONAL_CALL
1001aaa2,0,1001aaa2,10016b37,100169da,"parse_cmdline",UNCONDITIONAL_CALL
1001aaba,0,1001aaba,1001720e,100170d6,"__NMSG_WRITE",UNCONDITIONAL_CALL
1001ac26,0,1001ac26,100171e3,100170d6,"__NMSG_WRITE",UNCONDITIONAL_CALL
1001ac26,0,1001ac26,100171f7,100170d6,"__NMSG_WRITE",UNCONDITIONAL_CALL
1001ac9b,0,1001ac9b,100171cb,100170d6,"__NMSG_WRITE",UNCONDITIONAL_CALL
1001ad68,0,1001ad68,100171a1,100170d6,"__NMSG_WRITE",UNCONDITIONAL_CALL
1001ad68,0,1001ad68,100171ae,100170d6,"__NMSG_WRITE",UNCONDITIONAL_CALL
1001ad83,0,1001ad83,10017150,100170d6,"__NMSG_WRITE",UNCONDITIONAL_CALL
1001ad83,0,1001ad83,10017188,100170d6,"__NMSG_WRITE",UNCONDITIONAL_CALL
1001ade6,0,1001ade6,1001710c,100170d6,"__NMSG_WRITE",UNCONDITIONAL_CALL
1001ade6,0,1001ade6,1001711d,100170d6,"__NMSG_WRITE",UNCONDITIONAL_CALL
1001ade6,0,1001ade6,10017287,10017285,"__FF_MSGBANNER",UNCONDITIONAL_CALL
1001ade6,0,1001ade6,10017294,10017285,"__FF_MSGBANNER",UNCONDITIONAL_CALL
1001ae25,0,1001ae25,100172df,100172d5,"__security_check_cookie",UNCONDITIONAL_CALL
1001af34,0,1001af34,10018693,100182c1,"FUN_100182c1",UNCONDITIONAL_CALL
1001b0ea,0,1001b0ea,1001afd0,1001af34,"__chsize_nolock",UNCONDITIONAL_CALL
1001b0ea,0,1001b0ea,1001b014,1001af34,"__chsize_nolock",UNCONDITIONAL_CALL
1001b1a5,0,1001b1a5,100182ff,100182c1,"FUN_100182c1",UNCONDITIONAL_CALL
1001b1d2,0,1001b1d2,1001966b,10019366,"__write_nolock",UNCONDITIONAL_CALL
1001b1d2,0,1001b1d2,10019698,10019366,"__write_nolock",UNCONDITIONAL_CALL
1001b220,0,1001b220,10019370,10019366,"__write_nolock",UNCONDITIONAL_CALL
1001b220,0,1001b220,1001b261,1001b250,"__alloca_probe_16",UNCONDITIONAL_CALL
1001b220,0,1001b220,1001b277,1001b266,"__alloca_probe_8",UNCONDITIONAL_CALL
1001b250,0,1001b250,10019d22,10019c86,"__crtLCMapStringA_stat",UNCONDITIONAL_CALL
1001b250,0,1001b250,10019ddc,10019c86,"__crtLCMapStringA_stat",UNCONDITIONAL_CALL
1001b250,0,1001b250,10019f1e,10019eb3,"__crtGetStringTypeA_stat",UNCONDITIONAL_CALL
1001b27c,0,1001b27c,1001b1e1,1001b1d2,"__putwch_nolock",UNCONDITIONAL_CALL
1001b29b,0,1001b29b,10012d72,10012c9c,"doexit",COMPUTED_CALL
1001b29b,0,1001b29b,100221d8,,,DATA
1001b2b2,0,1001b2b2,10013ab1,10013aa2,"_EH4_GlobalUnwind2",UNCONDITIONAL_CALL
1001b2b2,0,1001b2b2,10018e73,10018e60,"__global_unwind2",UNCONDITIONAL_CALL
1001b2b2,0,1001b2b2,1001b6b9,1001b693,"_UnwindNestedFrames",UNCONDITIONAL_CALL
1001b2b8,0,1001b2b8,1001b31d,1001b318,"__fpmath",UNCONDITIONAL_CALL
1001b318,0,1001b318,10012c25,10012c05,"__cinit",COMPUTED_CALL
1001b318,0,1001b318,10025004,,,DATA
1001b380,0,1001b380,10007430,100073f0,"FUN_100073f0",UNCONDITIONAL_CALL
1001b380,0,1001b380,10007472,100073f0,"FUN_100073f0",UNCONDITIONAL_CALL
1001b3cf,0,1001b3cf,1001c7b2,1001c60e,"FUN_1001c60e",UNCONDITIONAL_CALL
1001b3d8,0,1001b3d8,1001b3c6,1001b380,"FUN_1001b380",UNCONDITIONAL_CALL
1001b4b0,0,1001b4b0,10007451,100073f0,"FUN_100073f0",UNCONDITIONAL_CALL
1001b4b0,0,1001b4b0,10007493,100073f0,"FUN_100073f0",UNCONDITIONAL_CALL
1001b4ff,0,1001b4ff,1001cd24,1001cb9e,"FUN_1001cb9e",UNCONDITIONAL_CALL
1001b508,0,1001b508,1001b4f6,1001b4b0,"FUN_1001b4b0",UNCONDITIONAL_CALL
1001b5a0,0,1001b5a0,1000348b,10003400,"FUN_10003400",UNCONDITIONAL_CALL
1001b5a0,0,1001b5a0,100034d2,10003400,"FUN_10003400",UNCONDITIONAL_CALL
1001b5a0,0,1001b5a0,100036d7,10003660,"FUN_10003660",UNCONDITIONAL_CALL
1001b5bd,0,1001b5bd,1001b5ab,1001b5a0,"FUN_1001b5a0",UNCONDITIONAL_CALL
1001b65a,0,1001b65a,1001d483,1001d41c,"CatchIt",UNCONDITIONAL_CALL
1001b68c,0,1001b68c,1001cf5e,1001cf2d,"___DestructExceptionObject",UNCONDITIONAL_CALL
1001b68c,0,1001b68c,1001d3e3,1001d38a,"___BuildCatchObject",UNCONDITIONAL_CALL
1001b68c,0,1001b68c,1001d3fd,1001d38a,"___BuildCatchObject",UNCONDITIONAL_CALL
1001b693,0,1001b693,1001d89e,1001d591,"FindHandler",UNCONDITIONAL_CALL
1001b693,0,1001b693,1001d446,1001d41c,"CatchIt",UNCONDITIONAL_CALL
1001b693,0,1001b693,1001b892,1001b827,"TranslatorGuardHandler",UNCONDITIONAL_CALL
1001b6e7,0,1001b6e7,1002084d,,,UNCONDITIONAL_CALL
1001b6e7,0,1001b6e7,10020868,,,UNCONDITIONAL_CALL
1001b71d,0,1001b71d,1002816c,,,DATA
1001b71d,0,1001b71d,1001ba04,1001b9de,"_CallCatchBlock2",DATA
1001b750,0,1001b750,1001d4e8,1001d48a,"FindHandlerForForeignException",UNCONDITIONAL_CALL
1001b750,0,1001b750,1001b8aa,1001b827,"TranslatorGuardHandler",UNCONDITIONAL_CALL
1001b827,0,1001b827,10028170,,,DATA
1001b827,0,1001b827,1001b778,1001b750,"_CallSETranslator",DATA
1001b8c6,0,1001b8c6,1001d759,1001d591,"FindHandler",UNCONDITIONAL_CALL
1001b8c6,0,1001b8c6,1001d516,1001d48a,"FindHandlerForForeignException",UNCONDITIONAL_CALL
1001b939,0,1001b939,1001d097,1001d06f,"CallCatchBlock",UNCONDITIONAL_CALL
1001b965,0,1001b965,1001d1f5,1001d195,"FUN_1001d195",UNCONDITIONAL_CALL
1001b98c,0,1001b98c,1001d19e,1001d195,"FUN_1001d195",UNCONDITIONAL_CALL
1001b9de,0,1001b9de,1001d0ee,1001d06f,"CallCatchBlock",UNCONDITIONAL_CALL
1001ba40,0,1001ba40,10006d53,10006be0,"FUN_10006be0",UNCONDITIONAL_CALL
1001ba40,0,1001ba40,10006e86,10006be0,"FUN_10006be0",UNCONDITIONAL_CALL
1001ba40,0,1001ba40,1000718c,10007030,"FUN_10007030",UNCONDITIONAL_CALL
1001ba40,0,1001ba40,10007694,100074d0,"FUN_100074d0",UNCONDITIONAL_CALL
1001baeb,0,1001baeb,1001bc82,1001bc78,"__forcdecpt",UNCONDITIONAL_CALL
1001baeb,0,1001baeb,1001b30d,1001b2b8,"__cfltcvt_init",DATA
1001bb5f,0,1001bb5f,1001bc95,1001bc8b,"__cropzeros",UNCONDITIONAL_CALL
1001bb5f,0,1001bb5f,1001b303,1001b2b8,"__cfltcvt_init",DATA
1001bbe1,0,1001bbe1,1001b2e0,1001b2b8,"__cfltcvt_init",DATA
1001bbfd,0,1001bbfd,1001bc4f,1001bc3f,"__fassign",UNCONDITIONAL_CALL
1001bbfd,0,1001bbfd,1001b2f9,1001b2b8,"__cfltcvt_init",DATA
1001bc3f,0,1001bc3f,1001b2cc,1001b2b8,"__cfltcvt_init",DATA
1001bc59,0,1001bc59,1001bd1e,1001bc9e,"FUN_1001bc9e",UNCONDITIONAL_CALL
1001bc59,0,1001bc59,1001c33a,1001c25c,"__cftof2_l",UNCONDITIONAL_CALL
1001bc78,0,1001bc78,1001b2d6,1001b2b8,"__cfltcvt_init",DATA
1001bc8b,0,1001bc8b,1001b2c2,1001b2b8,"__cfltcvt_init",DATA
1001bc9e,0,1001bc9e,1001beaf,1001bdff,"__cftoe_l",UNCONDITIONAL_CALL
1001bc9e,0,1001bc9e,1001c4f6,1001c420,"__cftog_l",UNCONDITIONAL_CALL
1001bdff,0,1001bdff,1001bedc,1001bec6,"__cftoe",UNCONDITIONAL_CALL
1001bdff,0,1001bdff,1001c58b,1001c50d,"__cfltcvt_l",UNCONDITIONAL_CALL
1001bec6,0,1001bec6,1001bf9d,1001bee6,"__cftoa_l",UNCONDITIONAL_CALL
1001bee6,0,1001bee6,1001c572,1001c50d,"__cfltcvt_l",UNCONDITIONAL_CALL
1001c25c,0,1001c25c,1001c409,1001c35f,"__cftof_l",UNCONDITIONAL_CALL
1001c25c,0,1001c25c,1001c4d8,1001c420,"__cftog_l",UNCONDITIONAL_CALL
1001c35f,0,1001c35f,1001c533,1001c50d,"__cfltcvt_l",UNCONDITIONAL_CALL
1001c420,0,1001c420,1001c559,1001c50d,"__cfltcvt_l",UNCONDITIONAL_CALL
1001c50d,0,1001c50d,1001c5ae,1001c595,"__cfltcvt",UNCONDITIONAL_CALL
1001c50d,0,1001c50d,1001b2ef,1001b2b8,"__cfltcvt_init",DATA
1001c595,0,1001c595,1001b2b8,1001b2b8,"__cfltcvt_init",DATA
1001c5b8,0,1001c5b8,1001b328,1001b318,"__fpmath",UNCONDITIONAL_CALL
1001c5f0,0,1001c5f0,1001b3b6,1001b380,"FUN_1001b380",UNCONDITIONAL_CALL
1001c60e,0,1001c60e,1001c601,1001c5f0,"FUN_1001c5f0",UNCONDITIONAL_CALL
1001c9a5,0,1001c9a5,1001b5d0,1001b5bd,"FUN_1001b5bd",UNCONDITIONAL_CALL
1001c9bc,0,1001c9bc,1001b612,1001b5bd,"FUN_1001b5bd",UNCONDITIONAL_CALL
1001c9bc,0,1001c9bc,1001b428,1001b3d8,"FUN_1001b3d8",UNCONDITIONAL_CALL
1001c9bc,0,1001c9bc,1001b558,1001b508,"FUN_1001b508",UNCONDITIONAL_CALL
1001c9d5,0,1001c9d5,1001b3d3,1001b3cf,"FUN_1001b3cf",UNCONDITIONAL_CALL
1001c9d5,0,1001c9d5,1001b503,1001b4ff,"FUN_1001b4ff",UNCONDITIONAL_CALL
1001ca18,0,1001ca18,1001b5a6,1001b5a0,"FUN_1001b5a0",UNCONDITIONAL_CALL
1001ca18,0,1001ca18,1001b3c1,1001b380,"FUN_1001b380",UNCONDITIONAL_CALL
1001ca18,0,1001ca18,1001b4f1,1001b4b0,"FUN_1001b4b0",UNCONDITIONAL_CALL
1001ca3b,0,1001ca3b,1001b5f6,1001b5bd,"FUN_1001b5bd",UNCONDITIONAL_CALL
1001ca3b,0,1001ca3b,1001b40d,1001b3d8,"FUN_1001b3d8",UNCONDITIONAL_CALL
1001ca3b,0,1001ca3b,1001b53d,1001b508,"FUN_1001b508",UNCONDITIONAL_CALL
1001cb37,0,1001cb37,1001b653,1001b5bd,"FUN_1001b5bd",UNCONDITIONAL_CALL
1001cb37,0,1001cb37,1001ca59,1001ca3b,"__math_exit",UNCONDITIONAL_CALL
1001cb37,0,1001cb37,1001b462,1001b3d8,"FUN_1001b3d8",UNCONDITIONAL_CALL
1001cb37,0,1001cb37,1001b592,1001b508,"FUN_1001b508",UNCONDITIONAL_CALL
1001cb80,0,1001cb80,1001b4e6,1001b4b0,"FUN_1001b4b0",UNCONDITIONAL_CALL
1001cb9e,0,1001cb9e,1001cb91,1001cb80,"FUN_1001cb80",UNCONDITIONAL_CALL
1001cd37,0,1001cd37,100261e8,,,DATA
1001cd5e,0,1001cd5e,1001d7ba,1001d591,"FindHandler",UNCONDITIONAL_CALL
1001cd5e,0,1001cd5e,1001cffb,1001cfab,"IsInExceptionSpec",UNCONDITIONAL_CALL
1001ce0c,0,1001ce0c,1001d98d,1001d923,"___InternalCxxFrameHandler",UNCONDITIONAL_CALL
1001ce0c,0,1001ce0c,1001d8af,1001d591,"FindHandler",UNCONDITIONAL_CALL
1001ce0c,0,1001ce0c,1001d454,1001d41c,"CatchIt",UNCONDITIONAL_CALL
1001cece,0,1001cece,1001ceb0,1001ce0c,"___FrameUnwindToState",UNCONDITIONAL_CALL
1001cf2d,0,1001cf2d,1001d6db,1001d591,"FindHandler",UNCONDITIONAL_CALL
1001cf2d,0,1001cf2d,1001d82f,1001d591,"FindHandler",UNCONDITIONAL_CALL
1001cf2d,0,1001cf2d,1001d203,1001d195,"FUN_1001d195",UNCONDITIONAL_CALL
1001cf2d,0,1001cf2d,10012f9a,10012e90,"__except_handler4",COMPUTED_CALL
1001cf2d,0,1001cf2d,100261e0,,,DATA
1001cf82,0,1001cf82,1001d3d7,1001d38a,"___BuildCatchObject",UNCONDITIONAL_CALL
1001cf82,0,1001cf82,1001d3f1,1001d38a,"___BuildCatchObject",UNCONDITIONAL_CALL
1001cf82,0,1001cf82,1001d291,1001d20b,"___BuildCatchObjectHelper",UNCONDITIONAL_CALL
1001cf82,0,1001cf82,1001d31e,1001d20b,"___BuildCatchObjectHelper",UNCONDITIONAL_CALL
1001cfab,0,1001cfab,1001d6a4,1001d591,"FindHandler",UNCONDITIONAL_CALL
1001cfab,0,1001cfab,1001d85e,1001d591,"FindHandler",UNCONDITIONAL_CALL
1001d026,0,1001d026,1001d8ba,1001d591,"FindHandler",UNCONDITIONAL_CALL
1001d057,0,1001d057,10028698,,,DATA
1001d06f,0,1001d06f,1001d475,1001d41c,"CatchIt",UNCONDITIONAL_CALL
1001d195,0,1001d195,1001d17c,1001d06f,"CallCatchBlock",UNCONDITIONAL_CALL
1001d20b,0,1001d20b,1001d3c0,1001d38a,"___BuildCatchObject",UNCONDITIONAL_CALL
1001d38a,0,1001d38a,1001d42f,1001d41c,"CatchIt",UNCONDITIONAL_CALL
1001d41c,0,1001d41c,1001d800,1001d591,"FindHandler",UNCONDITIONAL_CALL
1001d41c,0,1001d41c,1001d56d,1001d48a,"FindHandlerForForeignException",UNCONDITIONAL_CALL
1001d48a,0,1001d48a,1001d8e6,1001d591,"FindHandler",UNCONDITIONAL_CALL
1001d591,0,1001d591,1001d9f9,1001d923,"___InternalCxxFrameHandler",UNCONDITIONAL_CALL
1001d923,0,1001d923,1001b708,1001b6e7,"FID_conflict:___CxxFrameHandler3",UNCONDITIONAL_CALL
1001d923,0,1001d923,1001b745,1001b71d,"CatchGuardHandler",UNCONDITIONAL_CALL
1001d923,0,1001d923,1001b87b,1001b827,"TranslatorGuardHandler",UNCONDITIONAL_CALL
1001da10,0,1001da10,1001ce7f,1001ce0c,"___FrameUnwindToState",UNCONDITIONAL_CALL
1001da10,0,1001da10,1001ba2a,1001b9de,"_CallCatchBlock2",UNCONDITIONAL_CALL
1001da5c,0,1001da5c,1001bc14,1001bbfd,"__fassign_l",UNCONDITIONAL_CALL
1001db04,0,1001db04,1001bc2d,1001bbfd,"__fassign_l",UNCONDITIONAL_CALL
1001dbac,0,1001dbac,1001be8c,1001bdff,"__cftoe_l",UNCONDITIONAL_CALL
1001dbac,0,1001dbac,1001c3ec,1001c35f,"__cftof_l",UNCONDITIONAL_CALL
1001dbac,0,1001dbac,1001c496,1001c420,"__cftog_l",UNCONDITIONAL_CALL
1001dc5f,0,1001dc5f,1001dd38,1001dd12,"FUN_1001dd12",UNCONDITIONAL_CALL
1001dd12,0,1001dd12,1001be2e,1001bdff,"__cftoe_l",UNCONDITIONAL_CALL
1001dd12,0,1001dd12,1001c38a,1001c35f,"__cftof_l",UNCONDITIONAL_CALL
1001dd12,0,1001dd12,1001c44b,1001c420,"__cftog_l",UNCONDITIONAL_CALL
1001dda0,0,1001dda0,1001c1e2,1001bee6,"__cftoa_l",UNCONDITIONAL_CALL
1001dda0,0,1001dda0,1001c208,1001bee6,"__cftoa_l",UNCONDITIONAL_CALL
1001dda0,0,1001dda0,1001c22e,1001bee6,"__cftoa_l",UNCONDITIONAL_CALL
1001de80,0,1001de80,1001c0d1,1001bee6,"__cftoa_l",UNCONDITIONAL_CALL
1001de80,0,1001de80,1001c124,1001bee6,"__cftoa_l",UNCONDITIONAL_CALL
1001de80,0,1001de80,1001c197,1001bee6,"__cftoa_l",UNCONDITIONAL_CALL
1001de9f,0,1001de9f,1001c5c8,1001c5b8,"__setdefaultprecision",UNCONDITIONAL_CALL
1001defe,0,1001defe,1001cb5b,1001cb37,"__startOneArgErrorHandling",UNCONDITIONAL_CALL
1001e03d,0,1001e03d,1001d02d,1001d026,"FUN_1001d026",UNCONDITIONAL_CALL
1001e073,0,1001e073,1001d63d,1001d591,"FindHandler",UNCONDITIONAL_CALL
1001e073,0,1001e073,1001d264,1001d20b,"___BuildCatchObjectHelper",UNCONDITIONAL_CALL
1001e073,0,1001e073,1001d275,1001d20b,"___BuildCatchObjectHelper",UNCONDITIONAL_CALL
1001e073,0,1001e073,1001d2ac,1001d20b,"___BuildCatchObjectHelper",UNCONDITIONAL_CALL
1001e073,0,1001e073,1001d2bd,1001d20b,"___BuildCatchObjectHelper",UNCONDITIONAL_CALL
1001e073,0,1001e073,1001d2f9,1001d20b,"___BuildCatchObjectHelper",UNCONDITIONAL_CALL
1001e073,0,1001e073,1001d306,1001d20b,"___BuildCatchObjectHelper",UNCONDITIONAL_CALL
1001e073,0,1001e073,1001d331,1001d20b,"___BuildCatchObjectHelper",UNCONDITIONAL_CALL
1001e073,0,1001e073,1001d33e,1001d20b,"___BuildCatchObjectHelper",UNCONDITIONAL_CALL
1001e073,0,1001e073,1001d34c,1001d20b,"___BuildCatchObjectHelper",UNCONDITIONAL_CALL
1001e085,0,1001e085,1001daa2,1001da5c,"FID_conflict:__atoflt_l",UNCONDITIONAL_CALL
1001e5d6,0,1001e5d6,1001db4a,1001db04,"FID_conflict:__atoflt_l",UNCONDITIONAL_CALL
1001eb27,0,1001eb27,1001da95,1001da5c,"FID_conflict:__atoflt_l",UNCONDITIONAL_CALL
1001eb27,0,1001eb27,1001db3d,1001db04,"FID_conflict:__atoflt_l",UNCONDITIONAL_CALL
1001f203,0,1001f203,1001dd53,1001dd12,"FUN_1001dd12",UNCONDITIONAL_CALL
1001fafb,0,1001fafb,1001fcef,1001fc29,"__control87",UNCONDITIONAL_CALL
1001fb89,0,1001fb89,1001fe71,1001fc29,"__control87",UNCONDITIONAL_CALL
1001fc29,0,1001fc29,1001dec5,1001de9f,"__controlfp_s",UNCONDITIONAL_CALL
1001fc29,0,1001fc29,1001dee9,1001de9f,"__controlfp_s",UNCONDITIONAL_CALL
1001fc29,0,1001fc29,1001def2,1001de9f,"__controlfp_s",UNCONDITIONAL_CALL
1001ff3b,0,1001ff3b,10020230,10020217,"__raise_exc",UNCONDITIONAL_CALL
10020217,0,10020217,1001dfef,1001defe,"__87except",UNCONDITIONAL_CALL
1002023a,0,1002023a,1001dfa2,1001defe,"__87except",UNCONDITIONAL_CALL
1002041e,0,1002041e,1001e024,1001defe,"__87except",UNCONDITIONAL_CALL
1002044b,0,1002044b,1001e018,1001defe,"__87except",UNCONDITIONAL_CALL
1002044b,3,1002044e,10020019,1001ff3b,"__raise_exc_ex",UNCONDITIONAL_CALL
1002044e,0,1002044e,10020019,1001ff3b,"__raise_exc_ex",UNCONDITIONAL_CALL
1002045e,0,1002045e,10020150,1001ff3b,"__raise_exc_ex",UNCONDITIONAL_CALL
1002046f,0,1002046f,1001e002,1001defe,"__87except",UNCONDITIONAL_CALL
1002049a,0,1002049a,1002025c,1002023a,"__handle_exc",UNCONDITIONAL_CALL
1002049a,0,1002049a,10020276,1002023a,"__handle_exc",UNCONDITIONAL_CALL
1002049a,0,1002049a,10020298,1002023a,"__handle_exc",UNCONDITIONAL_CALL
1002049a,0,1002049a,100203ef,1002023a,"__handle_exc",UNCONDITIONAL_CALL
1002049a,0,1002049a,1002040a,1002023a,"__handle_exc",UNCONDITIONAL_CALL
100204f2,0,100204f2,1001fe7a,1001fc29,"__control87",UNCONDITIONAL_CALL
10020564,0,10020564,1001ee32,1001eb27,"___strgtold12_l",UNCONDITIONAL_CALL
10020748,0,10020748,10020801,10020775,"FUN_10020775",UNCONDITIONAL_CALL
10020748,0,10020748,10020816,10020775,"FUN_10020775",UNCONDITIONAL_CALL
10020775,0,10020775,10020360,1002023a,"__handle_exc",UNCONDITIONAL_CALL
10020840,0,10020840,1002861c,,,DATA
10020870,0,10020870,10012c69,10012c05,"__cinit",COMPUTED_CALL
10020870,0,10020870,10022158,,,DATA
10020a70,0,10020a70,10020890,10020870,"FUN_10020870",DATA
10020a80,0,10020a80,1000d06b,1000d030,"FUN_1000d030",DATA
10020a80,0,10020a80,1000d166,1000d140,"FUN_1000d140",DATA
10020a80,0,10020a80,10009370,10009360,"FUN_10009360",DATA
10020a80,0,10020a80,1000cf93,1000cf80,"FUN_1000cf80",DATA
10020a80,0,10020a80,1000c433,1000c420,"FUN_1000c420",DATA
10020a80,0,10020a80,1000a360,1000a350,"FUN_1000a350",DATA
10020a80,0,10020a80,100208e5,,,DATA
10020a90,0,10020a90,10020910,,,DATA
10020af0,0,10020af0,10020920,,,DATA
10020b50,0,10020b50,10020930,,,DATA
10020bb0,0,10020bb0,10020940,,,DATA
10020c10,0,10020c10,10020950,,,DATA
10020c70,0,10020c70,10020960,,,DATA
10020cd0,0,10020cd0,10020970,,,DATA
10020d30,0,10020d30,10020980,,,DATA
10020d90,0,10020d90,10020990,,,DATA
10020df0,0,10020df0,100209a0,,,DATA
10020e50,0,10020e50,100209b0,,,DATA
10020eb0,0,10020eb0,100209c0,,,DATA
10020f10,0,10020f10,100209d0,,,DATA
10020f70,0,10020f70,100209e0,,,DATA
10020fd0,0,10020fd0,100209f5,,,DATA
10021030,0,10021030,10020a10,,,DATA
10021090,0,10021090,10020a20,,,DATA
100210f0,0,100210f0,10020a30,,,DATA
10021150,0,10021150,10020a40,,,DATA
100211b0,0,100211b0,10020a50,,,DATA
10021210,0,10021210,10020a60,,,DATA
10021267,0,10021267,100108e7,10010893,"FUN_10010893",DATA
