"address","source_path","ghidra_name","original_name_status","signature","objective_verdict","code_sha256"
"10001010","src/functions/10001010.cpp","FUN_10001010","auto-generated-address-label","void * __thiscall FUN_10001010(void * this, byte param_1)","PASS","3ae677bb2c2d024c2853ce518f6cd8c38ea403d7c298e7131c4ac6d0dcd920e2"
"10001040","src/functions/10001040.cpp","FUN_10001040","auto-generated-address-label","undefined __cdecl FUN_10001040(char * param_1)","PASS","16ff7454fdb2909d62849f8b3fc8f79f81c7013ff2d75835ce3b91461ffec159"
"10001350","src/functions/10001350.cpp","FUN_10001350","auto-generated-address-label","undefined __stdcall FUN_10001350(void)","PASS","fb376a262c20d8792bf8bcbd87accfa65d0c0e57815d6d029509307d41f6d4d0"
"100013e0","src/functions/100013e0.cpp","FUN_100013e0","auto-generated-address-label","undefined __stdcall FUN_100013e0(void)","PASS","0243121fc527e3014e3ecf0aa7bfc61e0ac567259427838f4abdf563beb8c686"
"10001430","src/functions/10001430.cpp","FUN_10001430","auto-generated-address-label","undefined __stdcall FUN_10001430(char * param_1, undefined4 param_2)","PASS","ac0ceb4ebdaec4f675e88a47e3aee7e1c5122214247ae540ef56844d67839847"
"100014a0","src/functions/100014a0.cpp","FUN_100014a0","auto-generated-address-label","void * __thiscall FUN_100014a0(void * this, exception * param_1)","PASS","60567dd4483a04b7cd175920df31047b0f6df11c536c2dfb8d0d9aff67ec7ae2"
"100014c0","src/functions/100014c0.cpp","FUN_100014c0","auto-generated-address-label","undefined __cdecl FUN_100014c0(char * param_1)","PASS","e9812472c16cc1a72ebd9900f1098c2cd90dd8c3becfde6ed36e1579b02c8757"
"10001520","src/functions/10001520.cpp","FUN_10001520","auto-generated-address-label","FILE * __stdcall FUN_10001520(void)","PASS","316b3a222cac862727ccc48169eed4540337951cc356f3989a3dee30ebb802f4"
"10001590","src/functions/10001590.cpp","FUN_10001590","auto-generated-address-label","int __cdecl FUN_10001590(undefined4 param_1)","PASS","31a970de95c835bc499ad631258cb102efa182185daccf5b7fc2f119b2e279b9"
"10001630","src/functions/10001630.cpp","FUN_10001630","auto-generated-address-label","int __stdcall FUN_10001630(void)","PASS","3d2d87a6b04107c883fd8946438bc6130d9c59072cb436dfb561bddeec88ce3c"
"10001730","src/functions/10001730.cpp","FUN_10001730","auto-generated-address-label","undefined __stdcall FUN_10001730(void)","PASS","53426b9e54e8955480f85d9f446dcc4150e0937ace2cdd6c110c31512f20fa8d"
"10001770","src/functions/10001770.cpp","FUN_10001770","auto-generated-address-label","undefined __stdcall FUN_10001770(void)","PASS","df4359f3cbc29e5b1713036940ff00a628593291542606bd733e76a627768ee1"
"100018a0","src/functions/100018a0.cpp","FUN_100018a0","auto-generated-address-label","int __cdecl FUN_100018a0(undefined4 param_1)","PASS","24ba0bc50c620df89b38ee17085f62e0e7c24e18be47026aea1e6c67cd9fb777"
"10001980","src/functions/10001980.cpp","FUN_10001980","auto-generated-address-label","int * __cdecl FUN_10001980(int * param_1, undefined4 param_2)","PASS","44a2622884992db9788f30520ec50e9053ffaa024956a4f529939b54464828cb"
"10001ad0","src/functions/10001ad0.cpp","FUN_10001ad0","auto-generated-address-label","undefined __cdecl FUN_10001ad0(int param_1)","PASS","d675cb21d80a8c9c0226b57bc5ad47630dd9eb040898fdbb7568e6d8b2bd460f"
"10001b00","src/functions/10001b00.cpp","FUN_10001b00","auto-generated-address-label","int __cdecl FUN_10001b00(int param_1)","PASS","e557e022c0b23f7fc6aa07f1ca5109f0c69419518c6bd686af7906ad2a49e416"
"10001b30","src/functions/10001b30.cpp","FUN_10001b30","auto-generated-address-label","int __cdecl FUN_10001b30(int param_1, int param_2)","PASS","106552b9f9de2afc908d1df584772ffd284bf0c9154496402af6b54d992ef449"
"10001b90","src/functions/10001b90.cpp","FUN_10001b90","auto-generated-address-label","undefined4 __cdecl FUN_10001b90(LPCSTR param_1, undefined * param_2)","PASS","bc9beb007947bf7143f7afc08ab0b326439ef198e8b86f0c4b823163229b3089"
"10001db0","src/functions/10001db0.cpp","FUN_10001db0","auto-generated-address-label","undefined4 __stdcall FUN_10001db0(undefined4 param_1, int param_2)","PASS","f0bbc7593db91565ef69d18ee19ca38b91cc08856833e04ff55b4e9d320bb0a5"
"10001e80","src/functions/10001e80.cpp","FUN_10001e80","auto-generated-address-label","undefined __stdcall FUN_10001e80(void)","PASS","728b61e3c04c7a60f142438e7f1e9f106161a949325652997edf3ac1eda358b5"
"10001fb0","src/functions/10001fb0.cpp","FUN_10001fb0","auto-generated-address-label","undefined4 * __cdecl FUN_10001fb0(undefined4 * param_1)","PASS","03e368817207c3f8b2cd9160a4ffa911a6dda08439d7f808aedf4d4f4823f202"
"10002210","src/functions/10002210.cpp","FUN_10002210","auto-generated-address-label","undefined __stdcall FUN_10002210(void)","PASS","fe0054952d97460802bcdb5a45120ad6c9517b80282e75ca6d4e1a3011679ab3"
"10003130","src/functions/10003130.cpp","FUN_10003130","auto-generated-address-label","undefined __cdecl FUN_10003130(int param_1, undefined4 param_2, undefined4 param_3, undefined4 param_4, undefined4 param_5, undefined4 param_6, undefined4 param_7, undefined4 param_8, undefined4 param_9, undefined4 param_10, undefined4 param_11, undefined4 param_12, undefined4 param_13, undefined4 param_14, undefined4 param_15)","PASS","de2790f5dcb02f5ca16cac3e1ece29723880e6620f4261f0b3f3729e3b5f6568"
"10003200","src/functions/10003200.cpp","FUN_10003200","auto-generated-address-label","undefined __cdecl FUN_10003200(undefined4 param_1, int param_2, char param_3, undefined4 param_4, undefined4 param_5, undefined4 param_6, undefined4 param_7, float param_8, undefined4 param_9, undefined4 param_10, undefined4 param_11, undefined4 param_12, undefined4 param_13, undefined4 param_14, undefined4 param_15, undefined4 param_16, undefined4 param_17, undefined4 param_18, undefined4 param_19, undefined4 param_20, undefined4 param_21)","PASS","60d59e61fea3aa01692384c649f0337a536798df91f538b5491940f557d57748"
"10003340","src/functions/10003340.cpp","FUN_10003340","auto-generated-address-label","undefined __cdecl FUN_10003340(undefined4 param_1, int param_2, undefined4 param_3, undefined4 param_4, undefined4 param_5, undefined4 param_6, undefined4 param_7, float param_8, undefined4 param_9, undefined4 param_10, undefined4 param_11, undefined4 param_12, undefined4 param_13, undefined4 param_14, undefined4 param_15, undefined4 param_16, undefined4 param_17, undefined4 param_18, undefined4 param_19, undefined4 param_20, undefined4 param_21)","PASS","65dd22d17a7de58ab34a255d9640dfbbd0a0cddaeb41e7ed788e8b580c74d98f"
"10003400","src/functions/10003400.cpp","FUN_10003400","auto-generated-address-label","undefined __thiscall FUN_10003400(void * this, float * param_1, char param_2)","PASS","4721749ff94b5ddaec832e6150f33320e8901b27edac2523a4b306de9a7e21f2"
"10003660","src/functions/10003660.cpp","FUN_10003660","auto-generated-address-label","undefined __thiscall FUN_10003660(void * this, int param_1)","PASS","4f1a110d5c0b8a72e5b2ffd128d76b4e15f954c4c04a943fe865ee866da45df3"
"10003810","src/functions/10003810.cpp","FUN_10003810","auto-generated-address-label","undefined __cdecl FUN_10003810(char * param_1)","PASS","94dadeee92d4cec010f234f081bd62f315cbdc4e3571ca2a25e0f0e22a6120a4"
"10003ba0","src/functions/10003ba0.cpp","FUN_10003ba0","auto-generated-address-label","undefined __stdcall FUN_10003ba0(void)","PASS","04d5e56b9006d25e36fb11483536a1a11cedbfd6a1017e17d7b48c73ae7f3620"
"10003e60","src/functions/10003e60.cpp","FUN_10003e60","auto-generated-address-label","undefined4 __cdecl FUN_10003e60(undefined4 param_1, int param_2, undefined4 param_3, int param_4)","PASS","4f7c96997f596fda4d8451f7cdd2cd8a876e7c7e6f6c05028bd54e225f44cbed"
"10003f40","src/functions/10003f40.cpp","FUN_10003f40","auto-generated-address-label","undefined __cdecl FUN_10003f40(char * param_1, int param_2, undefined4 param_3, int param_4)","PASS","3b9b82af3d8e31c2e80b5fbce41689ae5be90b45b2fbd19e15315d3ef87115f3"
"10003f80","src/functions/10003f80.cpp","FUN_10003f80","auto-generated-address-label","undefined __stdcall FUN_10003f80(void)","PASS","8a95be5bc119304cfbd6f7bb3d1b222adec32601bd322bc6d49cf931e2a6e34b"
"10003fb0","src/functions/10003fb0.cpp","FUN_10003fb0","auto-generated-address-label","undefined4 __cdecl FUN_10003fb0(undefined4 param_1, undefined4 param_2)","PASS","1c8892f60e21e192fc729775450dbd4ba6bab999cc100a039d93e8ed17531c37"
"10003fe0","src/functions/10003fe0.cpp","FUN_10003fe0","auto-generated-address-label","undefined __cdecl FUN_10003fe0(int param_1, int param_2)","PASS","e4df2726888c730a66221b5eccc9f70fc3e5c557212feccbca80e6a3a447cf42"
"10004000","src/functions/10004000.cpp","FUN_10004000","auto-generated-address-label","undefined __stdcall FUN_10004000(void)","PASS","4966602360ff7de52be54cdeff1299d1a6385c8c13703232e9e62c73d2768bf2"
"100042c0","src/functions/100042c0.cpp","FUN_100042c0","auto-generated-address-label","undefined __thiscall FUN_100042c0(void * this, undefined4 param_1)","PASS","f202219de8c6e3823fe312d195d43c6db23482b1d373160da4fc231284631092"
"10004430","src/functions/10004430.cpp","FUN_10004430","auto-generated-address-label","undefined __cdecl FUN_10004430(undefined4 param_1, int param_2)","PASS","d3839b69d5d8153fdf51584840065b29fb3377d3b29e97fc287ff41dfde51776"
"100046f0","src/functions/100046f0.cpp","FUN_100046f0","auto-generated-address-label","undefined4 __cdecl FUN_100046f0(undefined4 param_1, int param_2)","PASS","c337bb0e7e646c17c489552a3f3c3910dd6f4983c16faeb2395d3fae73dc3510"
"10004a00","src/functions/10004a00.cpp","FUN_10004a00","auto-generated-address-label","undefined __fastcall FUN_10004a00(undefined4 * param_1)","PASS","e800bf49cc23ba1c7ea23cd9486306efe7554df98951ae154fed465fb81308e8"
"10004a60","src/functions/10004a60.cpp","FUN_10004a60","auto-generated-address-label","undefined4 * __cdecl FUN_10004a60(int param_1)","PASS","b43029ab3b22ebcaaf16c67c853b03dcf7147199226589c5e8c10e64dcd635c1"
"10004ab0","src/functions/10004ab0.cpp","FUN_10004ab0","auto-generated-address-label","undefined __thiscall FUN_10004ab0(void * this, undefined4 param_1)","PASS","bfaadcc2ea32cf8d4ed4784f33dfb3ff3738205a900fcdf2abf4eb73cf696169"
"10004bb0","src/functions/10004bb0.cpp","FUN_10004bb0","auto-generated-address-label","undefined __stdcall FUN_10004bb0(void)","PASS","b4f8329cbd15bd00b0d101d7e913d0f429b45b103aff3ce69ce5c7d74defc4df"
"100050e0","src/functions/100050e0.cpp","FUN_100050e0","auto-generated-address-label","undefined __fastcall FUN_100050e0(int param_1)","PASS","66d417e367f898aead32534968b925877641722a9e04f262351a7945d1eeb77c"
"10005670","src/functions/10005670.cpp","FUN_10005670","auto-generated-address-label","undefined __stdcall FUN_10005670(void)","PASS","97e8626c372b79748540f2c80099c6e5b119b43da9888327d52f0d04058ac8cb"
"10005860","src/functions/10005860.cpp","FUN_10005860","auto-generated-address-label","undefined __cdecl FUN_10005860(int param_1)","PASS","1bc34fc47ccd23f41dc949b517a0efc5b0cd865f0f025e5da9816ef8d45a9919"
"10005b60","src/functions/10005b60.cpp","FUN_10005b60","auto-generated-address-label","undefined __cdecl FUN_10005b60(undefined4 param_1)","PASS","3b97eb70ab37048919c5a4a7d2766f101d1040df729e51878532aaf6865142e5"
"10005d30","src/functions/10005d30.cpp","FUN_10005d30","auto-generated-address-label","undefined __cdecl FUN_10005d30(undefined4 param_1)","PASS","644df5962dd0da42f7bb43dbba851ec931882f28cb64126d469d42e6d5706bc4"
"10005ef0","src/functions/10005ef0.cpp","FUN_10005ef0","auto-generated-address-label","undefined __cdecl FUN_10005ef0(undefined4 param_1)","PASS","7f1495be6105a5e42c4492fae9a56a32a9986f7b799b7ee46d74cb8816097d85"
"100060d0","src/functions/100060d0.cpp","FUN_100060d0","auto-generated-address-label","undefined __stdcall FUN_100060d0(void)","PASS","1d806264c319d237232a431de629b05281faffc59a847e3909660966e24ca0d2"
"10006360","src/functions/10006360.cpp","FUN_10006360","auto-generated-address-label","undefined __cdecl FUN_10006360(int param_1)","PASS","76ef20ef87892f954d7e94afca830c54a98fc0c5affc04204835bb973d22b5ca"
"10006790","src/functions/10006790.cpp","FUN_10006790","auto-generated-address-label","undefined __fastcall FUN_10006790(undefined4 param_1)","PASS","ce5af77a93f93e9f7af487038d6c53d091af6b4ae20a7886577bf455e0e9e3bb"
"100069e0","src/functions/100069e0.cpp","FUN_100069e0","auto-generated-address-label","undefined __cdecl FUN_100069e0(int param_1)","PASS","7da7113229b385a83b6183d3014a97a3a261a8d0a41f739a78ed51311021d5d6"
"10006a50","src/functions/10006a50.cpp","FUN_10006a50","auto-generated-address-label","undefined __stdcall FUN_10006a50(void)","PASS","297397ac2e870329a1c9454c2d411247ea9949ce6e0780420750252bc0c8ec9c"
"10006ad0","src/functions/10006ad0.cpp","FUN_10006ad0","auto-generated-address-label","undefined __stdcall FUN_10006ad0(void)","PASS","ac883db1fa55a7334a2aff59bfc006d977c8feffab8ef04e349cba8d2ade7878"
"10006be0","src/functions/10006be0.cpp","FUN_10006be0","auto-generated-address-label","undefined __cdecl FUN_10006be0(int param_1, undefined4 param_2, char param_3, byte param_4, byte param_5, undefined4 param_6, byte param_7, float param_8, char param_9, float param_10, char param_11)","PASS","051bd870662582ae1ee6bbd61a21b82c19eff6be093ce5c0179aeb497e7f00db"
"10007030","src/functions/10007030.cpp","FUN_10007030","auto-generated-address-label","undefined __cdecl FUN_10007030(int param_1, int param_2, undefined4 param_3, char param_4, uint param_5, uint param_6, undefined4 param_7, char param_8, char param_9, byte param_10)","PASS","83f7ff8223c29872f9b4ed79161bb6f4ddcfde3b0d7df93bd6949df72ff84446"
"100073f0","src/functions/100073f0.cpp","FUN_100073f0","auto-generated-address-label","undefined __fastcall FUN_100073f0(void * param_1, undefined4 param_2, undefined4 param_3, float param_4, float param_5, undefined4 param_6, undefined4 param_7, undefined4 param_8)","PASS","bdccc32fc6c25b887e626ff5c4ea7bf6375cd33240f512cae404020b416faf01"
"100074d0","src/functions/100074d0.cpp","FUN_100074d0","auto-generated-address-label","int __cdecl FUN_100074d0(int param_1)","PASS","d9376a86ace607593a9b1740900794bb558aaa9a9fa3bc4d66a82f8ac8cf54f1"
"100076d0","src/functions/100076d0.cpp","FUN_100076d0","auto-generated-address-label","int * __cdecl FUN_100076d0(int * param_1, int * param_2)","PASS","e8bc766e839cc0d189a148d392f3a25123d89f58ad78d73fbd632deec21e617b"
"10008000","src/functions/10008000.cpp","FUN_10008000","auto-generated-address-label","undefined __stdcall FUN_10008000(void)","PASS","df6b1c21e17635dda0d7ed4baaa6a7176f9f09e3ee1ffa161ea35eda66770303"
"10008140","src/functions/10008140.cpp","FUN_10008140","auto-generated-address-label","undefined4 __stdcall FUN_10008140(void)","PASS","146b20a3030a52e7497408bdabc795a38c29754646a3327ebf040a4470ff435a"
"10008b70","src/functions/10008b70.cpp","FUN_10008b70","auto-generated-address-label","undefined4 __fastcall FUN_10008b70(int param_1)","PASS","a92111f5e37c88f695ada8a2f3baeef7dfbdaf3e368e855de6356796d23c7bc3"
"10008cb0","src/functions/10008cb0.cpp","FUN_10008cb0","auto-generated-address-label","undefined4 __cdecl FUN_10008cb0(undefined4 param_1, undefined4 param_2)","PASS","d99aea787c2ea3872a024dc0ed1b3b93167a82206098bcae4c3831795b2eaeac"
"10008d20","src/functions/10008d20.cpp","FUN_10008d20","auto-generated-address-label","undefined __stdcall FUN_10008d20(void)","PASS","412307a19f393ccb5ea5a469c0fdfb57e231fbe21075a62550357e3c0801abce"
"10008da0","src/functions/10008da0.cpp","FUN_10008da0","auto-generated-address-label","undefined __cdecl FUN_10008da0(undefined4 param_1, undefined4 * param_2)","PASS","a78f10c72718a9994ce822a56e64a9b0b1e085ff9d59906b8d7ab4d75d8d6085"
"10008dd0","src/functions/10008dd0.cpp","FUN_10008dd0","auto-generated-address-label","undefined __cdecl FUN_10008dd0(undefined4 param_1, int param_2)","PASS","83b6003dc35de180f5136675ebf1798aec438d5e26b57ce6b03ac18f66b791d0"
"10008e00","src/functions/10008e00.cpp","FUN_10008e00","auto-generated-address-label","int __stdcall FUN_10008e00(void)","PASS","70c78a15a0d0061225400766ffe9807d7066db3d35c4c71be6cc4741fa4a6171"
"10008e40","src/functions/10008e40.cpp","FUN_10008e40","auto-generated-address-label","undefined __cdecl FUN_10008e40(LPVOID param_1)","PASS","9867a953160c960a98ad4776e67296cc25d0275609c0a1e2e59aadbc046c7eb9"
"10008eb0","src/functions/10008eb0.cpp","FUN_10008eb0","auto-generated-address-label","undefined __cdecl FUN_10008eb0(int * param_1, int * param_2)","PASS","a34e0332e7de1e5a59d7a1708761b52f57964bc81efaeb4d13eff04f2b490a15"
"10008f10","src/functions/10008f10.cpp","FUN_10008f10","auto-generated-address-label","int * __cdecl FUN_10008f10(int * param_1, byte * param_2)","PASS","05c98ea356560d58ce050577a91e346efbae448f7d49cbd069fa0ad3755e56bb"
"10008fa0","src/functions/10008fa0.cpp","FUN_10008fa0","auto-generated-address-label","int * __cdecl FUN_10008fa0(int * param_1, byte * param_2, int param_3)","PASS","3aa311d0ed11045325a70150580501f59e7f3bbedf9b997960e2b78742d981b9"
"10009060","src/functions/10009060.cpp","FUN_10009060","auto-generated-address-label","int * __cdecl FUN_10009060(int * param_1, byte * param_2, int param_3)","PASS","5e85b5ab5185ec57a739a121251f09d58eb021aed3a55ffe2d656e1abeebba82"
"10009120","src/functions/10009120.cpp","FUN_10009120","auto-generated-address-label","undefined4 __stdcall FUN_10009120(void)","PASS","47f413638fa3b9df0804a134a9c797079f816ac5b2a3c5809caaa15393cafb98"
"10009360","src/functions/10009360.cpp","FUN_10009360","auto-generated-address-label","int __stdcall FUN_10009360(void)","PASS","9d0a2011983a5692c2e5a606d9731262c6c8f217ffba7bcc75fa6ebc6ff0e597"
"10009430","src/functions/10009430.cpp","FUN_10009430","auto-generated-address-label","undefined4 __thiscall FUN_10009430(void * this, char param_1)","PASS","9eb707c8348dd7cbb808a4bcc0c1c041ef497e0c148719876dafd80d0e1300bb"
"100094d0","src/functions/100094d0.cpp","FUN_100094d0","auto-generated-address-label","undefined __stdcall FUN_100094d0(void)","PASS","c512f32d8b9d25ef21b6a260bfe25b268ca996c90aacda2e7be31acc82f7b659"
"10009580","src/functions/10009580.cpp","FUN_10009580","auto-generated-address-label","undefined __stdcall FUN_10009580(void)","PASS","d37e46688cddadc2d858ca54162060c10fdd3e49f7d962c8402851d7a379d3c5"
"100095f0","src/functions/100095f0.cpp","FUN_100095f0","auto-generated-address-label","undefined __stdcall FUN_100095f0(void)","PASS","64089c7add659a92bf2b6c92290afe7066f6065da0342c1a2aabca144dffbf48"
"10009610","src/functions/10009610.cpp","FUN_10009610","auto-generated-address-label","undefined __thiscall FUN_10009610(void * this, int param_1, int param_2)","PASS","2c153e66f0d04550b90cd253dbdcfce9a66ab882e4192031d80a72c977eb5d7d"
"100096e0","src/functions/100096e0.cpp","FUN_100096e0","auto-generated-address-label","undefined4 __stdcall FUN_100096e0(int param_1, int param_2)","PASS","ae2c00f213d2f50a0eda740b62ce8e6d2f41fae84e80720ba2fd995b642172b1"
"10009790","src/functions/10009790.cpp","FUN_10009790","auto-generated-address-label","undefined __fastcall FUN_10009790(int param_1)","PASS","aa0ca76f5aa98469b54dd640d0328c8ef350d261c3d4a978942b5d4f1fb30fd1"
"100099e0","src/functions/100099e0.cpp","FUN_100099e0","auto-generated-address-label","undefined __cdecl FUN_100099e0(undefined * param_1)","PASS","46419da7963ff69eda54fa5b5ff0ae80308648a051d705450233dadbd8bd73a4"
"100099f0","src/functions/100099f0.cpp","FUN_100099f0","auto-generated-address-label","undefined __stdcall FUN_100099f0(void)","PASS","43288b04228f0fa92f88e422a26386f1bed3df47cde66a047a0d588a101e3b75"
"10009a80","src/functions/10009a80.cpp","FUN_10009a80","auto-generated-address-label","undefined __stdcall FUN_10009a80(void)","PASS","b47aaa485d3c02ad5f5c52b6d9be5afa8ab6186fdaf361ee9d562591530d9615"
"10009af0","src/functions/10009af0.cpp","FUN_10009af0","auto-generated-address-label","void * __thiscall FUN_10009af0(void * this, byte param_1)","PASS","d8981f2ee8ff56a23c4eaacf8049e316ad5fe0d36ae8723bb3da4b6a2e16e39a"
"10009b50","src/functions/10009b50.cpp","FUN_10009b50","auto-generated-address-label","void * __thiscall FUN_10009b50(void * this, byte param_1)","PASS","17f3a6825ccd41de3998927b6dd6f1512f0a210e1694d14c2041e2a00679cf17"
"10009bb0","src/functions/10009bb0.cpp","FUN_10009bb0","auto-generated-address-label","void * __thiscall FUN_10009bb0(void * this, byte param_1)","PASS","9b54dbd454d04b5980049f4841142cf073cb0bb8163b3aaf87025f5b7608a64a"
"10009c10","src/functions/10009c10.cpp","FUN_10009c10","auto-generated-address-label","void * __thiscall FUN_10009c10(void * this, byte param_1)","PASS","69d4f1253cf9555656a41df4aec37ed240c25aadf70a2a873b32f1cde8adff86"
"10009c70","src/functions/10009c70.cpp","FUN_10009c70","auto-generated-address-label","void * __thiscall FUN_10009c70(void * this, byte param_1)","PASS","d48d90f453b07a43f9795c25ce12247f4424932f1a347a17b71ea3474a919b6c"
"10009cd0","src/functions/10009cd0.cpp","FUN_10009cd0","auto-generated-address-label","void * __thiscall FUN_10009cd0(void * this, byte param_1)","PASS","483500017363e2d8214683a92279a9d76ca13d9f1e3805ac8f3c8ba286c887fc"
"10009d30","src/functions/10009d30.cpp","FUN_10009d30","auto-generated-address-label","void * __thiscall FUN_10009d30(void * this, byte param_1)","PASS","3c60f5d6386a4dc002f6421ff61d781594061b15181b782b082998a7b9ce6530"
"10009d90","src/functions/10009d90.cpp","FUN_10009d90","auto-generated-address-label","void * __thiscall FUN_10009d90(void * this, byte param_1)","PASS","319b8af5623358d24c30fe0f9209c4276a7b2d76ca7958bde4096889e0589a6e"
"10009df0","src/functions/10009df0.cpp","FUN_10009df0","auto-generated-address-label","void * __thiscall FUN_10009df0(void * this, byte param_1)","PASS","d61a31d2335502c896e386590c327d9876a5577484e3965f0bdae2529b2241d0"
"10009e50","src/functions/10009e50.cpp","FUN_10009e50","auto-generated-address-label","void * __thiscall FUN_10009e50(void * this, byte param_1)","PASS","05513645b4b681ea9afca7d79af907b09266472de10a4ad444be0752661d0865"
"10009eb0","src/functions/10009eb0.cpp","FUN_10009eb0","auto-generated-address-label","void * __thiscall FUN_10009eb0(void * this, byte param_1)","PASS","0c46527f0b702a2a0297d2ef346bdfd03b94745939f1d3034672d292832b328f"
"10009f10","src/functions/10009f10.cpp","FUN_10009f10","auto-generated-address-label","void * __thiscall FUN_10009f10(void * this, byte param_1)","PASS","6d50bf958952b1e83cfe1467cbb4e1937e21a78e32f12dc2f353b50a92c40fa7"
"10009f70","src/functions/10009f70.cpp","FUN_10009f70","auto-generated-address-label","void * __thiscall FUN_10009f70(void * this, byte param_1)","PASS","f1b36d088039ce2a94cfe803c76c1a02409dfd159da218e74353c121a61ffcb6"
"10009fd0","src/functions/10009fd0.cpp","FUN_10009fd0","auto-generated-address-label","void * __thiscall FUN_10009fd0(void * this, byte param_1)","PASS","aacf69d6fc80df3ca3fc22c9c14b601ab17af2877bb91e493738089d046b4fc2"
"1000a030","src/functions/1000a030.cpp","FUN_1000a030","auto-generated-address-label","void * __thiscall FUN_1000a030(void * this, byte param_1)","PASS","afda61d6a0808efec10ad759171bb3cb20108e0388e871660aca423a7a911f8b"
"1000a090","src/functions/1000a090.cpp","FUN_1000a090","auto-generated-address-label","undefined4 * __stdcall FUN_1000a090(void)","PASS","ca077a0e2fac66d937596dd090ea0999d7ef0de719dad5010f1898611c7b7b03"
"1000a110","src/functions/1000a110.cpp","FUN_1000a110","auto-generated-address-label","void * __thiscall FUN_1000a110(void * this, byte param_1)","PASS","cc1eb554dbaa4c311ccf1850d74c4da38d40358c45893cf9503d15cc806a5bef"
"1000a170","src/functions/1000a170.cpp","FUN_1000a170","auto-generated-address-label","void * __thiscall FUN_1000a170(void * this, byte param_1)","PASS","f44ae3524e6c486328c9d4b023a96c3296a6e4c7d6383ac18377aaec8a34e13f"
"1000a1d0","src/functions/1000a1d0.cpp","FUN_1000a1d0","auto-generated-address-label","void * __thiscall FUN_1000a1d0(void * this, byte param_1)","PASS","6fac8a629a43ffda8f86feae5edfd7ac4f752e51644ec08bcaaa7ac2a2345f21"
"1000a230","src/functions/1000a230.cpp","FUN_1000a230","auto-generated-address-label","void * __thiscall FUN_1000a230(void * this, byte param_1)","PASS","d985e4561c4d4261f882998edb9241e2f7d88e6b04454e7ccb0f1731de273b01"
"1000a290","src/functions/1000a290.cpp","FUN_1000a290","auto-generated-address-label","void * __thiscall FUN_1000a290(void * this, byte param_1)","PASS","4938c7c159663915a1e9e97c575c55c152c7f9d4ef9c84c43a8f52c049eb5768"
"1000a2f0","src/functions/1000a2f0.cpp","FUN_1000a2f0","auto-generated-address-label","void * __thiscall FUN_1000a2f0(void * this, byte param_1)","PASS","bf652e46144b945b29daca496c3cba9a84e5c785732695505625c9faf6e3caaa"
"1000a350","src/functions/1000a350.cpp","FUN_1000a350","auto-generated-address-label","LPVOID __stdcall FUN_1000a350(void)","PASS","547552fc36ed57b57412fe46ab7c248371938ad1e89479174a62e4f0e05455d8"
"1000a4f0","src/functions/1000a4f0.cpp","FUN_1000a4f0","auto-generated-address-label","undefined4 __stdcall FUN_1000a4f0(void)","PASS","445c03de73e129dd95ab20bd596d4d4d1e90b4f9012897189d254056bb1db393"
"1000a560","src/functions/1000a560.cpp","FUN_1000a560","auto-generated-address-label","undefined __fastcall FUN_1000a560(int param_1)","PASS","d647cba3d86cea15f3744179d24ed875f96a5ab1ed8be65d6769b325ac201806"
"1000a680","src/functions/1000a680.cpp","FUN_1000a680","auto-generated-address-label","undefined __stdcall FUN_1000a680(undefined4 param_1)","PASS","323d2383c585d5a14304308b3fdad3f1966c18aafbf32d205317e7b8a2e0f3ac"
"1000a740","src/functions/1000a740.cpp","FUN_1000a740","auto-generated-address-label","undefined __stdcall FUN_1000a740(undefined4 param_1)","PASS","3f05b9f5c309adf3e643c4db160f558e544977c1efb6b84006591c46c17e8ee0"
"1000a800","src/functions/1000a800.cpp","FUN_1000a800","auto-generated-address-label","undefined4 __stdcall FUN_1000a800(undefined4 param_1, undefined4 param_2)","PASS","3a11c20447f254a1699b60b5cef52e37885f2da0ea9ed6d1d4a0bea4f1f48580"
"1000a8c0","src/functions/1000a8c0.cpp","FUN_1000a8c0","auto-generated-address-label","undefined __thiscall FUN_1000a8c0(void * this, undefined4 param_1, int param_2, int param_3, int param_4, int param_5)","PASS","89e56c624d8d4e2cc660da896294260a7bb18348d8a5f71d89089951d2c1c784"
"1000a940","src/functions/1000a940.cpp","FUN_1000a940","auto-generated-address-label","undefined __stdcall FUN_1000a940(undefined4 param_1)","PASS","f9a8bac6468716ae1e376ae4a218ba755b0d81afe6bec708f7cc1f1052f7528d"
"1000aa10","src/functions/1000aa10.cpp","FUN_1000aa10","auto-generated-address-label","undefined __stdcall FUN_1000aa10(undefined4 param_1)","PASS","166075697f43d283744e5c988154ac591ef500e18d4f8d442ea7d08e39cd6b4f"
"1000aae0","src/functions/1000aae0.cpp","FUN_1000aae0","auto-generated-address-label","undefined __thiscall FUN_1000aae0(void * this, undefined4 param_1, int param_2, int param_3, int param_4, int param_5)","PASS","540d572d7a63fdadd247cf4bf970bd8813127776cdf1b3cd2a3feabdcdb50272"
"1000ab60","src/functions/1000ab60.cpp","FUN_1000ab60","auto-generated-address-label","undefined __stdcall FUN_1000ab60(undefined4 param_1)","PASS","f11928ad1a9e539a22b7eadcfad0cbf3e4d3ededb341a29c9fa90f7adb20ae65"
"1000ac20","src/functions/1000ac20.cpp","FUN_1000ac20","auto-generated-address-label","undefined __thiscall FUN_1000ac20(void * this, undefined4 param_1, int param_2, int param_3, int param_4, int param_5)","PASS","3ddd18a02a33ce4bda91116a31f7f80e3015eda928f0bb60cb5166b237ec4043"
"1000aca0","src/functions/1000aca0.cpp","FUN_1000aca0","auto-generated-address-label","undefined __stdcall FUN_1000aca0(undefined4 param_1)","PASS","7235e69226e2d32cce79d09e560ff2128438e64108cf0e51cbe6d290ba3d167a"
"1000ad60","src/functions/1000ad60.cpp","FUN_1000ad60","auto-generated-address-label","undefined __thiscall FUN_1000ad60(void * this, undefined4 param_1, int param_2, int param_3, int param_4, int param_5)","PASS","0830dfd089d28d9c7c285582383e17a9803cc04ce0be767c579f9fc3ec615729"
"1000ade0","src/functions/1000ade0.cpp","FUN_1000ade0","auto-generated-address-label","undefined __stdcall FUN_1000ade0(undefined4 param_1)","PASS","692afc15b9399539f4ac6bf55bea56265b53d6b26f28b587a128af7dd216682a"
"1000aea0","src/functions/1000aea0.cpp","FUN_1000aea0","auto-generated-address-label","undefined __thiscall FUN_1000aea0(void * this, undefined4 param_1, int param_2, int param_3, int param_4, int param_5)","PASS","634de6ad5e194d234b95315317446212c10b358b1f3861bc233cfa02cad46e24"
"1000af20","src/functions/1000af20.cpp","FUN_1000af20","auto-generated-address-label","undefined __stdcall FUN_1000af20(undefined4 param_1)","PASS","71e35c5e6ce9302bcd37697c76d2a97ae3ecd54c0f101c45cf6598165084c527"
"1000afe0","src/functions/1000afe0.cpp","FUN_1000afe0","auto-generated-address-label","undefined __thiscall FUN_1000afe0(void * this, undefined4 param_1, int param_2, int param_3, int param_4, int param_5)","PASS","40f320456fe6cd72b0860e9b6023bb399fd6df467c6c1f9b9960c84cc21f11a1"
"1000b060","src/functions/1000b060.cpp","FUN_1000b060","auto-generated-address-label","undefined __stdcall FUN_1000b060(undefined4 param_1)","PASS","5f19a9b3ac5de7095d89ad3cf5cec49f2fc7bc1ddde67e02a1302f5a17b60e71"
"1000b120","src/functions/1000b120.cpp","FUN_1000b120","auto-generated-address-label","undefined __thiscall FUN_1000b120(void * this, undefined4 param_1, int param_2, int param_3, int param_4, int param_5)","PASS","68351f121168da3b73fab03e27b0431c7b5d98c7f3667733e58b0363f939824b"
"1000b1a0","src/functions/1000b1a0.cpp","FUN_1000b1a0","auto-generated-address-label","undefined __stdcall FUN_1000b1a0(undefined4 param_1)","PASS","6ed1ab709cfa4361ec6e269bbd8e0fa459bc579f112458ecbbb67fab33c788b5"
"1000b260","src/functions/1000b260.cpp","FUN_1000b260","auto-generated-address-label","undefined __thiscall FUN_1000b260(void * this, undefined4 param_1, int param_2, int param_3, int param_4, int param_5)","PASS","6acf7aa17272188101bd3f2a3c1c851a164f012abbbad185ab8b84d9db0a32d9"
"1000b2e0","src/functions/1000b2e0.cpp","FUN_1000b2e0","auto-generated-address-label","undefined __stdcall FUN_1000b2e0(undefined4 param_1)","PASS","ac95b2f743f9d171aab52fa1a98db4de07246880691acb951452540c2cee8d06"
"1000b3a0","src/functions/1000b3a0.cpp","FUN_1000b3a0","auto-generated-address-label","undefined __stdcall FUN_1000b3a0(undefined4 param_1)","PASS","a8ffb4f016894ad2d2595e5761ed9c638f72a15f96dcb05facf7c6da6cf52ab4"
"1000b460","src/functions/1000b460.cpp","FUN_1000b460","auto-generated-address-label","undefined __thiscall FUN_1000b460(void * this, undefined4 param_1, int param_2, int param_3, int param_4, int param_5)","PASS","b959e70a7248b75211c597c2b0e4aa5b13b191ee657e6d1659b56c9e29ce1ed5"
"1000b4e0","src/functions/1000b4e0.cpp","FUN_1000b4e0","auto-generated-address-label","undefined __stdcall FUN_1000b4e0(undefined4 param_1)","PASS","f1393e59cd38e2fe4acca8944330e4618e3b2063128e27309119c713fa9fb821"
"1000b5a0","src/functions/1000b5a0.cpp","FUN_1000b5a0","auto-generated-address-label","undefined __thiscall FUN_1000b5a0(void * this, undefined4 param_1, int param_2, int param_3, int param_4, int param_5)","PASS","d42ddb346b3948fddcf8ffcc9a99d130989260c9b9401a814067e5970af893f5"
"1000b620","src/functions/1000b620.cpp","FUN_1000b620","auto-generated-address-label","undefined __stdcall FUN_1000b620(undefined4 param_1)","PASS","161e72a39d1cf8ee3d6372492a2b3100308be29aaee8b37decc9d418a67a7c9f"
"1000b6e0","src/functions/1000b6e0.cpp","FUN_1000b6e0","auto-generated-address-label","undefined __thiscall FUN_1000b6e0(void * this, undefined4 param_1, int param_2, int param_3, int param_4, int param_5)","PASS","7a8336a5eabc4b90164d2394301fe6a421b166add1bd15c423379adc01e6e1cc"
"1000b760","src/functions/1000b760.cpp","FUN_1000b760","auto-generated-address-label","undefined __stdcall FUN_1000b760(undefined4 param_1)","PASS","ad26956a74296f5a202c846ec225d037e7ec47c5571918ae434692f2b3f2f02d"
"1000b820","src/functions/1000b820.cpp","FUN_1000b820","auto-generated-address-label","undefined __stdcall FUN_1000b820(undefined4 param_1)","PASS","2e26e326dd7a766622fe0ab4fff5a35bb981d78a32ed6e28f5b72f520d24ab96"
"1000b8e0","src/functions/1000b8e0.cpp","FUN_1000b8e0","auto-generated-address-label","undefined __thiscall FUN_1000b8e0(void * this, undefined4 param_1, int param_2, int param_3, int param_4, int param_5)","PASS","88343bdf2f9c0c9e492df45fbfd8eb4ac097c1ac890a7c4a795a70fca969004a"
"1000b960","src/functions/1000b960.cpp","FUN_1000b960","auto-generated-address-label","undefined __stdcall FUN_1000b960(undefined4 param_1)","PASS","5148e8451884348f600f47fd176aa664408fc21172b7bf697269a6014cd79cd0"
"1000ba20","src/functions/1000ba20.cpp","FUN_1000ba20","auto-generated-address-label","undefined __stdcall FUN_1000ba20(undefined4 param_1)","PASS","e39c8767125e3ccbf3439b0f4a875b6532f7bb87c6039b2a7be8a0787cf41e99"
"1000bae0","src/functions/1000bae0.cpp","FUN_1000bae0","auto-generated-address-label","undefined __thiscall FUN_1000bae0(void * this, undefined4 param_1, int param_2, int param_3, int param_4, int param_5)","PASS","f75d4ee7cdc0b900525f30323bd47b2d86da23ec215ebc69cbfde2b6ff0efd06"
"1000bb60","src/functions/1000bb60.cpp","FUN_1000bb60","auto-generated-address-label","undefined __thiscall FUN_1000bb60(void * this, undefined4 param_1, int param_2, int param_3, int param_4, int param_5)","PASS","1624bcbf5e8e75949706497a9a6a35dd966258182a68769828d4e99fda7c4ddc"
"1000bbe0","src/functions/1000bbe0.cpp","FUN_1000bbe0","auto-generated-address-label","undefined __stdcall FUN_1000bbe0(undefined4 param_1)","PASS","54947def4d468ddd288f8d6c96e6688473fece79fe806dd38ac337e4b6fef1cd"
"1000bca0","src/functions/1000bca0.cpp","FUN_1000bca0","auto-generated-address-label","undefined __thiscall FUN_1000bca0(void * this, undefined4 param_1, int param_2, int param_3, int param_4, int param_5)","PASS","ce78b1b29bce30a906630617c3bb3411027acef9735242c91a3eda9d1f9d80a7"
"1000bd20","src/functions/1000bd20.cpp","FUN_1000bd20","auto-generated-address-label","undefined __stdcall FUN_1000bd20(undefined4 param_1)","PASS","b89d036de23b12ded554c2852990dd1f65d535d8f3fccdcc3a5808bc41726c8c"
"1000bde0","src/functions/1000bde0.cpp","FUN_1000bde0","auto-generated-address-label","undefined __thiscall FUN_1000bde0(void * this, undefined4 param_1, int param_2, int param_3, int param_4, int param_5)","PASS","53daee5c0c9e67b973a0ff6eb7fb46729f3fc88cd1a2e1796b77d73ae1b082fd"
"1000be60","src/functions/1000be60.cpp","FUN_1000be60","auto-generated-address-label","undefined __stdcall FUN_1000be60(undefined4 param_1)","PASS","12a0e00fa132a3e8221c8253e7bb6ed6b75406eb05440492ed16ff71adca2195"
"1000bf20","src/functions/1000bf20.cpp","FUN_1000bf20","auto-generated-address-label","undefined __thiscall FUN_1000bf20(void * this, undefined4 param_1, int param_2, int param_3, int param_4, int param_5)","PASS","43bf9ad82913a5f4073be83f596ddf340c20ea5ac7f660e22902d44137f516c0"
"1000bfa0","src/functions/1000bfa0.cpp","FUN_1000bfa0","auto-generated-address-label","undefined __stdcall FUN_1000bfa0(undefined4 param_1)","PASS","45a1d69bbadbd6839c4188885ff8b2026edcedd21d6896cf51681f9ca74458b4"
"1000c060","src/functions/1000c060.cpp","FUN_1000c060","auto-generated-address-label","undefined __thiscall FUN_1000c060(void * this, undefined4 param_1, int param_2, int param_3, int param_4, int param_5)","PASS","1ced11213fc48319e4fa266d89127de34c40ad1f70b296deb1af8236a77aa374"
"1000c0e0","src/functions/1000c0e0.cpp","FUN_1000c0e0","auto-generated-address-label","undefined __stdcall FUN_1000c0e0(undefined4 param_1)","PASS","f12f02cfb732571b5485c54346d0eee5d85fcd589a14c7e26837c5e561143d0e"
"1000c1a0","src/functions/1000c1a0.cpp","FUN_1000c1a0","auto-generated-address-label","undefined __thiscall FUN_1000c1a0(void * this, undefined4 param_1, int param_2, int param_3, int param_4, int param_5)","PASS","ab698d2f7941ccb50ca749844a52ccb5894247014a200fc8497ec59192fd7530"
"1000c220","src/functions/1000c220.cpp","FUN_1000c220","auto-generated-address-label","undefined __stdcall FUN_1000c220(undefined4 param_1)","PASS","92219231e201c769719c5f2d98e4eaa3eb1427ef98cc0cc652e41c571f83e552"
"1000c2e0","src/functions/1000c2e0.cpp","FUN_1000c2e0","auto-generated-address-label","undefined __thiscall FUN_1000c2e0(void * this, undefined4 param_1, int param_2, int param_3, int param_4, int param_5)","PASS","146c29ee230898f9f5bfa12a3e62c92699b80f1f644d7bb7d18a8c769f20a4f6"
"1000c360","src/functions/1000c360.cpp","FUN_1000c360","auto-generated-address-label","undefined __stdcall FUN_1000c360(undefined4 param_1)","PASS","ca527df9081e17b045e1ceccd43e90382fe9c2b50a9bf21a66f59c35e12380e0"
"1000c420","src/functions/1000c420.cpp","FUN_1000c420","auto-generated-address-label","undefined __stdcall FUN_1000c420(void)","PASS","e859c6d307521b08cbd0f391925aa09d030a60af8089bc6261d6aa4eb5b16b1a"
"1000c480","src/functions/1000c480.cpp","FUN_1000c480","auto-generated-address-label","undefined __stdcall FUN_1000c480(int * param_1, int * param_2, int * param_3, int * param_4, int * param_5)","PASS","e12a962519d2c8200ec16072a7d7d9fb19ea5d7611a241dad59cb5433f45027f"
"1000cdc0","src/functions/1000cdc0.cpp","FUN_1000cdc0","auto-generated-address-label","undefined __stdcall FUN_1000cdc0(int * param_1, int * param_2, int * param_3, int * param_4, int * param_5)","PASS","714ec0fc46e4545954b1d04e32675a0a2c7be166977302a7203a9b107e6cbe7a"
"1000cf80","src/functions/1000cf80.cpp","FUN_1000cf80","auto-generated-address-label","undefined __stdcall FUN_1000cf80(void)","PASS","7d3743832535b342db1edb4065e5d066895df28c6fc167ca312702b4834c03a0"
"1000cfe0","src/functions/1000cfe0.cpp","FUN_1000cfe0","auto-generated-address-label","undefined __stdcall FUN_1000cfe0(void)","PASS","27c3174cb1d8d4c33fd2004174f2435ecea13c5ccaf58b118b71d4fe32aeb826"
"1000d030","src/functions/1000d030.cpp","FUN_1000d030","auto-generated-address-label","undefined __stdcall FUN_1000d030(void)","PASS","f4d91ea271c3f16601c9e22e35ae4f375ea455b682fe96fb913ca0e43ee2a19c"
"1000d140","src/functions/1000d140.cpp","FUN_1000d140","auto-generated-address-label","undefined __stdcall FUN_1000d140(void)","PASS","af1c03b9f9d2080a9a787013b25e7d31d69ff7c07d6ba3932779dd8ccf0fb3c5"
"1000d250","src/functions/1000d250.cpp","FUN_1000d250","auto-generated-address-label","undefined __cdecl FUN_1000d250(int param_1)","PASS","1169f50ffb3ec5481ea598b128a9bd5a59793d95623e1b4591c54651e447b12d"
"1000d300","src/functions/1000d300.cpp","FUN_1000d300","auto-generated-address-label","undefined __cdecl FUN_1000d300(int param_1)","PASS","5d63014e73ba133e39d73d586542be445507d82b13ee0e228c58a53aca742d04"
"1000d380","src/functions/1000d380.cpp","FUN_1000d380","auto-generated-address-label","undefined __stdcall FUN_1000d380(uint param_1)","PASS","3e3d80aee5997dee535727d744c23b18f488c838b50275954492ea2fca26e5c7"
"1000d400","src/functions/1000d400.cpp","FUN_1000d400","auto-generated-address-label","int __fastcall FUN_1000d400(uint param_1)","PASS","5369e260cff137adf2bd8c8048d0d9d2a4ffcd48a263e53f982bda62a98fc746"
"1000d460","src/functions/1000d460.cpp","FUN_1000d460","auto-generated-address-label","undefined4 __stdcall FUN_1000d460(void)","PASS","3a5699578dbe0c843ce2e5d063ffd08a13277f932dd0c1b9218eb33a0f5f1b36"
"1000d4c0","src/functions/1000d4c0.cpp","FUN_1000d4c0","auto-generated-address-label","undefined4 __stdcall FUN_1000d4c0(void)","PASS","5a9a74159709a708554327eed8603e258e185ddb796a8d48c31eead888052c0a"
"1000d520","src/functions/1000d520.cpp","FUN_1000d520","auto-generated-address-label","undefined4 __stdcall FUN_1000d520(void)","PASS","64e00729da6489f2ccc2e13e2b612f2338003d8d0381b1821669ac4269d1458a"
"1000d580","src/functions/1000d580.cpp","FUN_1000d580","auto-generated-address-label","undefined4 __stdcall FUN_1000d580(void)","PASS","864bf3b2d509d986cb5965e76388b338b923818e26d01db29276be3aa57d0e01"
"1000d5e0","src/functions/1000d5e0.cpp","FUN_1000d5e0","auto-generated-address-label","undefined4 __stdcall FUN_1000d5e0(void)","PASS","44b899a4dbcccd6a8170eaf0b95963d64c6ed17ccec54a7d8bff11dca29c2503"
"1000d640","src/functions/1000d640.cpp","FUN_1000d640","auto-generated-address-label","undefined4 __stdcall FUN_1000d640(void)","PASS","6c61a5e0421c5c2ee6dc5842b488bbea462fbb32c3c12b37df71bf375c747236"
"1000d6a0","src/functions/1000d6a0.cpp","FUN_1000d6a0","auto-generated-address-label","undefined4 __stdcall FUN_1000d6a0(void)","PASS","493950425adb351aea31825cd0461fc962785e34e8b62451ab4ed4075fa6478e"
"1000d700","src/functions/1000d700.cpp","FUN_1000d700","auto-generated-address-label","undefined4 __stdcall FUN_1000d700(void)","PASS","b5ec014f11c0723185dd3f47dd42be48f9e4255e4cca697961e2a513326971ff"
"1000d760","src/functions/1000d760.cpp","FUN_1000d760","auto-generated-address-label","undefined4 __stdcall FUN_1000d760(void)","PASS","f6a422eb7827780738d4d3d55be54a2480c314efd05b9628d3ec07452fafd531"
"1000d7c0","src/functions/1000d7c0.cpp","FUN_1000d7c0","auto-generated-address-label","undefined4 __stdcall FUN_1000d7c0(void)","PASS","174b9d327e656bae214942cbae38e426ea8d8ee52f30692047e227be167a55a7"
"1000d820","src/functions/1000d820.cpp","FUN_1000d820","auto-generated-address-label","undefined4 __stdcall FUN_1000d820(void)","PASS","efd50edf04f38b629e877cef09e82e0b523068921362ace24a3b706e8c8c91dc"
"1000d880","src/functions/1000d880.cpp","FUN_1000d880","auto-generated-address-label","undefined4 __stdcall FUN_1000d880(void)","PASS","4dc6801a9b7b04b450b9c5c6c4fce4b0fa73150454b1203956deb0a6496fcbcf"
"1000d8e0","src/functions/1000d8e0.cpp","FUN_1000d8e0","auto-generated-address-label","undefined4 __stdcall FUN_1000d8e0(void)","PASS","b5fcb8c243ac1b3e986148f7cb45fad37c0f8164d2798a80b39d5d87c32341a8"
"1000d940","src/functions/1000d940.cpp","FUN_1000d940","auto-generated-address-label","undefined4 __stdcall FUN_1000d940(void)","PASS","d64715a42a559fdb57a9c2d5e590140854e6d4b348fe02e4de53ee86337ece08"
"1000d9a0","src/functions/1000d9a0.cpp","FUN_1000d9a0","auto-generated-address-label","undefined4 __stdcall FUN_1000d9a0(void)","PASS","48a417dabcca393f77fc406c8f3b689f74f224131f28d8a2f0400bd2ace2e411"
"1000da00","src/functions/1000da00.cpp","FUN_1000da00","auto-generated-address-label","undefined4 __stdcall FUN_1000da00(void)","PASS","3573efcf23f1f008b3e693d34eadf3a6185faf506182dd566069c36524465a12"
"1000da60","src/functions/1000da60.cpp","FUN_1000da60","auto-generated-address-label","undefined4 __stdcall FUN_1000da60(void)","PASS","a9a4b1f291474b876cc2a3f1de8ad01d1f27983882b91011bb4e5097ca8f2f57"
"1000dac0","src/functions/1000dac0.cpp","FUN_1000dac0","auto-generated-address-label","undefined4 __stdcall FUN_1000dac0(void)","PASS","9a07358542ca9edd768d33756799f4f66c95046c5e346c2a3af202c864aded7a"
"1000db20","src/functions/1000db20.cpp","FUN_1000db20","auto-generated-address-label","undefined4 __stdcall FUN_1000db20(void)","PASS","09156f8676f9259ce656a3061c894331f3d63d307761314fc8e8417c17ef497f"
"1000db80","src/functions/1000db80.cpp","FUN_1000db80","auto-generated-address-label","undefined4 __stdcall FUN_1000db80(void)","PASS","0a5f9437e2ce3d8e786206070cbc336298d7a154494a2a0a00b3fea304680d47"
"1000dbe0","src/functions/1000dbe0.cpp","FUN_1000dbe0","auto-generated-address-label","undefined4 __stdcall FUN_1000dbe0(void)","PASS","0c461e37657544e01ca83bab14c809acf0cf0156ab18e326bf5af3ce62d86822"
"1000dc40","src/functions/1000dc40.cpp","FUN_1000dc40","auto-generated-address-label","undefined4 __stdcall FUN_1000dc40(void)","PASS","60bcc5787c371384c5264dec1fc2527de68194926639bffc3de12dd0227d202c"
"1000dca0","src/functions/1000dca0.cpp","FUN_1000dca0","auto-generated-address-label","undefined4 __stdcall FUN_1000dca0(void)","PASS","11f44d6ec5e5e805436c084d6dd2554a2d1bd32908d70f6702c3a8c486a5c508"
"1000dd00","src/functions/1000dd00.cpp","FUN_1000dd00","auto-generated-address-label","undefined4 __stdcall FUN_1000dd00(void)","PASS","711140a5bc79d68fccbcbf573a2145ef7b4d2876cfd5db479693a3db30f21fcd"
"1000dd60","src/functions/1000dd60.cpp","FUN_1000dd60","auto-generated-address-label","undefined4 __stdcall FUN_1000dd60(void)","PASS","09ae30d5ea8aad5f6e77ef42db6a93e47921b18b88808365497fe8e709945e76"
"1000ddc0","src/functions/1000ddc0.cpp","FUN_1000ddc0","auto-generated-address-label","undefined4 __stdcall FUN_1000ddc0(void)","PASS","49c5a8d2624f1b6394c78cb0a5588217a7f28f23fbafc8d93ce8a85a2eafc572"
"1000de20","src/functions/1000de20.cpp","FUN_1000de20","auto-generated-address-label","undefined4 __stdcall FUN_1000de20(void)","PASS","04eb09548fb47c42ab118a0348c8d4656f915faf94a518a6d38e8401df06810e"
"1000de80","src/functions/1000de80.cpp","FUN_1000de80","auto-generated-address-label","undefined4 __stdcall FUN_1000de80(void)","PASS","9cda33a78166e1e99419e52da1a876ff84f415392d434ab8edf25d5e95966c39"
"1000dee0","src/functions/1000dee0.cpp","FUN_1000dee0","auto-generated-address-label","undefined4 __stdcall FUN_1000dee0(void)","PASS","e24a820881542a0daa36480589eefbe66c09485512c07652626d5fbcef68835b"
"1000df40","src/functions/1000df40.cpp","FUN_1000df40","auto-generated-address-label","undefined4 __stdcall FUN_1000df40(void)","PASS","409ead26cda44868685ddd48475e5950087d5744b48e8d70207e922de0d1da98"
"1000dfa0","src/functions/1000dfa0.cpp","FUN_1000dfa0","auto-generated-address-label","undefined4 __stdcall FUN_1000dfa0(void)","PASS","55e1aca9725792ec2dd3fa332cb02f63c3d3ad84c453dbac1e783f6819f468db"
"1000e000","src/functions/1000e000.cpp","FUN_1000e000","auto-generated-address-label","undefined4 __stdcall FUN_1000e000(void)","PASS","82925ca8bda311e02ea6a19fb450234863da17fd33f9cf48c11ed6c5aa12aa9f"
"1000e060","src/functions/1000e060.cpp","FUN_1000e060","auto-generated-address-label","undefined4 __stdcall FUN_1000e060(void)","PASS","9ecce8ea4de3ad10e0b1bad8ad32eedd761bd31bdd1875ff0182aace51dc370e"
"1000e0c0","src/functions/1000e0c0.cpp","FUN_1000e0c0","auto-generated-address-label","undefined4 __stdcall FUN_1000e0c0(void)","PASS","84aabb5838a08452454130a5faed35824ba494feaccdb17399b280f0cca1de5e"
"1000e120","src/functions/1000e120.cpp","FUN_1000e120","auto-generated-address-label","undefined4 __stdcall FUN_1000e120(void)","PASS","6a02c2e05b72bdd6695d44b4f5fd915a615360c1f4b4b3e99335f8d10a47b54b"
"1000e180","src/functions/1000e180.cpp","FUN_1000e180","auto-generated-address-label","undefined4 __stdcall FUN_1000e180(void)","PASS","55d48a8cb877caf8919041688252b8adfa9d46c1c918903b3eeafd78d5240eba"
"1000e1e0","src/functions/1000e1e0.cpp","FUN_1000e1e0","auto-generated-address-label","undefined4 __stdcall FUN_1000e1e0(void)","PASS","eddc3e5595b06413dcfaf0562d481e8c843f2f6e1a3a95817a0614165b6d34a9"
"1000e240","src/functions/1000e240.cpp","FUN_1000e240","auto-generated-address-label","undefined4 __stdcall FUN_1000e240(void)","PASS","0e57c8a06b36242aa06ca829a83b1d16c72b5a8fdf37c3867845235e354c332e"
"1000e2a0","src/functions/1000e2a0.cpp","FUN_1000e2a0","auto-generated-address-label","undefined4 __stdcall FUN_1000e2a0(void)","PASS","13ef089841df48e5a33ea26c2b55b921774744d3baad937b3bb98a54a68aa62b"
"1000e300","src/functions/1000e300.cpp","FUN_1000e300","auto-generated-address-label","undefined4 __stdcall FUN_1000e300(void)","PASS","889743475f31e062059cebca98d9658229fad1a8a1154d12c9448a4915a5a970"
"1000e360","src/functions/1000e360.cpp","FUN_1000e360","auto-generated-address-label","undefined4 __stdcall FUN_1000e360(void)","PASS","c26ef971e2e5bbd010c6596ce01d8df15694aab658c0ea6d214969525d570709"
"1000e3c0","src/functions/1000e3c0.cpp","FUN_1000e3c0","auto-generated-address-label","undefined4 __stdcall FUN_1000e3c0(void)","PASS","8477e13daafe4beba9ed181a245aaccceff4f1b9ca0df35bd24a105e69df9436"
"1000e420","src/functions/1000e420.cpp","FUN_1000e420","auto-generated-address-label","undefined4 __stdcall FUN_1000e420(void)","PASS","5b3d689114da71bf3f42d74c67c880d4cc226eafca9ae1c33c987a714da1ab3d"
"1000e480","src/functions/1000e480.cpp","FUN_1000e480","auto-generated-address-label","undefined4 __stdcall FUN_1000e480(void)","PASS","0ae15ed0f07f14ce6427916d0d7bcfdf1d8046330f297b097b0083fe8c77ed32"
"1000e4e0","src/functions/1000e4e0.cpp","FUN_1000e4e0","auto-generated-address-label","undefined4 __stdcall FUN_1000e4e0(void)","PASS","7150a870b108f10ea7a5a8f9810f4fa9ee82769a871c458a46c800d48e5117b2"
"1000e540","src/functions/1000e540.cpp","FUN_1000e540","auto-generated-address-label","undefined4 __stdcall FUN_1000e540(void)","PASS","e378ffa2de61775c06633b19ce2162f55e820aa4c19ec0ba40e71447af90d0f4"
"1000e5a0","src/functions/1000e5a0.cpp","FUN_1000e5a0","auto-generated-address-label","undefined4 __stdcall FUN_1000e5a0(void)","PASS","eaef85e1d0a3718aaa44ad133cb838f8d36906731df4af1fc66044e3e2fdb984"
"1000e600","src/functions/1000e600.cpp","FUN_1000e600","auto-generated-address-label","undefined4 __stdcall FUN_1000e600(void)","PASS","9239303585304e2c8f8fb1dc6f2c4159562a6ec1bc7e64c72f7a269f463a48ce"
"1000e660","src/functions/1000e660.cpp","FUN_1000e660","auto-generated-address-label","undefined4 __stdcall FUN_1000e660(void)","PASS","650bc044964f33aa8816222581661446a60bea3513812cb25d8fd3b1d303239d"
"1000e6c0","src/functions/1000e6c0.cpp","FUN_1000e6c0","auto-generated-address-label","undefined4 __stdcall FUN_1000e6c0(void)","PASS","e6aaeef9c54e2c05244b6d1d56937b2cbc6efb0761d742bcf4b35d02aa49936f"
"1000e720","src/functions/1000e720.cpp","FUN_1000e720","auto-generated-address-label","undefined4 __stdcall FUN_1000e720(void)","PASS","438697591fd42a6df4e34726c2a8da10dd64e69241154c6138f99ff40b328c98"
"1000e780","src/functions/1000e780.cpp","FUN_1000e780","auto-generated-address-label","undefined4 __stdcall FUN_1000e780(void)","PASS","4325130aae17c93343d8fe3a4ba81795652c8cc26069d94bdb84f20a4dac0cc6"
"1000e7e0","src/functions/1000e7e0.cpp","FUN_1000e7e0","auto-generated-address-label","undefined4 __stdcall FUN_1000e7e0(void)","PASS","355f1871a2c708ce059dada424aaf7ba43c6e19b6b590039f205da68c9746bac"
"1000e840","src/functions/1000e840.cpp","FUN_1000e840","auto-generated-address-label","undefined4 __stdcall FUN_1000e840(void)","PASS","197915da8c40828ae5b3b8213ec2dbb7028f64d6eb279687df6975fe758f016d"
"1000e8a0","src/functions/1000e8a0.cpp","FUN_1000e8a0","auto-generated-address-label","undefined4 __stdcall FUN_1000e8a0(void)","PASS","bf9aac56bb4432e63109cd908e03017c94454b8fefae7f3c1e154d2e18a26312"
"1000e900","src/functions/1000e900.cpp","FUN_1000e900","auto-generated-address-label","undefined4 __stdcall FUN_1000e900(void)","PASS","9cfdb2aa918a99856ebe116f9b23a42683afead5d5785ed10884d9cd1b631b58"
"1000e960","src/functions/1000e960.cpp","FUN_1000e960","auto-generated-address-label","undefined4 __stdcall FUN_1000e960(void)","PASS","a33ac5b64ea205301287bcacc3cb2624d1fe8ea407c4477939f141e03df06aa1"
"1000e9c0","src/functions/1000e9c0.cpp","FUN_1000e9c0","auto-generated-address-label","undefined4 __stdcall FUN_1000e9c0(void)","PASS","2ac8f7edbb6ce46e2ccf754e1b2281876bf655e81e5ff8b57cffb9e2cb1da438"
"1000ea20","src/functions/1000ea20.cpp","FUN_1000ea20","auto-generated-address-label","undefined4 __stdcall FUN_1000ea20(void)","PASS","84b82448406ebbc652178e4c5a17aad1cd7cbf0180f45922549d48bb5bfcbc4e"
"1000ea80","src/functions/1000ea80.cpp","FUN_1000ea80","auto-generated-address-label","undefined4 __stdcall FUN_1000ea80(void)","PASS","7454ffd9a8816d9d4fecc6007e04c3bf8b158db388c4e29d9bf472fab3997301"
"1000eae0","src/functions/1000eae0.cpp","FUN_1000eae0","auto-generated-address-label","undefined4 __stdcall FUN_1000eae0(void)","PASS","c8701bc05cefc209518b62892475a87067c53c6ebe1a4af719f0536db976ec5c"
"1000eb40","src/functions/1000eb40.cpp","FUN_1000eb40","auto-generated-address-label","undefined4 __stdcall FUN_1000eb40(void)","PASS","d8a656d3b99fbf7d07b7044e96635bf46cb8c05c9b442cfaf135bfe7060fa31b"
"1000eba0","src/functions/1000eba0.cpp","FUN_1000eba0","auto-generated-address-label","undefined4 __stdcall FUN_1000eba0(void)","PASS","5d61bb85a5f2a1e22d4563872fda6e9af74672a7b0a1bd52934cbb8e3a22a15e"
"1000ec00","src/functions/1000ec00.cpp","FUN_1000ec00","auto-generated-address-label","undefined4 __stdcall FUN_1000ec00(void)","PASS","b6c173a6fa1fd2b953b8292ed7c89e97a90be43be7d697d4c6b880dec6c21bb8"
"1000ec60","src/functions/1000ec60.cpp","FUN_1000ec60","auto-generated-address-label","undefined4 __stdcall FUN_1000ec60(void)","PASS","736508550bf940cd08a30518b5839593f163daf3aeae79aa1e723557d824b07f"
"1000ecc0","src/functions/1000ecc0.cpp","FUN_1000ecc0","auto-generated-address-label","undefined4 __stdcall FUN_1000ecc0(void)","PASS","abb8451fac90d72b3cc6468928e73d590eab591af1a1c6dda975f764a380b1e7"
"1000ed20","src/functions/1000ed20.cpp","FUN_1000ed20","auto-generated-address-label","undefined4 __stdcall FUN_1000ed20(void)","PASS","a33e9058c9c9842b1f964156bbce46b7fc7798b5a7193bd822f6ca1a2e7cc04f"
"1000ed80","src/functions/1000ed80.cpp","FUN_1000ed80","auto-generated-address-label","undefined4 __stdcall FUN_1000ed80(void)","PASS","515156fea55ea686e43b4e7dd77aefc9e5698c15b26cfcf9446342d47c192f35"
"1000ede0","src/functions/1000ede0.cpp","FUN_1000ede0","auto-generated-address-label","undefined4 __stdcall FUN_1000ede0(void)","PASS","b963dfc3f31992d9dd2312353ba2da074100a57ee797c13f56491a77750a512b"
"1000ee40","src/functions/1000ee40.cpp","FUN_1000ee40","auto-generated-address-label","undefined4 __stdcall FUN_1000ee40(void)","PASS","558397af7754a90d48920d7c2cb881d2658face8dc1124b265c062600479f583"
"1000eea0","src/functions/1000eea0.cpp","FUN_1000eea0","auto-generated-address-label","undefined4 __stdcall FUN_1000eea0(void)","PASS","0f45a0c40e6d728d9fa0248bddf5a14d4b53343bfcf4471bc9636d76fc7bf569"
"1000ef00","src/functions/1000ef00.cpp","FUN_1000ef00","auto-generated-address-label","undefined4 __stdcall FUN_1000ef00(void)","PASS","686972908f63515423ef920bd6625cb34ab7724d2fe13d6ae62f339b5916f479"
"1000ef60","src/functions/1000ef60.cpp","FUN_1000ef60","auto-generated-address-label","undefined4 __stdcall FUN_1000ef60(void)","PASS","e6085d018cc8d3b7ef5f0f65c8e76a1151038497a07cffc12afb4121954efb0a"
"1000efc0","src/functions/1000efc0.cpp","FUN_1000efc0","auto-generated-address-label","undefined4 __stdcall FUN_1000efc0(void)","PASS","b6227826a9d842cde4d2786b6599d9131f1a3334aa9dd22f2e45d06cb2382c8a"
"1000f020","src/functions/1000f020.cpp","FUN_1000f020","auto-generated-address-label","undefined4 __stdcall FUN_1000f020(void)","PASS","c2b2e2c1c5c77a06ac6ce194f6d7cea88481d57f8da3948162c6e93c7f750446"
"1000f080","src/functions/1000f080.cpp","FUN_1000f080","auto-generated-address-label","undefined4 __stdcall FUN_1000f080(void)","PASS","bf67b61d16c7371ab298b18c5be80d7ba697e89b0a04fe590f362788f136dc93"
"1000f0e0","src/functions/1000f0e0.cpp","FUN_1000f0e0","auto-generated-address-label","undefined4 __stdcall FUN_1000f0e0(void)","PASS","f50474547aa448ab90e1d99c603464eeeb3a3237d7c56533b3263afa13bcdb2a"
"1000f140","src/functions/1000f140.cpp","FUN_1000f140","auto-generated-address-label","undefined4 __stdcall FUN_1000f140(void)","PASS","b6416b17650e2bc4e3ea58a372881c70b46e5cd36fa34cbef5a961c8c3d80ec3"
"1000f1a0","src/functions/1000f1a0.cpp","FUN_1000f1a0","auto-generated-address-label","undefined4 __stdcall FUN_1000f1a0(void)","PASS","8a126a598a67c2cfc98540b3bffb92f37ef7458882f917222d677b9564f04cae"
"1000f200","src/functions/1000f200.cpp","FUN_1000f200","auto-generated-address-label","undefined4 __stdcall FUN_1000f200(void)","PASS","50dcd35014f9b508ce82a96a7ee52835af96358d9b55ed5d23d729abeaf89c38"
"1000f260","src/functions/1000f260.cpp","FUN_1000f260","auto-generated-address-label","undefined4 __stdcall FUN_1000f260(void)","PASS","f8111ac0f15d129dc60dee3d9ecac7f7780f113289d338b9193516680d9aa817"
"1000f2c0","src/functions/1000f2c0.cpp","FUN_1000f2c0","auto-generated-address-label","undefined4 __stdcall FUN_1000f2c0(void)","PASS","c39160446f167f52dce3b0ae3b3bf68e62bf2d89e0e965776c8840689a831bc1"
"1000f320","src/functions/1000f320.cpp","FUN_1000f320","auto-generated-address-label","undefined4 __stdcall FUN_1000f320(void)","PASS","bf3b1c5469bb803487470017e048f26c9a780dacd6ac00ff11b1b1301247ef5f"
"1000f380","src/functions/1000f380.cpp","FUN_1000f380","auto-generated-address-label","undefined4 __stdcall FUN_1000f380(void)","PASS","8b7501f2c1ab8b38dfa7aade825178349a4776ccd2bfadf25af31003b82625de"
"1000f3e0","src/functions/1000f3e0.cpp","FUN_1000f3e0","auto-generated-address-label","undefined4 __stdcall FUN_1000f3e0(void)","PASS","19342ee82e92285e1ef58b9c34822a9a4db9eaa715b386731b4e62b171c72040"
"1000f440","src/functions/1000f440.cpp","FUN_1000f440","auto-generated-address-label","undefined4 __stdcall FUN_1000f440(void)","PASS","59645b78e410fbb7a7344ce90776a15ca9396f49c373aad6733cf08cdc37c6ad"
"1000f4a0","src/functions/1000f4a0.cpp","FUN_1000f4a0","auto-generated-address-label","undefined4 __stdcall FUN_1000f4a0(undefined4 param_1)","PASS","203c186188afc26d70e099e8463589f3b049e463a74cea8a76c90d829765eb26"
"1000f520","src/functions/1000f520.cpp","FUN_1000f520","auto-generated-address-label","undefined4 __stdcall FUN_1000f520(undefined4 param_1)","PASS","5ab193f235c8c5581af4b15534fbb3f482b8bd5bf5ba1b056eb6fb1887fb575b"
"1000f5a0","src/functions/1000f5a0.cpp","FUN_1000f5a0","auto-generated-address-label","undefined4 __stdcall FUN_1000f5a0(undefined4 param_1)","PASS","498d0818b745ddfc5f9c28cc9ca76c08dadd1681c03434935d265306e0447325"
"1000f620","src/functions/1000f620.cpp","FUN_1000f620","auto-generated-address-label","undefined4 __stdcall FUN_1000f620(undefined4 param_1)","PASS","da10e2fe858d76cc80f1c78dcd3fae472b26e2f00b5f3d20ef3aa50839b3a017"
"1000f6a0","src/functions/1000f6a0.cpp","FUN_1000f6a0","auto-generated-address-label","undefined4 __stdcall FUN_1000f6a0(undefined4 param_1)","PASS","9acdcc432b69a8f2387ecb5760960eb5224e3b52b999af65ab8c1051f16afaa9"
"1000f720","src/functions/1000f720.cpp","FUN_1000f720","auto-generated-address-label","undefined4 __stdcall FUN_1000f720(undefined4 param_1)","PASS","99efeb3d1db8d7901be5b7d7d291f427b50e1cad16078e1156f054215462fb4a"
"1000f7a0","src/functions/1000f7a0.cpp","FUN_1000f7a0","auto-generated-address-label","undefined4 __stdcall FUN_1000f7a0(undefined4 param_1)","PASS","c000a09b7b4d9e539eb6ed1e6ba8687ac24c9b4e845e1950604f40e977ff8a36"
"1000f820","src/functions/1000f820.cpp","FUN_1000f820","auto-generated-address-label","undefined4 __stdcall FUN_1000f820(undefined4 param_1)","PASS","92d1eedd73db03eec836f1021518b9b3db15b1c2afb5b6d67320abaa9d0125bf"
"1000f8a0","src/functions/1000f8a0.cpp","FUN_1000f8a0","auto-generated-address-label","undefined4 __stdcall FUN_1000f8a0(undefined4 param_1)","PASS","33cfbb3f522c6d47152871005591a45d216040bf15a233e75b41eb965438519b"
"1000f920","src/functions/1000f920.cpp","FUN_1000f920","auto-generated-address-label","undefined4 __stdcall FUN_1000f920(undefined4 param_1)","PASS","37a270aedf3867a541a30b6e6a54573f3e2483dc6d83d25c69b9648c70135e35"
"1000f9a0","src/functions/1000f9a0.cpp","FUN_1000f9a0","auto-generated-address-label","undefined4 __stdcall FUN_1000f9a0(undefined4 param_1)","PASS","a0409909448bc3066247de0406eac5ede03869b4af45b981253828406de84023"
"1000fa20","src/functions/1000fa20.cpp","FUN_1000fa20","auto-generated-address-label","undefined4 __stdcall FUN_1000fa20(undefined4 param_1)","PASS","200a59c539783749316a0cc9ab74e9cfded412f467d2c1230aed3321f4298151"
"1000faa0","src/functions/1000faa0.cpp","FUN_1000faa0","auto-generated-address-label","undefined4 __stdcall FUN_1000faa0(undefined4 param_1)","PASS","0c165605a1df6b4b53b1a7179bf378363169e48aeb6aea6ff4edd5a468827533"
"1000fb20","src/functions/1000fb20.cpp","FUN_1000fb20","auto-generated-address-label","undefined4 __stdcall FUN_1000fb20(undefined4 param_1)","PASS","a4d39470d8c05777fd5f587f13394b647917d0302136499d3123f4478e18b1ec"
"1000fba0","src/functions/1000fba0.cpp","FUN_1000fba0","auto-generated-address-label","undefined4 __stdcall FUN_1000fba0(undefined4 param_1)","PASS","17264c0a82b6577a3709f0be3dfa757e1d046f8d882faddf0170a22c5ec518c0"
"1000fc20","src/functions/1000fc20.cpp","FUN_1000fc20","auto-generated-address-label","undefined4 __stdcall FUN_1000fc20(undefined4 param_1)","PASS","562290db6f2a0e15ea2b237c1d1f691be494efbc0b63996e71ba8d6db17147ce"
"1000fca0","src/functions/1000fca0.cpp","FUN_1000fca0","auto-generated-address-label","undefined4 __stdcall FUN_1000fca0(undefined4 param_1)","PASS","d9267106c7730ef093c5d8c008f462c959c0728fdfd93fcf4f4333a57ee1e0e2"
"1000fd20","src/functions/1000fd20.cpp","FUN_1000fd20","auto-generated-address-label","undefined4 __stdcall FUN_1000fd20(undefined4 param_1)","PASS","42e359f833903cf795a17bac0256010b9b6046fcc97af946a61f29c901a31d6d"
"1000fda0","src/functions/1000fda0.cpp","FUN_1000fda0","auto-generated-address-label","undefined4 __stdcall FUN_1000fda0(undefined4 param_1)","PASS","9d1fa1ea51d335a1e5ddc96de6db6470d6461bf792ed861255742955185511e4"
"1000fe20","src/functions/1000fe20.cpp","FUN_1000fe20","auto-generated-address-label","undefined4 __stdcall FUN_1000fe20(undefined4 param_1)","PASS","9fa3751e60a95ad10697cddcedaaa0625a2f82e337a780d4562641cef88edf8b"
"1000fea0","src/functions/1000fea0.cpp","FUN_1000fea0","auto-generated-address-label","undefined4 __stdcall FUN_1000fea0(undefined4 param_1)","PASS","1b1c419e7f16d5b28fdc5760327cc1e5efac8b8977bb7ba788a4e6284e3cdfff"
"1000ff20","src/functions/1000ff20.cpp","FUN_1000ff20","auto-generated-address-label","undefined4 __stdcall FUN_1000ff20(undefined4 param_1)","PASS","7ae0abcea555133e514d4fe29cc1b84a74e39526a600218b8650771a828cce35"
"1000ffa0","src/functions/1000ffa0.cpp","FUN_1000ffa0","auto-generated-address-label","undefined4 __stdcall FUN_1000ffa0(undefined4 param_1)","PASS","01a34c2eb2916a1e6ec64d851229c839d7bf7ce2e392fd66dee4303b55dac8a0"
"10010020","src/functions/10010020.cpp","FUN_10010020","auto-generated-address-label","undefined4 __stdcall FUN_10010020(undefined4 param_1)","PASS","b88d892a2285e9365303d14e54fb1966871949255bce5a1c2d51a5973b2fd20c"
"100100a0","src/functions/100100a0.cpp","FUN_100100a0","auto-generated-address-label","undefined4 __stdcall FUN_100100a0(undefined4 param_1)","PASS","b1d3f610252eb2fb3a025e368735280df45afb49697edf40e4ad1b340431c33f"
"10010120","src/functions/10010120.cpp","FUN_10010120","auto-generated-address-label","undefined __cdecl FUN_10010120(undefined4 param_1, undefined4 param_2)","PASS","b560972a02d2da3453178269f846da8c36d869435bc8162be005da5b4f6d4a53"
"10010140","src/functions/10010140.cpp","FUN_10010140","auto-generated-address-label","undefined __stdcall FUN_10010140(undefined4 param_1, undefined4 param_2, undefined4 param_3, undefined4 param_4)","PASS","246687147972268c46ec3fa90ebab7f0b936d48c0414000e779ece3ff54766ef"
"10010170","src/functions/10010170.cpp","FUN_10010170","auto-generated-address-label","undefined __stdcall FUN_10010170(void)","PASS","bc536d281d4b6e58a4e93860783a9c8f79bd6cd1e19a2a64221334ba9d8ac808"
"10010180","src/functions/10010180.cpp","FUN_10010180","auto-generated-address-label","undefined __stdcall FUN_10010180(void)","PASS","13919cc06912bff283fb8e505af2cd5392294e164be3b132957232d024c30325"
"100101a5","src/functions/100101a5.cpp","FUN_100101a5","auto-generated-address-label","void * __thiscall FUN_100101a5(void * this, exception * param_1)","PASS","4d16839e45181ce7fa3f062f482fabee483cf220e1101852d37fb6ebde1edf83"
"100101c2","src/functions/100101c2.cpp","FUN_100101c2","auto-generated-address-label","undefined __stdcall FUN_100101c2(char * param_1)","PASS","480601b9a8328e7c51611f632a5b9b62dcf440930e3175b5c00dc50b756fdf6a"
"100101f2","src/functions/100101f2.cpp","FUN_100101f2","auto-generated-address-label","void * __thiscall FUN_100101f2(void * this, exception * param_1)","PASS","765f0068178ba89e33b43009d787b1029daffb6f3bbcd0579c49753b2c0941da"
"1001020f","src/functions/1001020f.cpp","FUN_1001020f","auto-generated-address-label","void * __thiscall FUN_1001020f(void * this, byte param_1)","PASS","788d1f38d2be6eb91b17c31fcd3041e05b0e658f780b64bf74e8747e005f8d73"
"10010230","src/functions/10010230.cpp","FUN_10010230","auto-generated-address-label","undefined __cdecl FUN_10010230(size_t param_1)","PASS","43eb5aa9671c778eac7fa9e3571648697e03074c49958e62a9f5381fd4073822"
"1001023b","src/functions/1001023b.cpp","FUN_1001023b","auto-generated-address-label","undefined __thiscall FUN_1001023b(void * this, undefined4 * param_1)","PASS","f2c85e9baf55010f0e87f488000510f407ee4bfc6700519869b8426805ba8107"
"10010258","src/functions/10010258.cpp","FUN_10010258","auto-generated-address-label","char * __fastcall FUN_10010258(int param_1)","PASS","25790d44a5a8a92ca9208b162f07f5eedf7f57f5c7d18a333a0484b3d3e6e235"
"10010265","src/functions/10010265.cpp","_Copy_str","recognized-or-tool-label","void __thiscall _Copy_str(exception * this, char * param_1)","PASS","94e1bcdd67334130364e1b8b17f7472e3b53a8312a6289144a3ce6c8fd20abb2"
"100102a5","src/functions/100102a5.cpp","_Tidy","recognized-or-tool-label","void __thiscall _Tidy(exception * this)","PASS","8ebf9d3981c70830d566d1b5a73d12626fa6caccdc9c796c240fb3fa09f3e42d"
"100102c3","src/functions/100102c3.cpp","exception","recognized-or-tool-label","undefined __thiscall exception(exception * this, char * * param_1)","PASS","4f82edfb7f4db67f040b74ca45d2a39714316a8e045d24d4aa54bea8e9718643"
"100102ea","src/functions/100102ea.cpp","operator=","recognized-or-tool-label","exception * __thiscall operator=(exception * this, exception * param_1)","PASS","ce992944f10d4f4fdd97e2e6241402568dd6cdf0a861088f8aa391a4abfc2d5b"
"1001031f","src/functions/1001031f.cpp","FUN_1001031f","auto-generated-address-label","undefined __fastcall FUN_1001031f(exception * param_1)","PASS","51362bc456a828e3d17b6d11ed058a50ce56cf7040ecc3591ed50c6a3be56b75"
"1001032a","src/functions/1001032a.cpp","FUN_1001032a","auto-generated-address-label","void * __thiscall FUN_1001032a(void * this, byte param_1)","PASS","896dc5ad0715d2b702e8cabc1f8525749bf6c8642ec674f30a2a07174e965368"
"10010351","src/functions/10010351.cpp","exception","recognized-or-tool-label","undefined __thiscall exception(exception * this, exception * param_1)","PASS","ece74ca60c6b0890bece3eb83ac5df4a8a034d6a2a4c2e7c51e12eeb27192224"
"10010376","src/functions/10010376.cpp","vscan_fn","recognized-or-tool-label","undefined4 __cdecl vscan_fn(undefined * param_1, int param_2, undefined4 param_3, undefined4 param_4)","PASS","5d0c6988784372dd0ce3db30dbe96913eb9873ac1179f9eb7bf6885bd86a1858"
"100103e4","src/functions/100103e4.cpp","FID_conflict:_sscanf","recognized-or-tool-label","int __cdecl FID_conflict:_sscanf(char * _Src, char * _Format, ...)","PASS","3a66e9783f36cf73e555230931c22b4892c7e9d2863e8ada71f37c8e01d764e5"
"10010406","src/functions/10010406.cpp","__onexit_nolock","recognized-or-tool-label","PVOID __cdecl __onexit_nolock(PVOID param_1)","PASS","132e0bfbb388e8c42021e79b86c06a9d03e3aeea9ab776a911512611a2333e69"
"100104ed","src/functions/100104ed.cpp","__onexit","recognized-or-tool-label","_onexit_t __cdecl __onexit(_onexit_t _Func)","PASS","a2b70a874bca1de5c72f200ad02bc38982f20aab289b859119f6e3115c55acab"
"10010523","src/functions/10010523.cpp","FUN_10010523","auto-generated-address-label","undefined __stdcall FUN_10010523(void)","PASS","535851a4c9c2108a0afe050459759fb88dd95e3669ea50e942421519d58bb35d"
"10010529","src/functions/10010529.cpp","_atexit","recognized-or-tool-label","int __cdecl _atexit(_func_4879 * param_1)","PASS","957ecf5cbabee5410e3e711ca49b118930bf0c22309b379f056f17c871241cc6"
"10010540","src/functions/10010540.cpp","_fgets","recognized-or-tool-label","char * __cdecl _fgets(char * _Buf, int _MaxCount, FILE * _File)","PASS","fe47d514a2e1092c62c45f3b52f24a11eb3f935b5e73967957113196d31191fe"
"10010670","src/functions/10010670.cpp","FUN_10010670","auto-generated-address-label","undefined __stdcall FUN_10010670(void)","PASS","9e0ad4c0b24dade55ff079d91dbe46163d3324721f32bbd0acf8d089a5b5f139"
"10010678","src/functions/10010678.cpp","__fsopen","recognized-or-tool-label","FILE * __cdecl __fsopen(char * _Filename, char * _Mode, int _ShFlag)","PASS","0ec63d1ce3966eca5d2dbee8d2341d3a9e90d4e06cf94c2d14a1840bb9df1e58"
"1001072a","src/functions/1001072a.cpp","FUN_1001072a","auto-generated-address-label","undefined __stdcall FUN_1001072a(void)","PASS","c5c95bbc8220bf71dbd743d88cbd9f435de95fd6e8448cfa62d259fb2535ad28"
"10010734","src/functions/10010734.cpp","_fopen","recognized-or-tool-label","FILE * __cdecl _fopen(char * _Filename, char * _Mode)","PASS","aa93836fc170e694b540dbf3d3af34d7c695d4c64f95070093f23b2237e323b6"
"1001074b","src/functions/1001074b.cpp","FUN_1001074b","auto-generated-address-label","undefined __stdcall FUN_1001074b(void * param_1)","PASS","0cdb6fa8e7b0659bd21993343c93f2dd978e2e941deecb09fcda878fb81b4937"
"10010756","src/functions/10010756.cpp","FUN_10010756","auto-generated-address-label","undefined __cdecl FUN_10010756(void * param_1)","PASS","3636a72c6b6b199497f29916a1227db451c38333b26b4e2bf08399fb543f5634"
"10010761","src/functions/10010761.cpp","~type_info","recognized-or-tool-label","void __thiscall ~type_info(type_info * this)","PASS","902df52b2de225131b2532bde476f57c90f471beb65e7feb61c8993b2c49151d"
"10010771","src/functions/10010771.cpp","`scalar_deleting_destructor'","recognized-or-tool-label","void * __thiscall `scalar_deleting_destructor'(type_info * this, uint param_1)","PASS","ec0def44ecc5cb441195117b99d9b20ed65a9919b2eed138f2f55792ef114747"
"10010792","src/functions/10010792.cpp","operator==","recognized-or-tool-label","bool __thiscall operator==(type_info * this, type_info * param_1)","PASS","a6c7a56414ac1f27b6b0c3e1a1ce34e19a12999a145074252413d5bc43c9d66e"
"100107b2","src/functions/100107b2.cpp","__fclose_nolock","recognized-or-tool-label","int __cdecl __fclose_nolock(FILE * _File)","PASS","6232ccb1a567d77073c43f53681b3ae7bf33ad4411a223a8c8935c1f4fe48fc2"
"1001081f","src/functions/1001081f.cpp","_fclose","recognized-or-tool-label","int __cdecl _fclose(FILE * _File)","PASS","56f4fed2bad74727432e6f391970fe5cfb6b09923a9ffb0595488e9ce9729b7b"
"1001088b","src/functions/1001088b.cpp","FUN_1001088b","auto-generated-address-label","undefined __stdcall FUN_1001088b(void)","PASS","8d40fc99c8231d56db173658d21ef2d22075fb9596bd8899f90d0821bb0d06fd"
"10010893","src/functions/10010893.cpp","FUN_10010893","auto-generated-address-label","undefined __cdecl FUN_10010893(size_t param_1)","PASS","0354cff4baf46c0e4b790374fe210027e51463d1322eacab936a61d944360a5d"
"10010913","src/functions/10010913.cpp","_fputs","recognized-or-tool-label","int __cdecl _fputs(char * _Str, FILE * _File)","PASS","dd512842a7494955b789b5665d8929a420e612d154b8961b029f368ec6b1c287"
"10010a11","src/functions/10010a11.cpp","FUN_10010a11","auto-generated-address-label","undefined __stdcall FUN_10010a11(void)","PASS","f525132f706ae4ac8b27fb3f3e780158010f2324712eefb4357043ade251a4ab"
"10010a19","src/functions/10010a19.cpp","_strcpy_s","recognized-or-tool-label","errno_t __cdecl _strcpy_s(char * _Dst, rsize_t _SizeInBytes, char * _Src)","PASS","6a9d205a1c5ff626a55dfe33239e30a91be26c2c26363d15d610871e2ee4a3bd"
"10010a80","src/functions/10010a80.cpp","_strrchr","recognized-or-tool-label","char * __cdecl _strrchr(char * _Str, int _Ch)","PASS","d9e5adf07c5b1909d9d70e8f6d9fdc6e2d6baff41f3f79e8e12da69ce407b381"
"10010aad","src/functions/10010aad.cpp","_strcat_s","recognized-or-tool-label","errno_t __cdecl _strcat_s(char * _Dst, rsize_t _SizeInBytes, char * _Src)","PASS","be90db0505aa4a00241936e9121bd33bfb4c70313190d58453944bf69edaa0eb"
"10010b1a","src/functions/10010b1a.cpp","_LocaleUpdate","recognized-or-tool-label","undefined __thiscall _LocaleUpdate(_LocaleUpdate * this, localeinfo_struct * param_1)","PASS","472d6d43ca5b0ead5db148f75a92c14ce2455fba1a6cc1f2f81c948013eaacac"
"10010ba1","src/functions/10010ba1.cpp","__strnicmp_l","recognized-or-tool-label","int __cdecl __strnicmp_l(char * _Str1, char * _Str2, size_t _MaxCount, _locale_t _Locale)","PASS","f66dfe90ab7e628cf4090026b6d6cb4afb42c9e980c952e808780fe6c9ffaaca"
"10010c83","src/functions/10010c83.cpp","__strnicmp","recognized-or-tool-label","int __cdecl __strnicmp(char * _Str1, char * _Str2, size_t _MaxCount)","PASS","c29a113610891ec7927a3f72594e8099c26c753c4a484a8fb9685198936d2292"
"10010cd6","src/functions/10010cd6.cpp","_strncpy_s","recognized-or-tool-label","errno_t __cdecl _strncpy_s(char * _Dst, rsize_t _SizeInBytes, char * _Src, rsize_t _MaxCount)","PASS","769cd7a1b317d18efd3c0e557bbe8a0e37d0ea5adc1ae1d5e8d3861e9949fdcb"
"10010d8b","src/functions/10010d8b.cpp","_strncmp","recognized-or-tool-label","int __cdecl _strncmp(char * _Str1, char * _Str2, size_t _MaxCount)","PASS","abd997d6a6ded796d5747921f67dd236473475de64288242ae9ce131ba2e693b"
"10010e4b","src/functions/10010e4b.cpp","_sprintf","recognized-or-tool-label","int __cdecl _sprintf(char * _Dest, char * _Format, ...)","PASS","d7ddd3de23b43071f06fc1371db7f9c0767403e9219bf734314d7e17857fb834"
"10010ed0","src/functions/10010ed0.cpp","FUN_10010ed0","auto-generated-address-label","uint * __cdecl FUN_10010ed0(uint * param_1, char * param_2)","PASS","0e82b8423d39488843063bbc6e9723ef49205336e0fb0abdfe4c5fdc4dd5110c"
"10010f59","src/functions/10010f59.cpp","__CRT_INIT@12","recognized-or-tool-label","undefined4 __stdcall __CRT_INIT@12(undefined4 param_1, int param_2, int param_3)","PASS","6d47ea2b6fc8036c24175e86bcb2ef4c6cee6de123cc4eb307ae5f4cfa70b323"
"10011032","src/functions/10011032.cpp","FUN_10011032","auto-generated-address-label","undefined __stdcall FUN_10011032(void)","PASS","08b82f2f2e72647df2e827d86b8bb633aed6e5e00d27d368b992d63d3686fc2e"
"100110bd","src/functions/100110bd.cpp","___DllMainCRTStartup","recognized-or-tool-label","int __fastcall ___DllMainCRTStartup(int param_1, int param_2, undefined4 param_3)","PASS","2998780df93e1110c578317226e471ca15ce1d19c4688ae53ec5a3a33cd2a602"
"100111b3","src/functions/100111b3.cpp","entry","recognized-or-tool-label","undefined __stdcall entry(undefined4 param_1, int param_2, int param_3)","PASS","2bc3a10d443e23dedccb01d150525e819982db1e86261776b687add41fb2f193"
"100111e0","src/functions/100111e0.cpp","FID_conflict:_memcpy","recognized-or-tool-label","void * __cdecl FID_conflict:_memcpy(void * _Dst, void * _Src, size_t _Size)","PASS","b66526eefde09a9aa00e01a08830911c712e5a2c15479b89b05cdb98b7b04924"
"10011541","src/functions/10011541.cpp","__purecall","recognized-or-tool-label","undefined __stdcall __purecall(void)","PASS","6b1e6f44c90f75d33eaff6fc784cc5b92157666106b7ab9b4691d7f4f97f5cce"
"1001156b","src/functions/1001156b.cpp","__CxxThrowException@8","recognized-or-tool-label","noreturn undefined __stdcall __CxxThrowException@8(undefined4 param_1, byte * param_2)","PASS","074f982c48f293fa1757d324f0ad06fa775b134aa499f1c40b3031da39207dc4"
"100115b7","src/functions/100115b7.cpp","_malloc","recognized-or-tool-label","void * __cdecl _malloc(size_t _Size)","PASS","a62fe8f577440062ade99e0beeb1e0897c4ac785a91edf12693f73059517c540"
"10011650","src/functions/10011650.cpp","_strlen","recognized-or-tool-label","size_t __cdecl _strlen(char * _Str)","PASS","9564a74780fb26c8776c9d8c890fcc685f5dc18d7cf0c48bc8fc53bbe2da3569"
"100116db","src/functions/100116db.cpp","_free","recognized-or-tool-label","void __cdecl _free(void * _Memory)","PASS","31446967a4059c10f2bb3c1bad15fe2825ab6dd98716d0c3ffd797a959396936"
"10011715","src/functions/10011715.cpp","FUN_10011715","auto-generated-address-label","undefined __cdecl FUN_10011715(undefined4 param_1)","PASS","c9fa47c5c3d3f90a3e7a83da42e66f8481a6f0f972fdc610b3e273e8c4918597"
"10011724","src/functions/10011724.cpp","__call_reportfault","recognized-or-tool-label","void __cdecl __call_reportfault(int nDbgHookCode, DWORD dwExceptionCode, DWORD dwExceptionFlags)","PASS","5dc8162e6b39f0da99e68cda4202979a539ab46f27700dbd4885a2accd30409f"
"1001184d","src/functions/1001184d.cpp","__invoke_watson","recognized-or-tool-label","noreturn void __cdecl __invoke_watson(wchar_t * param_1, wchar_t * param_2, wchar_t * param_3, uint param_4, uintptr_t param_5)","PASS","fb90dd66ca10ac2457a5dcbc3f6a9faa7640966047a049032b05322fa3134fdd"
"10011872","src/functions/10011872.cpp","FUN_10011872","auto-generated-address-label","undefined __stdcall FUN_10011872(wchar_t * param_1, wchar_t * param_2, wchar_t * param_3, uint param_4, uintptr_t param_5)","PASS","b5d0d88e4dc024176fbe7b7dca8b0d0c82dbdcdcc53d1f5021d8f20d89eb34f6"
"1001189f","src/functions/1001189f.cpp","FUN_1001189f","auto-generated-address-label","undefined __stdcall FUN_1001189f(void)","PASS","0875be300caf1b7e21973bfa0a3b6a77abf4c6033ae40c66de5a830cedac1b21"
"100118af","src/functions/100118af.cpp","__get_errno_from_oserr","recognized-or-tool-label","int __cdecl __get_errno_from_oserr(ulong param_1)","PASS","ecf14632fa22f7963706d3f8d2891eb5e5f6f4c091511cb45c164d5815f039e0"
"100118f1","src/functions/100118f1.cpp","__errno","recognized-or-tool-label","int * __cdecl __errno(void)","PASS","ff6e7a4df63f2412f521e53d22312a78a117cde65362de1b2772eaab84a49db9"
"10011904","src/functions/10011904.cpp","___doserrno","recognized-or-tool-label","ulong * __cdecl ___doserrno(void)","PASS","e5e67205d2f386ae4f7526f7a9fb3b8892678e8f96a18bc81bf2a337769d39b9"
"10011917","src/functions/10011917.cpp","__dosmaperr","recognized-or-tool-label","void __cdecl __dosmaperr(ulong param_1)","PASS","9a1735b987a8e215ff70e0f533b577f3b58e55e42fef5f1e32561f17431bc9fd"
"1001193a","src/functions/1001193a.cpp","___check_float_string","recognized-or-tool-label","undefined4 __cdecl ___check_float_string(size_t param_1, void * param_2, undefined4 * param_3)","PASS","27fd27d8af75e3d72b4630d8596be57aeebefc8ea081d3b503dfeeabc3718e32"
"10011991","src/functions/10011991.cpp","__hextodec","recognized-or-tool-label","uint __cdecl __hextodec(byte param_1)","PASS","7d0ea797e6b7842838dc9209ad2303205562deaed64f9426a7b9ec76e861279d"
"100119b1","src/functions/100119b1.cpp","__inc","recognized-or-tool-label","uint __fastcall __inc(undefined4 param_1, FILE * param_2)","PASS","b33cd1a16130c5d07c6366c41af948793b5e140687c1e72462e50a455f2afb93"
"100119c7","src/functions/100119c7.cpp","__whiteout","recognized-or-tool-label","uint __thiscall __whiteout(void * this, FILE * param_1)","PASS","fdae3540cb822444bf7049da865263060c81c2171944daffd17fd22fe0a795ab"
"100119f1","src/functions/100119f1.cpp","__input_l","recognized-or-tool-label","int __cdecl __input_l(FILE * _File, uchar * param_2, _locale_t _Locale, va_list _ArgList)","PASS","c1cf48a0a8133258880b07c4b1c4576da62d9561dd0f1812f57f82f2565024bc"
"100129f5","src/functions/100129f5.cpp","__malloc_crt","recognized-or-tool-label","void * __cdecl __malloc_crt(size_t _Size)","PASS","e2756dd76c0ac19ce04c2d76d27a424aa026a9b2cce2be04406ba06330ea8eda"
"10012a3a","src/functions/10012a3a.cpp","__calloc_crt","recognized-or-tool-label","void * __cdecl __calloc_crt(size_t _Count, size_t _Size)","PASS","4ed8d1da0c95441b62133faf9c457a1eb3f89f7e4f6716b42a67e62b9432b5dd"
"10012a86","src/functions/10012a86.cpp","__realloc_crt","recognized-or-tool-label","void * __cdecl __realloc_crt(void * _Ptr, size_t _NewSize)","PASS","26f262493749a0439bbf146ad9dd7493b61f7e327cb8c30f3ea0954b4c13d799"
"10012ad4","src/functions/10012ad4.cpp","__recalloc_crt","recognized-or-tool-label","void * __cdecl __recalloc_crt(void * _Ptr, size_t _Count, size_t _Size)","PASS","abc178bc0c4873c898e001d08b99df9312bd50648283874fe0e2b7baecf8d04c"
"10012b26","src/functions/10012b26.cpp","__msize","recognized-or-tool-label","size_t __cdecl __msize(void * _Memory)","PASS","0fde7e779045bafe3cd125c26d6caac3fc632cf3210df7ca4d40dc91f11eeeb7"
"10012b59","src/functions/10012b59.cpp","___crtCorExitProcess","recognized-or-tool-label","void __cdecl ___crtCorExitProcess(int param_1)","PASS","95573cb35b5f3f42a8ef473fcc47e9519f16a9c4b8a903856321c928666a8605"
"10012b84","src/functions/10012b84.cpp","___crtExitProcess","recognized-or-tool-label","noreturn void __cdecl ___crtExitProcess(int param_1)","PASS","46b10b4439bf96afdcc908d3ed0b97701c0651dc3ca30ba07c9134d5c2922437"
"10012b9c","src/functions/10012b9c.cpp","FUN_10012b9c","auto-generated-address-label","undefined __stdcall FUN_10012b9c(void)","PASS","2d18641f647e446270768bf7986c038dd2390f0ecd64e3479060cbd4a5cb8a2e"
"10012ba5","src/functions/10012ba5.cpp","FUN_10012ba5","auto-generated-address-label","undefined __stdcall FUN_10012ba5(void)","PASS","4f9ac77515de1e401d265ce00e98690fa34ffce010b5299ad9bceb66bd34a290"
"10012bae","src/functions/10012bae.cpp","__init_pointers","recognized-or-tool-label","void __cdecl __init_pointers(void)","PASS","02050cd409f9a7507d809fdbc222d90676cf6c04e6a1bdbddf73e84bd69709a3"
"10012be1","src/functions/10012be1.cpp","__initterm_e","recognized-or-tool-label","undefined __cdecl __initterm_e(undefined4 * param_1, undefined4 * param_2)","PASS","8395359ed9e88e233f7950fa8017e485c55a674836e3e5763f0ab102033a0da6"
"10012c05","src/functions/10012c05.cpp","__cinit","recognized-or-tool-label","int __cdecl __cinit(int param_1)","PASS","e1e42a7b1a1533ef841bbe4c72352cdd4c3c1d3d7ad5bdcb5b7410b93f76af45"
"10012c9c","src/functions/10012c9c.cpp","doexit","recognized-or-tool-label","undefined __cdecl doexit(int param_1, int param_2, int param_3)","PASS","2d4225e64c498c707afd18f5ae97d3b5988fc5ef24d4aac77edf422296fa522f"
"10012dc7","src/functions/10012dc7.cpp","FUN_10012dc7","auto-generated-address-label","undefined __stdcall FUN_10012dc7(void)","PASS","b478133f23276f38e48dfbbe07014b7463f9ecb246748e904eefa9951e511c03"
"10012ddc","src/functions/10012ddc.cpp","__exit","recognized-or-tool-label","noreturn void __cdecl __exit(int _Code)","PASS","55e88ffca9dfb3a6394b7e264a7867471c736a3b2160f75b80c4bf67438ee411"
"10012df2","src/functions/10012df2.cpp","__cexit","recognized-or-tool-label","void __cdecl __cexit(void)","PASS","59b979d52116c83067aeff5b04853f7ec44dfe2591631ac2200f874b531ce747"
"10012e01","src/functions/10012e01.cpp","__amsg_exit","recognized-or-tool-label","void __cdecl __amsg_exit(int param_1)","PASS","4ebb709e6c6caff36bcbd56cb7a43a5ccc1c8e56d1a130d78469a62f70c1bb60"
"10012e20","src/functions/10012e20.cpp","__SEH_prolog4","recognized-or-tool-label","undefined __cdecl __SEH_prolog4(undefined4 param_1, int param_2)","PASS","49a8447eac40cb4693f7e409ec5ba5a758f784a898faef38fb7dba46a2f98eca"
"10012e65","src/functions/10012e65.cpp","__SEH_epilog4","recognized-or-tool-label","undefined __stdcall __SEH_epilog4(void)","PASS","96ab0d2ffd11c5c9e47128ba619638c52e721b63c6315ea8769ca1cd69b7fab5"
"10012e90","src/functions/10012e90.cpp","__except_handler4","recognized-or-tool-label","undefined4 __cdecl __except_handler4(PEXCEPTION_RECORD param_1, PVOID param_2, undefined4 param_3)","PASS","883bb156461f7cc66db751bfb04c5e4d748a2572db88bda02c1ca366d6dc4873"
"1001301f","src/functions/1001301f.cpp","FUN_1001301f","auto-generated-address-label","undefined * * __stdcall FUN_1001301f(void)","PASS","9d67eee48474921ff4c346195d1fd85452c18df7acce478101355ecb2fed3492"
"100130f6","src/functions/100130f6.cpp","__lock_file","recognized-or-tool-label","void __cdecl __lock_file(FILE * _File)","PASS","566306171cfc4807972ac2627ff41f76dafc964086a3616ff19cfae808cbf90e"
"10013137","src/functions/10013137.cpp","__lock_file2","recognized-or-tool-label","void __cdecl __lock_file2(int _Index, void * _File)","PASS","95a8e92ddb2acadc3652665cc9293ba444a4ae87f172456a1f31c9012d932803"
"10013169","src/functions/10013169.cpp","__unlock_file","recognized-or-tool-label","void __cdecl __unlock_file(FILE * _File)","PASS","3537d360b66e48de25d201a2af2c0f07454707471487e4849c6f8fa8a686ee23"
"100131a5","src/functions/100131a5.cpp","__unlock_file2","recognized-or-tool-label","void __cdecl __unlock_file2(int _Index, void * _File)","PASS","5185b782b648e368a76f9f8f41858f2ee8441ff63af401fafad7a04d56aabc41"
"100131d4","src/functions/100131d4.cpp","__filbuf","recognized-or-tool-label","int __cdecl __filbuf(FILE * _File)","PASS","7f9dd954e3082d30bf5b58f8a1d1cb058dbc4c10b6ced176ce839bf39ef6f695"
"100132f6","src/functions/100132f6.cpp","__ioinit","recognized-or-tool-label","int __cdecl __ioinit(void)","PASS","3e628afe3485146f910e974b654331992de1ab54e9a76c70fd8f80d686c22123"
"1001353b","src/functions/1001353b.cpp","__ioterm","recognized-or-tool-label","void __cdecl __ioterm(void)","PASS","7d94aa773b405210400431757131d46a37475981c3dc4040b75ca0acc6e62d82"
"1001358e","src/functions/1001358e.cpp","__fileno","recognized-or-tool-label","int __cdecl __fileno(FILE * _File)","PASS","8b7a381aebb22092d29044d7c16385c46f7d246218fc02880c1d40d52200ddf5"
"100135b4","src/functions/100135b4.cpp","__openfile","recognized-or-tool-label","FILE * __cdecl __openfile(char * _Filename, char * _Mode, int _ShFlag, FILE * _File)","PASS","3bca292ed532a0a5e1416a83032e47a1e960f231c194329c5ce5e8c600439817"
"1001384b","src/functions/1001384b.cpp","__getstream","recognized-or-tool-label","FILE * __cdecl __getstream(void)","PASS","6f0f568f0cce023f5b2760ec7dbe109400e8422b13f9d38edeee115cbd9dd17c"
"10013975","src/functions/10013975.cpp","FUN_10013975","auto-generated-address-label","undefined __stdcall FUN_10013975(void)","PASS","6efbd4308eb4b65aebaaa1b597033bd0afcd1ac5ec33d4b7b49319435e347f41"
"10013980","src/functions/10013980.cpp","__local_unwind4","recognized-or-tool-label","undefined __cdecl __local_unwind4(uint * param_1, int param_2, uint param_3)","PASS","00db385a3d71d36ac22711b43f936983a47c9250eb922f9380d1ed3ce1342132"
"10013a56","src/functions/10013a56.cpp","__seh_longjmp_unwind4@4","recognized-or-tool-label","undefined __stdcall __seh_longjmp_unwind4@4(int param_1)","PASS","745a269ffddd97bfad2070a6a8a6204e31c0c060679a090e73de8b68e4d05c03"
"10013a72","src/functions/10013a72.cpp","_EH4_CallFilterFunc","recognized-or-tool-label","undefined __fastcall _EH4_CallFilterFunc(undefined * param_1)","PASS","ee84a8fd52974e1f28d1d6fc78057ffcbe6ecf30000b7d05b10abaadd11697cc"
"10013a89","src/functions/10013a89.cpp","_EH4_TransferToHandler","recognized-or-tool-label","undefined __fastcall _EH4_TransferToHandler(undefined * UNRECOVERED_JUMPTABLE)","PASS","fbf164c7d6c44acaf6e3200fdb1999557b5298555f0aa513a4095af90870fdf7"
"10013aa2","src/functions/10013aa2.cpp","_EH4_GlobalUnwind2","recognized-or-tool-label","undefined __fastcall _EH4_GlobalUnwind2(PVOID param_1, PEXCEPTION_RECORD param_2)","PASS","805f64944fe5bbcd2e1828d9864bdc4479ffbd8dc595cea69a7b38670f78a239"
"10013abb","src/functions/10013abb.cpp","_EH4_LocalUnwind","recognized-or-tool-label","undefined __fastcall _EH4_LocalUnwind(int param_1, uint param_2, undefined4 param_3, uint * param_4)","PASS","d3abd49fe4552e242405cc705922afc9dd9174392fecc8c0f112f7241733106e"
"10013ad2","src/functions/10013ad2.cpp","_Type_info_dtor","recognized-or-tool-label","void __cdecl _Type_info_dtor(type_info * param_1)","PASS","f19f72240b1df9caa67868a7a47729496f5fecedc01a3b90bdb851ed58adcec8"
"10013b39","src/functions/10013b39.cpp","FUN_10013b39","auto-generated-address-label","undefined __stdcall FUN_10013b39(void)","PASS","069b56b992f6246caa0ce128cb422a17ab5f353dcbc8ac7e2de54dce33229ae6"
"10013b50","src/functions/10013b50.cpp","_strcmp","recognized-or-tool-label","int __cdecl _strcmp(char * _Str1, char * _Str2)","PASS","3eef010e446f930d105598abca36eefb044125cd0c2aac3f938b57c0d0aeb38a"
"10013bd8","src/functions/10013bd8.cpp","__close_nolock","recognized-or-tool-label","int __cdecl __close_nolock(int _FileHandle)","PASS","215f4fcfb1a09b364a52f32faf6e28eb3cc3fab3307bff4df869fb1a5460bdda"
"10013c74","src/functions/10013c74.cpp","__close","recognized-or-tool-label","int __cdecl __close(int _FileHandle)","PASS","7671e9932a8b2418b0463cf90c70755a2c8d894a1d2e2df6e7e267e962b4a36d"
"10013d30","src/functions/10013d30.cpp","FUN_10013d30","auto-generated-address-label","undefined __stdcall FUN_10013d30(void)","PASS","219fa1b2a3a0e557b0d2a5a210e5fe77fc57d30bbabcc27475208c79d2a369b3"
"10013d38","src/functions/10013d38.cpp","__freebuf","recognized-or-tool-label","void __cdecl __freebuf(FILE * _File)","PASS","19ded8eb25517716dfecd7131d111664cc56e8560476123f95a35a65ba290f8c"
"10013d69","src/functions/10013d69.cpp","__flush","recognized-or-tool-label","int __cdecl __flush(FILE * _File)","PASS","ddfc103556959d1a593bd1cf68f6975b1c384c7705414ef9a8fcbdf3be1eea59"
"10013dd1","src/functions/10013dd1.cpp","__fflush_nolock","recognized-or-tool-label","int __cdecl __fflush_nolock(FILE * _File)","PASS","cd6a3547f20e5c8abba7d580b560a2c9f85b97282035ac066207a53601d0ee4a"
"10013e19","src/functions/10013e19.cpp","flsall","recognized-or-tool-label","int __cdecl flsall(int param_1)","PASS","e63e3713c700f0085016dad8f009e08502d49c734ab168835873647634083f28"
"10013ebb","src/functions/10013ebb.cpp","FUN_10013ebb","auto-generated-address-label","undefined __stdcall FUN_10013ebb(void)","PASS","ff4dd297f0f35a5db366fb87cd3f63eda4e62f4ee1f0e437030cd591647e4f8d"
"10013eea","src/functions/10013eea.cpp","FUN_10013eea","auto-generated-address-label","undefined __stdcall FUN_10013eea(void)","PASS","48d524340898ef4e7251cbb5c0b13686036583d8bd09bf1dfef55fbbf2fbcf90"
"10013ef3","src/functions/10013ef3.cpp","__flushall","recognized-or-tool-label","int __cdecl __flushall(void)","PASS","14e6307996b4f3a891cf967226534239964847b84e7c1902872fdd18121c406c"
"10013efc","src/functions/10013efc.cpp","FUN_10013efc","auto-generated-address-label","undefined __cdecl FUN_10013efc(undefined4 param_1)","PASS","af3ef11a89376ce4e57bda7e35085b8a20838de8c495a440aab18130e2dc6adb"
"10013f0b","src/functions/10013f0b.cpp","__callnewh","recognized-or-tool-label","int __cdecl __callnewh(size_t _Size)","PASS","f4c981291c74b4c6150fb3222602765ad7096afa07d37677487e2ce265ef412c"
"10013f33","src/functions/10013f33.cpp","__stbuf","recognized-or-tool-label","int __cdecl __stbuf(FILE * _File)","PASS","10e91442f975751bb5691cc16a744f734564b4af99c517504774ec25d3794947"
"10013fcf","src/functions/10013fcf.cpp","__ftbuf","recognized-or-tool-label","void __cdecl __ftbuf(int _Flag, FILE * _File)","PASS","29660a65a0ed5c5c8d7f3b7f0963213b19092844936c23b0ef73ae1e7a076ca8"
"10014003","src/functions/10014003.cpp","__fwrite_nolock","recognized-or-tool-label","size_t __cdecl __fwrite_nolock(void * _DstBuf, size_t _Size, size_t _Count, FILE * _File)","PASS","9ea4290190766e49f798eabf0f6c87986e527a0fce2713c5ad039a6e112e10f7"
"1001415a","src/functions/1001415a.cpp","__vsnprintf_l","recognized-or-tool-label","int __cdecl __vsnprintf_l(char * _DstBuf, size_t _MaxCount, char * _Format, _locale_t _Locale, va_list _ArgList)","PASS","940383fa01a75744f4486f625a6eba2a4f264ec7aa4ef7edddd3ed6d8318f669"
"10014206","src/functions/10014206.cpp","__vsnprintf","recognized-or-tool-label","int __cdecl __vsnprintf(char * _Dest, size_t _Count, char * _Format, va_list _Args)","PASS","9e8b5a1ea2b3fce5b7dcc59aa71f18d7268de0b1bc378fb6f68773267b2e23e2"
"10014223","src/functions/10014223.cpp","CPtoLCID","recognized-or-tool-label","int __cdecl CPtoLCID(int param_1)","PASS","a2a436acb5b9ba46b8c16ba9d6c2ac5daf13d4f87dbdf4db8100559dd9e1e527"
"10014252","src/functions/10014252.cpp","setSBCS","recognized-or-tool-label","void __cdecl setSBCS(threadmbcinfostruct * param_1)","PASS","46e1fdc9b13d49aa1d51b7eef1c82fb5420f44e73ae9b5136c9c9dcc6f40dedf"
"100142b6","src/functions/100142b6.cpp","setSBUpLow","recognized-or-tool-label","void __cdecl setSBUpLow(threadmbcinfostruct * param_1)","PASS","3ce5f7d41b3e7e55c049e2517510d63d39845267679a146acbc87de897221e65"
"10014446","src/functions/10014446.cpp","___updatetmbcinfo","recognized-or-tool-label","pthreadmbcinfo __cdecl ___updatetmbcinfo(void)","PASS","baa33286f69cd98018dd67931e74ce882607313df94217684d735f74442084ad"
"100144e1","src/functions/100144e1.cpp","FUN_100144e1","auto-generated-address-label","undefined __stdcall FUN_100144e1(void)","PASS","657956db36639ee86c14f62a3758026b34676507171db37dd5dc32a47f8eef2b"
"100144ea","src/functions/100144ea.cpp","getSystemCP","recognized-or-tool-label","int __cdecl getSystemCP(int param_1)","PASS","0bbcb3fe702e255a176b1ca5ee2f94b896190ce21d3992f8fe170cf5d55957f9"
"10014566","src/functions/10014566.cpp","__setmbcp_nolock","recognized-or-tool-label","undefined4 __cdecl __setmbcp_nolock(undefined4 param_1, int param_2)","PASS","c5704e3c279f9bb814e2a1daca4274d20f3231c909659a2ea2d779ff66b79197"
"1001474f","src/functions/1001474f.cpp","__setmbcp","recognized-or-tool-label","int __cdecl __setmbcp(int _CodePage)","PASS","8d45cc4a2f24a7b976f11b85870506465bfe5b53a3199e669a87b718ad1e3e5f"
"100148b0","src/functions/100148b0.cpp","FUN_100148b0","auto-generated-address-label","undefined __stdcall FUN_100148b0(void)","PASS","7bb8ca114dc67764796f1c063096f6ca7e9cd77108d067df1efa6f4ecf850abd"
"100148e9","src/functions/100148e9.cpp","___initmbctable","recognized-or-tool-label","undefined4 __stdcall ___initmbctable(void)","PASS","a930e2fb0225ea4987e0a5b68be5144958c52bbe08729462d1072ef2d89a7904"
"10014907","src/functions/10014907.cpp","___addlocaleref","recognized-or-tool-label","undefined __cdecl ___addlocaleref(LONG * param_1)","PASS","0583f7be0806a113a0701fed7cff1d388e07004cb3633b103a103bd8d20ad0e6"
"10014996","src/functions/10014996.cpp","___removelocaleref","recognized-or-tool-label","LONG * __cdecl ___removelocaleref(LONG * param_1)","PASS","21cf07c89acc6ce24e109b843dd2fe3bc0b4c88cbbcb5908e688b808737494ba"
"10014a2f","src/functions/10014a2f.cpp","___freetlocinfo","recognized-or-tool-label","undefined __cdecl ___freetlocinfo(void * param_1)","PASS","e2aa5017357aacff728225492eaac4ebda4ffeae5af203a085472fcfebce05c6"
"10014b7a","src/functions/10014b7a.cpp","__updatetlocinfoEx_nolock","recognized-or-tool-label","LONG * __cdecl __updatetlocinfoEx_nolock(undefined4 * param_1, LONG * param_2)","PASS","6086181519432bc7c9529182a891ef93ce494bd78067f0aa2b6d159ed9742f01"
"10014bc7","src/functions/10014bc7.cpp","___updatetlocinfo","recognized-or-tool-label","pthreadlocinfo __cdecl ___updatetlocinfo(void)","PASS","d073b1067077229fb45bfdd49e47364b38534f102080c98e54cb106becad7303"
"10014c34","src/functions/10014c34.cpp","FUN_10014c34","auto-generated-address-label","undefined __stdcall FUN_10014c34(void)","PASS","8c5e51f06f4f952111425525ce82c851ebbe91545b0516210d223fe71ba4dd75"
"10014c40","src/functions/10014c40.cpp","FUN_10014c40","auto-generated-address-label","undefined __stdcall FUN_10014c40(void)","PASS","16febfb34fd1281f3a22e9e2308dcd3e977eafecc8e06d9e7fa7282a45a8fb40"
"10014c52","src/functions/10014c52.cpp","___set_flsgetvalue","recognized-or-tool-label","LPVOID __stdcall ___set_flsgetvalue(void)","PASS","639fbab6c80cb33adb1add9413ccaba5f9291b52c375d76b5088522f984e8f98"
"10014c86","src/functions/10014c86.cpp","__mtterm","recognized-or-tool-label","void __cdecl __mtterm(void)","PASS","a9b826a3034ebbc74cf12990548e943cb1205b36821d4223efac30b855e0ceb8"
"10014cc3","src/functions/10014cc3.cpp","__initptd","recognized-or-tool-label","void __cdecl __initptd(_ptiddata _Ptd, pthreadlocinfo _Locale)","PASS","580ccc609945ad0607c81e51584549d4e9fd0542c0bc1cbe0d852bafd77999f5"
"10014d65","src/functions/10014d65.cpp","FUN_10014d65","auto-generated-address-label","undefined __stdcall FUN_10014d65(void)","PASS","acf52dbd23b6032cc51b6c9ae50ba9cd768810b3e584a714311bb7b88be8fd63"
"10014d6e","src/functions/10014d6e.cpp","FUN_10014d6e","auto-generated-address-label","undefined __stdcall FUN_10014d6e(void)","PASS","782047ffd8a65572870318af282bb5a1d9c2a30b601003e0306d2a5ea1bc2318"
"10014d77","src/functions/10014d77.cpp","__getptd_noexit","recognized-or-tool-label","_ptiddata __cdecl __getptd_noexit(void)","PASS","233105fe1bbc18323dd33327d5f08bac71ff77667cd69d654de51c73dc2d8776"
"10014df0","src/functions/10014df0.cpp","__getptd","recognized-or-tool-label","_ptiddata __cdecl __getptd(void)","PASS","1e608ffc1229db866191f542b115ba2c639958a72beb2506323c32a9b3124178"
"10014e0a","src/functions/10014e0a.cpp","__freefls@4","recognized-or-tool-label","undefined __stdcall __freefls@4(void * param_1)","PASS","6a0fbcb0c71b5cd8ba85d82607345c95ae6071a98d1d0b2a925cdc314b123dde"
"10014f24","src/functions/10014f24.cpp","FUN_10014f24","auto-generated-address-label","undefined __stdcall FUN_10014f24(void)","PASS","9ea1b8950f1c7cf026c8e6d841e1b8bcc56c865e1048d151a9063a4a8f188dc5"
"10014f30","src/functions/10014f30.cpp","FUN_10014f30","auto-generated-address-label","undefined __stdcall FUN_10014f30(void)","PASS","0a232b4776180526283403896c8c009bfb20af7e7e0c6729746aaceab158615a"
"10014f39","src/functions/10014f39.cpp","__freeptd","recognized-or-tool-label","void __cdecl __freeptd(_ptiddata _Ptd)","PASS","b5a00998466bd5396a19cdffeb483aead9ab5dec83e5ee4a213cfef764a2f717"
"10014fa7","src/functions/10014fa7.cpp","__mtinit","recognized-or-tool-label","int __cdecl __mtinit(void)","PASS","8a2d8884efe001b810f742daa779e79f543d71ddf06cde896722fe0aab5dc6e8"
"10015122","src/functions/10015122.cpp","__tolower_l","recognized-or-tool-label","int __cdecl __tolower_l(int _C, _locale_t _Locale)","PASS","9d5e911ed3a40e9197c860186d49af10b319e9a58915d7aba58d214783f01a84"
"10015237","src/functions/10015237.cpp","_tolower","recognized-or-tool-label","int __cdecl _tolower(int _C)","PASS","58aebd5dd8ed238cb1d87a942fd23c7b550091b0bcff93c4c79ced71759672e3"
"10015270","src/functions/10015270.cpp","___ascii_strnicmp","recognized-or-tool-label","int __cdecl ___ascii_strnicmp(char * _Str1, char * _Str2, size_t _MaxCount)","PASS","cf731fc7aad7f757ed2bbbdb89c57a5d75f4116e3a69973753cf6d154525aacf"
"100152d1","src/functions/100152d1.cpp","__flsbuf","recognized-or-tool-label","int __cdecl __flsbuf(int _Ch, FILE * _File)","PASS","e71d7708fa396a9cdf5c4adbdbc21fd35aae7ad58e13e7ca2f6e5d5dde9b3848"
"10015435","src/functions/10015435.cpp","write_char","recognized-or-tool-label","undefined __cdecl write_char(void)","PASS","a143585fda4c5c3f0773a7a5ca718ec8d6834d79cedf1033810384cbaa802749"
"10015468","src/functions/10015468.cpp","write_string","recognized-or-tool-label","undefined __cdecl write_string(void)","PASS","dfe78f0d74cc38d60b58bb41dc7f038b07a0f3fd7f2c52599ab858f17ee49352"
"100154dc","src/functions/100154dc.cpp","__output_l","recognized-or-tool-label","int __cdecl __output_l(FILE * _File, char * _Format, _locale_t _Locale, va_list _ArgList)","PASS","c60a855c0096f144d548f54dbc69d2ec07bf9c56551ae7267fd3afaae4f679d9"
"10016088","src/functions/10016088.cpp","__read_nolock","recognized-or-tool-label","int __cdecl __read_nolock(int _FileHandle, void * _DstBuf, uint _MaxCharCount)","PASS","0c9bc65d1caf3088e7e150fa3a9b6b04ac9f54560f875f65950e0d20617e000e"
"1001663f","src/functions/1001663f.cpp","__read","recognized-or-tool-label","int __cdecl __read(int _FileHandle, void * _DstBuf, uint _MaxCharCount)","PASS","f5b640453206e2d68ccb0895d6cb16423be366e0d11e9aa1c4bbeb51eec609b0"
"1001672d","src/functions/1001672d.cpp","FUN_1001672d","auto-generated-address-label","undefined __stdcall FUN_1001672d(void)","PASS","5acce0015dee96a6b1b126b931ba4636595f245c7766664dbcdbefeeb2bb61ba"
"10016740","src/functions/10016740.cpp","_memset","recognized-or-tool-label","void * __cdecl _memset(void * _Dst, int _Val, size_t _Size)","PASS","a4bb4981565394d376d70046f517db64d5cf7e4d2dd9d4a453e25b5834559ca0"
"100167ba","src/functions/100167ba.cpp","__lseek_nolock","recognized-or-tool-label","long __cdecl __lseek_nolock(int _FileHandle, long _Offset, int _Origin)","PASS","235c4ea7d0d48f985b8812ddaf879f414aabaac834a34df32f0af58d5a8a0ec5"
"10016846","src/functions/10016846.cpp","FUN_10016846","auto-generated-address-label","uint * __cdecl FUN_10016846(uint * param_1)","PASS","4341df5f7293d4e96562b643584e83c951f585264b84a32d94fc5b39c3bf83ee"
"100168fe","src/functions/100168fe.cpp","FUN_100168fe","auto-generated-address-label","undefined4 __stdcall FUN_100168fe(void)","PASS","cb766b5965668ad8fb6264ccdaedea58e9a7ccf30df35a9362594487cca649e1"
"100169da","src/functions/100169da.cpp","parse_cmdline","recognized-or-tool-label","undefined __cdecl parse_cmdline(undefined4 * param_1, byte * param_2, int * param_3)","PASS","cff225cf058dee4213b7117a6f5024029687d19df2b21001737428b6572c63e5"
"10016b74","src/functions/10016b74.cpp","__setargv","recognized-or-tool-label","int __cdecl __setargv(void)","PASS","878e1a35e923f98ea3c168696c78f1863b9824f707165940bbd3f23144609dda"
"10016c2f","src/functions/10016c2f.cpp","___crtGetEnvironmentStringsA","recognized-or-tool-label","LPVOID __cdecl ___crtGetEnvironmentStringsA(void)","PASS","03035448df682c70b3216121852f21e4cbd434e83ef0e14b7f2b43a455120fb4"
"10016cc6","src/functions/10016cc6.cpp","__RTC_Initialize","recognized-or-tool-label","undefined __stdcall __RTC_Initialize(void)","PASS","bdada47aff7648a9fce7050fc3ab330384f62f343170be38b9428e84faa5be10"
"10016cec","src/functions/10016cec.cpp","FUN_10016cec","auto-generated-address-label","undefined __stdcall FUN_10016cec(void)","PASS","b653c28e4c42787065ea3430e692d9cbd023db7a392870685da46dc0bc375319"
"10016d12","src/functions/10016d12.cpp","__heap_init","recognized-or-tool-label","int __cdecl __heap_init(void)","PASS","6f796e669589184e38abfc85170c5f83725fd6a8e8f6ba0101c8f35beb8d75e0"
"10016d30","src/functions/10016d30.cpp","__heap_term","recognized-or-tool-label","void __cdecl __heap_term(void)","PASS","6af5627a23dc0b91f1496b4ab5d1a8bf68ebbc690df6ff4ac09f1fd2e055f57c"
"10016d44","src/functions/10016d44.cpp","__XcptFilter","recognized-or-tool-label","int __cdecl __XcptFilter(ulong _ExceptionNum, _EXCEPTION_POINTERS * _ExceptionPtr)","PASS","4199c3e0955072ab4e3dfee4912cbf029d429db26fb93417224b4cefa8c1a7bd"
"10016e8e","src/functions/10016e8e.cpp","___CppXcptFilter","recognized-or-tool-label","int __cdecl ___CppXcptFilter(ulong _ExceptionNum, _EXCEPTION_POINTERS * _ExceptionPtr)","PASS","42b402323412567acb4b662dbeb22f97ac1ce680078426aa194d0be4bc0ae830"
"10016eae","src/functions/10016eae.cpp","___security_init_cookie","recognized-or-tool-label","void __cdecl ___security_init_cookie(void)","PASS","4a551c294d8880c147885e889e1259d740bce0ceb8089b426f562dcdaa95f780"
"10016f49","src/functions/10016f49.cpp","FUN_10016f49","auto-generated-address-label","undefined4 * __fastcall FUN_10016f49(uint param_1)","PASS","64fbd48ea5a6095a82f3c2a9f08223ec56d5f94b832cf0b9f7a62a37c4aa84ee"
"1001705c","src/functions/1001705c.cpp","_abort","recognized-or-tool-label","noreturn void __cdecl _abort(void)","PASS","c513486feee2cbd69c2af474c6d17ba2a0417821e58895458cf74521d8d0bb9a"
"1001708f","src/functions/1001708f.cpp","__set_abort_behavior","recognized-or-tool-label","uint __cdecl __set_abort_behavior(uint _Flags, uint _Mask)","PASS","9d6e8e531672f6928c65c8c28f732e795fdb4945ccbfb0e9948796df8ad8d030"
"100170b0","src/functions/100170b0.cpp","__GET_RTERRMSG","recognized-or-tool-label","wchar_t * __cdecl __GET_RTERRMSG(int param_1)","PASS","14c4bcb7f6840829c93135b66162925965093e712a21acc6931b03da30c074ab"
"100170d6","src/functions/100170d6.cpp","__NMSG_WRITE","recognized-or-tool-label","void __cdecl __NMSG_WRITE(int param_1)","PASS","151524b2d6b061dff893d8129135bd79bb7920e6dcecd045ddb4751ccd129b46"
"10017285","src/functions/10017285.cpp","__FF_MSGBANNER","recognized-or-tool-label","void __cdecl __FF_MSGBANNER(void)","PASS","8c575ca31a7b6e817e5660dd825826b44ee5aebfd2d087cf827a73d9f4c1b45d"
"100172be","src/functions/100172be.cpp","FUN_100172be","auto-generated-address-label","undefined __cdecl FUN_100172be(undefined4 param_1)","PASS","d70756ddce61dae514a478fda0d1b9a7cd5cca19dc64bc09b9fc2203e88a837c"
"100172cd","src/functions/100172cd.cpp","FUN_100172cd","auto-generated-address-label","undefined __stdcall FUN_100172cd(void)","PASS","f0343e46f2dbfc952b124e98e37be9c8a7520282e0027173d93c050b75b43d85"
"100172d5","src/functions/100172d5.cpp","__security_check_cookie","recognized-or-tool-label","void __fastcall __security_check_cookie(uintptr_t _StackCookie)","PASS","1afcc92034d4bc96d7a9ac2e4f32fd05027907e2a75e5fa9394e306303b6cac2"
"100172f0","src/functions/100172f0.cpp","FID_conflict:_memcpy","recognized-or-tool-label","void * __cdecl FID_conflict:_memcpy(void * _Dst, void * _Src, size_t _Size)","PASS","c43cf235bc5ca515f82e2b3ce3da049b462de3f4aa508dc0ef6bfb896d312843"
"10017651","src/functions/10017651.cpp","__isdigit_l","recognized-or-tool-label","int __cdecl __isdigit_l(int _C, _locale_t _Locale)","PASS","343f2a39ab1eb75eccebd12d5f21b565c6dfaab8908de831e6d938ba1189a45f"
"100176a2","src/functions/100176a2.cpp","_isdigit","recognized-or-tool-label","int __cdecl _isdigit(int _C)","PASS","62e8c5db6e3a5b0b044257de8f107cd1a538f4f0ebfcf8f6bf0495a725736f38"
"100176d0","src/functions/100176d0.cpp","__isxdigit_l","recognized-or-tool-label","int __cdecl __isxdigit_l(int _C, _locale_t _Locale)","PASS","ca7d65cde988e2e133538e662cfd84b57904ee6a87df1d268c41cd5a6364d26b"
"10017726","src/functions/10017726.cpp","_isxdigit","recognized-or-tool-label","int __cdecl _isxdigit(int _C)","PASS","859a26f4de946cbda615e5710e970b7a11f867921457b5c04229034b5c0598e7"
"10017756","src/functions/10017756.cpp","__isspace_l","recognized-or-tool-label","int __cdecl __isspace_l(int _C, _locale_t _Locale)","PASS","97eed28995bf2018f410d16125e0fbe894c79140500fd41861e44a1688071369"
"100177a7","src/functions/100177a7.cpp","_isspace","recognized-or-tool-label","int __cdecl _isspace(int _C)","PASS","de14594df1e2b74c92b5328b1aa5bd174bfc4eb00e33822b35170332af22fa3d"
"100177d5","src/functions/100177d5.cpp","__ungetc_nolock","recognized-or-tool-label","int __cdecl __ungetc_nolock(int _Ch, FILE * _File)","PASS","95e0ee9344aea33efff248914cbaee2c879f7d10af2d7027c03d7ce58403081a"
"100178b8","src/functions/100178b8.cpp","__mbtowc_l","recognized-or-tool-label","int __cdecl __mbtowc_l(wchar_t * _DstCh, char * _SrcCh, size_t _SrcSizeInBytes, _locale_t _Locale)","PASS","c18e61ebe260ce28e8711fe4aa05ecdeacdcb3b6a7dadfe09174748cd23f0a64"
"100179ce","src/functions/100179ce.cpp","_mbtowc","recognized-or-tool-label","int __cdecl _mbtowc(wchar_t * _DstCh, char * _SrcCh, size_t _SrcSizeInBytes)","PASS","e662f7535d53496eca8771eb9e95dc743dfca07d6cd6d6a0093db6792008f8f6"
"100179e8","src/functions/100179e8.cpp","__isleadbyte_l","recognized-or-tool-label","int __cdecl __isleadbyte_l(int _C, _locale_t _Locale)","PASS","fe3a093cdc8b753a63d40d16fdec380970b1066c42f2de6c91cdbbfde0206de3"
"10017a20","src/functions/10017a20.cpp","_isleadbyte","recognized-or-tool-label","int __cdecl _isleadbyte(int _C)","PASS","5b20ef0297cc8f27e06913309a1c2644adb31a1a7fecb83894595ab51ea74328"
"10017a33","src/functions/10017a33.cpp","__initp_misc_cfltcvt_tab","recognized-or-tool-label","undefined __stdcall __initp_misc_cfltcvt_tab(void)","PASS","e3056742eff71bf25989783d5a6b519d002a82df45acfccc5503af03430f7479"
"10017a60","src/functions/10017a60.cpp","__allmul","recognized-or-tool-label","longlong __stdcall __allmul(uint param_1, int param_2, uint param_3, int param_4)","PASS","1cdeebc82c0d15577ecfcda70c2fa680ea589f0c73ca0444f6c2c994042dc8fb"
"10017a94","src/functions/10017a94.cpp","__calloc_impl","recognized-or-tool-label","LPVOID __cdecl __calloc_impl(uint param_1, uint param_2, undefined4 * param_3)","PASS","6368c7972c8b74af33363fd818dfe087e7ed852f7a6834496c84eeacce642e2f"
"10017b16","src/functions/10017b16.cpp","_realloc","recognized-or-tool-label","void * __cdecl _realloc(void * _Memory, size_t _NewSize)","PASS","e2df2ab13f2b9600ef88b6afd09d2f4ecdf860dcbd75edc66438adb0bbc612d8"
"10017bc3","src/functions/10017bc3.cpp","__recalloc","recognized-or-tool-label","void * __cdecl __recalloc(void * _Memory, size_t _Count, size_t _Size)","PASS","6f7720a49d5afa8615a306362b54e4c17672891a574673c78fce7b760f0fbd00"
"10017c31","src/functions/10017c31.cpp","__mtinitlocks","recognized-or-tool-label","int __cdecl __mtinitlocks(void)","PASS","e89ecb8fe74228af5ecf33e86e368744a93218d3c7587182f558a8f20c94eea2"
"10017c7b","src/functions/10017c7b.cpp","__mtdeletelocks","recognized-or-tool-label","void __cdecl __mtdeletelocks(void)","PASS","304163546682f87114fed13724869ef76622533b91abcd83c776837472cd2ffd"
"10017cd2","src/functions/10017cd2.cpp","FUN_10017cd2","auto-generated-address-label","undefined __cdecl FUN_10017cd2(int param_1)","PASS","d754fef743ad73024f00e8f0c5ecc45ba04eb8dbb52cc975385c2e6b66feaebc"
"10017ce9","src/functions/10017ce9.cpp","__mtinitlocknum","recognized-or-tool-label","int __cdecl __mtinitlocknum(int _LockNum)","PASS","a61f0f6c33b6a962bf96b253c4171fe5573e155f61d968664ad8185e89e14e1d"
"10017da2","src/functions/10017da2.cpp","FUN_10017da2","auto-generated-address-label","undefined __stdcall FUN_10017da2(void)","PASS","3c8dfe24bc06677d57abdb732a872fa473d5dab6084cda397f93b437b0c5cdb7"
"10017dab","src/functions/10017dab.cpp","__lock","recognized-or-tool-label","void __cdecl __lock(int _File)","PASS","1529dfce0ffb1104d9761929c3afd23db563c1cbe6d877785ea9584cc35d5c09"
"10017dde","src/functions/10017dde.cpp","terminate","recognized-or-tool-label","noreturn void __cdecl terminate(void)","PASS","94e3f67ea4a96d77cd34dbc9cdea03ccdf523bec39f5a18d54e9c2f77a97454b"
"10017e17","src/functions/10017e17.cpp","FUN_10017e17","auto-generated-address-label","undefined __stdcall FUN_10017e17(void)","PASS","ac607e5177f42c60b0a425157f98217d996047017388fba2e15c71c2807695b7"
"10017e2a","src/functions/10017e2a.cpp","_inconsistency","recognized-or-tool-label","void __cdecl _inconsistency(void)","PASS","4c50bf199c03f3a892f313139f3ef755981cd1b1e3109086757b4c642f5b311d"
"10017e62","src/functions/10017e62.cpp","FUN_10017e62","auto-generated-address-label","undefined __stdcall FUN_10017e62(void)","PASS","4a41dafd446d3080fad989dba8776b8eb1a1175753c447821dadd58f5c7dc0d1"
"10017e73","src/functions/10017e73.cpp","__initp_misc_winsig","recognized-or-tool-label","undefined __cdecl __initp_misc_winsig(undefined4 param_1)","PASS","ed1bd6dda9f9acb04a17ca482ddd177e1f073fe158833e5bc0f2b5fdb1fa7307"
"10017e91","src/functions/10017e91.cpp","siglookup","recognized-or-tool-label","uint __cdecl siglookup(uint param_1)","PASS","bf99958d9de0a059b3bad52e14d18dbf20e52bf8a653476c71a3fd1ad8db3ffa"
"10017ec8","src/functions/10017ec8.cpp","FUN_10017ec8","auto-generated-address-label","undefined __stdcall FUN_10017ec8(void)","PASS","c01b0a372457f858708b4e3d656f5793cb64e5807b0bd5afefb19b17466f8d37"
"10017ed5","src/functions/10017ed5.cpp","_raise","recognized-or-tool-label","int __cdecl _raise(int _SigNum)","PASS","3722ff4b1571abf9ddf9f26b5c34e40636ca30b414b823b52a63f79265b5d6cd"
"1001803c","src/functions/1001803c.cpp","FUN_1001803c","auto-generated-address-label","undefined __stdcall FUN_1001803c(void)","PASS","3ca888655675ee287cdfc1e0810853b229b18540fc77dc466a26d71525d782ab"
"10018078","src/functions/10018078.cpp","FUN_10018078","auto-generated-address-label","undefined __cdecl FUN_10018078(undefined4 param_1)","PASS","a59c9ed2f8fbdbbc3dd70eb2f4918bdbe7a7c43c65871dae7f5ebf82c184d8bf"
"10018090","src/functions/10018090.cpp","__ValidateImageBase","recognized-or-tool-label","BOOL __cdecl __ValidateImageBase(PBYTE pImageBase)","PASS","d8ef3d9c1ecac6c9f06019d2bfa164b685fe7a851cb487d21deaa34c86acc06b"
"100180d0","src/functions/100180d0.cpp","__FindPESection","recognized-or-tool-label","PIMAGE_SECTION_HEADER __cdecl __FindPESection(PBYTE pImageBase, DWORD_PTR rva)","PASS","6eb4ac4fbd3804a5215f9de8b13f5414cbb4e15eaf49dcabf7bdae6bd058102b"
"10018120","src/functions/10018120.cpp","__IsNonwritableInCurrentImage","recognized-or-tool-label","BOOL __cdecl __IsNonwritableInCurrentImage(PBYTE pTarget)","PASS","08698856103bc98a4f1ed1ad071af9059f08511463bea2b99b521fecd71d559b"
"100181dc","src/functions/100181dc.cpp","__fcloseall","recognized-or-tool-label","int __cdecl __fcloseall(void)","PASS","d8440504d47b0274b3f722df1314d604de4c36e2be8c3d56ba4f3d6c508f3e41"
"1001826f","src/functions/1001826f.cpp","FUN_1001826f","auto-generated-address-label","undefined __stdcall FUN_1001826f(void)","PASS","ffdad14854d6b18329bfa67a177250a4f67b7501643447f27fffe8fd0d34665d"
"10018278","src/functions/10018278.cpp","__getbuf","recognized-or-tool-label","void __cdecl __getbuf(FILE * _File)","PASS","4054cbf1d90b21a7f9c037663a5f020713b8a1218a5ce410beb2d309225aa86f"
"100182c1","src/functions/100182c1.cpp","FUN_100182c1","auto-generated-address-label","int __cdecl FUN_100182c1(undefined4 * param_1, LPCSTR param_2, uint param_3, int param_4, byte param_5)","PASS","0307e773db8cd244a978995435e23d930cd1eeacacf217d0ae94020e4d5dbe19"
"100189f5","src/functions/100189f5.cpp","FID_conflict:__sopen_helper","recognized-or-tool-label","errno_t __cdecl FID_conflict:__sopen_helper(char * _Filename, int _OFlag, int _ShFlag, int _PMode, int * _PFileHandle, int _BSecure)","PASS","68cb7983ad42df8007fea6c3131a6ea3baa5b3f9df019510b81a572ca9a9bcbf"
"10018a8b","src/functions/10018a8b.cpp","FUN_10018a8b","auto-generated-address-label","undefined __stdcall FUN_10018a8b(void)","PASS","64c7f7e99a985f6a28da0b9abddbb559944e4ea4218aa4a4bdac83d850536746"
"10018ab9","src/functions/10018ab9.cpp","__sopen_s","recognized-or-tool-label","errno_t __cdecl __sopen_s(int * _FileHandle, char * _Filename, int _OpenFlag, int _ShareFlag, int _PermissionMode)","PASS","1cf3de0fe87a64f6f53ea2184963dfd0e9357b4b2393ddee4aee57751bae67e9"
"10018ad9","src/functions/10018ad9.cpp","__mbsnbicmp_l","recognized-or-tool-label","int __cdecl __mbsnbicmp_l(uchar * _Str1, uchar * _Str2, size_t _MaxCount, _locale_t _Locale)","PASS","3fb5618ab30394670974e56e4baad1b10713a26f6f06c96f1d8a76ecd9aab87f"
"10018cdd","src/functions/10018cdd.cpp","__mbsnbicmp","recognized-or-tool-label","int __cdecl __mbsnbicmp(uchar * _Str1, uchar * _Str2, size_t _MaxCount)","PASS","9bded0c84bd3fb33ddb00f702453eacea8bc87596f690bf2a87f1857d2ccce66"
"10018cf7","src/functions/10018cf7.cpp","__mbsnbcmp_l","recognized-or-tool-label","int __cdecl __mbsnbcmp_l(uchar * _Str1, uchar * _Str2, size_t _MaxCount, _locale_t _Locale)","PASS","f21bfdff36430a2400e80522c7952555c429e19684b27fc852741e381651fae1"
"10018e43","src/functions/10018e43.cpp","__mbsnbcmp","recognized-or-tool-label","int __cdecl __mbsnbcmp(uchar * _Str1, uchar * _Str2, size_t _MaxCount)","PASS","caba4438924e40bae4f59f00d9f51eba02ccc1c67b7f0196eda973cb00df0934"
"10018e60","src/functions/10018e60.cpp","__global_unwind2","recognized-or-tool-label","undefined __cdecl __global_unwind2(PVOID param_1)","PASS","d005f89fec9210c6bd4277bedaade7affc39e4a79722c252bdf52f074e3fcce7"
"10018ec5","src/functions/10018ec5.cpp","__local_unwind2","recognized-or-tool-label","undefined __cdecl __local_unwind2(int param_1, uint param_2)","PASS","4eea2c6d99d88fbd7eadede6660aadb1128cfeed747c745ca03bfbff9e614bf6"
"10018f6c","src/functions/10018f6c.cpp","__NLG_Notify1","recognized-or-tool-label","undefined4 __fastcall __NLG_Notify1(undefined4 param_1)","PASS","8fcce23b90ea617e32fa3347cc481d4dec0c33d8dad97101efa4659d89808632"
"10018f75","src/functions/10018f75.cpp","__NLG_Notify","recognized-or-tool-label","void __stdcall __NLG_Notify(ulong param_1)","PASS","e8c18dbeb4e1cc61a7212d48b1a510b4105dca0bef51a3f017947d94a3f8e812"
"10018f94","src/functions/10018f94.cpp","FUN_10018f94","auto-generated-address-label","undefined __stdcall FUN_10018f94(void)","PASS","4cf84874014cbad899918b6db36f5dc5ce287fc61a05a0099933a809fc174f1c"
"10018f97","src/functions/10018f97.cpp","__set_osfhnd","recognized-or-tool-label","int __cdecl __set_osfhnd(int param_1, intptr_t param_2)","PASS","433814fe7b4687b6d4fe9ccc5edf000a83af1653247d274db96bc7fa6362539a"
"10019018","src/functions/10019018.cpp","__free_osfhnd","recognized-or-tool-label","int __cdecl __free_osfhnd(int param_1)","PASS","b08a58b231164b45ee20ae20ec87053ecc8cb788753ee8cdf07fa1ef27957691"
"1001909e","src/functions/1001909e.cpp","__get_osfhandle","recognized-or-tool-label","intptr_t __cdecl __get_osfhandle(int _FileHandle)","PASS","827513d96e210c4780b728029b191d5c77b588b03e80dd95e4feb818b524efa7"
"10019107","src/functions/10019107.cpp","___lock_fhandle","recognized-or-tool-label","int __cdecl ___lock_fhandle(int _Filehandle)","PASS","b7bc847865fe5143357adee9492bbf09878bdd06fb2692c034966cfe7aa86f40"
"1001919d","src/functions/1001919d.cpp","FUN_1001919d","auto-generated-address-label","undefined __stdcall FUN_1001919d(void)","PASS","03ecd5885c236db0ac142d44246804ed300c4ad114144af5e86bd942bb5d99d8"
"100191a6","src/functions/100191a6.cpp","__unlock_fhandle","recognized-or-tool-label","void __cdecl __unlock_fhandle(int _Filehandle)","PASS","262a53a01875e46f9683d6ed336124f4686b405da807872e97572be9dcf945fd"
"100191cd","src/functions/100191cd.cpp","__alloc_osfhnd","recognized-or-tool-label","int __cdecl __alloc_osfhnd(void)","PASS","6c4abfb8f43560806213ce0694de3d4f5c7f3bce88fdedb93a081d6589a11eab"
"1001929f","src/functions/1001929f.cpp","FUN_1001929f","auto-generated-address-label","undefined __stdcall FUN_1001929f(void)","PASS","5aaebfbc6f9f37e02c828e821dccd12fc41c8cbc6c340443f505a9325fbc1240"
"1001935d","src/functions/1001935d.cpp","FUN_1001935d","auto-generated-address-label","undefined __stdcall FUN_1001935d(void)","PASS","e9ac0121536f994052ea285a736e8e78a3d4923821574bd11a80fe44506cd9fc"
"10019366","src/functions/10019366.cpp","__write_nolock","recognized-or-tool-label","int __cdecl __write_nolock(int _FileHandle, void * _Buf, uint _MaxCharCount)","PASS","1f0befb207ac5378210584cf2a3720745eea863074ea5e923380e85c476a314e"
"10019a63","src/functions/10019a63.cpp","__write","recognized-or-tool-label","int __cdecl __write(int _FileHandle, void * _Buf, uint _MaxCharCount)","PASS","f3818246c286ee9a536e3cd71d526138da3d8e80f48ef1bfdd8dbd7e507e213f"
"10019b2f","src/functions/10019b2f.cpp","FUN_10019b2f","auto-generated-address-label","undefined __stdcall FUN_10019b2f(void)","PASS","9ddaeeaddf48d574a4aa9254ace5054447f27396364b48a468f5492052226d55"
"10019b37","src/functions/10019b37.cpp","__commit","recognized-or-tool-label","int __cdecl __commit(int _FileHandle)","PASS","35e2a15c891d8230698e8e3b4a78e562fdfe127d39123abc074451c896a7b105"
"10019c08","src/functions/10019c08.cpp","FUN_10019c08","auto-generated-address-label","undefined __stdcall FUN_10019c08(void)","PASS","866a4753ea48db2e71def59e141d8d1721752b13abb6e6a4c5a943a241d9d55d"
"10019c10","src/functions/10019c10.cpp","__isatty","recognized-or-tool-label","int __cdecl __isatty(int _FileHandle)","PASS","0ed0ebe99fffd1947dbdcd9f1e7e885555b0e1ad607927f05304d757b4cb28a2"
"10019c66","src/functions/10019c66.cpp","__freea","recognized-or-tool-label","void __cdecl __freea(void * _Memory)","PASS","db0c792c1300c58eedb41b8c2c26dd90e2477510aa9247d3c0cef49957589a74"
"10019c86","src/functions/10019c86.cpp","__crtLCMapStringA_stat","recognized-or-tool-label","int __cdecl __crtLCMapStringA_stat(localeinfo_struct * param_1, ulong param_2, ulong param_3, char * param_4, int param_5, char * param_6, int param_7, int param_8, int param_9)","PASS","5b6680d657ac4e91e67ed29e699374563ce3127e69adcfa9dbdacf25be7762c6"
"10019e6d","src/functions/10019e6d.cpp","___crtLCMapStringA","recognized-or-tool-label","int __cdecl ___crtLCMapStringA(_locale_t _Plocinfo, LPCWSTR _LocaleName, DWORD _DwMapFlag, LPCSTR _LpSrcStr, int _CchSrc, LPSTR _LpDestStr, int _CchDest, int _Code_page, BOOL _BError)","PASS","71bb4070d5d9f46a2394a2ad25b2f46d2846200de0040d7968a23c3a4e8df668"
"10019eb3","src/functions/10019eb3.cpp","__crtGetStringTypeA_stat","recognized-or-tool-label","int __cdecl __crtGetStringTypeA_stat(localeinfo_struct * param_1, ulong param_2, char * param_3, int param_4, ushort * param_5, int param_6, int param_7, int param_8)","PASS","524057e28167d07cf04529a18993322e86b43f2f244c85cd160cfda142544c73"
"10019f9a","src/functions/10019f9a.cpp","___crtGetStringTypeA","recognized-or-tool-label","BOOL __cdecl ___crtGetStringTypeA(_locale_t _Plocinfo, DWORD _DWInfoType, LPCSTR _LpSrcStr, int _CchSrc, LPWORD _LpCharType, int _Code_page, BOOL _BError)","PASS","ffece6fb44b27ae69e241430e6fefecbacf2f520d9852bca6e3fbab2c6fefc53"
"10019fda","src/functions/10019fda.cpp","___free_lc_time","recognized-or-tool-label","undefined __cdecl ___free_lc_time(undefined4 * param_1)","PASS","b6aa2971aad2cee8fcecafa5fb620162eb31c1360c8b4b6f6c9f83360de1f74f"
"1001a351","src/functions/1001a351.cpp","___free_lconv_num","recognized-or-tool-label","undefined __cdecl ___free_lconv_num(undefined4 * param_1)","PASS","45645b9b0d62635bcd63b6544690ba3f43e024b7c9dfedaaba35dedb9d27c547"
"1001a3ba","src/functions/1001a3ba.cpp","___free_lconv_mon","recognized-or-tool-label","undefined __cdecl ___free_lconv_mon(int param_1)","PASS","71bbabee3c8381103441ba28314e00bfabbe9ddb7b291bbdb17e3680c071507a"
"1001a4b8","src/functions/1001a4b8.cpp","__isctype_l","recognized-or-tool-label","int __cdecl __isctype_l(int _C, int _Type, _locale_t _Locale)","PASS","9aa443f9410eebaed96d3488a4bb31bbdf8ef51ee12164de07e1279ce830c07d"
"1001a570","src/functions/1001a570.cpp","_strcspn","recognized-or-tool-label","size_t __cdecl _strcspn(char * _Str, char * _Control)","PASS","995f8ce9b35b729b798838e4076e82777e9713507d1e61b72f68c5c83ec6cfa1"
"1001a5c0","src/functions/1001a5c0.cpp","_strpbrk","recognized-or-tool-label","char * __cdecl _strpbrk(char * _Str, char * _Control)","PASS","2894446ca9a5a73cee3cc1c41f0ce29ac448fc40b69150314fa397652a1bf959"
"1001a600","src/functions/1001a600.cpp","__lseeki64_nolock","recognized-or-tool-label","longlong __cdecl __lseeki64_nolock(int _FileHandle, longlong _Offset, int _Origin)","PASS","2c3061fcb15f6502aba5900c0ebe6b2804f0db7f5179c0d23d220b41ce04b645"
"1001a685","src/functions/1001a685.cpp","__lseeki64","recognized-or-tool-label","longlong __cdecl __lseeki64(int _FileHandle, longlong _Offset, int _Origin)","PASS","e0ca9595efa88ded2c9ac3551279f31b3cf08c7f727491dc422f9a345319c42f"
"1001a765","src/functions/1001a765.cpp","FUN_1001a765","auto-generated-address-label","undefined __stdcall FUN_1001a765(void)","PASS","6db8d609b1bb8c84c4484ed4148d2a4e29fd270c10c9f4cfd6301cf34c50d0e3"
"1001a76f","src/functions/1001a76f.cpp","__get_printf_count_output","recognized-or-tool-label","int __cdecl __get_printf_count_output(void)","PASS","2687bebf202610f3fe6b17125d9bb5faa391ac904027e37f0a259b2fdb5164cd"
"1001a785","src/functions/1001a785.cpp","__wctomb_s_l","recognized-or-tool-label","errno_t __cdecl __wctomb_s_l(int * _SizeConverted, char * _MbCh, size_t _SizeInBytes, wchar_t _WCh, _locale_t _Locale)","PASS","3136d3848c0244b6e97c3cf599921201ebc82e26efac22b66da82b5d2ed1bc4a"
"1001a8da","src/functions/1001a8da.cpp","_wctomb_s","recognized-or-tool-label","errno_t __cdecl _wctomb_s(int * _SizeConverted, char * _MbCh, rsize_t _SizeInBytes, wchar_t _WCh)","PASS","97b54fe9079df81b53fb3457390e4cf4cdfcd1a341b0237d9ea4efe2359fc606"
"1001a900","src/functions/1001a900.cpp","__aulldvrm","recognized-or-tool-label","undefined8 __stdcall __aulldvrm(uint param_1, uint param_2, uint param_3, uint param_4)","PASS","242a4570e029f7d083b2882011df3cc639bd8693a804ff834c12cdf4afff62e0"
"1001a995","src/functions/1001a995.cpp","__VEC_memzero","recognized-or-tool-label","undefined1[16] * __fastcall __VEC_memzero(undefined1[16] * param_1, uint param_2)","PASS","46dc38c6f8b86e85d115008dffa181b63727b0bad963a91720804ca6dd82e47e"
"1001aa4f","src/functions/1001aa4f.cpp","x_ismbbtype_l","recognized-or-tool-label","int __cdecl x_ismbbtype_l(localeinfo_struct * param_1, uint param_2, int param_3, int param_4)","PASS","fa9f0629d87bf9ecfba94f91a4c09a6ecd35270158d469bf1143926a16e878d5"
"1001aaa2","src/functions/1001aaa2.cpp","__ismbblead","recognized-or-tool-label","int __cdecl __ismbblead(uint _C)","PASS","07dd083399471479340da01b96fc981fffe2dce8926a0308f592581d4d6b56de"
"1001aaba","src/functions/1001aaba.cpp","___crtMessageBoxW","recognized-or-tool-label","int __cdecl ___crtMessageBoxW(LPCWSTR _LpText, LPCWSTR _LpCaption, UINT _UType)","PASS","73e5b2a5e40850173d94702644bb37eabd03bcc30f44fdb050ef2ca9d1f24390"
"1001ac26","src/functions/1001ac26.cpp","_wcscat_s","recognized-or-tool-label","errno_t __cdecl _wcscat_s(wchar_t * _Dst, rsize_t _SizeInWords, wchar_t * _Src)","PASS","aa1d7ca29d833749b57094fc927e94ef6f2d7702e1b5e14fac3d33058d1c3cd6"
"1001ac9b","src/functions/1001ac9b.cpp","_wcsncpy_s","recognized-or-tool-label","errno_t __cdecl _wcsncpy_s(wchar_t * _Dst, rsize_t _SizeInWords, wchar_t * _Src, rsize_t _MaxCount)","PASS","0a6496b965e0f2c0062bb32aae660292952b0ce138dbaab97c684f1268add2c0"
"1001ad68","src/functions/1001ad68.cpp","_wcslen","recognized-or-tool-label","size_t __cdecl _wcslen(wchar_t * _Str)","PASS","fff2bd1ed749c7aea4f8db7bb809bf6d1b97e7fd68656c029687012564cf7dca"
"1001ad83","src/functions/1001ad83.cpp","_wcscpy_s","recognized-or-tool-label","errno_t __cdecl _wcscpy_s(wchar_t * _Dst, rsize_t _SizeInWords, wchar_t * _Src)","PASS","ddd92129a56103351aee68c1bf4263a1b193781d1c7d0ed89dde1f716f31ec5a"
"1001ade6","src/functions/1001ade6.cpp","__set_error_mode","recognized-or-tool-label","int __cdecl __set_error_mode(int _Mode)","PASS","48920f24a603bf136551161281c030834f75eaef3b753ee70348c5ec0f9f6574"
"1001ae25","src/functions/1001ae25.cpp","___report_gsfailure","recognized-or-tool-label","noreturn void __cdecl ___report_gsfailure(void)","PASS","beb7673cdc3f65bd5f70cc033feffa2c3984337c34d3f7018bd328df6a2cde7f"
"1001af34","src/functions/1001af34.cpp","__chsize_nolock","recognized-or-tool-label","int __cdecl __chsize_nolock(int _FileHandle, longlong _Size)","PASS","cbf78605d2a9aebb145acba21033982a279a9d67e2920937c19d1bdb29bff1f4"
"1001b0ea","src/functions/1001b0ea.cpp","__setmode_nolock","recognized-or-tool-label","int __cdecl __setmode_nolock(int _FileHandle, int _Mode)","PASS","db5472cd179cb8a7b9fd7df20f33bcf05e00055c45b38627ae071cbd7b653564"
"1001b1a5","src/functions/1001b1a5.cpp","FUN_1001b1a5","auto-generated-address-label","undefined4 __cdecl FUN_1001b1a5(undefined4 * param_1)","PASS","9c59b503290c54a57fcdca97c34c410ae1e83bdd5d6ad9c7205f6d43f479d6b5"
"1001b1d2","src/functions/1001b1d2.cpp","__putwch_nolock","recognized-or-tool-label","wint_t __cdecl __putwch_nolock(wchar_t _WCh)","PASS","02628eb6751e0b1c312eb994df15563e5858e35860dd141ef6b3ca8125fa314e"
"1001b220","src/functions/1001b220.cpp","__alloca_probe","recognized-or-tool-label","undefined __stdcall __alloca_probe(void)","PASS","88a5d78f74db2f0d8a5d395ea877ebe994fcf65ad050c1566b57df52893290e4"
"1001b250","src/functions/1001b250.cpp","__alloca_probe_16","recognized-or-tool-label","uint __stdcall __alloca_probe_16(void)","PASS","aa2e726d64c1f9ff938aa9e996f8086ecc89f3f501c932e00fbbe352f5074e3b"
"1001b266","src/functions/1001b266.cpp","__alloca_probe_8","recognized-or-tool-label","uint __stdcall __alloca_probe_8(void)","PASS","7646cc010c0030e702422492890041932944156639b3c3c706893958ec1d8ce8"
"1001b27c","src/functions/1001b27c.cpp","___initconout","recognized-or-tool-label","void __cdecl ___initconout(void)","PASS","33c69f78f6582d13930643e05f106929cf95dcd354d062313760b2d1bf5b89d5"
"1001b29b","src/functions/1001b29b.cpp","FUN_1001b29b","auto-generated-address-label","undefined __stdcall FUN_1001b29b(void)","PASS","9bb25bc6f0670984b2f5076b6a1dd8d682cd9c4574f545626d25e558b240c152"
"1001b2b2","src/functions/1001b2b2.cpp","RtlUnwind","recognized-or-tool-label","void __stdcall RtlUnwind(PVOID TargetFrame, PVOID TargetIp, PEXCEPTION_RECORD ExceptionRecord, PVOID ReturnValue)","PASS","57d95e888afe651e7f9a43a7daa5cb0bc23147e5f458ffa90541da0fd248f7b1"
"1001b2b8","src/functions/1001b2b8.cpp","__cfltcvt_init","recognized-or-tool-label","undefined __stdcall __cfltcvt_init(void)","PASS","c4425731f5c59f9f008e6a619c747c026c5c6ab87cf269b0fd1b77b490184041"
"1001b318","src/functions/1001b318.cpp","__fpmath","recognized-or-tool-label","void __cdecl __fpmath(int param_1)","PASS","965db3ba27e68d8e636ad2996a8c45a8b3217f4a2e61dac7b6c813c5f69a6cfb"
"1001b380","src/functions/1001b380.cpp","FUN_1001b380","auto-generated-address-label","undefined __fastcall FUN_1001b380(void * param_1)","PASS","3722964f84deec5c371f2c870e7b8e78765173a53120c8374a8d674012f03635"
"1001b3cf","src/functions/1001b3cf.cpp","FUN_1001b3cf","auto-generated-address-label","uint __thiscall FUN_1001b3cf(void * this, int param_1)","PASS","d12b2bee31e6deac361e41835f891f24e24de2328ac84119f056952bcb2ade8e"
"1001b3d8","src/functions/1001b3d8.cpp","FUN_1001b3d8","auto-generated-address-label","uint __cdecl FUN_1001b3d8(int param_1, undefined4 param_2)","PASS","bcb034513ae3678aa9dd4a6dcc82809a1ffac47233818b2c97439ed9e50d2ddd"
"1001b4b0","src/functions/1001b4b0.cpp","FUN_1001b4b0","auto-generated-address-label","undefined __fastcall FUN_1001b4b0(void * param_1)","PASS","9a3873bbc1b3131068dad5bc89a3b2921485c789635b2a56903ed37b173bbf8b"
"1001b4ff","src/functions/1001b4ff.cpp","FUN_1001b4ff","auto-generated-address-label","uint __thiscall FUN_1001b4ff(void * this, int param_1)","PASS","5b9f48c4c4b42bc20a816ca48e1f708dfc09296c5cc9561f9399ec35e7b2fda5"
"1001b508","src/functions/1001b508.cpp","FUN_1001b508","auto-generated-address-label","uint __cdecl FUN_1001b508(int param_1, undefined4 param_2)","PASS","a41bacd17de2368bc081fd17d4a73c67326ddddb8db77c6123c7b4b9ea890cd3"
"1001b5a0","src/functions/1001b5a0.cpp","FUN_1001b5a0","auto-generated-address-label","undefined __stdcall FUN_1001b5a0(void)","PASS","06ced4f54c000116013e390edadf899bca9de67f963ded828bd990b164a29396"
"1001b5bd","src/functions/1001b5bd.cpp","FUN_1001b5bd","auto-generated-address-label","uint __cdecl FUN_1001b5bd(uint param_1, uint param_2)","PASS","b54ae19af65adf49744f9a0bd48103464489c418db94d4127e7976a7dd3360a0"
"1001b65a","src/functions/1001b65a.cpp","_JumpToContinuation","recognized-or-tool-label","void __stdcall _JumpToContinuation(void * param_1, EHRegistrationNode * param_2)","PASS","9c08505b4c2f93684ca75902f89efdebb67705f4deef05f0b2b4cd7560f860e5"
"1001b68c","src/functions/1001b68c.cpp","FID_conflict:_CallMemberFunction1","recognized-or-tool-label","undefined __stdcall FID_conflict:_CallMemberFunction1(undefined4 param_1, undefined * UNRECOVERED_JUMPTABLE)","PASS","1369947e7242f1f66247ca554c09d83e583a28cd91333f0426bc36e0a0d789ba"
"1001b693","src/functions/1001b693.cpp","_UnwindNestedFrames","recognized-or-tool-label","void __stdcall _UnwindNestedFrames(EHRegistrationNode * param_1, EHExceptionRecord * param_2)","PASS","ae856862a94518e44cd80a86d9202a2ae3f6b623d478a2c760291b6d7f8fcc61"
"1001b6e7","src/functions/1001b6e7.cpp","FID_conflict:___CxxFrameHandler3","recognized-or-tool-label","undefined4 __cdecl FID_conflict:___CxxFrameHandler3(EHExceptionRecord * param_1, EHRegistrationNode * param_2, _CONTEXT * param_3, void * param_4)","PASS","2bd546a2d40551fab09a891dbbf04b191839bc0b9c2ec4a3eadeab8f7a0b44ea"
"1001b71d","src/functions/1001b71d.cpp","CatchGuardHandler","recognized-or-tool-label","_EXCEPTION_DISPOSITION __cdecl CatchGuardHandler(EHExceptionRecord * param_1, CatchGuardRN * param_2, void * param_3, void * param_4)","PASS","53cb6a6f549482b0d08b2ed3f3a50aa00e24f558991339d89a0aff8410a085df"
"1001b750","src/functions/1001b750.cpp","_CallSETranslator","recognized-or-tool-label","int __cdecl _CallSETranslator(EHExceptionRecord * param_1, EHRegistrationNode * param_2, void * param_3, void * param_4, _s_FuncInfo * param_5, int param_6, EHRegistrationNode * param_7)","PASS","afb7db36d34165d811d82855cbaf781dfaa40b88dc2b3fb27ef4a8315f43c709"
"1001b827","src/functions/1001b827.cpp","TranslatorGuardHandler","recognized-or-tool-label","_EXCEPTION_DISPOSITION __cdecl TranslatorGuardHandler(EHExceptionRecord * param_1, TranslatorGuardRN * param_2, void * param_3, void * param_4)","PASS","5c87a4a82b611a577e436ce66c2230591c884607a285beaa3195b5bc813d0e70"
"1001b8c6","src/functions/1001b8c6.cpp","_GetRangeOfTrysToCheck","recognized-or-tool-label","_s_TryBlockMapEntry * __cdecl _GetRangeOfTrysToCheck(_s_FuncInfo * param_1, int param_2, int param_3, uint * param_4, uint * param_5)","PASS","e8439ebca30cd415c35a69ab98cde72686d19cc9b8ad4bfb6f8c566aea44137b"
"1001b939","src/functions/1001b939.cpp","__CreateFrameInfo","recognized-or-tool-label","undefined4 * __cdecl __CreateFrameInfo(undefined4 * param_1, undefined4 param_2)","PASS","4f4c6605532ed5dbaf37a05f1d5553caf636eb0c3c7ebbac396b816775bda998"
"1001b965","src/functions/1001b965.cpp","__IsExceptionObjectToBeDestroyed","recognized-or-tool-label","undefined4 __cdecl __IsExceptionObjectToBeDestroyed(int param_1)","PASS","10bfc0cda7db9d797ec6c758c870379379a4fb62d1aa6701be0dc868d0f904a2"
"1001b98c","src/functions/1001b98c.cpp","__FindAndUnlinkFrame","recognized-or-tool-label","undefined __cdecl __FindAndUnlinkFrame(void * param_1)","PASS","9e4967eb3edae3d328cb0d5a1015aeff99100c412196e525eff76de59de5cbf1"
"1001b9de","src/functions/1001b9de.cpp","_CallCatchBlock2","recognized-or-tool-label","void * __cdecl _CallCatchBlock2(EHRegistrationNode * param_1, _s_FuncInfo * param_2, void * param_3, int param_4, ulong param_5)","PASS","82e7be64508e7451f4c9b6a6e926b30c636dfffa26de28c2c0f50552c8630d9f"
"1001ba40","src/functions/1001ba40.cpp","FUN_1001ba40","auto-generated-address-label","ulonglong __fastcall FUN_1001ba40(undefined4 param_1, undefined4 param_2)","PASS","973dd0053e4680b0185f3c5695109b9da0a328a7b5c5d31c97324fd8e7fbdbe4"
"1001baeb","src/functions/1001baeb.cpp","__forcdecpt_l","recognized-or-tool-label","void __cdecl __forcdecpt_l(char * _Buf, _locale_t _Locale)","PASS","7a859c1ea8790eeb94aa84c047b927731f9f466bc5365e2b52a4c55c06120b73"
"1001bb5f","src/functions/1001bb5f.cpp","__cropzeros_l","recognized-or-tool-label","void __cdecl __cropzeros_l(char * _Buf, _locale_t _Locale)","PASS","c8ca90ff026a6c10a127c66a9fdf84745947fe533e74bdb599338189279b44fb"
"1001bbe1","src/functions/1001bbe1.cpp","__positive","recognized-or-tool-label","int __cdecl __positive(double * arg)","PASS","409bbcf5fe1e0393511c2ef4afcc6fd356884ba3d3d2be823e8819d736a94283"
"1001bbfd","src/functions/1001bbfd.cpp","__fassign_l","recognized-or-tool-label","void __cdecl __fassign_l(int flag, char * argument, char * number, _locale_t param_4)","PASS","60c23c4d74c91e93747d558a369e9193edeeb25e99cb9a6cb9e071d505d79437"
"1001bc3f","src/functions/1001bc3f.cpp","__fassign","recognized-or-tool-label","void __cdecl __fassign(int flag, char * argument, char * number)","PASS","7f253ce5c338e2eddf2703f038e354e4991d6dbb4d5aaf99486bfdc06874e3ca"
"1001bc59","src/functions/1001bc59.cpp","__shift","recognized-or-tool-label","undefined __stdcall __shift(void)","PASS","621da92b78707f965abf85f5fd187f79d5d3f5b9680b34a894147bb1c1f5dba7"
"1001bc78","src/functions/1001bc78.cpp","__forcdecpt","recognized-or-tool-label","void __cdecl __forcdecpt(char * _Buf)","PASS","f682a2703d686049c4c7badaf9e8ddcd6c134b72a3b52fc9bfa26f133205f5df"
"1001bc8b","src/functions/1001bc8b.cpp","__cropzeros","recognized-or-tool-label","void __cdecl __cropzeros(char * _Buf)","PASS","46e09503f33d4e81dfe3db2a069cbf006b787f577597ed0a0cdd3ebe03b501ce"
"1001bc9e","src/functions/1001bc9e.cpp","FUN_1001bc9e","auto-generated-address-label","int __cdecl FUN_1001bc9e(uint param_1, int param_2, int param_3, int * param_4, char param_5, localeinfo_struct * param_6)","PASS","b2345852d32405fc55239a97b9d19e66889699268ac46314bd4f5da0804124c6"
"1001bdff","src/functions/1001bdff.cpp","__cftoe_l","recognized-or-tool-label","undefined __cdecl __cftoe_l(undefined4 * param_1, undefined1 * param_2, uint param_3, int param_4, int param_5, localeinfo_struct * param_6)","PASS","5973d5fa60dcecab798c7c30d9722c0ae0365d2425103bec033e8d7b7e91b52e"
"1001bec6","src/functions/1001bec6.cpp","__cftoe","recognized-or-tool-label","errno_t __cdecl __cftoe(double * _Value, char * _Buf, size_t _SizeInBytes, int _Dec, int _Caps)","PASS","b330e40fe00652082337fec4719e7309ee8a4d18940bf44b5ebdb11cee76f5a5"
"1001bee6","src/functions/1001bee6.cpp","__cftoa_l","recognized-or-tool-label","int __cdecl __cftoa_l(double * param_1, undefined1 * param_2, uint param_3, size_t param_4, int param_5, localeinfo_struct * param_6)","PASS","6d877a8480d8430d00243be8bdf569df2aa6fa4761daaa06395d263e95e8c089"
"1001c25c","src/functions/1001c25c.cpp","__cftof2_l","recognized-or-tool-label","undefined4 __thiscall __cftof2_l(void * this, int param_1, size_t param_2, char param_3, localeinfo_struct * param_4)","PASS","4556422bea8e38c75309780fea7bf160a0453665e002ab51ede33295cc62b98c"
"1001c35f","src/functions/1001c35f.cpp","__cftof_l","recognized-or-tool-label","errno_t __cdecl __cftof_l(undefined4 * param_1, undefined1 * param_2, int param_3, size_t param_4, localeinfo_struct * param_5)","PASS","3818e61da59bc106097b0c3df1578925bf733371716d89a1ed7c13a18dde5018"
"1001c420","src/functions/1001c420.cpp","__cftog_l","recognized-or-tool-label","undefined __cdecl __cftog_l(undefined4 * param_1, undefined1 * param_2, uint param_3, size_t param_4, int param_5, localeinfo_struct * param_6)","PASS","e4f374d5712ea397a029f682dc48ef7cad02b92970b6c20541a6d4feabc5bf23"
"1001c50d","src/functions/1001c50d.cpp","__cfltcvt_l","recognized-or-tool-label","errno_t __cdecl __cfltcvt_l(double * arg, char * buffer, size_t sizeInBytes, int format, int precision, int caps, _locale_t plocinfo)","PASS","6e993138f0383063d39e1fd025d454c89b9a3e3b33767c88f6b7b36b67bf94f7"
"1001c595","src/functions/1001c595.cpp","__cfltcvt","recognized-or-tool-label","errno_t __cdecl __cfltcvt(double * arg, char * buffer, size_t sizeInBytes, int format, int precision, int caps)","PASS","0633d895fd62cd5fea11842aae61328bbeaaa1d7c00a953cb14157e383bed3d2"
"1001c5b8","src/functions/1001c5b8.cpp","__setdefaultprecision","recognized-or-tool-label","undefined __stdcall __setdefaultprecision(void)","PASS","08f81517927d2c13f93e9ec9a8b0aa84284b734b8b2a2bd65d1031650c278eca"
"1001c5f0","src/functions/1001c5f0.cpp","FUN_1001c5f0","auto-generated-address-label","undefined __fastcall FUN_1001c5f0(void * param_1)","PASS","29e1b51b567771276276666f53ae8c05458a7d58ac5834b1ca0c72cc521f598f"
"1001c60e","src/functions/1001c60e.cpp","FUN_1001c60e","auto-generated-address-label","float10 __thiscall FUN_1001c60e(void * param_1, int param_2)","PASS","8751a0d1906deed43a96c210873f85c7a06838204a443b87f5d00e2d2299f47c"
"1001c9a5","src/functions/1001c9a5.cpp","FUN_1001c9a5","auto-generated-address-label","undefined __stdcall FUN_1001c9a5(void)","PASS","200d339dae260adba148e4415e6cda9f197a3df1eaf2dc3d1849e9f43f1955b0"
"1001c9bc","src/functions/1001c9bc.cpp","FUN_1001c9bc","auto-generated-address-label","undefined4 __stdcall FUN_1001c9bc(void)","PASS","7cdf4eb9a70c273564cafb47429370dc264ec369365da5ec44124c78b76acf42"
"1001c9d5","src/functions/1001c9d5.cpp","__fload_withFB","recognized-or-tool-label","uint __fastcall __fload_withFB(undefined4 param_1, int param_2)","PASS","f6db6c793c0adbd22977f519b7ce1a33b4ce1bb782764f79060a7ae1b4308407"
"1001ca18","src/functions/1001ca18.cpp","FUN_1001ca18","auto-generated-address-label","uint __cdecl FUN_1001ca18(undefined4 param_1, uint param_2)","PASS","05bbed051a8a814d8e71a63670b44cad0606d7f5b488652e8ec36cc3be28fe4c"
"1001ca3b","src/functions/1001ca3b.cpp","__math_exit","recognized-or-tool-label","undefined __fastcall __math_exit(undefined4 param_1, int param_2, undefined4 param_3, undefined4 param_4, undefined4 param_5)","PASS","f91c5380c6755bef43efcb4615d61281ec5984dbffc8df5a71ae0545d39afd16"
"1001cb20","src/functions/1001cb20.cpp","FUN_1001cb20","auto-generated-address-label","float10 __fastcall FUN_1001cb20(undefined4 param_1, undefined4 param_2, undefined2 param_3, undefined4 param_4, undefined4 param_5, undefined4 param_6, undefined4 param_7, undefined4 param_8)","PASS","2b17d4e3f07b351c879911a06a8d947067538bc414f6dc07d31de9b86b7af14e"
"1001cb37","src/functions/1001cb37.cpp","__startOneArgErrorHandling","recognized-or-tool-label","float10 __fastcall __startOneArgErrorHandling(undefined4 param_1, int param_2, ushort param_3, undefined4 param_4, undefined4 param_5, undefined4 param_6)","PASS","37281b5d506906e8c045a2022e871c5878b7b70ff5327c6628e00962ed21f792"
"1001cb80","src/functions/1001cb80.cpp","FUN_1001cb80","auto-generated-address-label","undefined __fastcall FUN_1001cb80(void * param_1)","PASS","0b41e0184913bd3a819c876a22b92089048717640d1a706799ee8aad64428b06"
"1001cb9e","src/functions/1001cb9e.cpp","FUN_1001cb9e","auto-generated-address-label","float10 __thiscall FUN_1001cb9e(void * param_1, int param_2)","PASS","dee88bd7abeab663b1c99a36a8121c953ee84eec40b8e97454aad82e69bb2bbc"
"1001cd37","src/functions/1001cd37.cpp","FUN_1001cd37","auto-generated-address-label","void * __thiscall FUN_1001cd37(void * this, byte param_1)","PASS","4dbd324c848e9387de89a158855e7268655cd20fb330190fe55c0fc1ef8f7462"
"1001cd5e","src/functions/1001cd5e.cpp","___TypeMatch","recognized-or-tool-label","undefined4 __cdecl ___TypeMatch(byte * param_1, byte * param_2, uint * param_3)","PASS","5f38ce9d9c3b9a5259eda119cb7c18c7f5cc86e82393a5512161331633ef465a"
"1001cdbd","src/functions/1001cdbd.cpp","___FrameUnwindFilter","recognized-or-tool-label","undefined4 __cdecl ___FrameUnwindFilter(undefined4 * param_1)","PASS","6f9fca0825e1665b1689ee36c09e4bc8249186b2edc351730477d38c5fb9bbe8"
"1001ce0c","src/functions/1001ce0c.cpp","___FrameUnwindToState","recognized-or-tool-label","undefined __cdecl ___FrameUnwindToState(int param_1, undefined4 param_2, int param_3, int param_4)","PASS","618aceed7ba50ddc37c85cd681244e35853de5e247673de4d9aee008a8838b15"
"1001cece","src/functions/1001cece.cpp","FUN_1001cece","auto-generated-address-label","undefined __stdcall FUN_1001cece(void)","PASS","43ec2ed3b4c777af4c460affaaf8bda164620439f036ff3a984597a2b537f463"
"1001cf2d","src/functions/1001cf2d.cpp","___DestructExceptionObject","recognized-or-tool-label","undefined __cdecl ___DestructExceptionObject(int * param_1)","PASS","fa443cfd335b0b804f0c13d3f8deacfac2f153ef154f4fce2e0701a32774be66"
"1001cf82","src/functions/1001cf82.cpp","___AdjustPointer","recognized-or-tool-label","int __cdecl ___AdjustPointer(int param_1, int * param_2)","PASS","eda4bd6d72fb818915ab7d5997d459cf0c34b8730735aa2976696404b35a8e50"
"1001cfab","src/functions/1001cfab.cpp","IsInExceptionSpec","recognized-or-tool-label","uchar __cdecl IsInExceptionSpec(EHExceptionRecord * param_1, _s_ESTypeList * param_2)","PASS","39fcb5a21f9b05e6f9df24753208e425381c3d82138413c5ff373dff8a061e5e"
"1001d026","src/functions/1001d026.cpp","FUN_1001d026","auto-generated-address-label","undefined __stdcall FUN_1001d026(void)","PASS","3bc1b0b0e87da2c519576bf3083decc4fc758a4f46d0a066ca2c13630da31299"
"1001d057","src/functions/1001d057.cpp","Catch_All@1001d057","recognized-or-tool-label","undefined __stdcall Catch_All@1001d057(void)","PASS","d9819106660f5733949105f2abb513f4a6d8a8631a412f0e99b56a69eeefda2f"
"1001d06f","src/functions/1001d06f.cpp","CallCatchBlock","recognized-or-tool-label","void * __cdecl CallCatchBlock(EHExceptionRecord * param_1, EHRegistrationNode * param_2, _CONTEXT * param_3, _s_FuncInfo * param_4, void * param_5, int param_6, ulong param_7)","PASS","9948face70e96f8cc934cdcd9e481e73d131d2ba1c128d65047e340f978427d6"
"1001d195","src/functions/1001d195.cpp","FUN_1001d195","auto-generated-address-label","undefined __stdcall FUN_1001d195(void)","PASS","bd5f32688ee5e1cfbda48bbfdce16cd83e2c72cce44d601039e9712473829ef3"
"1001d20b","src/functions/1001d20b.cpp","___BuildCatchObjectHelper","recognized-or-tool-label","char __cdecl ___BuildCatchObjectHelper(int param_1, int * param_2, uint * param_3, byte * param_4)","PASS","20d79d62389ab6710572ccb8f51bdf349dce6aa6968483d7a5cf9309ef174c03"
"1001d38a","src/functions/1001d38a.cpp","___BuildCatchObject","recognized-or-tool-label","undefined __cdecl ___BuildCatchObject(int param_1, int * param_2, uint * param_3, byte * param_4)","PASS","b2da676a6de74f6635d3f665c77d8c74afc2836d1125769be37e60c6ecd0310f"
"1001d41c","src/functions/1001d41c.cpp","CatchIt","recognized-or-tool-label","void __cdecl CatchIt(EHExceptionRecord * param_1, EHRegistrationNode * param_2, _CONTEXT * param_3, void * param_4, _s_FuncInfo * param_5, _s_HandlerType * param_6, _s_CatchableType * param_7, _s_TryBlockMapEntry * param_8, int param_9, EHRegistrationNode * param_10, uchar param_11)","PASS","77639726767e3e19823e311f3cf75cc2fb183c05de772036c1cf7c6cb36d0c99"
"1001d48a","src/functions/1001d48a.cpp","FindHandlerForForeignException","recognized-or-tool-label","void __cdecl FindHandlerForForeignException(EHExceptionRecord * param_1, EHRegistrationNode * param_2, _CONTEXT * param_3, void * param_4, _s_FuncInfo * param_5, int param_6, int param_7, EHRegistrationNode * param_8)","PASS","99222ebce32eef9c13b5f5de22fecc777a534decfa2aed596f52c30d48607b99"
"1001d591","src/functions/1001d591.cpp","FindHandler","recognized-or-tool-label","void __cdecl FindHandler(EHExceptionRecord * param_1, EHRegistrationNode * param_2, _CONTEXT * param_3, void * param_4, _s_FuncInfo * param_5, uchar param_6, int param_7, EHRegistrationNode * param_8)","PASS","63f5b0d35fec0e8d108385bf356240d3bb68877275767c8b49d6a53d253b9c3e"
"1001d906","src/functions/1001d906.cpp","FUN_1001d906","auto-generated-address-label","void * __thiscall FUN_1001d906(void * this, exception * param_1)","PASS","4f08508e9496ee0df3af16c3eeb0ff57f3b63bccdd0997e6406b0e8fa63f7601"
"1001d923","src/functions/1001d923.cpp","___InternalCxxFrameHandler","recognized-or-tool-label","undefined4 __cdecl ___InternalCxxFrameHandler(EHExceptionRecord * param_1, EHRegistrationNode * param_2, _CONTEXT * param_3, void * param_4, _s_FuncInfo * param_5, int param_6, EHRegistrationNode * param_7, uchar param_8)","PASS","1d5edd50ec5e3676d49a901af05976e897e6e1d7c365889d1f82eee43e96f2df"
"1001da10","src/functions/1001da10.cpp","__CallSettingFrame@12","recognized-or-tool-label","undefined __stdcall __CallSettingFrame@12(undefined4 param_1, undefined4 param_2, int param_3)","PASS","4b2dcb382c1b186af1162bf312e64aae612eeab3641942ceb325b2b85be1e01a"
"1001da5c","src/functions/1001da5c.cpp","FID_conflict:__atoflt_l","recognized-or-tool-label","int __cdecl FID_conflict:__atoflt_l(_CRT_FLOAT * _Result, char * _Str, _locale_t _Locale)","PASS","e82130fdc4bf0d33f4c9ea4f39751d6444f802570a83d4d51843da74312ec92f"
"1001db04","src/functions/1001db04.cpp","FID_conflict:__atoflt_l","recognized-or-tool-label","int __cdecl FID_conflict:__atoflt_l(_CRT_FLOAT * _Result, char * _Str, _locale_t _Locale)","PASS","45ea61fa6d91f0ed1a06095b65aa0cc857e7c5996fbbd409ca0e779d8d6ab749"
"1001dbac","src/functions/1001dbac.cpp","__fptostr","recognized-or-tool-label","errno_t __cdecl __fptostr(char * _Buf, size_t _SizeInBytes, int _Digits, STRFLT _PtFlt)","PASS","649778c3aed2361fd4d460b03d4b700b007915a22ea2971a324d8e0ed5af16ef"
"1001dc5f","src/functions/1001dc5f.cpp","___dtold","recognized-or-tool-label","undefined __cdecl ___dtold(uint * param_1, uint * param_2)","PASS","d714c554bba74e81493815713c879958d315c5aca79634bd83f36ba6b9fb8c36"
"1001dd12","src/functions/1001dd12.cpp","FUN_1001dd12","auto-generated-address-label","int * __cdecl FUN_1001dd12(undefined4 param_1, undefined4 param_2, int * param_3, char * param_4, rsize_t param_5)","PASS","f17f7c86cf2aa630a8d102b89d95074366796a69ce175704159025c5c54baa16"
"1001dda0","src/functions/1001dda0.cpp","__alldvrm","recognized-or-tool-label","undefined8 __stdcall __alldvrm(uint param_1, uint param_2, uint param_3, uint param_4)","PASS","4476eaa777bcc8bf806371e0e5a57a7fab647388bb06a690498be2b9d59dd388"
"1001de80","src/functions/1001de80.cpp","__aullshr","recognized-or-tool-label","ulonglong __fastcall __aullshr(byte param_1, uint param_2)","PASS","513219cc2bc9451e65087c1cb3df2c665f3a17a42ae91f01c45d1d8df8ce64e1"
"1001de9f","src/functions/1001de9f.cpp","__controlfp_s","recognized-or-tool-label","errno_t __cdecl __controlfp_s(uint * _CurrentState, uint _NewValue, uint _Mask)","PASS","799d0daba9211b388876a7934007f04812859434aff6587f89adcb86a922649b"
"1001defe","src/functions/1001defe.cpp","__87except","recognized-or-tool-label","undefined __cdecl __87except(int param_1, int * param_2, ushort * param_3)","PASS","49d537db16e1601aa3ccd3bec5ff3b88a4fe70f00cd32a2d0e6e49ce157aa943"
"1001e03d","src/functions/1001e03d.cpp","__EH_prolog3_catch","recognized-or-tool-label","undefined __cdecl __EH_prolog3_catch(int param_1)","PASS","457089afbfbd2ba06256e603c692cec3f0a5c1761e8fc8f990e9c1fba42909d4"
"1001e073","src/functions/1001e073.cpp","_ValidateRead","recognized-or-tool-label","int __cdecl _ValidateRead(void * param_1, uint param_2)","PASS","cced1f9e170d3e73bae0ca167ead3561e7300bd57b2796f81191c71a41ab2ef2"
"1001e085","src/functions/1001e085.cpp","FID_conflict:__ld12tod","recognized-or-tool-label","INTRNCVT_STATUS __cdecl FID_conflict:__ld12tod(_LDBL12 * _Ifp, _CRT_DOUBLE * _D)","PASS","1bfe04dbd2c8e67ad657f1e63cd1c3479eb1f78899b19b02ca70fd41d8e2b542"
"1001e5d6","src/functions/1001e5d6.cpp","FID_conflict:__ld12tod","recognized-or-tool-label","INTRNCVT_STATUS __cdecl FID_conflict:__ld12tod(_LDBL12 * _Ifp, _CRT_DOUBLE * _D)","PASS","bce613cd130fc974c00772e7cb4bbafa6e6feafce71a0d80d8c27d4cab346469"
"1001eb27","src/functions/1001eb27.cpp","___strgtold12_l","recognized-or-tool-label","uint __cdecl ___strgtold12_l(_LDBL12 * pld12, char * * p_end_ptr, char * str, int mult12, int scale, int decpt, int implicit_E, _locale_t _Locale)","PASS","dc705a667bd9fda422e03a24db1b5001cc0489aff9780979fd83ef6c53b891de"
"1001f203","src/functions/1001f203.cpp","$I10_OUTPUT","recognized-or-tool-label","undefined4 __cdecl $I10_OUTPUT(int param_1, uint param_2, ushort param_3, int param_4, byte param_5, short * param_6)","PASS","b41616177db49e395c07c392126b122daa3c333ae4e253cdc79a2718676b1c8c"
"1001fafb","src/functions/1001fafb.cpp","__hw_cw","recognized-or-tool-label","uint __stdcall __hw_cw(void)","PASS","7b3855eb4bae639a3fce2ee251e377e82fdc0666e0af5347f7a4d77832d5f57e"
"1001fb89","src/functions/1001fb89.cpp","___hw_cw_sse2","recognized-or-tool-label","uint __fastcall ___hw_cw_sse2(undefined4 param_1, uint param_2)","PASS","0ef34bc3c813551d190ff7ca13b08b0f31a52cd0f30bd7c5a90f4dc8db91a8da"
"1001fc29","src/functions/1001fc29.cpp","__control87","recognized-or-tool-label","uint __cdecl __control87(uint _NewValue, uint _Mask)","PASS","01ca34fa6a3d7d3d96192aefc2962f58b599f306439013b2b3812c77e6d591c0"
"1001ff3b","src/functions/1001ff3b.cpp","__raise_exc_ex","recognized-or-tool-label","undefined __cdecl __raise_exc_ex(uint * param_1, uint * param_2, uint param_3, int param_4, uint * param_5, uint * param_6, int param_7)","PASS","f6bcf382de892d3acb326b722870228a13a6c1da512ce69e6cc7dc114cc35531"
"10020217","src/functions/10020217.cpp","__raise_exc","recognized-or-tool-label","undefined __cdecl __raise_exc(uint * param_1, uint * param_2, uint param_3, int param_4, uint * param_5, uint * param_6)","PASS","76f12622e5a8ac3f35ab7ae36689dc177af326cdfa99b14ae370dc636ee753a1"
"1002023a","src/functions/1002023a.cpp","__handle_exc","recognized-or-tool-label","bool __cdecl __handle_exc(uint param_1, double * param_2, uint param_3)","PASS","f55e95e84ad6c12c5986a13880badd7b6b9829efab086e2421e232bcf7144f3f"
"1002041e","src/functions/1002041e.cpp","__set_errno_from_matherr","recognized-or-tool-label","undefined __cdecl __set_errno_from_matherr(int param_1)","PASS","4fe02f131df43d8541379ff094a9fb4bc437b20e97b3de3cfbae9469a4648d43"
"1002044b","src/functions/1002044b.cpp","FUN_1002044b","auto-generated-address-label","undefined4 __stdcall FUN_1002044b(void)","PASS","cd3acad439b85540e6483f5eff36e0bee1e7c56f4bd8cc7c30eebd0e128c08c1"
"1002044e","src/functions/1002044e.cpp","__statfp","recognized-or-tool-label","int __stdcall __statfp(void)","PASS","8100f2ca1938ff04a91a24f66af22291566fe4bcbcaef1c1c3cfb0c5363c1648"
"1002045e","src/functions/1002045e.cpp","__clrfp","recognized-or-tool-label","int __stdcall __clrfp(void)","PASS","9147907e366e3e7618f120f2501d570473d620052545a5b4b927a9d68a7686d5"
"1002046f","src/functions/1002046f.cpp","__ctrlfp","recognized-or-tool-label","int __stdcall __ctrlfp(void)","PASS","999c3707dcb92a97e805211aebde332441c87403d2595d159d35cf8e20da26b4"
"1002049a","src/functions/1002049a.cpp","FUN_1002049a","auto-generated-address-label","undefined __stdcall FUN_1002049a(void)","PASS","113308fd04c30a157705e8327e5e710f7f028104812a7d29a49e450c2ae3ae9d"
"100204f2","src/functions/100204f2.cpp","___set_fpsr_sse2","recognized-or-tool-label","undefined __cdecl ___set_fpsr_sse2(uint param_1)","PASS","02442dd6ee5abb63ce18fd6b3ca46e813a27f2091d26a2d815356cba38880c19"
"10020564","src/functions/10020564.cpp","___mtold12","recognized-or-tool-label","undefined __cdecl ___mtold12(char * param_1, int param_2, uint * param_3)","PASS","7d7f451f5f6b0e0218e7aae6d8a0f28a0126a6608cd10ea702e377fa88abb7bd"
"10020748","src/functions/10020748.cpp","__set_exp","recognized-or-tool-label","float10 __cdecl __set_exp(undefined8 param_1, short param_2)","PASS","9c8250b8283bd817c9a15cff44e8621339b88a96f9e54bee95022e964e5bca5b"
"10020775","src/functions/10020775.cpp","FUN_10020775","auto-generated-address-label","undefined __cdecl FUN_10020775(uint param_1, uint param_2, int * param_3)","PASS","60dc4af3bb8f7be838e4fa76ee20b697759381afc44548ffb004ac28128536c7"
"10020840","src/functions/10020840.cpp","Unwind@10020840","recognized-or-tool-label","undefined __stdcall Unwind@10020840(void)","PASS","85ec6305cf589563e25be5bcda601652d617f2de7555d06a0d31cd0231161b81"
"10020870","src/functions/10020870.cpp","FUN_10020870","auto-generated-address-label","undefined __stdcall FUN_10020870(void)","PASS","28097cbe71bd44a8bbef5fbeb33be9cf90857a7e1ffe65d7e4339c3672cf7f75"
"10020a70","src/functions/10020a70.cpp","thunk_FUN_100013e0","auto-generated-address-label","undefined __stdcall thunk_FUN_100013e0(void)","PASS","19c67c7da01d3642ceb50e888bc32ee7619b07395315917dcf7de2b48cfcc27f"
"10020a80","src/functions/10020a80.cpp","thunk_FUN_10009580","auto-generated-address-label","undefined __stdcall thunk_FUN_10009580(void)","PASS","90265db75fb7819b54112b71fd983f44bef2fffe2a21ec97641458e9cf29bf93"
"10020a90","src/functions/10020a90.cpp","FUN_10020a90","auto-generated-address-label","undefined __stdcall FUN_10020a90(void)","PASS","a02d6f895b2e4a2f8062e233aee82e8919d5a8dbbf42eae5384addae8a3febe0"
"10020af0","src/functions/10020af0.cpp","FUN_10020af0","auto-generated-address-label","undefined __stdcall FUN_10020af0(void)","PASS","535c382b680462b21830531021e02b3dc98656ce0ded60ca4fd1f1ba015eae56"
"10020b50","src/functions/10020b50.cpp","FUN_10020b50","auto-generated-address-label","undefined __stdcall FUN_10020b50(void)","PASS","52b31d555a5389cfc20769291d9238472c7aa036094f1ad0e6a4689506909f80"
"10020bb0","src/functions/10020bb0.cpp","FUN_10020bb0","auto-generated-address-label","undefined __stdcall FUN_10020bb0(void)","PASS","e9900c4badfc5e36e2360f82b615286c75f6401675e22e6a34227240cd11263e"
"10020c10","src/functions/10020c10.cpp","FUN_10020c10","auto-generated-address-label","undefined __stdcall FUN_10020c10(void)","PASS","114a4a8d8c0f19dc4c9778e812accb475f4d5bc8c536f0c27c3e66ba47415135"
"10020c70","src/functions/10020c70.cpp","FUN_10020c70","auto-generated-address-label","undefined __stdcall FUN_10020c70(void)","PASS","cfba40a89bc7ec7491dff104f58d2a859a8e51d215f1e55c8f31aed25bf73bfd"
"10020cd0","src/functions/10020cd0.cpp","FUN_10020cd0","auto-generated-address-label","undefined __stdcall FUN_10020cd0(void)","PASS","c29c19f03e2a4d2d3547498572c5a38410239ead872cbc2b65d74f0011889938"
"10020d30","src/functions/10020d30.cpp","FUN_10020d30","auto-generated-address-label","undefined __stdcall FUN_10020d30(void)","PASS","b46b92ba735409c96b1c3894dd8dfca249aa7f13efaf551ec224d374997a7b81"
"10020d90","src/functions/10020d90.cpp","FUN_10020d90","auto-generated-address-label","undefined __stdcall FUN_10020d90(void)","PASS","441037520868b11931683cddcff9b179a7833dd3735c3f91767691d017a57cb7"
"10020df0","src/functions/10020df0.cpp","FUN_10020df0","auto-generated-address-label","undefined __stdcall FUN_10020df0(void)","PASS","2612846bb57da9652e92e54e10b1b871a41b9379237a1c5a01237daf2e912aa2"
"10020e50","src/functions/10020e50.cpp","FUN_10020e50","auto-generated-address-label","undefined __stdcall FUN_10020e50(void)","PASS","494d6943527dd23ebf225ef2cfb4a2868c5a925ac16a8da6aede36be7b941961"
"10020eb0","src/functions/10020eb0.cpp","FUN_10020eb0","auto-generated-address-label","undefined __stdcall FUN_10020eb0(void)","PASS","9a77216ec34b818ac84686a40e3d095027b74dc9a11fae52a2121c383c9b4bfb"
"10020f10","src/functions/10020f10.cpp","FUN_10020f10","auto-generated-address-label","undefined __stdcall FUN_10020f10(void)","PASS","a1cfda72bd9ed0c88ed0bde63bec841d5dbe954631f02ada308de7aef68fabe6"
"10020f70","src/functions/10020f70.cpp","FUN_10020f70","auto-generated-address-label","undefined __stdcall FUN_10020f70(void)","PASS","cbbbceee6afd6dedd9781a9e9a1979c6b6694abb4ae59d8b8a765481a8a92f50"
"10020fd0","src/functions/10020fd0.cpp","FUN_10020fd0","auto-generated-address-label","undefined __stdcall FUN_10020fd0(void)","PASS","029ed2995d34bb1899f118b82974585a7b1c3d4fef44ff863dc1eaf702e36606"
"10021030","src/functions/10021030.cpp","FUN_10021030","auto-generated-address-label","undefined __stdcall FUN_10021030(void)","PASS","0f40184599bd6377ee92bb950daa994b0753952ce4451cb8e3bd05b647de426d"
"10021090","src/functions/10021090.cpp","FUN_10021090","auto-generated-address-label","undefined __stdcall FUN_10021090(void)","PASS","d4e246808cc6e3fc4941c1c6743fe611097d424fefc6024f5b6b9e172576bbce"
"100210f0","src/functions/100210f0.cpp","FUN_100210f0","auto-generated-address-label","undefined __stdcall FUN_100210f0(void)","PASS","a1cd667660a5aa9be9856b38a64ef90c9e6979dea0b75d6268dc3092613c463c"
"10021150","src/functions/10021150.cpp","FUN_10021150","auto-generated-address-label","undefined __stdcall FUN_10021150(void)","PASS","4c3245a8c6418c2be268bb6e22b075df081a2d8a6fe791b667a90ef8166ccd97"
"100211b0","src/functions/100211b0.cpp","FUN_100211b0","auto-generated-address-label","undefined __stdcall FUN_100211b0(void)","PASS","99145216a849c637cd40ad755ba02355e25db7a30dcacf2d512a22471a454a00"
"10021210","src/functions/10021210.cpp","FUN_10021210","auto-generated-address-label","undefined __stdcall FUN_10021210(void)","PASS","24b0fdf6e2797008c793458aa810cd4e07c409af7384aeed982e24b0cba90f0c"
"10021267","src/functions/10021267.cpp","FUN_10021267","auto-generated-address-label","undefined __stdcall FUN_10021267(void)","PASS","2c39a1f938152676b3f2f082ce9cbee444848e788fe1e21706a494d9bab24cfd"
