candidate,owner,block,relation,instruction_address,mnemonic,bytes,instruction_text,incoming_refs,function_incoming_refs
"00414dbb","00414d70",".text","before","00414dad","MOV","894C2454","MOV dword ptr [ESP + 0x54],ECX","",""
"00414dbb","00414d70",".text","before","00414db1","MOV","8B4804","MOV ECX,dword ptr [EAX + 0x4]","",""
"00414dbb","00414d70",".text","before","00414db4","FSTP","D95C242C","FSTP float ptr [ESP + 0x2c]","",""
"00414dbb","00414d70",".text","before","00414db8","FLD","D94614","FLD float ptr [ESI + 0x14]","",""
"00414dbb","00414d70",".text","candidate","00414dbb","MOV","8954245C","MOV dword ptr [ESP + 0x5c],EDX","","0042ef42:UNCONDITIONAL_CALL|0042f085:UNCONDITIONAL_CALL"
"00414dbb","00414d70",".text","after","00414dbf","FSUB","D86608","FSUB float ptr [ESI + 0x8]","",""
"00414dbb","00414d70",".text","after","00414dc2","MOV","8B5008","MOV EDX,dword ptr [EAX + 0x8]","",""
"00414dbb","00414d70",".text","after","00414dc5","LEA","8D442428","LEA EAX,[ESP + 0x28]","",""
"00414dbb","00414d70",".text","after","00414dc9","MOV","894C2460","MOV dword ptr [ESP + 0x60],ECX","",""
"0042655d","00426350",".text","before","0042654f","FCOMP","D8D9","FCOMP","",""
"0042655d","00426350",".text","before","00426551","MOV","894C2458","MOV dword ptr [ESP + 0x58],ECX","",""
"0042655d","00426350",".text","before","00426555","MOVSX","0FBF4F22","MOVSX ECX,word ptr [EDI + 0x22]","",""
"0042655d","00426350",".text","before","00426559","MOV","89442460","MOV dword ptr [ESP + 0x60],EAX","",""
"0042655d","00426350",".text","candidate","0042655d","MOV","8954245C","MOV dword ptr [ESP + 0x5c],EDX","","0042d7bd:UNCONDITIONAL_CALL"
"0042655d","00426350",".text","after","00426561","MOV","8B148DC8B0A900","MOV EDX,dword ptr [ECX*0x4 + 0xa9b0c8]","",""
"0042655d","00426350",".text","after","00426568","FNSTSW","DFE0","FNSTSW AX","",""
"0042655d","00426350",".text","after","0042656a","ADD","83C40C","ADD ESP,0xc","",""
"0042655d","00426350",".text","after","0042656d","TEST","F6C441","TEST AH,0x41","",""
"00429e42","00429a70",".text","before","00429e32","FSTP","D95C2428","FSTP float ptr [ESP + 0x28]","",""
"00429e42","00429a70",".text","before","00429e36","FLD","D944246C","FLD float ptr [ESP + 0x6c]","",""
"00429e42","00429a70",".text","before","00429e3a","MOV","8B4C2428","MOV ECX,dword ptr [ESP + 0x28]","",""
"00429e42","00429a70",".text","before","00429e3e","FADD","D8442418","FADD float ptr [ESP + 0x18]","",""
"00429e42","00429a70",".text","candidate","00429e42","MOV","894C245C","MOV dword ptr [ESP + 0x5c],ECX","","0042a707:UNCONDITIONAL_CALL|0042f56c:UNCONDITIONAL_CALL|0156dda3:UNCONDITIONAL_CALL|0042a9ab:UNCONDITIONAL_CALL|0042ac81:UNCONDITIONAL_CALL|0042ad15:UNCONDITIONAL_CALL|0042add5:UNCONDITIONAL_CALL"
"00429e42","00429a70",".text","after","00429e46","FSTP","D95C242C","FSTP float ptr [ESP + 0x2c]","",""
"00429e42","00429a70",".text","after","00429e4a","MOV","8B54242C","MOV EDX,dword ptr [ESP + 0x2c]","",""
"00429e42","00429a70",".text","after","00429e4e","MOV","89542460","MOV dword ptr [ESP + 0x60],EDX","",""
"00429e42","00429a70",".text","after","00429e52","JZ","7405","JZ 0x00429e59","",""
"00429f9e","00429a70",".text","before","00429f8e","FSTP","D95C2428","FSTP float ptr [ESP + 0x28]","",""
"00429f9e","00429a70",".text","before","00429f92","FLD","D944246C","FLD float ptr [ESP + 0x6c]","",""
"00429f9e","00429a70",".text","before","00429f96","MOV","8B442428","MOV EAX,dword ptr [ESP + 0x28]","",""
"00429f9e","00429a70",".text","before","00429f9a","FADD","D8442418","FADD float ptr [ESP + 0x18]","",""
"00429f9e","00429a70",".text","candidate","00429f9e","MOV","8944245C","MOV dword ptr [ESP + 0x5c],EAX","","0042a707:UNCONDITIONAL_CALL|0042f56c:UNCONDITIONAL_CALL|0156dda3:UNCONDITIONAL_CALL|0042a9ab:UNCONDITIONAL_CALL|0042ac81:UNCONDITIONAL_CALL|0042ad15:UNCONDITIONAL_CALL|0042add5:UNCONDITIONAL_CALL"
"00429f9e","00429a70",".text","after","00429fa2","LEA","8D4130","LEA EAX,[ECX + 0x30]","",""
"00429f9e","00429a70",".text","after","00429fa5","FSTP","D95C242C","FSTP float ptr [ESP + 0x2c]","",""
"00429f9e","00429a70",".text","after","00429fa9","MOV","8B54242C","MOV EDX,dword ptr [ESP + 0x2c]","",""
"00429f9e","00429a70",".text","after","00429fad","MOV","89542460","MOV dword ptr [ESP + 0x60],EDX","",""
"0042c045","0042bd20",".text","before","0042c037","MOV","8B5004","MOV EDX,dword ptr [EAX + 0x4]","",""
"0042c045","0042bd20",".text","before","0042c03a","MOV","89542458","MOV dword ptr [ESP + 0x58],EDX","",""
"0042c045","0042bd20",".text","before","0042c03e","MOV","8B4008","MOV EAX,dword ptr [EAX + 0x8]","",""
"0042c045","0042bd20",".text","before","0042c041","FSTP","D95C246C","FSTP float ptr [ESP + 0x6c]","",""
"0042c045","0042bd20",".text","candidate","0042c045","MOV","8944245C","MOV dword ptr [ESP + 0x5c],EAX","","0042fcb7:UNCONDITIONAL_CALL"
"0042c045","0042bd20",".text","after","0042c049","FMUL","D80D3C8B8500","FMUL float ptr [0x00858b3c]","",""
"0042c045","0042bd20",".text","after","0042c04f","LEA","8D4C2454","LEA ECX,[ESP + 0x54]","",""
"0042c045","0042bd20",".text","after","0042c053","PUSH","51","PUSH ECX","",""
"0042c045","0042bd20",".text","after","0042c054","LEA","8D542474","LEA EDX,[ESP + 0x74]","",""
"004309d4","00430056",".text","before","004309c8","MOV","894C2470","MOV dword ptr [ESP + 0x70],ECX","",""
"004309d4","00430056",".text","before","004309cc","PUSH","52","PUSH EDX","",""
"004309d4","00430056",".text","before","004309cd","MOV","8BCD","MOV ECX,EBP","",""
"004309d4","00430056",".text","before","004309cf","CALL","E83C00FFFF","CALL 0x00420a10","",""
"004309d4","00430056",".text","candidate","004309d4","MOV","8944245C","MOV dword ptr [ESP + 0x5c],EAX","","00403af4:UNCONDITIONAL_CALL"
"004309d4","00430056",".text","after","004309d8","LEA","8D8424E8000000","LEA EAX,[ESP + 0xe8]","",""
"004309d4","00430056",".text","after","004309df","PUSH","50","PUSH EAX","",""
"004309d4","00430056",".text","after","004309e0","MOV","8BCF","MOV ECX,EDI","",""
"004309d4","00430056",".text","after","004309e2","CALL","E82900FFFF","CALL 0x00420a10","",""
"00435cfa","00435830",".text","before","00435ce8","MOV","89442458","MOV dword ptr [ESP + 0x58],EAX","",""
"00435cfa","00435830",".text","before","00435cec","MOV","8B8694030000","MOV EAX,dword ptr [ESI + 0x394]","",""
"00435cfa","00435830",".text","before","00435cf2","MOV","894C2420","MOV dword ptr [ESP + 0x20],ECX","",""
"00435cfa","00435830",".text","before","00435cf6","MOV","88542435","MOV byte ptr [ESP + 0x35],DL","",""
"00435cfa","00435830",".text","candidate","00435cfa","MOV","8944245C","MOV dword ptr [ESP + 0x5c],EAX","","0043750c:UNCONDITIONAL_CALL"
"00435cfa","00435830",".text","after","00435cfe","XOR","33FF","XOR EDI,EDI","",""
"00435cfa","00435830",".text","after","00435d00","LEA","8D6C2460","LEA EBP,[ESP + 0x60]","",""
"00435cfa","00435830",".text","after","00435d04","MOV","B9FFFF0000","MOV ECX,0xffff","",""
"00435cfa","00435830",".text","after","00435d09","LEA","8DA42400000000","LEA ESP,[ESP]","",""
"004459e4","004453d0",".text","before","004459d9","MOV","8B4C2454","MOV ECX,dword ptr [ESP + 0x54]","",""
"004459e4","004453d0",".text","before","004459dd","FCHS","D9E0","FCHS","",""
"004459e4","004453d0",".text","before","004459df","MOV","8B5614","MOV EDX,dword ptr [ESI + 0x14]","",""
"004459e4","004453d0",".text","before","004459e2","MOV","8BC1","MOV EAX,ECX","",""
"004459e4","004453d0",".text","candidate","004459e4","MOV","894C245C","MOV dword ptr [ESP + 0x5c],ECX","","00446ca1:UNCONDITIONAL_CALL"
"004459e4","004453d0",".text","after","004459e8","MOV","8902","MOV dword ptr [EDX],EAX","",""
"004459e4","004453d0",".text","after","004459ea","FSTP","D95C2460","FSTP float ptr [ESP + 0x60]","",""
"004459e4","004453d0",".text","after","004459ee","MOV","8B4C2460","MOV ECX,dword ptr [ESP + 0x60]","",""
"004459e4","004453d0",".text","after","004459f2","MOV","894A04","MOV dword ptr [EDX + 0x4],ECX","",""
"0044eaf3","0044e790",".text","before","0044eae0","FSTP","D95C2430","FSTP float ptr [ESP + 0x30]","",""
"0044eaf3","0044e790",".text","before","0044eae4","FLD","D9842484000000","FLD float ptr [ESP + 0x84]","",""
"0044eaf3","0044e790",".text","before","0044eaeb","MOV","8B6C2430","MOV EBP,dword ptr [ESP + 0x30]","",""
"0044eaf3","0044e790",".text","before","0044eaef","FADD","D8442450","FADD float ptr [ESP + 0x50]","",""
"0044eaf3","0044e790",".text","candidate","0044eaf3","MOV","896C245C","MOV dword ptr [ESP + 0x5c],EBP","","00614b1c:UNCONDITIONAL_CALL"
"0044eaf3","0044e790",".text","after","0044eaf7","FSTP","D95C2434","FSTP float ptr [ESP + 0x34]","",""
"0044eaf3","0044e790",".text","after","0044eafb","FLD","D944242C","FLD float ptr [ESP + 0x2c]","",""
"0044eaf3","0044e790",".text","after","0044eaff","MOV","8B442434","MOV EAX,dword ptr [ESP + 0x34]","",""
"0044eaf3","0044e790",".text","after","0044eb03","FSUB","D8A424D4000000","FSUB float ptr [ESP + 0xd4]","",""
"0044fba8","0044fb60",".text","before","0044fb99","JNZ","7522","JNZ 0x0044fbbd","",""
"0044fba8","0044fb60",".text","before","0044fb9b","MOV","8B7500","MOV ESI,dword ptr [EBP]","",""
"0044fba8","0044fb60",".text","before","0044fb9e","MOV","8B85E0FEFFFF","MOV EAX,dword ptr [EBP + 0xfffffee0]","",""
"0044fba8","0044fb60",".text","before","0044fba4","MOV","89742414","MOV dword ptr [ESP + 0x14],ESI","",""
"0044fba8","0044fb60",".text","candidate","0044fba8","MOV","8944245C","MOV dword ptr [ESP + 0x5c],EAX","",""
"0044fba8","0044fb60",".text","after","0044fbac","JMP","EB13","JMP 0x0044fbc1","",""
"0044fba8","0044fb60",".text","after","0044fbae","MOV","8B4500","MOV EAX,dword ptr [EBP]","",""
"0044fba8","0044fb60",".text","after","0044fbb1","XOR","33F6","XOR ESI,ESI","",""
"0044fba8","0044fb60",".text","after","0044fbb3","MOV","89742414","MOV dword ptr [ESP + 0x14],ESI","",""
"0044fbb7","0044fb60",".text","before","0044fbac","JMP","EB13","JMP 0x0044fbc1","",""
"0044fbb7","0044fb60",".text","before","0044fbae","MOV","8B4500","MOV EAX,dword ptr [EBP]","",""
"0044fbb7","0044fb60",".text","before","0044fbb1","XOR","33F6","XOR ESI,ESI","",""
"0044fbb7","0044fb60",".text","before","0044fbb3","MOV","89742414","MOV dword ptr [ESP + 0x14],ESI","",""
"0044fbb7","0044fb60",".text","candidate","0044fbb7","MOV","8944245C","MOV dword ptr [ESP + 0x5c],EAX","",""
"0044fbb7","0044fb60",".text","after","0044fbbb","JMP","EB04","JMP 0x0044fbc1","",""
"0044fbb7","0044fb60",".text","after","0044fbbd","MOV","8B742414","MOV ESI,dword ptr [ESP + 0x14]","",""
"0044fbb7","0044fb60",".text","after","0044fbc1","FLD","D9442440","FLD float ptr [ESP + 0x40]","",""
"0044fbb7","0044fb60",".text","after","0044fbc5","MOV","8B44245C","MOV EAX,dword ptr [ESP + 0x5c]","",""
"0045dc11","0045d760",".text","before","0045dc05","LEA","8D542410","LEA EDX,[ESP + 0x10]","",""
"0045dc11","0045d760",".text","before","0045dc09","PUSH","52","PUSH EDX","",""
"0045dc11","0045d760",".text","before","0045dc0a","CALL","E821EB1300","CALL 0x0059c730","",""
"0045dc11","0045d760",".text","before","0045dc0f","MOV","8B08","MOV ECX,dword ptr [EAX]","",""
"0045dc11","0045d760",".text","candidate","0045dc11","MOV","894C245C","MOV dword ptr [ESP + 0x5c],ECX","","0156208e:UNCONDITIONAL_CALL"
"0045dc11","0045d760",".text","after","0045dc15","MOV","8B5004","MOV EDX,dword ptr [EAX + 0x4]","",""
"0045dc11","0045d760",".text","after","0045dc18","MOV","89542460","MOV dword ptr [ESP + 0x60],EDX","",""
"0045dc11","0045d760",".text","after","0045dc1c","MOV","8B4008","MOV EAX,dword ptr [EAX + 0x8]","",""
"0045dc11","0045d760",".text","after","0045dc1f","ADD","83C40C","ADD ESP,0xc","",""
"00461ae5","004619c7",".text","before","00461ad1","FSTP","D99C24D8000000","FSTP float ptr [ESP + 0xd8]","",""
"00461ae5","004619c7",".text","before","00461ad8","CALL","E833AE1300","CALL 0x0059c910","",""
"00461ae5","004619c7",".text","before","00461add","MOV","8B4C2430","MOV ECX,dword ptr [ESP + 0x30]","",""
"00461ae5","004619c7",".text","before","00461ae1","FLD","D944242C","FLD float ptr [ESP + 0x2c]","",""
"00461ae5","004619c7",".text","candidate","00461ae5","MOV","894C245C","MOV dword ptr [ESP + 0x5c],ECX","","00407477:UNCONDITIONAL_CALL"
"00461ae5","004619c7",".text","after","00461ae9","FCHS","D9E0","FCHS","",""
"00461ae5","004619c7",".text","after","00461aeb","LEA","8D4C245C","LEA ECX,[ESP + 0x5c]","",""
"00461ae5","004619c7",".text","after","00461aef","FSTP","D95C2460","FSTP float ptr [ESP + 0x60]","",""
"00461ae5","004619c7",".text","after","00461af3","MOV","897C2464","MOV dword ptr [ESP + 0x64],EDI","",""
"0046202e","004619c7",".text","before","0046201b","MOV","894C2454","MOV dword ptr [ESP + 0x54],ECX","",""
"0046202e","004619c7",".text","before","0046201f","FLD","D9442454","FLD float ptr [ESP + 0x54]","",""
"0046202e","004619c7",".text","before","00462023","FADD","D88424B0000000","FADD float ptr [ESP + 0xb0]","",""
"0046202e","004619c7",".text","before","0046202a","MOV","89542458","MOV dword ptr [ESP + 0x58],EDX","",""
"0046202e","004619c7",".text","candidate","0046202e","MOV","8944245C","MOV dword ptr [ESP + 0x5c],EAX","","00407477:UNCONDITIONAL_CALL"
"0046202e","004619c7",".text","after","00462032","LEA","8D8C2480000000","LEA ECX,[ESP + 0x80]","",""
"0046202e","004619c7",".text","after","00462039","FSTP","D95C2454","FSTP float ptr [ESP + 0x54]","",""
"0046202e","004619c7",".text","after","0046203d","PUSH","51","PUSH ECX","",""
"0046202e","004619c7",".text","after","0046203e","FLD","D944245C","FLD float ptr [ESP + 0x5c]","",""
"00462837","004619c7",".text","before","00462824","MOV","894C2454","MOV dword ptr [ESP + 0x54],ECX","",""
"00462837","004619c7",".text","before","00462828","FLD","D9442454","FLD float ptr [ESP + 0x54]","",""
"00462837","004619c7",".text","before","0046282c","FADD","D88424B0000000","FADD float ptr [ESP + 0xb0]","",""
"00462837","004619c7",".text","before","00462833","MOV","89542458","MOV dword ptr [ESP + 0x58],EDX","",""
"00462837","004619c7",".text","candidate","00462837","MOV","8944245C","MOV dword ptr [ESP + 0x5c],EAX","","00407477:UNCONDITIONAL_CALL"
"00462837","004619c7",".text","after","0046283b","LEA","8D8C2480000000","LEA ECX,[ESP + 0x80]","",""
"00462837","004619c7",".text","after","00462842","FSTP","D95C2454","FSTP float ptr [ESP + 0x54]","",""
"00462837","004619c7",".text","after","00462846","PUSH","51","PUSH ECX","",""
"00462837","004619c7",".text","after","00462847","FLD","D944245C","FLD float ptr [ESP + 0x5c]","",""
"0046305b","00462aab",".text","before","00463050","PUSH","51","PUSH ECX","",""
"0046305b","00462aab",".text","before","00463051","LEA","8D9424A8000000","LEA EDX,[ESP + 0xa8]","",""
"0046305b","00462aab",".text","before","00463058","PUSH","52","PUSH EDX","",""
"0046305b","00462aab",".text","before","00463059","MOV","8BCF","MOV ECX,EDI","",""
"0046305b","00462aab",".text","candidate","0046305b","MOV","8944245C","MOV dword ptr [ESP + 0x5c],EAX","","00402046:UNCONDITIONAL_CALL"
"0046305b","00462aab",".text","after","0046305f","MOV","C744247800000000","MOV dword ptr [ESP + 0x78],0x0","",""
"0046305b","00462aab",".text","after","00463067","MOV","C744247C00000000","MOV dword ptr [ESP + 0x7c],0x0","",""
"0046305b","00462aab",".text","after","0046306f","MOV","C78424800000000000803F","MOV dword ptr [ESP + 0x80],0x3f800000","",""
"0046305b","00462aab",".text","after","0046307a","CALL","E891D9FBFF","CALL 0x00420a10","",""
"0046c0c9","0046b460",".text","before","0046c0b3","CALL","E8C87FFFFF","CALL 0x00464080","",""
"0046c0c9","0046b460",".text","before","0046c0b8","MOV","A1783CA400","MOV EAX,[0x00a43c78]","",""
"0046c0c9","0046b460",".text","before","0046c0bd","MOV","8B0D7C3CA400","MOV ECX,dword ptr [0x00a43c7c]","",""
"0046c0c9","0046b460",".text","before","0046c0c3","MOV","8B15803CA400","MOV EDX,dword ptr [0x00a43c80]","",""
"0046c0c9","0046b460",".text","candidate","0046c0c9","MOV","8944245C","MOV dword ptr [ESP + 0x5c],EAX","","008a61b4:DATA"
"0046c0c9","0046b460",".text","after","0046c0cd","LEA","8D44245C","LEA EAX,[ESP + 0x5c]","",""
"0046c0c9","0046b460",".text","after","0046c0d1","PUSH","50","PUSH EAX","",""
"0046c0c9","0046b460",".text","after","0046c0d2","MOV","894C2464","MOV dword ptr [ESP + 0x64],ECX","",""
"0046c0c9","0046b460",".text","after","0046c0d6","MOV","89542468","MOV dword ptr [ESP + 0x68],EDX","",""
"004716ce","",".text","before","004716be","FSUB","D8642428","FSUB float ptr [ESP + 0x28]","",""
"004716ce","",".text","before","004716c2","MOV","89542458","MOV dword ptr [ESP + 0x58],EDX","",""
"004716ce","",".text","before","004716c6","FSTP","D95C2434","FSTP float ptr [ESP + 0x34]","",""
"004716ce","",".text","before","004716ca","MOV","8B442434","MOV EAX,dword ptr [ESP + 0x34]","",""
"004716ce","",".text","candidate","004716ce","MOV","8944245C","MOV dword ptr [ESP + 0x5c],EAX","",""
"004716ce","",".text","after","004716d2","CALL","E8E96BF9FF","CALL 0x004082c0","",""
"004716ce","",".text","after","004716d7","FCOM","D854243C","FCOM float ptr [ESP + 0x3c]","",""
"004716ce","",".text","after","004716db","FNSTSW","DFE0","FNSTSW AX","",""
"004716ce","",".text","after","004716dd","TEST","F6C405","TEST AH,0x5","",""
"00472029","",".text","before","00472019","MOV","894C2458","MOV dword ptr [ESP + 0x58],ECX","",""
"00472029","",".text","before","0047201d","LEA","8D4C2454","LEA ECX,[ESP + 0x54]","",""
"00472029","",".text","before","00472021","FSTP","D95C2420","FSTP float ptr [ESP + 0x20]","",""
"00472029","",".text","before","00472025","MOV","8B542420","MOV EDX,dword ptr [ESP + 0x20]","",""
"00472029","",".text","candidate","00472029","MOV","8954245C","MOV dword ptr [ESP + 0x5c],EDX","",""
"00472029","",".text","after","0047202d","CALL","E88E62F9FF","CALL 0x004082c0","",""
"00472029","",".text","after","00472032","FCOM","D854243C","FCOM float ptr [ESP + 0x3c]","",""
"00472029","",".text","after","00472036","FNSTSW","DFE0","FNSTSW AX","",""
"00472029","",".text","after","00472038","TEST","F6C405","TEST AH,0x5","",""
"00472e7d","",".text","before","00472e72","PUSH","6A03","PUSH 0x3","",""
"00472e7d","",".text","before","00472e74","PUSH","51","PUSH ECX","",""
"00472e7d","",".text","before","00472e75","MOV","89542440","MOV dword ptr [ESP + 0x40],EDX","",""
"00472e7d","",".text","before","00472e79","MOV","89442444","MOV dword ptr [ESP + 0x44],EAX","",""
"00472e7d","",".text","candidate","00472e7d","MOV","8954245C","MOV dword ptr [ESP + 0x5c],EDX","",""
"00472e7d","",".text","after","00472e81","MOV","89442460","MOV dword ptr [ESP + 0x60],EAX","",""
"00472e7d","",".text","after","00472e85","CALL","E8160B0100","CALL 0x004839a0","",""
"00472e7d","",".text","after","00472e8a","ADD","83C408","ADD ESP,0x8","",""
"00472e7d","",".text","after","00472e8d","TEST","85C0","TEST EAX,EAX","",""
"004733e9","",".text","before","004733d6","MOV","8944244C","MOV dword ptr [ESP + 0x4c],EAX","",""
"004733e9","",".text","before","004733da","MOV","A1843CA400","MOV EAX,[0x00a43c84]","",""
"004733e9","",".text","before","004733df","FST","D9542430","FST float ptr [ESP + 0x30]","",""
"004733e9","",".text","before","004733e3","FCOMP","D81D508B8500","FCOMP float ptr [0x00858b50]","",""
"004733e9","",".text","candidate","004733e9","MOV","8944245C","MOV dword ptr [ESP + 0x5c],EAX","",""
"004733e9","",".text","after","004733ed","MOV","894C2420","MOV dword ptr [ESP + 0x20],ECX","",""
"004733e9","",".text","after","004733f1","MOV","89542410","MOV dword ptr [ESP + 0x10],EDX","",""
"004733e9","",".text","after","004733f5","FNSTSW","DFE0","FNSTSW AX","",""
"004733e9","",".text","after","004733f7","TEST","F6C405","TEST AH,0x5","",""
"004734b1","",".text","before","004734a1","MOV","8954243C","MOV dword ptr [ESP + 0x3c],EDX","",""
"004734b1","",".text","before","004734a5","MOV","89442440","MOV dword ptr [ESP + 0x40],EAX","",""
"004734b1","",".text","before","004734a9","CALL","E8F2701A00","CALL 0x0061a5a0","",""
"004734b1","",".text","before","004734ae","ADD","83C404","ADD ESP,0x4","",""
"004734b1","",".text","candidate","004734b1","MOV","8944245C","MOV dword ptr [ESP + 0x5c],EAX","",""
"004734b1","",".text","after","004734b5","TEST","85C0","TEST EAX,EAX","",""
"004734b1","",".text","after","004734b7","MOV","C78424B001000002000000","MOV dword ptr [ESP + 0x1b0],0x2","",""
"004734b1","",".text","after","004734c2","JZ","740B","JZ 0x004734cf","",""
"004734b1","",".text","after","004734c4","MOV","8BC8","MOV ECX,EAX","",""
"004734e6","",".text","before","004734d1","PUSH","6A28","PUSH 0x28","",""
"004734e6","",".text","before","004734d3","MOV","C78424B4010000FFFFFFFF","MOV dword ptr [ESP + 0x1b4],0xffffffff","",""
"004734e6","",".text","before","004734de","CALL","E8BD701A00","CALL 0x0061a5a0","",""
"004734e6","",".text","before","004734e3","ADD","83C404","ADD ESP,0x4","",""
"004734e6","",".text","candidate","004734e6","MOV","8944245C","MOV dword ptr [ESP + 0x5c],EAX","",""
"004734e6","",".text","after","004734ea","TEST","85C0","TEST EAX,EAX","",""
"004734e6","",".text","after","004734ec","MOV","C78424B001000003000000","MOV dword ptr [ESP + 0x1b0],0x3","",""
"004734e6","",".text","after","004734f7","JZ","7422","JZ 0x0047351b","",""
"004734e6","",".text","after","004734f9","MOV","8B0D88FC8600","MOV ECX,dword ptr [0x0086fc88]","",""
"0047353f","",".text","before","00473530","PUSH","6880000000","PUSH 0x80","",""
"0047353f","",".text","before","00473535","CALL","E866701A00","CALL 0x0061a5a0","",""
"0047353f","",".text","before","0047353a","ADD","83C404","ADD ESP,0x4","",""
"0047353f","",".text","before","0047353d","TEST","85ED","TEST EBP,EBP","",""
"0047353f","",".text","candidate","0047353f","MOV","8944245C","MOV dword ptr [ESP + 0x5c],EAX","",""
"0047353f","",".text","after","00473543","JLE","7E43","JLE 0x00473588","",""
"0047353f","",".text","after","00473545","TEST","85C0","TEST EAX,EAX","",""
"0047353f","",".text","after","00473547","MOV","C78424B001000004000000","MOV dword ptr [ESP + 0x1b0],0x4","",""
"0047353f","",".text","after","00473552","JZ","7478","JZ 0x004735cc","",""
"0047420c","",".text","before","004741fd","MOV","BFD0000000","MOV EDI,0xd0","",""
"0047420c","",".text","before","00474202","PUSH","6A28","PUSH 0x28","",""
"0047420c","",".text","before","00474204","CALL","E897631A00","CALL 0x0061a5a0","",""
"0047420c","",".text","before","00474209","ADD","83C404","ADD ESP,0x4","",""
"0047420c","",".text","candidate","0047420c","MOV","8944245C","MOV dword ptr [ESP + 0x5c],EAX","",""
"0047420c","",".text","after","00474210","TEST","85C0","TEST EAX,EAX","",""
"0047420c","",".text","after","00474212","MOV","C78424B001000009000000","MOV dword ptr [ESP + 0x1b0],0x9","",""
"0047420c","",".text","after","0047421d","JZ","7424","JZ 0x00474243","",""
"0047420c","",".text","after","0047421f","MOV","8B4C244C","MOV ECX,dword ptr [ESP + 0x4c]","",""
"0047694c","",".text","before","0047693e","CMP","3BFB","CMP EDI,EBX","",""
"0047694c","",".text","before","00476940","MOV","894C2438","MOV dword ptr [ESP + 0x38],ECX","",""
"0047694c","",".text","before","00476944","MOV","8954243C","MOV dword ptr [ESP + 0x3c],EDX","",""
"0047694c","",".text","before","00476948","MOV","89442440","MOV dword ptr [ESP + 0x40],EAX","",""
"0047694c","",".text","candidate","0047694c","MOV","894C245C","MOV dword ptr [ESP + 0x5c],ECX","",""
"0047694c","",".text","after","00476950","MOV","89542460","MOV dword ptr [ESP + 0x60],EDX","",""
"0047694c","",".text","after","00476954","MOV","89442464","MOV dword ptr [ESP + 0x64],EAX","",""
"0047694c","",".text","after","00476958","JNZ","7505","JNZ 0x0047695f","",""
"0047694c","",".text","after","0047695a","OR","83CFFF","OR EDI,0xffffffff","",""
"00477a19","",".text","before","00477a06","MOV","89542450","MOV dword ptr [ESP + 0x50],EDX","",""
"00477a19","",".text","before","00477a0a","MOV","8B15843CA400","MOV EDX,dword ptr [0x00a43c84]","",""
"00477a19","",".text","before","00477a10","MOV","89442454","MOV dword ptr [ESP + 0x54],EAX","",""
"00477a19","",".text","before","00477a14","MOV","A1883CA400","MOV EAX,[0x00a43c88]","",""
"00477a19","",".text","candidate","00477a19","MOV","8954245C","MOV dword ptr [ESP + 0x5c],EDX","",""
"00477a19","",".text","after","00477a1d","MOV","8B15A43CA400","MOV EDX,dword ptr [0x00a43ca4]","",""
"00477a19","",".text","after","00477a23","PUSH","52","PUSH EDX","",""
"00477a19","",".text","after","00477a24","MOV","8B15983CA400","MOV EDX,dword ptr [0x00a43c98]","",""
"00477a19","",".text","after","00477a2a","MOV","894C245C","MOV dword ptr [ESP + 0x5c],ECX","",""
"00477a2a","",".text","before","00477a19","MOV","8954245C","MOV dword ptr [ESP + 0x5c],EDX","",""
"00477a2a","",".text","before","00477a1d","MOV","8B15A43CA400","MOV EDX,dword ptr [0x00a43ca4]","",""
"00477a2a","",".text","before","00477a23","PUSH","52","PUSH EDX","",""
"00477a2a","",".text","before","00477a24","MOV","8B15983CA400","MOV EDX,dword ptr [0x00a43c98]","",""
"00477a2a","",".text","candidate","00477a2a","MOV","894C245C","MOV dword ptr [ESP + 0x5c],ECX","",""
"00477a2a","",".text","after","00477a2e","MOV","8B0D8C3CA400","MOV ECX,dword ptr [0x00a43c8c]","",""
"00477a2a","",".text","after","00477a34","PUSH","680000803F","PUSH 0x3f800000","",""
"00477a2a","",".text","after","00477a39","MOV","89442468","MOV dword ptr [ESP + 0x68],EAX","",""
"00477a2a","",".text","after","00477a3d","MOV","A1A03CA400","MOV EAX,[0x00a43ca0]","",""
"0047c5f6","",".text","before","0047c5e5","MOV","668B15843CA400","MOV DX,word ptr [0x00a43c84]","",""
"0047c5f6","",".text","before","0047c5ec","PUSH","6A01","PUSH 0x1","",""
"0047c5f6","",".text","before","0047c5ee","MOV","89442458","MOV dword ptr [ESP + 0x58],EAX","",""
"0047c5f6","",".text","before","0047c5f2","LEA","8D442458","LEA EAX,[ESP + 0x58]","",""
"0047c5f6","",".text","candidate","0047c5f6","MOV","894C245C","MOV dword ptr [ESP + 0x5c],ECX","",""
"0047c5f6","",".text","after","0047c5fa","MOV","B928F0B600","MOV ECX,0xb6f028","",""
"0047c5f6","",".text","after","0047c5ff","PUSH","52","PUSH EDX","",""
"0047c5f6","",".text","after","0047c600","PUSH","50","PUSH EAX","",""
"0047c5f6","",".text","after","0047c601","CALL","E8AA020900","CALL 0x0050c8b0","",""
"0047e4c3","",".text","before","0047e4b6","SUB","83EC0C","SUB ESP,0xc","",""
"0047e4c3","",".text","before","0047e4b9","MOV","894C2458","MOV dword ptr [ESP + 0x58],ECX","",""
"0047e4c3","",".text","before","0047e4bd","MOV","8B4C2454","MOV ECX,dword ptr [ESP + 0x54]","",""
"0047e4c3","",".text","before","0047e4c1","MOV","8BC4","MOV EAX,ESP","",""
"0047e4c3","",".text","candidate","0047e4c3","MOV","8954245C","MOV dword ptr [ESP + 0x5c],EDX","",""
"0047e4c3","",".text","after","0047e4c7","MOV","8B542458","MOV EDX,dword ptr [ESP + 0x58]","",""
"0047e4c3","",".text","after","0047e4cb","MOV","8908","MOV dword ptr [EAX],ECX","",""
"0047e4c3","",".text","after","0047e4cd","MOV","8B4C245C","MOV ECX,dword ptr [ESP + 0x5c]","",""
"0047e4c3","",".text","after","0047e4d1","MOV","895004","MOV dword ptr [EAX + 0x4],EDX","",""
"0048042c","",".text","before","00480420","LEA","8D4704","LEA EAX,[EDI + 0x4]","",""
"0048042c","",".text","before","00480423","MOV","8B10","MOV EDX,dword ptr [EAX]","",""
"0048042c","",".text","before","00480425","MOV","89542458","MOV dword ptr [ESP + 0x58],EDX","",""
"0048042c","",".text","before","00480429","MOV","8B4804","MOV ECX,dword ptr [EAX + 0x4]","",""
"0048042c","",".text","candidate","0048042c","MOV","894C245C","MOV dword ptr [ESP + 0x5c],ECX","",""
"0048042c","",".text","after","00480430","MOV","8B5008","MOV EDX,dword ptr [EAX + 0x8]","",""
"0048042c","",".text","after","00480433","MOV","8B4C2424","MOV ECX,dword ptr [ESP + 0x24]","",""
"0048042c","",".text","after","00480437","MOV","8BC2","MOV EAX,EDX","",""
"0048042c","",".text","after","00480439","PUSH","6A00","PUSH 0x0","",""
"00481eeb","",".text","before","00481ed8","MOV","89442424","MOV dword ptr [ESP + 0x24],EAX","",""
"00481eeb","",".text","before","00481edc","MOV","8B842488000000","MOV EAX,dword ptr [ESP + 0x88]","",""
"00481eeb","",".text","before","00481ee3","MOV","894C2468","MOV dword ptr [ESP + 0x68],ECX","",""
"00481eeb","",".text","before","00481ee7","MOV","89442464","MOV dword ptr [ESP + 0x64],EAX","",""
"00481eeb","",".text","candidate","00481eeb","MOV","894C245C","MOV dword ptr [ESP + 0x5c],ECX","",""
"00481eeb","",".text","after","00481eef","MOV","8B8C248C000000","MOV ECX,dword ptr [ESP + 0x8c]","",""
"00481eeb","",".text","after","00481ef6","MOV","89542460","MOV dword ptr [ESP + 0x60],EDX","",""
"00481eeb","",".text","after","00481efa","MOV","89542478","MOV dword ptr [ESP + 0x78],EDX","",""
"00481eeb","",".text","after","00481efe","LEA","8D54242C","LEA EDX,[ESP + 0x2c]","",""
"00482622","",".text","before","0048260f","MOV","89442424","MOV dword ptr [ESP + 0x24],EAX","",""
"00482622","",".text","before","00482613","MOV","8B842488000000","MOV EAX,dword ptr [ESP + 0x88]","",""
"00482622","",".text","before","0048261a","MOV","894C2468","MOV dword ptr [ESP + 0x68],ECX","",""
"00482622","",".text","before","0048261e","MOV","89442464","MOV dword ptr [ESP + 0x64],EAX","",""
"00482622","",".text","candidate","00482622","MOV","894C245C","MOV dword ptr [ESP + 0x5c],ECX","",""
"00482622","",".text","after","00482626","MOV","8B8C248C000000","MOV ECX,dword ptr [ESP + 0x8c]","",""
"00482622","",".text","after","0048262d","MOV","89542460","MOV dword ptr [ESP + 0x60],EDX","",""
"00482622","",".text","after","00482631","MOV","89542478","MOV dword ptr [ESP + 0x78],EDX","",""
"00482622","",".text","after","00482635","LEA","8D54242C","LEA EDX,[ESP + 0x2c]","",""
"00484f45","",".text","before","00484f3a","LEA","8D442450","LEA EAX,[ESP + 0x50]","",""
"00484f45","",".text","before","00484f3e","MOV","894C2454","MOV dword ptr [ESP + 0x54],ECX","",""
"00484f45","",".text","before","00484f42","PUSH","50","PUSH EAX","",""
"00484f45","",".text","before","00484f43","MOV","8BCE","MOV ECX,ESI","",""
"00484f45","",".text","candidate","00484f45","MOV","8954245C","MOV dword ptr [ESP + 0x5c],EDX","",""
"00484f45","",".text","after","00484f49","CALL","E872F2F9FF","CALL 0x004241c0","",""
"00484f45","",".text","after","00484f4e","FLD","D905843CA400","FLD float ptr [0x00a43c84]","",""
"00484f45","",".text","after","00484f54","FMUL","D80DEC958500","FMUL float ptr [0x008595ec]","",""
"00484f45","",".text","after","00484f5a","PUSH","51","PUSH ECX","",""
"004868b1","00486840",".text","before","004868a8","PUSH","6A00","PUSH 0x0","",""
"004868b1","00486840",".text","before","004868aa","PUSH","6A01","PUSH 0x1","",""
"004868b1","00486840",".text","before","004868ac","LEA","8D4C2448","LEA ECX,[ESP + 0x48]","",""
"004868b1","00486840",".text","before","004868b0","PUSH","51","PUSH ECX","",""
"004868b1","00486840",".text","candidate","004868b1","MOV","8954245C","MOV dword ptr [ESP + 0x5c],EDX","","00487f4f:UNCONDITIONAL_CALL|00489399:UNCONDITIONAL_CALL|00488e87:UNCONDITIONAL_CALL|00489132:UNCONDITIONAL_CALL|00487cf7:UNCONDITIONAL_CALL|004876f2:UNCONDITIONAL_CALL|0048709a:UNCONDITIONAL_CALL|004873e4:UNCONDITIONAL_CALL|00480206:UNCONDITIONAL_CALL|004879f2:UNCONDITIONAL_CALL"
"004868b1","00486840",".text","after","004868b5","LEA","8D942480000000","LEA EDX,[ESP + 0x80]","",""
"004868b1","00486840",".text","after","004868bc","PUSH","52","PUSH EDX","",""
"004868b1","00486840",".text","after","004868bd","MOV","89442464","MOV dword ptr [ESP + 0x64],EAX","",""
"004868b1","00486840",".text","after","004868c1","LEA","8D442460","LEA EAX,[ESP + 0x60]","",""
"0048ed3d","",".text","before","0048ed2d","MOV","8BC4","MOV EAX,ESP","",""
"0048ed3d","",".text","before","0048ed2f","MOV","C744245800000000","MOV dword ptr [ESP + 0x58],0x0","",""
"0048ed3d","",".text","before","0048ed37","MOV","8B4C2458","MOV ECX,dword ptr [ESP + 0x58]","",""
"0048ed3d","",".text","before","0048ed3b","MOV","8908","MOV dword ptr [EAX],ECX","",""
"0048ed3d","",".text","candidate","0048ed3d","MOV","C744245C00000000","MOV dword ptr [ESP + 0x5c],0x0","",""
"0048ed3d","",".text","after","0048ed45","MOV","8B54245C","MOV EDX,dword ptr [ESP + 0x5c]","",""
"0048ed3d","",".text","after","0048ed49","MOV","895004","MOV dword ptr [EAX + 0x4],EDX","",""
"0048ed3d","",".text","after","0048ed4c","MOV","C744246000000000","MOV dword ptr [ESP + 0x60],0x0","",""
"0048ed3d","",".text","after","0048ed54","MOV","8B4C2460","MOV ECX,dword ptr [ESP + 0x60]","",""
"0048f0c8","",".text","before","0048f0b7","MOV","89442458","MOV dword ptr [ESP + 0x58],EAX","",""
"0048f0c8","",".text","before","0048f0bb","FMUL","D80D388B8500","FMUL float ptr [0x00858b38]","",""
"0048f0c8","",".text","before","0048f0c1","MOV","8B4A04","MOV ECX,dword ptr [EDX + 0x4]","",""
"0048f0c8","",".text","before","0048f0c4","MOV","8B442430","MOV EAX,dword ptr [ESP + 0x30]","",""
"0048f0c8","",".text","candidate","0048f0c8","MOV","894C245C","MOV dword ptr [ESP + 0x5c],ECX","",""
"0048f0c8","",".text","after","0048f0cc","MOV","8B5208","MOV EDX,dword ptr [EDX + 0x8]","",""
"0048f0c8","",".text","after","0048f0cf","FSTP","D95C2434","FSTP float ptr [ESP + 0x34]","",""
"0048f0c8","",".text","after","0048f0d3","FLD","D905843CA400","FLD float ptr [0x00a43c84]","",""
"0048f0c8","",".text","after","0048f0d9","MOV","8B4C2434","MOV ECX,dword ptr [ESP + 0x34]","",""
"0048f488","",".text","before","0048f47c","LEA","8D4850","LEA ECX,[EAX + 0x50]","",""
"0048f488","",".text","before","0048f47f","MOV","8B11","MOV EDX,dword ptr [ECX]","",""
"0048f488","",".text","before","0048f481","MOV","89542458","MOV dword ptr [ESP + 0x58],EDX","",""
"0048f488","",".text","before","0048f485","MOV","8B5104","MOV EDX,dword ptr [ECX + 0x4]","",""
"0048f488","",".text","candidate","0048f488","MOV","8954245C","MOV dword ptr [ESP + 0x5c],EDX","",""
"0048f488","",".text","after","0048f48c","MOV","8B4908","MOV ECX,dword ptr [ECX + 0x8]","",""
"0048f488","",".text","after","0048f48f","MOV","894C2460","MOV dword ptr [ESP + 0x60],ECX","",""
"0048f488","",".text","after","0048f493","MOV","8B4014","MOV EAX,dword ptr [EAX + 0x14]","",""
"0048f488","",".text","after","0048f496","PUSH","50","PUSH EAX","",""
"00493cfe","004939f0",".text","before","00493cf2","MOV","8B02","MOV EAX,dword ptr [EDX]","",""
"00493cfe","004939f0",".text","before","00493cf4","MOV","89442458","MOV dword ptr [ESP + 0x58],EAX","",""
"00493cfe","004939f0",".text","before","00493cf8","MOV","8B4204","MOV EAX,dword ptr [EDX + 0x4]","",""
"00493cfe","004939f0",".text","before","00493cfb","MOV","8B5208","MOV EDX,dword ptr [EDX + 0x8]","",""
"00493cfe","004939f0",".text","candidate","00493cfe","MOV","8944245C","MOV dword ptr [ESP + 0x5c],EAX","","0046a062:UNCONDITIONAL_CALL"
"00493cfe","004939f0",".text","after","00493d02","MOV","89542460","MOV dword ptr [ESP + 0x60],EDX","",""
"00493cfe","004939f0",".text","after","00493d06","FSTP","D95C2418","FSTP float ptr [ESP + 0x18]","",""
"00493cfe","004939f0",".text","after","00493d0a","FLD","D9442424","FLD float ptr [ESP + 0x24]","",""
"00493cfe","004939f0",".text","after","00493d0e","FLD","D944241C","FLD float ptr [ESP + 0x1c]","",""
"0049703d","",".text","before","00497029","MOV","8B542418","MOV EDX,dword ptr [ESP + 0x18]","",""
"0049703d","",".text","before","0049702d","MOV","8B4C2420","MOV ECX,dword ptr [ESP + 0x20]","",""
"0049703d","",".text","before","00497031","MOV","C744245484A38500","MOV dword ptr [ESP + 0x54],0x85a384","",""
"0049703d","",".text","before","00497039","MOV","89542458","MOV dword ptr [ESP + 0x58],EDX","",""
"0049703d","",".text","candidate","0049703d","MOV","894C245C","MOV dword ptr [ESP + 0x5c],ECX","",""
"0049703d","",".text","after","00497041","MOV","894848","MOV dword ptr [EAX + 0x48],ECX","",""
"0049703d","",".text","after","00497044","MOV","8B8C24DC010000","MOV ECX,dword ptr [ESP + 0x1dc]","",""
"0049703d","",".text","after","0049704b","PUSH","51","PUSH ECX","",""
"0049703d","",".text","after","0049704c","MOV","895044","MOV dword ptr [EAX + 0x44],EDX","",""
"00498b9a","",".text","before","00498b8a","FSUB","D864242C","FSUB float ptr [ESP + 0x2c]","",""
"00498b9a","",".text","before","00498b8e","MOV","89542458","MOV dword ptr [ESP + 0x58],EDX","",""
"00498b9a","",".text","before","00498b92","FSTP","D95C246C","FSTP float ptr [ESP + 0x6c]","",""
"00498b9a","",".text","before","00498b96","MOV","8B44246C","MOV EAX,dword ptr [ESP + 0x6c]","",""
"00498b9a","",".text","candidate","00498b9a","MOV","8944245C","MOV dword ptr [ESP + 0x5c],EAX","",""
"00498b9a","",".text","after","00498b9e","CALL","E8FDE1F6FF","CALL 0x00406da0","",""
"00498b9a","",".text","after","00498ba3","FCOMP","D85C2420","FCOMP float ptr [ESP + 0x20]","",""
"00498b9a","",".text","after","00498ba7","FNSTSW","DFE0","FNSTSW AX","",""
"00498b9a","",".text","after","00498ba9","TEST","F6C405","TEST AH,0x5","",""
"00498d18","",".text","before","00498d08","MOV","8B442410","MOV EAX,dword ptr [ESP + 0x10]","",""
"00498d18","",".text","before","00498d0c","FSTP","D95C2460","FSTP float ptr [ESP + 0x60]","",""
"00498d18","",".text","before","00498d10","MOV","8B4C241C","MOV ECX,dword ptr [ESP + 0x1c]","",""
"00498d18","",".text","before","00498d14","MOV","8B542414","MOV EDX,dword ptr [ESP + 0x14]","",""
"00498d18","",".text","candidate","00498d18","MOV","8944245C","MOV dword ptr [ESP + 0x5c],EAX","",""
"00498d18","",".text","after","00498d1c","MOV","8BC1","MOV EAX,ECX","",""
"00498d18","",".text","after","00498d1e","MOV","89442478","MOV dword ptr [ESP + 0x78],EAX","",""
"00498d18","",".text","after","00498d22","MOV","A1883CA400","MOV EAX,[0x00a43c88]","",""
"00498d18","",".text","after","00498d27","TEST","85C0","TEST EAX,EAX","",""
"0049e2a9","0049dab0",".text","before","0049e299","MOV","8B542410","MOV EDX,dword ptr [ESP + 0x10]","",""
"0049e2a9","0049dab0",".text","before","0049e29d","MOV","8B44241C","MOV EAX,dword ptr [ESP + 0x1c]","",""
"0049e2a9","0049dab0",".text","before","0049e2a1","MOV","894C2454","MOV dword ptr [ESP + 0x54],ECX","",""
"0049e2a9","0049dab0",".text","before","0049e2a5","MOV","89542458","MOV dword ptr [ESP + 0x58],EDX","",""
"0049e2a9","0049dab0",".text","candidate","0049e2a9","MOV","8944245C","MOV dword ptr [ESP + 0x5c],EAX","","00536987:UNCONDITIONAL_CALL|005369d3:UNCONDITIONAL_CALL|00536a0d:UNCONDITIONAL_CALL|00536a68:UNCONDITIONAL_CALL|00536b5a:UNCONDITIONAL_CALL"
"0049e2a9","0049dab0",".text","after","0049e2ad","JNZ","7513","JNZ 0x0049e2c2","",""
"0049e2a9","0049dab0",".text","after","0049e2af","MOV","8BCE","MOV ECX,ESI","",""
"0049e2a9","0049dab0",".text","after","0049e2b1","CALL","E8AA120B00","CALL 0x0054f560","",""
"0049e2a9","0049dab0",".text","after","0049e2b6","MOV","8B4E14","MOV ECX,dword ptr [ESI + 0x14]","",""
"0049e433","0049dab0",".text","before","0049e426","MOV","8B7E14","MOV EDI,dword ptr [ESI + 0x14]","",""
"0049e433","0049dab0",".text","before","0049e429","TEST","85FF","TEST EDI,EDI","",""
"0049e433","0049dab0",".text","before","0049e42b","FADD","D844242C","FADD float ptr [ESP + 0x2c]","",""
"0049e433","0049dab0",".text","before","0049e42f","MOV","8B4C2434","MOV ECX,dword ptr [ESP + 0x34]","",""
"0049e433","0049dab0",".text","candidate","0049e433","MOV","894C245C","MOV dword ptr [ESP + 0x5c],ECX","","00536987:UNCONDITIONAL_CALL|005369d3:UNCONDITIONAL_CALL|00536a0d:UNCONDITIONAL_CALL|00536a68:UNCONDITIONAL_CALL|00536b5a:UNCONDITIONAL_CALL"
"0049e433","0049dab0",".text","after","0049e437","FMUL","D80D8C8B8500","FMUL float ptr [0x00858b8c]","",""
"0049e433","0049dab0",".text","after","0049e43d","FSTP","D95C2428","FSTP float ptr [ESP + 0x28]","",""
"0049e433","0049dab0",".text","after","0049e441","FLD","D9442418","FLD float ptr [ESP + 0x18]","",""
"0049e433","0049dab0",".text","after","0049e445","MOV","8B542428","MOV EDX,dword ptr [ESP + 0x28]","",""
"0049ec6b","0049eb00",".text","before","0049ec5c","PUSH","689A99193F","PUSH 0x3f19999a","",""
"0049ec6b","0049eb00",".text","before","0049ec61","PUSH","55","PUSH EBP","",""
"0049ec6b","0049eb00",".text","before","0049ec62","PUSH","68000080BF","PUSH 0xbf800000","",""
"0049ec6b","0049eb00",".text","before","0049ec67","LEA","8D442430","LEA EAX,[ESP + 0x30]","",""
"0049ec6b","0049eb00",".text","candidate","0049ec6b","MOV","8954245C","MOV dword ptr [ESP + 0x5c],EDX","","004c08e0:UNCONDITIONAL_CALL|0073bade:UNCONDITIONAL_CALL|0061d068:UNCONDITIONAL_CALL|005e7228:UNCONDITIONAL_CALL|006db402:UNCONDITIONAL_CALL|00736374:UNCONDITIONAL_CALL"
"0049ec6b","0049eb00",".text","after","0049ec6f","FILD","DB44245C","FILD dword ptr [ESP + 0x5c]","",""
"0049ec6b","0049eb00",".text","after","0049ec73","LEA","8D54243C","LEA EDX,[ESP + 0x3c]","",""
"0049ec6b","0049eb00",".text","after","0049ec77","PUSH","52","PUSH EDX","",""
"0049ec6b","0049eb00",".text","after","0049ec78","PUSH","6A00","PUSH 0x0","",""
"004a280d","004a258e",".text","before","004a2800","CALL","E819F33700","CALL 0x00821b1e","",""
"004a280d","004a258e",".text","before","004a2805","CDQ","99","CDQ","",""
"004a280d","004a258e",".text","before","004a2806","MOV","B910270000","MOV ECX,0x2710","",""
"004a280d","004a258e",".text","before","004a280b","IDIV","F7F9","IDIV ECX","",""
"004a280d","004a258e",".text","candidate","004a280d","MOV","8954245C","MOV dword ptr [ESP + 0x5c],EDX","","0040606c:UNCONDITIONAL_CALL"
"004a280d","004a258e",".text","after","004a2811","FILD","DB44245C","FILD dword ptr [ESP + 0x5c]","",""
"004a280d","004a258e",".text","after","004a2815","FMUL","D80DC48F8500","FMUL float ptr [0x00858fc4]","",""
"004a280d","004a258e",".text","after","004a281b","FMUL","D84C244C","FMUL float ptr [ESP + 0x4c]","",""
"004a280d","004a258e",".text","after","004a281f","FMUL","D84F04","FMUL float ptr [EDI + 0x4]","",""
"004a3217","",".text","before","004a31fb","FMUL","D88C2448010000","FMUL float ptr [ESP + 0x148]","",""
"004a3217","",".text","before","004a3202","FSTP","D99C24DC000000","FSTP float ptr [ESP + 0xdc]","",""
"004a3217","",".text","before","004a3209","MOV","8B9424DC000000","MOV EDX,dword ptr [ESP + 0xdc]","",""
"004a3217","",".text","before","004a3210","FMUL","D88C2448010000","FMUL float ptr [ESP + 0x148]","",""
"004a3217","",".text","candidate","004a3217","MOV","8954245C","MOV dword ptr [ESP + 0x5c],EDX","",""
"004a3217","",".text","after","004a321b","FSTP","D99C24E0000000","FSTP float ptr [ESP + 0xe0]","",""
"004a3217","",".text","after","004a3222","MOV","8B8424E0000000","MOV EAX,dword ptr [ESP + 0xe0]","",""
"004a3217","",".text","after","004a3229","MOV","89442460","MOV dword ptr [ESP + 0x60],EAX","",""
"004a3217","",".text","after","004a322d","JMP","EB72","JMP 0x004a32a1","",""
"004a49c4","004a4960",".text","before","004a49b8","MOV","895E4C","MOV dword ptr [ESI + 0x4c],EBX","",""
"004a49c4","004a4960",".text","before","004a49bb","MOV","895E50","MOV dword ptr [ESI + 0x50],EBX","",""
"004a49c4","004a4960",".text","before","004a49be","MOV","895E54","MOV dword ptr [ESI + 0x54],EBX","",""
"004a49c4","004a4960",".text","before","004a49c1","MOV","895E58","MOV dword ptr [ESI + 0x58],EBX","",""
"004a49c4","004a4960",".text","candidate","004a49c4","MOV","89465C","MOV dword ptr [ESI + 0x5c],EAX","","004a3ec8:UNCONDITIONAL_CALL|004a4078:UNCONDITIONAL_CALL|004a4214:UNCONDITIONAL_CALL"
"004a49c4","004a4960",".text","after","004a49c7","MOV","895E60","MOV dword ptr [ESI + 0x60],EBX","",""
"004a49c4","004a4960",".text","after","004a49ca","MOV","894664","MOV dword ptr [ESI + 0x64],EAX","",""
"004a49c4","004a4960",".text","after","004a49cd","MOV","8A4708","MOV AL,byte ptr [EDI + 0x8]","",""
"004a49c4","004a4960",".text","after","004a49d0","XOR","33ED","XOR EBP,EBP","",""
"004a5366","",".text","before","004a5359","CALL","E8C0C73700","CALL 0x00821b1e","",""
"004a5366","",".text","before","004a535e","CDQ","99","CDQ","",""
"004a5366","",".text","before","004a535f","MOV","B910270000","MOV ECX,0x2710","",""
"004a5366","",".text","before","004a5364","IDIV","F7F9","IDIV ECX","",""
"004a5366","",".text","candidate","004a5366","MOV","8954245C","MOV dword ptr [ESP + 0x5c],EDX","",""
"004a5366","",".text","after","004a536a","FILD","DB44245C","FILD dword ptr [ESP + 0x5c]","",""
"004a5366","",".text","after","004a536e","FMUL","D80DD0A78500","FMUL float ptr [0x0085a7d0]","",""
"004a5366","",".text","after","004a5374","FSUB","D82524868500","FSUB float ptr [0x00858624]","",""
"004a5366","",".text","after","004a537a","FSTP","D95C240C","FSTP float ptr [ESP + 0xc]","",""
"004a538f","",".text","before","004a5383","CDQ","99","CDQ","",""
"004a538f","",".text","before","004a5384","MOV","B910270000","MOV ECX,0x2710","",""
"004a538f","",".text","before","004a5389","IDIV","F7F9","IDIV ECX","",""
"004a538f","",".text","before","004a538b","LEA","8D442408","LEA EAX,[ESP + 0x8]","",""
"004a538f","",".text","candidate","004a538f","MOV","8954245C","MOV dword ptr [ESP + 0x5c],EDX","",""
"004a538f","",".text","after","004a5393","FILD","DB44245C","FILD dword ptr [ESP + 0x5c]","",""
"004a538f","",".text","after","004a5397","LEA","8D542408","LEA EDX,[ESP + 0x8]","",""
"004a538f","",".text","after","004a539b","PUSH","52","PUSH EDX","",""
"004a538f","",".text","after","004a539c","PUSH","50","PUSH EAX","",""
"004a641e","",".text","before","004a6410","MOV","895050","MOV dword ptr [EAX + 0x50],EDX","",""
"004a641e","",".text","before","004a6413","MOV","8B542418","MOV EDX,dword ptr [ESP + 0x18]","",""
"004a641e","",".text","before","004a6417","MOV","895058","MOV dword ptr [EAX + 0x58],EDX","",""
"004a641e","",".text","before","004a641a","MOV","8B54241C","MOV EDX,dword ptr [ESP + 0x1c]","",""
"004a641e","",".text","candidate","004a641e","MOV","89505C","MOV dword ptr [EAX + 0x5c],EDX","",""
"004a641e","",".text","after","004a6421","MOV","8B542420","MOV EDX,dword ptr [ESP + 0x20]","",""
"004a641e","",".text","after","004a6425","PUSH","51","PUSH ECX","",""
"004a641e","",".text","after","004a6426","MOV","C6407801","MOV byte ptr [EAX + 0x78],0x1","",""
"004a641e","",".text","after","004a642a","MOV","895060","MOV dword ptr [EAX + 0x60],EDX","",""
"004aa6d9","004aa6c0",".text","before","004aa6ce","PUSH","56","PUSH ESI","",""
"004aa6d9","004aa6c0",".text","before","004aa6cf","MOV","8BF1","MOV ESI,ECX","",""
"004aa6d9","004aa6c0",".text","before","004aa6d1","MOV","884652","MOV byte ptr [ESI + 0x52],AL","",""
"004aa6d9","004aa6c0",".text","before","004aa6d4","CALL","E867743700","CALL 0x00821b40","",""
"004aa6d9","004aa6c0",".text","candidate","004aa6d9","MOV","6689465C","MOV word ptr [ESI + 0x5c],AX","","0073e796:UNCONDITIONAL_CALL|006a3d3d:UNCONDITIONAL_CALL|006a3dfa:UNCONDITIONAL_CALL|0053add5:UNCONDITIONAL_CALL|006d2b85:UNCONDITIONAL_CALL|006b09aa:UNCONDITIONAL_CALL|006ca0d6:UNCONDITIONAL_CALL|006ca162:UNCONDITIONAL_CALL|006ca1f2:UNCONDITIONAL_CALL|006ca282:UNCONDITIONAL_CALL|006f16f1:UNCONDITIONAL_CALL|0067b9f2:UNCONDITIONAL_CALL|0067ba04:UNCONDITIONAL_CALL"
"004aa6d9","004aa6c0",".text","after","004aa6dd","POP","5E","POP ESI","",""
"004aa6d9","004aa6c0",".text","after","004aa6de","RET","C20800","RET 0x8","",""
"004aa6d9","004aa6c0",".text","after","004aa6f0","FLD","D9442404","FLD float ptr [ESP + 0x4]","",""
"004aa6d9","004aa6c0",".text","after","004aa6f4","PUSH","56","PUSH ESI","",""
"004aa791","004aa750",".text","before","004aa782","MOV","897554","MOV dword ptr [EBP + 0x54],ESI","",""
"004aa791","004aa750",".text","before","004aa785","MOV","C6455001","MOV byte ptr [EBP + 0x50],0x1","",""
"004aa791","004aa750",".text","before","004aa789","MOV","C6455100","MOV byte ptr [EBP + 0x51],0x0","",""
"004aa791","004aa750",".text","before","004aa78d","MOV","C6455200","MOV byte ptr [EBP + 0x52],0x0","",""
"004aa791","004aa750",".text","candidate","004aa791","MOV","6689755C","MOV word ptr [EBP + 0x5c],SI","","004a9794:UNCONDITIONAL_CALL|004a963a:UNCONDITIONAL_CALL"
"004aa791","004aa750",".text","after","004aa795","MOV","6689455E","MOV word ptr [EBP + 0x5e],AX","",""
"004aa791","004aa750",".text","after","004aa799","MOV","66894560","MOV word ptr [EBP + 0x60],AX","",""
"004aa791","004aa750",".text","after","004aa79d","MOV","897568","MOV dword ptr [EBP + 0x68],ESI","",""
"004aa791","004aa750",".text","after","004aa7a0","MOV","89756C","MOV dword ptr [EBP + 0x6c],ESI","",""
"004aad2e","004aac90",".text","before","004aad1b","PUSH","6818AA8500","PUSH 0x85aa18","",""
"004aad2e","004aac90",".text","before","004aad20","MOV","89442454","MOV dword ptr [ESP + 0x54],EAX","",""
"004aad2e","004aac90",".text","before","004aad24","CALL","E807220900","CALL 0x0053cf30","",""
"004aad2e","004aac90",".text","before","004aad29","PUSH","6810AA8500","PUSH 0x85aa10","",""
"004aad2e","004aac90",".text","candidate","004aad2e","MOV","8944245C","MOV dword ptr [ESP + 0x5c],EAX","","004ab0bb:UNCONDITIONAL_CALL"
"004aad2e","004aac90",".text","after","004aad32","CALL","E8F9210900","CALL 0x0053cf30","",""
"004aad2e","004aac90",".text","after","004aad37","PUSH","6804AA8500","PUSH 0x85aa04","",""
"004aad2e","004aac90",".text","after","004aad3c","MOV","89442464","MOV dword ptr [ESP + 0x64],EAX","",""
"004aad2e","004aac90",".text","after","004aad40","CALL","E8EB210900","CALL 0x0053cf30","",""
"004b3000","004b2ee0",".text","before","004b2ff6","PUSH","52","PUSH EDX","",""
"004b3000","004b2ee0",".text","before","004b2ff7","PUSH","50","PUSH EAX","",""
"004b3000","004b2ee0",".text","before","004b2ff8","CALL","E863061400","CALL 0x005f3660","",""
"004b3000","004b2ee0",".text","before","004b2ffd","ADD","83C410","ADD ESP,0x10","",""
"004b3000","004b2ee0",".text","candidate","004b3000","MOV","897C245C","MOV dword ptr [ESP + 0x5c],EDI","","0085ac3c:DATA"
"004b3000","004b2ee0",".text","after","004b3004","MOV","897C2410","MOV dword ptr [ESP + 0x10],EDI","",""
"004b3000","004b2ee0",".text","after","004b3008","LEA","8D742428","LEA ESI,[ESP + 0x28]","",""
"004b3000","004b2ee0",".text","after","004b300c","LEA","8D642400","LEA ESP,[ESP]","",""
"004b3000","004b2ee0",".text","after","004b3010","MOV","8B4C2414","MOV ECX,dword ptr [ESP + 0x14]","",""
"004b302f","004b2ee0",".text","before","004b3022","FCOMP","D81D508B8500","FCOMP float ptr [0x00858b50]","",""
"004b302f","004b2ee0",".text","before","004b3028","FNSTSW","DFE0","FNSTSW AX","",""
"004b302f","004b2ee0",".text","before","004b302a","TEST","F6C405","TEST AH,0x5","",""
"004b302f","004b2ee0",".text","before","004b302d","JP","7A04","JP 0x004b3033","",""
"004b302f","004b2ee0",".text","candidate","004b302f","INC","FF44245C","INC dword ptr [ESP + 0x5c]","","0085ac3c:DATA"
"004b302f","004b2ee0",".text","after","004b3033","MOV","8B4314","MOV EAX,dword ptr [EBX + 0x14]","",""
"004b302f","004b2ee0",".text","after","004b3036","TEST","85C0","TEST EAX,EAX","",""
"004b302f","004b2ee0",".text","after","004b3038","JZ","7405","JZ 0x004b303f","",""
"004b302f","004b2ee0",".text","after","004b303a","ADD","83C030","ADD EAX,0x30","",""
"004b5bf5","004b5ac0",".text","before","004b5be9","CALL","E8427CFFFF","CALL 0x004ad830","",""
"004b5bf5","004b5ac0",".text","before","004b5bee","LEA","8D44240C","LEA EAX,[ESP + 0xc]","",""
"004b5bf5","004b5ac0",".text","before","004b5bf2","PUSH","50","PUSH EAX","",""
"004b5bf5","004b5ac0",".text","before","004b5bf3","MOV","8BCF","MOV ECX,EDI","",""
"004b5bf5","004b5ac0",".text","candidate","004b5bf5","MOV","C744245C00000000","MOV dword ptr [ESP + 0x5c],0x0","","004ba0a8:UNCONDITIONAL_CALL|005f0d2a:UNCONDITIONAL_CALL|005f0f44:UNCONDITIONAL_CALL|005680d3:UNCONDITIONAL_CALL|0056828c:UNCONDITIONAL_CALL|0073a6e9:UNCONDITIONAL_CALL|00439074:UNCONDITIONAL_CALL|005e2f8f:UNCONDITIONAL_CALL|005e3054:UNCONDITIONAL_CALL|00654034:UNCONDITIONAL_CALL|0067c911:UNCONDITIONAL_CALL|0068604b:UNCONDITIONAL_CALL|006b6396:UNCONDITIONAL_CALL|006b6580:UNCONDITIONAL_CALL|006a92bb:UNCONDITIONAL_CALL|006a94fa:UNCONDITIONAL_CALL|006dbe9c:UNCONDITIONAL_CALL|006d840a:UNCONDITIONAL_CALL|006049c9:UNCONDITIONAL_CALL|00604ab8:UNCONDITIONAL_CALL|00629810:UNCONDITIONAL_CALL|0063344a:UNCONDITIONAL_CALL|0065698c:UNCONDITIONAL_CALL|0068b462:UNCONDITIONAL_CALL|006db326:UNCONDITIONAL_CALL|004813e5:UNCONDITIONAL_CALL"
"004b5bf5","004b5ac0",".text","after","004b5bfd","CALL","E80E451500","CALL 0x0060a110","",""
"004b5bf5","004b5ac0",".text","after","004b5c02","LEA","8D4C240C","LEA ECX,[ESP + 0xc]","",""
"004b5bf5","004b5ac0",".text","after","004b5c06","MOV","C7442458FFFFFFFF","MOV dword ptr [ESP + 0x58],0xffffffff","",""
"004b5bf5","004b5ac0",".text","after","004b5c0e","CALL","E84D7DFFFF","CALL 0x004ad960","",""
"004bdeec","004bdb80",".text","before","004bdedf","CALL","E8DCA3F4FF","CALL 0x004082c0","",""
"004bdeec","004bdb80",".text","before","004bdee4","FSTP","D95C2420","FSTP float ptr [ESP + 0x20]","",""
"004bdeec","004bdb80",".text","before","004bdee8","TEST","85FF","TEST EDI,EDI","",""
"004bdeec","004bdb80",".text","before","004bdeea","JZ","7404","JZ 0x004bdef0","",""
"004bdeec","004bdb80",".text","candidate","004bdeec","OR","804F5C02","OR byte ptr [EDI + 0x5c],0x2","","004c3902:UNCONDITIONAL_CALL"
"004bdeec","004bdb80",".text","after","004bdef0","TEST","85ED","TEST EBP,EBP","",""
"004bdeec","004bdb80",".text","after","004bdef2","JZ","740D","JZ 0x004bdf01","",""
"004bdeec","004bdb80",".text","after","004bdef4","FLD","D9442420","FLD float ptr [ESP + 0x20]","",""
"004bdeec","004bdb80",".text","after","004bdef8","FADD","D8051C8B8500","FADD float ptr [0x00858b1c]","",""
"004bec37","004be7d0",".text","before","004bec2a","CALL","E89196F4FF","CALL 0x004082c0","",""
"004bec37","004be7d0",".text","before","004bec2f","FSTP","D95C2414","FSTP float ptr [ESP + 0x14]","",""
"004bec37","004be7d0",".text","before","004bec33","TEST","85F6","TEST ESI,ESI","",""
"004bec37","004be7d0",".text","before","004bec35","JZ","7406","JZ 0x004bec3d","",""
"004bec37","004be7d0",".text","candidate","004bec37","OR","804E5C02","OR byte ptr [ESI + 0x5c],0x2","","004c3911:UNCONDITIONAL_CALL"
"004bec37","004be7d0",".text","after","004bec3b","JMP","EB11","JMP 0x004bec4e","",""
"004bec37","004be7d0",".text","after","004bec3d","TEST","85DB","TEST EBX,EBX","",""
"004bec37","004be7d0",".text","after","004bec3f","JZ","740D","JZ 0x004bec4e","",""
"004bec37","004be7d0",".text","after","004bec41","FLD","D9442414","FLD float ptr [ESP + 0x14]","",""
"004befbb","004be7d0",".text","before","004befae","CALL","E80D93F4FF","CALL 0x004082c0","",""
"004befbb","004be7d0",".text","before","004befb3","FSTP","D95C2414","FSTP float ptr [ESP + 0x14]","",""
"004befbb","004be7d0",".text","before","004befb7","TEST","85F6","TEST ESI,ESI","",""
"004befbb","004be7d0",".text","before","004befb9","JZ","7406","JZ 0x004befc1","",""
"004befbb","004be7d0",".text","candidate","004befbb","OR","804E5C02","OR byte ptr [ESI + 0x5c],0x2","","004c3911:UNCONDITIONAL_CALL"
"004befbb","004be7d0",".text","after","004befbf","JMP","EB11","JMP 0x004befd2","",""
"004befbb","004be7d0",".text","after","004befc1","TEST","85DB","TEST EBX,EBX","",""
"004befbb","004be7d0",".text","after","004befc3","JZ","740D","JZ 0x004befd2","",""
"004befbb","004be7d0",".text","after","004befc5","FLD","D9442414","FLD float ptr [ESP + 0x14]","",""
"004bf1bb","004be7d0",".text","before","004bf1ae","CALL","E80D91F4FF","CALL 0x004082c0","",""
"004bf1bb","004be7d0",".text","before","004bf1b3","FSTP","D95C2420","FSTP float ptr [ESP + 0x20]","",""
"004bf1bb","004be7d0",".text","before","004bf1b7","TEST","85F6","TEST ESI,ESI","",""
"004bf1bb","004be7d0",".text","before","004bf1b9","JZ","7406","JZ 0x004bf1c1","",""
"004bf1bb","004be7d0",".text","candidate","004bf1bb","OR","804E5C02","OR byte ptr [ESI + 0x5c],0x2","","004c3911:UNCONDITIONAL_CALL"
"004bf1bb","004be7d0",".text","after","004bf1bf","JMP","EB11","JMP 0x004bf1d2","",""
"004bf1bb","004be7d0",".text","after","004bf1c1","TEST","85DB","TEST EBX,EBX","",""
"004bf1bb","004be7d0",".text","after","004bf1c3","JZ","740D","JZ 0x004bf1d2","",""
"004bf1bb","004be7d0",".text","after","004bf1c5","FLD","D9442420","FLD float ptr [ESP + 0x20]","",""
"004c2815","004c2610",".text","before","004c280a","MOV","8A4C243C","MOV CL,byte ptr [ESP + 0x3c]","",""
"004c2815","004c2610",".text","before","004c280e","TEST","84C9","TEST CL,CL","",""
"004c2815","004c2610",".text","before","004c2810","MOV","894324","MOV dword ptr [EBX + 0x24],EAX","",""
"004c2815","004c2610",".text","before","004c2813","JZ","7409","JZ 0x004c281e","",""
"004c2815","004c2610",".text","candidate","004c2815","OR","80485C04","OR byte ptr [EAX + 0x5c],0x4","","004c3a24:UNCONDITIONAL_CALL"
"004c2815","004c2610",".text","after","004c2819","JMP","EB03","JMP 0x004c281e","",""
"004c2815","004c2610",".text","after","004c281b","MOV","897324","MOV dword ptr [EBX + 0x24],ESI","",""
"004c2815","004c2610",".text","after","004c281e","MOV","8B4C2424","MOV ECX,dword ptr [ESP + 0x24]","",""
"004c2815","004c2610",".text","after","004c2822","POP","5F","POP EDI","",""
"004c45c5","004c4576",".text","before","004c45b7","AND","25FF000000","AND EAX,0xff","",""
"004c45c5","004c4576",".text","before","004c45bc","MOV","BD80BB8500","MOV EBP,0x85bb80","",""
"004c45c5","004c4576",".text","before","004c45c1","XOR","33FF","XOR EDI,EDI","",""
"004c45c5","004c4576",".text","before","004c45c3","CMP","3BCB","CMP ECX,EBX","",""
"004c45c5","004c4576",".text","candidate","004c45c5","MOV","894C245C","MOV dword ptr [ESP + 0x5c],ECX","","00402234:UNCONDITIONAL_CALL"
"004c45c5","004c4576",".text","after","004c45c9","MOV","895C2460","MOV dword ptr [ESP + 0x60],EBX","",""
"004c45c5","004c4576",".text","after","004c45cd","MOV","C744246478BB8500","MOV dword ptr [ESP + 0x64],0x85bb78","",""
"004c45c5","004c4576",".text","after","004c45d5","MOV","C744246C70BB8500","MOV dword ptr [ESP + 0x6c],0x85bb70","",""
"004c45c5","004c4576",".text","after","004c45dd","MOV","89742470","MOV dword ptr [ESP + 0x70],ESI","",""
"004c75eb","004c75e0",".text","before","004c75e1","PUSH","57","PUSH EDI","",""
"004c75eb","004c75e0",".text","before","004c75e2","MOV","8BF1","MOV ESI,ECX","",""
"004c75eb","004c75e0",".text","before","004c75e4","CALL","E877D4FFFF","CALL 0x004c4a60","",""
"004c75eb","004c75e0",".text","before","004c75e9","XOR","33C0","XOR EAX,EAX","",""
"004c75eb","004c75e0",".text","candidate","004c75eb","MOV","89465C","MOV dword ptr [ESI + 0x5c],EAX","","004c5f56:DATA"
"004c75eb","004c75e0",".text","after","004c75ee","MOV","8886D0020000","MOV byte ptr [ESI + 0x2d0],AL","",""
"004c75eb","004c75e0",".text","after","004c75f4","MOV","88464E","MOV byte ptr [ESI + 0x4e],AL","",""
"004c75eb","004c75e0",".text","after","004c75f7","OR","83C8FF","OR EAX,0xffffffff","",""
"004c75eb","004c75e0",".text","after","004c75fa","MOV","C706C8C58500","MOV dword ptr [ESI],0x85c5c8","",""
"004c95ff","004c95c0",".text","before","004c95f4","MOV","8BC8","MOV ECX,EAX","",""
"004c95ff","004c95c0",".text","before","004c95f6","CALL","E865F7FFFF","CALL 0x004c8d60","",""
"004c95ff","004c95c0",".text","before","004c95fb","JMP","EB02","JMP 0x004c95ff","",""
"004c95ff","004c95c0",".text","before","004c95fd","XOR","33C0","XOR EAX,EAX","",""
"004c95ff","004c95c0",".text","candidate","004c95ff","MOV","89465C","MOV dword ptr [ESI + 0x5c],EAX","004c95fb:UNCONDITIONAL_JUMP","0085c608:DATA"
"004c95ff","004c95c0",".text","after","004c9602","MOV","8B442418","MOV EAX,dword ptr [ESP + 0x18]","",""
"004c95ff","004c95c0",".text","after","004c9606","PUSH","50","PUSH EAX","",""
"004c95ff","004c95c0",".text","after","004c9607","MOV","8BCE","MOV ECX,ESI","",""
"004c95ff","004c95c0",".text","after","004c9609","MOV","C7442414FFFFFFFF","MOV dword ptr [ESP + 0x14],0xffffffff","",""
"004c98d2","004c9890",".text","before","004c98c9","CMP","3B510C","CMP EDX,dword ptr [ECX + 0xc]","",""
"004c98d2","004c9890",".text","before","004c98cc","POP","5B","POP EBX","",""
"004c98d2","004c9890",".text","before","004c98cd","JGE","7D03","JGE 0x004c98d2","",""
"004c98d2","004c9890",".text","before","004c98cf","MOV","89510C","MOV dword ptr [ECX + 0xc],EDX","",""
"004c98d2","004c9890",".text","candidate","004c98d2","MOV","C7475C00000000","MOV dword ptr [EDI + 0x5c],0x0","004c98cd:CONDITIONAL_JUMP","0085c5e8:DATA"
"004c98d2","004c9890",".text","after","004c98d9","MOV","8BCF","MOV ECX,EDI","",""
"004c98d2","004c9890",".text","after","004c98db","POP","5F","POP EDI","",""
"004c98d2","004c9890",".text","after","004c98dc","POP","5E","POP ESI","",""
"004c98d2","004c9890",".text","after","004c98dd","JMP","E98EB5FFFF","JMP 0x004c4e70","",""
"004c9fe7","004c9f90",".text","before","004c9fd8","JNZ","7508","JNZ 0x004c9fe2","",""
"004c9fe7","004c9f90",".text","before","004c9fda","MOV","C744241410880000","MOV dword ptr [ESP + 0x14],0x8810","",""
"004c9fe7","004c9f90",".text","before","004c9fe2","XOR","33D2","XOR EDX,EDX","",""
"004c9fe7","004c9f90",".text","before","004c9fe4","MOV","8A5620","MOV DL,byte ptr [ESI + 0x20]","",""
"004c9fe7","004c9f90",".text","candidate","004c9fe7","MOV","8854245C","MOV byte ptr [ESP + 0x5c],DL","","004cb06b:UNCONDITIONAL_CALL|007f73c5:DATA"
"004c9fe7","004c9f90",".text","after","004c9feb","AND","83E207","AND EDX,0x7","",""
"004c9fe7","004c9f90",".text","after","004c9fee","CMP","83FA05","CMP EDX,0x5","",""
"004c9fe7","004c9f90",".text","after","004c9ff1","JA","0F8777020000","JA 0x004ca26e","",""
"004c9fe7","004c9f90",".text","after","004c9ff7","JMP","FF249578A24C00","JMP dword ptr [EDX*0x4 + 0x4ca278]","",""
"004ca17e","004c9f90",".text","before","004ca173","MOV","8B4C281C","MOV ECX,dword ptr [EAX + EBP*0x1 + 0x1c]","",""
"004ca17e","004c9f90",".text","before","004ca177","TEST","85C9","TEST ECX,ECX","",""
"004ca17e","004c9f90",".text","before","004ca179","JZ","740C","JZ 0x004ca187","",""
"004ca17e","004c9f90",".text","before","004ca17b","MOV","8B0428","MOV EAX,dword ptr [EAX + EBP*0x1]","",""
"004ca17e","004c9f90",".text","candidate","004ca17e","MOV","8944245C","MOV dword ptr [ESP + 0x5c],EAX","","004cb06b:UNCONDITIONAL_CALL|007f73c5:DATA"
"004ca17e","004c9f90",".text","after","004ca182","JMP","E96BFFFFFF","JMP 0x004ca0f2","",""
"004ca17e","004c9f90",".text","after","004ca187","MOV","A1307CC900","MOV EAX,[0x00c97c30]","",""
"004ca17e","004c9f90",".text","after","004ca18c","MOV","8944245C","MOV dword ptr [ESP + 0x5c],EAX","",""
"004ca17e","004c9f90",".text","after","004ca190","JMP","E95DFFFFFF","JMP 0x004ca0f2","",""
"004ca18c","004c9f90",".text","before","004ca17b","MOV","8B0428","MOV EAX,dword ptr [EAX + EBP*0x1]","",""
"004ca18c","004c9f90",".text","before","004ca17e","MOV","8944245C","MOV dword ptr [ESP + 0x5c],EAX","",""
"004ca18c","004c9f90",".text","before","004ca182","JMP","E96BFFFFFF","JMP 0x004ca0f2","",""
"004ca18c","004c9f90",".text","before","004ca187","MOV","A1307CC900","MOV EAX,[0x00c97c30]","",""
"004ca18c","004c9f90",".text","candidate","004ca18c","MOV","8944245C","MOV dword ptr [ESP + 0x5c],EAX","","004cb06b:UNCONDITIONAL_CALL|007f73c5:DATA"
"004ca18c","004c9f90",".text","after","004ca190","JMP","E95DFFFFFF","JMP 0x004ca0f2","",""
"004ca18c","004c9f90",".text","after","004ca195","MOVSX","0FBF461C","MOVSX EAX,word ptr [ESI + 0x1c]","",""
"004ca18c","004c9f90",".text","after","004ca199","MOV","8B560C","MOV EDX,dword ptr [ESI + 0xc]","",""
"004ca18c","004c9f90",".text","after","004ca19c","MOVSX","0FBF4E1E","MOVSX ECX,word ptr [ESI + 0x1e]","",""
"004ca605","004ca5a0",".text","before","004ca5f5","PUSH","6A00","PUSH 0x0","",""
"004ca605","004ca5a0",".text","before","004ca5f7","CALL","E8F4B83200","CALL 0x007f5ef0","",""
"004ca605","004ca5a0",".text","before","004ca5fc","MOV","A1E4E9B400","MOV EAX,[0x00b4e9e4]","",""
"004ca605","004ca5a0",".text","before","004ca601","MOVSX","0FBF501C","MOVSX EDX,word ptr [EAX + 0x1c]","",""
"004ca605","004ca5a0",".text","candidate","004ca605","MOV","8954245C","MOV dword ptr [ESP + 0x5c],EDX","","004cade8:UNCONDITIONAL_CALL"
"004ca605","004ca5a0",".text","after","004ca609","MOVSX","0FBF481E","MOVSX ECX,word ptr [EAX + 0x1e]","",""
"004ca605","004ca5a0",".text","after","004ca60d","MOV","894C2460","MOV dword ptr [ESP + 0x60],ECX","",""
"004ca605","004ca5a0",".text","after","004ca611","MOV","8B500C","MOV EDX,dword ptr [EAX + 0xc]","",""
"004ca605","004ca5a0",".text","after","004ca614","MOV","89542464","MOV dword ptr [ESP + 0x64],EDX","",""
"004ccc35","004cc978",".text","before","004ccc2d","MOVSD.REP","F3A5","MOVSD.REP ES:EDI,ESI","",""
"004ccc35","004cc978",".text","before","004ccc2f","LEA","8D4C2428","LEA ECX,[ESP + 0x28]","",""
"004ccc35","004cc978",".text","before","004ccc33","PUSH","51","PUSH ECX","",""
"004ccc35","004cc978",".text","before","004ccc34","PUSH","50","PUSH EAX","",""
"004ccc35","004cc978",".text","candidate","004ccc35","MOV","8944245C","MOV dword ptr [ESP + 0x5c],EAX","","004059c8:UNCONDITIONAL_CALL"
"004ccc35","004cc978",".text","after","004ccc39","CALL","FF1504838500","CALL dword ptr [0x00858304]","",""
"004ccc35","004cc978",".text","after","004ccc3f","MOV","8B7C2430","MOV EDI,dword ptr [ESP + 0x30]","",""
"004ccc35","004cc978",".text","after","004ccc43","MOV","8B742434","MOV ESI,dword ptr [ESP + 0x34]","",""
"004ccc35","004cc978",".text","after","004ccc47","XOR","33D2","XOR EDX,EDX","",""
"004d16ea","004d1680",".text","before","004d16ca","MOV","C744241C00000000","MOV dword ptr [ESP + 0x1c],0x0","",""
"004d16ea","004d1680",".text","before","004d16d2","MOV","C744242000000000","MOV dword ptr [ESP + 0x20],0x0","",""
"004d16ea","004d1680",".text","before","004d16da","MOV","C744245400000000","MOV dword ptr [ESP + 0x54],0x0","",""
"004d16ea","004d1680",".text","before","004d16e2","MOV","C744245800000000","MOV dword ptr [ESP + 0x58],0x0","",""
"004d16ea","004d1680",".text","candidate","004d16ea","MOV","C744245C00000000","MOV dword ptr [ESP + 0x5c],0x0","","004d2bc2:UNCONDITIONAL_CALL|004d2e2b:UNCONDITIONAL_CALL"
"004d16ea","004d1680",".text","after","004d16f2","MOV","C744246000000000","MOV dword ptr [ESP + 0x60],0x0","",""
"004d16ea","004d1680",".text","after","004d16fa","MOV","C644240F00","MOV byte ptr [ESP + 0xf],0x0","",""
"004d16ea","004d1680",".text","after","004d16ff","MOV","C744241000000000","MOV dword ptr [ESP + 0x10],0x0","",""
"004d16ea","004d1680",".text","after","004d1707","JZ","743E","JZ 0x004d1747","",""
"004d1ade","004d1a50",".text","before","004d1abe","MOV","C744241C00000000","MOV dword ptr [ESP + 0x1c],0x0","",""
"004d1ade","004d1a50",".text","before","004d1ac6","MOV","C744242000000000","MOV dword ptr [ESP + 0x20],0x0","",""
"004d1ade","004d1a50",".text","before","004d1ace","MOV","C744245400000000","MOV dword ptr [ESP + 0x54],0x0","",""
"004d1ade","004d1a50",".text","before","004d1ad6","MOV","C744245800000000","MOV dword ptr [ESP + 0x58],0x0","",""
"004d1ade","004d1a50",".text","candidate","004d1ade","MOV","C744245C00000000","MOV dword ptr [ESP + 0x5c],0x0","","004d2bb5:UNCONDITIONAL_CALL"
"004d1ade","004d1a50",".text","after","004d1ae6","MOV","C744246000000000","MOV dword ptr [ESP + 0x60],0x0","",""
"004d1ade","004d1a50",".text","after","004d1aee","JZ","743D","JZ 0x004d1b2d","",""
"004d1ade","004d1a50",".text","after","004d1af0","MOV","8B4704","MOV EAX,dword ptr [EDI + 0x4]","",""
"004d1ade","004d1a50",".text","after","004d1af3","LEA","8D7704","LEA ESI,[EDI + 0x4]","",""
"004d1e3e","004d1db0",".text","before","004d1e1e","MOV","C744241C00000000","MOV dword ptr [ESP + 0x1c],0x0","",""
"004d1e3e","004d1db0",".text","before","004d1e26","MOV","C744242000000000","MOV dword ptr [ESP + 0x20],0x0","",""
"004d1e3e","004d1db0",".text","before","004d1e2e","MOV","C744245400000000","MOV dword ptr [ESP + 0x54],0x0","",""
"004d1e3e","004d1db0",".text","before","004d1e36","MOV","C744245800000000","MOV dword ptr [ESP + 0x58],0x0","",""
"004d1e3e","004d1db0",".text","candidate","004d1e3e","MOV","C744245C00000000","MOV dword ptr [ESP + 0x5c],0x0","","004d2e5f:UNCONDITIONAL_CALL"
"004d1e3e","004d1db0",".text","after","004d1e46","MOV","C744246000000000","MOV dword ptr [ESP + 0x60],0x0","",""
"004d1e3e","004d1db0",".text","after","004d1e4e","JZ","7430","JZ 0x004d1e80","",""
"004d1e3e","004d1db0",".text","after","004d1e50","MOV","8B4604","MOV EAX,dword ptr [ESI + 0x4]","",""
"004d1e3e","004d1db0",".text","after","004d1e53","LEA","8D4E04","LEA ECX,[ESI + 0x4]","",""
"004d2178","004d2100",".text","before","004d2158","MOV","C744244800000000","MOV dword ptr [ESP + 0x48],0x0","",""
"004d2178","004d2100",".text","before","004d2160","MOV","C744244C00000000","MOV dword ptr [ESP + 0x4c],0x0","",""
"004d2178","004d2100",".text","before","004d2168","MOV","C744245400000000","MOV dword ptr [ESP + 0x54],0x0","",""
"004d2178","004d2100",".text","before","004d2170","MOV","C744245800000000","MOV dword ptr [ESP + 0x58],0x0","",""
"004d2178","004d2100",".text","candidate","004d2178","MOV","C744245C00000000","MOV dword ptr [ESP + 0x5c],0x0","","004d30d3:UNCONDITIONAL_CALL"
"004d2178","004d2100",".text","after","004d2180","MOV","C744246000000000","MOV dword ptr [ESP + 0x60],0x0","",""
"004d2178","004d2100",".text","after","004d2188","MOV","885C240F","MOV byte ptr [ESP + 0xf],BL","",""
"004d2178","004d2100",".text","after","004d218c","JZ","7432","JZ 0x004d21c0","",""
"004d2178","004d2100",".text","after","004d218e","MOV","8B4604","MOV EAX,dword ptr [ESI + 0x4]","",""
"004d486c","004d47f0",".text","before","004d4860","AND","83E003","AND EAX,0x3","",""
"004d486c","004d47f0",".text","before","004d4863","JZ","740B","JZ 0x004d4870","",""
"004d486c","004d47f0",".text","before","004d4865","MOV","B904000000","MOV ECX,0x4","",""
"004d486c","004d47f0",".text","before","004d486a","SUB","2BC8","SUB ECX,EAX","",""
"004d486c","004d47f0",".text","candidate","004d486c","ADD","014C245C","ADD dword ptr [ESP + 0x5c],ECX","","0040ca7c:UNCONDITIONAL_CALL|004d5667:UNCONDITIONAL_CALL|005afc53:UNCONDITIONAL_CALL"
"004d486c","004d47f0",".text","after","004d4870","PUSH","6A08","PUSH 0x8","",""
"004d486c","004d47f0",".text","after","004d4872","LEA","8D542424","LEA EDX,[ESP + 0x24]","",""
"004d486c","004d47f0",".text","after","004d4876","PUSH","52","PUSH EDX","",""
"004d486c","004d47f0",".text","after","004d4877","PUSH","53","PUSH EBX","",""
"004d78c7","004d7890",".text","before","004d78b9","XOR","33D2","XOR EDX,EDX","",""
"004d78c7","004d7890",".text","before","004d78bb","MOV","89704F","MOV dword ptr [EAX + 0x4f],ESI","",""
"004d78c7","004d7890",".text","before","004d78be","MOV","C7003CF08500","MOV dword ptr [EAX],0x85f03c","",""
"004d78c7","004d7890",".text","before","004d78c4","MOV","895028","MOV dword ptr [EAX + 0x28],EDX","",""
"004d78c7","004d7890",".text","candidate","004d78c7","MOV","89505C","MOV dword ptr [EAX + 0x5c],EDX","","004f0b29:UNCONDITIONAL_CALL|004f1816:UNCONDITIONAL_CALL"
"004d78c7","004d7890",".text","after","004d78ca","MOV","89483C","MOV dword ptr [EAX + 0x3c],ECX","",""
"004d78c7","004d7890",".text","after","004d78cd","MOV","66895057","MOV word ptr [EAX + 0x57],DX","",""
"004d78c7","004d7890",".text","after","004d78d1","MOV","66C740530200","MOV word ptr [EAX + 0x53],0x2","",""
"004d78c7","004d7890",".text","after","004d78d7","MOV","66C740490100","MOV word ptr [EAX + 0x49],0x1","",""
"004dde6f","004dd4a0",".text","before","004dde5b","LEA","8D542438","LEA EDX,[ESP + 0x38]","",""
"004dde6f","004dd4a0",".text","before","004dde5f","PUSH","52","PUSH EDX","",""
"004dde6f","004dd4a0",".text","before","004dde60","MOV","B9B02CB600","MOV ECX,0xb62cb0","",""
"004dde6f","004dd4a0",".text","before","004dde65","MOV","66C78424920000001B01","MOV word ptr [ESP + 0x92],0x11b","",""
"004dde6f","004dd4a0",".text","candidate","004dde6f","MOV","C744245C45D8703D","MOV dword ptr [ESP + 0x5c],0x3d70d845","","00507d29:UNCONDITIONAL_CALL|00507d39:UNCONDITIONAL_CALL|00507c5a:UNCONDITIONAL_CALL|00507c6a:UNCONDITIONAL_CALL|00507bae:UNCONDITIONAL_CALL|00507bbe:UNCONDITIONAL_CALL|00506ea6:UNCONDITIONAL_CALL|0050741f:UNCONDITIONAL_CALL|00507918:UNCONDITIONAL_CALL|00507765:UNCONDITIONAL_CALL|00507787:UNCONDITIONAL_CALL|00507e6f:UNCONDITIONAL_CALL|00507f7f:UNCONDITIONAL_CALL"
"004dde6f","004dd4a0",".text","after","004dde77","CALL","E8941C0100","CALL 0x004efb10","",""
"004dde6f","004dd4a0",".text","after","004dde7c","JMP","E9F00D0000","JMP 0x004dec71","",""
"004dde6f","004dd4a0",".text","after","004dde81","XOR","33C0","XOR EAX,EAX","",""
"004dde6f","004dd4a0",".text","after","004dde83","MOV","668B8682000000","MOV AX,word ptr [ESI + 0x82]","",""
"004de1b5","004dd4a0",".text","before","004de1a3","MOV","C74424441E000000","MOV dword ptr [ESP + 0x44],0x1e","",""
"004de1b5","004dd4a0",".text","before","004de1ab","LEA","8D4C2438","LEA ECX,[ESP + 0x38]","",""
"004de1b5","004dd4a0",".text","before","004de1af","PUSH","51","PUSH ECX","",""
"004de1b5","004dd4a0",".text","before","004de1b0","MOV","B9B02CB600","MOV ECX,0xb62cb0","",""
"004de1b5","004dd4a0",".text","candidate","004de1b5","MOV","C744245C0000003D","MOV dword ptr [ESP + 0x5c],0x3d000000","","00507d29:UNCONDITIONAL_CALL|00507d39:UNCONDITIONAL_CALL|00507c5a:UNCONDITIONAL_CALL|00507c6a:UNCONDITIONAL_CALL|00507bae:UNCONDITIONAL_CALL|00507bbe:UNCONDITIONAL_CALL|00506ea6:UNCONDITIONAL_CALL|0050741f:UNCONDITIONAL_CALL|00507918:UNCONDITIONAL_CALL|00507765:UNCONDITIONAL_CALL|00507787:UNCONDITIONAL_CALL|00507e6f:UNCONDITIONAL_CALL|00507f7f:UNCONDITIONAL_CALL"
"004de1b5","004dd4a0",".text","after","004de1bd","MOV","66C78424920000000700","MOV word ptr [ESP + 0x92],0x7","",""
"004de1b5","004dd4a0",".text","after","004de1c7","CALL","E844190100","CALL 0x004efb10","",""
"004de1b5","004dd4a0",".text","after","004de1cc","INC","66FF8680000000","INC word ptr [ESI + 0x80]","",""
"004de1b5","004dd4a0",".text","after","004de1d3","JMP","E9990A0000","JMP 0x004dec71","",""
"004e80fe","004e7f80",".text","before","004e80f2","MOV","895D54","MOV dword ptr [EBP + 0x54],EBX","",""
"004e80fe","004e7f80",".text","before","004e80f5","MOV","895D58","MOV dword ptr [EBP + 0x58],EBX","",""
"004e80fe","004e7f80",".text","before","004e80f8","MOV","885D02","MOV byte ptr [EBP + 0x2],BL","",""
"004e80fe","004e7f80",".text","before","004e80fb","MOV","895D60","MOV dword ptr [EBP + 0x60],EBX","",""
"004e80fe","004e7f80",".text","candidate","004e80fe","MOV","895D5C","MOV dword ptr [EBP + 0x5c],EBX","","00507d13:UNCONDITIONAL_CALL|00507b8e:UNCONDITIONAL_CALL"
"004e80fe","004e7f80",".text","after","004e8101","MOV","885D03","MOV byte ptr [EBP + 0x3],BL","",""
"004e80fe","004e7f80",".text","after","004e8104","MOV","C64516FF","MOV byte ptr [EBP + 0x16],0xff","",""
"004e80fe","004e7f80",".text","after","004e8108","MOV","C64517FF","MOV byte ptr [EBP + 0x17],0xff","",""
"004e80fe","004e7f80",".text","after","004e810c","MOV","C6450701","MOV byte ptr [EBP + 0x7],0x1","",""
"004e82cc","004e8290",".text","before","004e82be","RET","C20400","RET 0x4","",""
"004e82cc","004e8290",".text","before","004e82c1","MOVSX","0FBED0","MOVSX EDX,AL","",""
"004e82cc","004e8290",".text","before","004e82c4","MOV","895178","MOV dword ptr [ECX + 0x78],EDX","",""
"004e82cc","004e8290",".text","before","004e82c7","MOV","A17CCBB700","MOV EAX,[0x00b7cb7c]","",""
"004e82cc","004e8290",".text","candidate","004e82cc","MOV","89415C","MOV dword ptr [ECX + 0x5c],EAX","","00507e23:UNCONDITIONAL_CALL"
"004e82cc","004e8290",".text","after","004e82cf","RET","C20400","RET 0x4","",""
"004e82cc","004e8290",".text","after","004e82e0","MOV","8A442404","MOV AL,byte ptr [ESP + 0x4]","",""
"004e82cc","004e8290",".text","after","004e82e4","MOV","884107","MOV byte ptr [ECX + 0x7],AL","",""
"004e82cc","004e8290",".text","after","004e82e7","RET","C20400","RET 0x4","",""
"004e9cc3","004e9cab",".text","before","004e9cb8","MOV","8A442418","MOV AL,byte ptr [ESP + 0x18]","",""
"004e9cc3","004e9cab",".text","before","004e9cbc","TEST","84C0","TEST AL,AL","",""
"004e9cc3","004e9cab",".text","before","004e9cbe","JNZ","7506","JNZ 0x004e9cc6","",""
"004e9cc3","004e9cab",".text","before","004e9cc0","MOV","895E78","MOV dword ptr [ESI + 0x78],EBX","",""
"004e9cc3","004e9cab",".text","candidate","004e9cc3","MOV","896E5C","MOV dword ptr [ESI + 0x5c],EBP","","00406ab2:UNCONDITIONAL_CALL"
"004e9cc3","004e9cab",".text","after","004e9cc6","MOV","8B7C2414","MOV EDI,dword ptr [ESP + 0x14]","",""
"004e9cc3","004e9cab",".text","after","004e9cca","CMP","3BFD","CMP EDI,EBP","",""
"004e9cc3","004e9cab",".text","after","004e9ccc","JZ","0F84A0000000","JZ 0x004e9d72","",""
"004e9cc3","004e9cab",".text","after","004e9cd2","PUSH","680000803F","PUSH 0x3f800000","",""
"004ef2fc","004ef2e0",".text","before","004ef2f2","JNZ","7555","JNZ 0x004ef349","",""
"004ef2fc","004ef2e0",".text","before","004ef2f4","CMP","66837E6800","CMP word ptr [ESI + 0x68],0x0","",""
"004ef2fc","004ef2e0",".text","before","004ef2f9","JZ","740B","JZ 0x004ef306","",""
"004ef2fc","004ef2e0",".text","before","004ef2fb","POP","5F","POP EDI","",""
"004ef2fc","004ef2e0",".text","candidate","004ef2fc","MOV","66C7465CFFFF","MOV word ptr [ESI + 0x5c],0xffff","",""
"004ef2fc","004ef2e0",".text","after","004ef302","POP","5E","POP ESI","",""
"004ef2fc","004ef2e0",".text","after","004ef303","RET","C20C00","RET 0xc","",""
"004ef2fc","004ef2e0",".text","after","004ef306","MOVSX","0FBF442414","MOVSX EAX,word ptr [ESP + 0x14]","",""
"004ef2fc","004ef2e0",".text","after","004ef30b","MOVSX","0FBF4E5C","MOVSX ECX,word ptr [ESI + 0x5c]","",""
"004ef32a","004ef2e0",".text","before","004ef31b","FMUL","D84E64","FMUL float ptr [ESI + 0x64]","",""
"004ef32a","004ef2e0",".text","before","004ef31e","FIADD","DA44240C","FIADD dword ptr [ESP + 0xc]","",""
"004ef32a","004ef2e0",".text","before","004ef322","CALL","E819283300","CALL 0x00821b40","",""
"004ef32a","004ef2e0",".text","before","004ef327","CMP","663BC7","CMP AX,DI","",""
"004ef32a","004ef2e0",".text","candidate","004ef32a","MOV","6689465C","MOV word ptr [ESI + 0x5c],AX","",""
"004ef32a","004ef2e0",".text","after","004ef32e","JL","7C19","JL 0x004ef349","",""
"004ef32a","004ef2e0",".text","after","004ef330","MOV","8B4C2410","MOV ECX,dword ptr [ESP + 0x10]","",""
"004ef32a","004ef2e0",".text","after","004ef334","CMP","6683F9FF","CMP CX,-0x1","",""
"004ef32a","004ef2e0",".text","after","004ef338","JZ","74C1","JZ 0x004ef2fb","",""
"004ef345","004ef2e0",".text","before","004ef33d","MOVSX","0FBFFF","MOVSX EDI,DI","",""
"004ef345","004ef2e0",".text","before","004ef340","CDQ","99","CDQ","",""
"004ef345","004ef2e0",".text","before","004ef341","IDIV","F7FF","IDIV EDI","",""
"004ef345","004ef2e0",".text","before","004ef343","ADD","03D1","ADD EDX,ECX","",""
"004ef345","004ef2e0",".text","candidate","004ef345","MOV","6689565C","MOV word ptr [ESI + 0x5c],DX","",""
"004ef345","004ef2e0",".text","after","004ef349","POP","5F","POP EDI","",""
"004ef345","004ef2e0",".text","after","004ef34a","POP","5E","POP ESI","",""
"004ef345","004ef2e0",".text","after","004ef34b","RET","C20C00","RET 0xc","",""
"004ef345","004ef2e0",".text","after","004ef390","PUSH","56","PUSH ESI","",""
"004ef749","004ef680",".text","before","004ef739","MOV","66894656","MOV word ptr [ESI + 0x56],AX","",""
"004ef749","004ef680",".text","before","004ef73d","MOV","668B4F58","MOV CX,word ptr [EDI + 0x58]","",""
"004ef749","004ef680",".text","before","004ef741","MOV","66894E58","MOV word ptr [ESI + 0x58],CX","",""
"004ef749","004ef680",".text","before","004ef745","MOV","668B575C","MOV DX,word ptr [EDI + 0x5c]","",""
"004ef749","004ef680",".text","candidate","004ef749","MOV","6689565C","MOV word ptr [ESI + 0x5c],DX","","004efb46:UNCONDITIONAL_CALL"
"004ef749","004ef680",".text","after","004ef74d","MOV","668B475E","MOV AX,word ptr [EDI + 0x5e]","",""
"004ef749","004ef680",".text","after","004ef751","MOV","6689465E","MOV word ptr [ESI + 0x5e],AX","",""
"004ef749","004ef680",".text","after","004ef755","MOV","8B4F60","MOV ECX,dword ptr [EDI + 0x60]","",""
"004ef749","004ef680",".text","after","004ef758","MOV","894E60","MOV dword ptr [ESI + 0x60],ECX","",""
"004eff30","004efe50",".text","before","004eff20","MOV","895E6C","MOV dword ptr [ESI + 0x6c],EBX","",""
"004eff30","004efe50",".text","before","004eff23","MOV","884654","MOV byte ptr [ESI + 0x54],AL","",""
"004eff30","004efe50",".text","before","004eff26","MOV","66894E56","MOV word ptr [ESI + 0x56],CX","",""
"004eff30","004efe50",".text","before","004eff2a","MOV","66C746580100","MOV word ptr [ESI + 0x58],0x1","",""
"004eff30","004efe50",".text","candidate","004eff30","MOV","6689565C","MOV word ptr [ESI + 0x5c],DX","","004f2d7a:UNCONDITIONAL_CALL|004f2e0b:UNCONDITIONAL_CALL|004dd629:UNCONDITIONAL_CALL|004de927:UNCONDITIONAL_CALL|004dd6c4:UNCONDITIONAL_CALL|004dd940:UNCONDITIONAL_CALL|004dd762:UNCONDITIONAL_CALL|004dd7c4:UNCONDITIONAL_CALL|004dd83f:UNCONDITIONAL_CALL|004dd8de:UNCONDITIONAL_CALL|004dd9bc:UNCONDITIONAL_CALL|004dda3a:UNCONDITIONAL_CALL|004ddaf3:UNCONDITIONAL_CALL|004de84c:UNCONDITIONAL_CALL|004ddbaa:UNCONDITIONAL_CALL|004ddc90:UNCONDITIONAL_CALL|004ddcf7:UNCONDITIONAL_CALL|004ddd91:UNCONDITIONAL_CALL|004ddde7:UNCONDITIONAL_CALL|004dde56:UNCONDITIONAL_CALL|004ddf52:UNCONDITIONAL_CALL|004ddffe:UNCONDITIONAL_CALL|004de0a5:UNCONDITIONAL_CALL|004de19e:UNCONDITIONAL_CALL|004de231:UNCONDITIONAL_CALL|004de2db:UNCONDITIONAL_CALL|004de345:UNCONDITIONAL_CALL|004de51a:UNCONDITIONAL_CALL|004de58b:UNCONDITIONAL_CALL|004de5fc:UNCONDITIONAL_CALL|004de678:UNCONDITIONAL_CALL|004de710:UNCONDITIONAL_CALL|004de771:UNCONDITIONAL_CALL|004de7eb:UNCONDITIONAL_CALL|004de8c6:UNCONDITIONAL_CALL|004de9b7:UNCONDITIONAL_CALL|004dea51:UNCONDITIONAL_CALL|004deaf3:UNCONDITIONAL_CALL|004debc5:UNCONDITIONAL_CALL|004dec37:UNCONDITIONAL_CALL|004ec667:UNCONDITIONAL_CALL|004db3cc:UNCONDITIONAL_CALL|004db74f:UNCONDITIONAL_CALL|004ec8ad:UNCONDITIONAL_CALL|004dabef:UNCONDITIONAL_CALL|004dac65:UNCONDITIONAL_CALL|004f7635:UNCONDITIONAL_CALL|004e70fb:UNCONDITIONAL_CALL|00503bdf:UNCONDITIONAL_CALL|00503c96:UNCONDITIONAL_CALL|00503a36:UNCONDITIONAL_CALL|00503ae0:UNCONDITIONAL_CALL|004dad8a:UNCONDITIONAL_CALL|004da128:UNCONDITIONAL_CALL|004db9bf:UNCONDITIONAL_CALL|004dcced:UNCONDITIONAL_CALL|004dcd3f:UNCONDITIONAL_CALL|004dcd91:UNCONDITIONAL_CALL|004dce79:UNCONDITIONAL_CALL|004dceca:UNCONDITIONAL_CALL|004df52d:UNCONDITIONAL_CALL|004df634:UNCONDITIONAL_CALL|004df6a6:UNCONDITIONAL_CALL|004df71e:UNCONDITIONAL_CALL|004df938:UNCONDITIONAL_CALL|004db0a2:UNCONDITIONAL_CALL|004db104:UNCONDITIONAL_CALL|004da229:UNCONDITIONAL_CALL|004da271:UNCONDITIONAL_CALL|004f6536:UNCONDITIONAL_CALL|004f66a2:UNCONDITIONAL_CALL|004f67dd:UNCONDITIONAL_CALL|004f68a3:UNCONDITIONAL_CALL|004f6990:UNCONDITIONAL_CALL|004f6a69:UNCONDITIONAL_CALL|004f6aff:UNCONDITIONAL_CALL|004f6bda:UNCONDITIONAL_CALL|004f6cb3:UNCONDITIONAL_CALL|004f6d49:UNCONDITIONAL_CALL|004f6e0b:UNCONDITIONAL_CALL|004f6ea6:UNCONDITIONAL_CALL|004f6f47:UNCONDITIONAL_CALL|004f6fe8:UNCONDITIONAL_CALL|004f7095:UNCONDITIONAL_CALL|004f7142:UNCONDITIONAL_CALL|004f71e3:UNCONDITIONAL_CALL|004f7294:UNCONDITIONAL_CALL|004f736c:UNCONDITIONAL_CALL|004f744c:UNCONDITIONAL_CALL|004dc7fe:UNCONDITIONAL_CALL|00503e58:UNCONDITIONAL_CALL|00503eec:UNCONDITIONAL_CALL|005040dc:UNCONDITIONAL_CALL|00504153:UNCONDITIONAL_CALL|005041df:UNCONDITIONAL_CALL|00504277:UNCONDITIONAL_CALL|005043b5:UNCONDITIONAL_CALL|0050443e:UNCONDITIONAL_CALL|00503818:UNCONDITIONAL_CALL|004df150:UNCONDITIONAL_CALL|004df1ee:UNCONDITIONAL_CALL|00504539:UNCONDITIONAL_CALL|005045e6:UNCONDITIONAL_CALL|005046c5:UNCONDITIONAL_CALL|005047a2:UNCONDITIONAL_CALL|004e17b5:UNCONDITIONAL_CALL|005048d9:UNCONDITIONAL_CALL|004e18ba:UNCONDITIONAL_CALL|0050361e:UNCONDITIONAL_CALL|0050366b:UNCONDITIONAL_CALL|004e1a13:UNCONDITIONAL_CALL|004e1bee:UNCONDITIONAL_CALL|004e2109:UNCONDITIONAL_CALL|004e21cc:UNCONDITIONAL_CALL|004e2626:UNCONDITIONAL_CALL|004e274c:UNCONDITIONAL_CALL|004e2859:UNCONDITIONAL_CALL|004e2d72:UNCONDITIONAL_CALL|004e2e0f:UNCONDITIONAL_CALL|004e24f5:UNCONDITIONAL_CALL|004e258a:UNCONDITIONAL_CALL|004dd17c:UNCONDITIONAL_CALL|004dd1f7:UNCONDITIONAL_CALL|004dd2ff:UNCONDITIONAL_CALL|004dd369:UNCONDITIONAL_CALL|004e2969:UNCONDITIONAL_CALL|004e29d9:UNCONDITIONAL_CALL|004e2a49:UNCONDITIONAL_CALL|005038e8:UNCONDITIONAL_CALL|004ec42c:UNCONDITIONAL_CALL|004f85e4:UNCONDITIONAL_CALL|004f8764:UNCONDITIONAL_CALL|004f88e0:UNCONDITIONAL_CALL|004f982f:UNCONDITIONAL_CALL|004f98e0:UNCONDITIONAL_CALL|004f9944:UNCONDITIONAL_CALL|004f9f5b:UNCONDITIONAL_CALL|004f9fd6:UNCONDITIONAL_CALL|004fa05e:UNCONDITIONAL_CALL|004fa25e:UNCONDITIONAL_CALL|004fa2e0:UNCONDITIONAL_CALL|004fa378:UNCONDITIONAL_CALL|004f7ff6:UNCONDITIONAL_CALL|00502fe4:UNCONDITIONAL_CALL|005053fb:UNCONDITIONAL_CALL|00505454:UNCONDITIONAL_CALL|005054d7:UNCONDITIONAL_CALL|00505566:UNCONDITIONAL_CALL|00505826:UNCONDITIONAL_CALL|005059a8:UNCONDITIONAL_CALL|0050695e:UNCONDITIONAL_CALL|005069c4:UNCONDITIONAL_CALL|00506a48:UNCONDITIONAL_CALL|00506ad5:UNCONDITIONAL_CALL|004f9476:UNCONDITIONAL_CALL|004f94d8:UNCONDITIONAL_CALL|004f9542:UNCONDITIONAL_CALL|004f95a4:UNCONDITIONAL_CALL|004f95f5:UNCONDITIONAL_CALL|004f937d:UNCONDITIONAL_CALL|004fadd5:UNCONDITIONAL_CALL|004f9ad0:UNCONDITIONAL_CALL|004f9c23:UNCONDITIONAL_CALL|004f9d61:UNCONDITIONAL_CALL|004f9e2e:UNCONDITIONAL_CALL|004f7b80:UNCONDITIONAL_CALL|004f7bf8:UNCONDITIONAL_CALL|004f7c68:UNCONDITIONAL_CALL|004f7cc0:UNCONDITIONAL_CALL|004f7e82:UNCONDITIONAL_CALL|004e5d86:UNCONDITIONAL_CALL|004e5dcd:UNCONDITIONAL_CALL|004e641e:UNCONDITIONAL_CALL|004e6462:UNCONDITIONAL_CALL|00504a6a:UNCONDITIONAL_CALL|00504b3e:UNCONDITIONAL_CALL"
"004eff30","004efe50",".text","after","004eff34","MOV","C746600000C8C2","MOV dword ptr [ESI + 0x60],0xc2c80000","",""
"004eff30","004efe50",".text","after","004eff3b","MOV","C746640000803F","MOV dword ptr [ESI + 0x64],0x3f800000","",""
"004eff30","004efe50",".text","after","004eff42","POP","5E","POP ESI","",""
"004eff30","004efe50",".text","after","004eff43","POP","5B","POP EBX","",""
"004efff9","004effd0",".text","before","004effed","CALL","E80E1A0800","CALL 0x00571a00","",""
"004efff9","004effd0",".text","before","004efff2","MOV","891F","MOV dword ptr [EDI],EBX","",""
"004efff9","004effd0",".text","before","004efff4","POP","5F","POP EDI","",""
"004efff9","004effd0",".text","before","004efff5","MOV","66895E5E","MOV word ptr [ESI + 0x5e],BX","",""
"004efff9","004effd0",".text","candidate","004efff9","MOV","66895E5C","MOV word ptr [ESI + 0x5c],BX","",""
"004efff9","004effd0",".text","after","004efffd","POP","5E","POP ESI","",""
"004efff9","004effd0",".text","after","004efffe","POP","5B","POP EBX","",""
"004efff9","004effd0",".text","after","004effff","RET","C3","RET","",""
"004efff9","004effd0",".text","after","004f0000","SUB","83EC28","SUB ESP,0x28","",""
"004f03bb","004f0000",".text","before","004f03b1","FNSTSW","DFE0","FNSTSW AX","",""
"004f03bb","004f0000",".text","before","004f03b3","TEST","F6C444","TEST AH,0x44","",""
"004f03bb","004f0000",".text","before","004f03b6","JP","7A06","JP 0x004f03be","",""
"004f03bb","004f0000",".text","before","004f03b8","MOV","8B4F14","MOV ECX,dword ptr [EDI + 0x14]","",""
"004f03bb","004f0000",".text","candidate","004f03bb","MOV","894F5C","MOV dword ptr [EDI + 0x5c],ECX","","00507c39:UNCONDITIONAL_CALL|00507c9a:UNCONDITIONAL_CALL|00507a98:UNCONDITIONAL_CALL|00507c03:UNCONDITIONAL_CALL|005078e4:UNCONDITIONAL_CALL|00507894:UNCONDITIONAL_CALL|00507429:UNCONDITIONAL_CALL"
"004f03bb","004f0000",".text","after","004f03be","MOV","8B0F","MOV ECX,dword ptr [EDI]","",""
"004f03bb","004f0000",".text","after","004f03c0","CMP","3BCD","CMP ECX,EBP","",""
"004f03bb","004f0000",".text","after","004f03c2","MOV","66896F50","MOV word ptr [EDI + 0x50],BP","",""
"004f03bb","004f0000",".text","after","004f03c6","JZ","7408","JZ 0x004f03d0","",""
"004f11ba","",".text","before","004f11ae","MOV","C7450800000000","MOV dword ptr [EBP + 0x8],0x0","",""
"004f11ba","",".text","before","004f11b5","POP","5D","POP EBP","",""
"004f11ba","",".text","before","004f11b6","ADD","83C408","ADD ESP,0x8","",""
"004f11ba","",".text","before","004f11b9","RET","C3","RET","",""
"004f11ba","",".text","candidate","004f11ba","MOV","C7455C00000000","MOV dword ptr [EBP + 0x5c],0x0","004f10db:CONDITIONAL_JUMP",""
"004f11ba","",".text","after","004f11c1","POP","5D","POP EBP","",""
"004f11ba","",".text","after","004f11c2","ADD","83C408","ADD ESP,0x8","",""
"004f11ba","",".text","after","004f11c5","RET","C3","RET","",""
"004f11ba","",".text","after","004f11d0","MOV","8BC1","MOV EAX,ECX","",""
"004fdff3","004fdfd0",".text","before","004fdfea","XOR","33ED","XOR EBP,EBP","",""
"004fdff3","004fdfd0",".text","before","004fdfec","PUSH","57","PUSH EDI","",""
"004fdff3","004fdfd0",".text","before","004fdfed","MOV","8BF1","MOV ESI,ECX","",""
"004fdff3","004fdfd0",".text","before","004fdfef","MOV","896C2458","MOV dword ptr [ESP + 0x58],EBP","",""
"004fdff3","004fdfd0",".text","candidate","004fdff3","MOV","896C245C","MOV dword ptr [ESP + 0x5c],EBP","","00501d46:UNCONDITIONAL_CALL"
"004fdff3","004fdfd0",".text","after","004fdff7","MOV","668B86DC000000","MOV AX,word ptr [ESI + 0xdc]","",""
"004fdff3","004fdfd0",".text","after","004fdffe","OR","83CFFF","OR EDI,0xffffffff","",""
"004fdff3","004fdfd0",".text","after","004fe001","CMP","663BC7","CMP AX,DI","",""
"004fdff3","004fdfd0",".text","after","004fe004","MOV","896C2468","MOV dword ptr [ESP + 0x68],EBP","",""
"004ff7f5","004ff7c0",".text","before","004ff7e3","MOV","89742450","MOV dword ptr [ESP + 0x50],ESI","",""
"004ff7f5","004ff7c0",".text","before","004ff7e7","MOV","8B5C2464","MOV EBX,dword ptr [ESP + 0x64]","",""
"004ff7f5","004ff7c0",".text","before","004ff7eb","MOV","8B4310","MOV EAX,dword ptr [EBX + 0x10]","",""
"004ff7f5","004ff7c0",".text","before","004ff7ee","TEST","F6802804000010","TEST byte ptr [EAX + 0x428],0x10","",""
"004ff7f5","004ff7c0",".text","candidate","004ff7f5","MOV","8974245C","MOV dword ptr [ESP + 0x5c],ESI","","00501cd5:UNCONDITIONAL_CALL"
"004ff7f5","004ff7c0",".text","after","004ff7f9","JNZ","7519","JNZ 0x004ff814","",""
"004ff7f5","004ff7c0",".text","after","004ff7fb","JMP","EB03","JMP 0x004ff800","",""
"004ff7f5","004ff7c0",".text","after","004ff800","PUSH","56","PUSH ESI","",""
"004ff7f5","004ff7c0",".text","after","004ff801","MOV","8BCF","MOV ECX,EDI","",""
"004ff8b2","004ff7c0",".text","before","004ff8a5","PUSH","6A13","PUSH 0x13","",""
"004ff8b2","004ff7c0",".text","before","004ff8a7","PUSH","6A03","PUSH 0x3","",""
"004ff8b2","004ff7c0",".text","before","004ff8a9","CALL","E8129BFFFF","CALL 0x004f93c0","",""
"004ff8b2","004ff7c0",".text","before","004ff8ae","LEA","8D4C240C","LEA ECX,[ESP + 0xc]","",""
"004ff8b2","004ff7c0",".text","candidate","004ff8b2","MOV","C744245CFFFFFFFF","MOV dword ptr [ESP + 0x5c],0xffffffff","","00501cd5:UNCONDITIONAL_CALL"
"004ff8b2","004ff7c0",".text","after","004ff8ba","CALL","E811B40900","CALL 0x0059acd0","",""
"004ff8b2","004ff7c0",".text","after","004ff8bf","MOV","8B4C2454","MOV ECX,dword ptr [ESP + 0x54]","",""
"004ff8b2","004ff7c0",".text","after","004ff8c3","POP","5F","POP EDI","",""
"004ff8b2","004ff7c0",".text","after","004ff8c4","POP","5E","POP ESI","",""
"005043f2","00503cf0",".text","before","005043e7","FNSTSW","DFE0","FNSTSW AX","",""
"005043f2","00503cf0",".text","before","005043e9","TEST","F6C405","TEST AH,0x5","",""
"005043f2","00503cf0",".text","before","005043ec","JP","7A0A","JP 0x005043f8","",""
"005043f2","00503cf0",".text","before","005043ee","MOV","8B54245C","MOV EDX,dword ptr [ESP + 0x5c]","",""
"005043f2","00503cf0",".text","candidate","005043f2","MOV","8954245C","MOV dword ptr [ESP + 0x5c],EDX","","00405b91:UNCONDITIONAL_CALL"
"005043f2","00503cf0",".text","after","005043f6","JMP","EB08","JMP 0x00504400","",""
"005043f2","00503cf0",".text","after","005043f8","MOV","C744245C00000000","MOV dword ptr [ESP + 0x5c],0x0","",""
"005043f2","00503cf0",".text","after","00504400","MOV","8B44244C","MOV EAX,dword ptr [ESP + 0x4c]","",""
"005043f2","00503cf0",".text","after","00504404","MOV","8B4C245C","MOV ECX,dword ptr [ESP + 0x5c]","",""
"005043f8","00503cf0",".text","before","005043ec","JP","7A0A","JP 0x005043f8","",""
"005043f8","00503cf0",".text","before","005043ee","MOV","8B54245C","MOV EDX,dword ptr [ESP + 0x5c]","",""
"005043f8","00503cf0",".text","before","005043f2","MOV","8954245C","MOV dword ptr [ESP + 0x5c],EDX","",""
"005043f8","00503cf0",".text","before","005043f6","JMP","EB08","JMP 0x00504400","",""
"005043f8","00503cf0",".text","candidate","005043f8","MOV","C744245C00000000","MOV dword ptr [ESP + 0x5c],0x0","005043ec:CONDITIONAL_JUMP","00405b91:UNCONDITIONAL_CALL"
"005043f8","00503cf0",".text","after","00504400","MOV","8B44244C","MOV EAX,dword ptr [ESP + 0x4c]","",""
"005043f8","00503cf0",".text","after","00504404","MOV","8B4C245C","MOV ECX,dword ptr [ESP + 0x5c]","",""
"005043f8","00503cf0",".text","after","00504408","PUSH","6A00","PUSH 0x0","",""
"005043f8","00503cf0",".text","after","0050440a","PUSH","6A00","PUSH 0x0","",""
"00505a4a","",".text","before","00505a2a","MOV","C74424407593D83E","MOV dword ptr [ESP + 0x40],0x3ed89375","",""
"00505a4a","",".text","before","00505a32","MOV","C744244400000000","MOV dword ptr [ESP + 0x44],0x0","",""
"00505a4a","",".text","before","00505a3a","MOV","C744245400000000","MOV dword ptr [ESP + 0x54],0x0","",""
"00505a4a","",".text","before","00505a42","MOV","C744245800000000","MOV dword ptr [ESP + 0x58],0x0","",""
"00505a4a","",".text","candidate","00505a4a","MOV","C744245C00000000","MOV dword ptr [ESP + 0x5c],0x0","",""
"00505a4a","",".text","after","00505a52","MOV","C744243000000000","MOV dword ptr [ESP + 0x30],0x0","",""
"00505a4a","",".text","after","00505a5a","MOV","C744243400000000","MOV dword ptr [ESP + 0x34],0x0","",""
"00505a4a","",".text","after","00505a62","MOV","C744243800000000","MOV dword ptr [ESP + 0x38],0x0","",""
"00505a4a","",".text","after","00505a6a","JLE","0F8E850D0000","JLE 0x005067f5","",""
"00505da7","",".text","before","00505d9c","ADD","83C644","ADD ESI,0x44","",""
"00505da7","",".text","before","00505d9f","MOV","8B06","MOV EAX,dword ptr [ESI]","",""
"00505da7","",".text","before","00505da1","MOV","8B4E04","MOV ECX,dword ptr [ESI + 0x4]","",""
"00505da7","",".text","before","00505da4","MOV","8B5608","MOV EDX,dword ptr [ESI + 0x8]","",""
"00505da7","",".text","candidate","00505da7","MOV","8944245C","MOV dword ptr [ESP + 0x5c],EAX","",""
"00505da7","",".text","after","00505dab","MOV","894C2460","MOV dword ptr [ESP + 0x60],ECX","",""
"00505da7","",".text","after","00505daf","MOV","89542464","MOV dword ptr [ESP + 0x64],EDX","",""
"00505da7","",".text","after","00505db3","MOV","8BCF","MOV ECX,EDI","",""
"00505da7","",".text","after","00505db5","CALL","E87642FDFF","CALL 0x004da030","",""
"005061f6","",".text","before","005061eb","ADD","83C644","ADD ESI,0x44","",""
"005061f6","",".text","before","005061ee","MOV","8B0E","MOV ECX,dword ptr [ESI]","",""
"005061f6","",".text","before","005061f0","MOV","8B5604","MOV EDX,dword ptr [ESI + 0x4]","",""
"005061f6","",".text","before","005061f3","MOV","8B4608","MOV EAX,dword ptr [ESI + 0x8]","",""
"005061f6","",".text","candidate","005061f6","MOV","894C245C","MOV dword ptr [ESP + 0x5c],ECX","",""
"005061f6","",".text","after","005061fa","MOV","89542460","MOV dword ptr [ESP + 0x60],EDX","",""
"005061f6","",".text","after","005061fe","MOV","89442464","MOV dword ptr [ESP + 0x64],EAX","",""
"005061f6","",".text","after","00506202","MOV","8BCF","MOV ECX,EDI","",""
"005061f6","",".text","after","00506204","CALL","E8273EFDFF","CALL 0x004da030","",""
"0050a18c","0050a160",".text","before","0050a17e","MOV","B8000080BF","MOV EAX,0xbf800000","",""
"0050a18c","0050a160",".text","before","0050a183","MOV","894110","MOV dword ptr [ECX + 0x10],EAX","",""
"0050a18c","0050a160",".text","before","0050a186","MOV","89412C","MOV dword ptr [ECX + 0x2c],EAX","",""
"0050a18c","0050a160",".text","before","0050a189","MOV","894134","MOV dword ptr [ECX + 0x34],EAX","",""
"0050a18c","0050a160",".text","candidate","0050a18c","MOV","89415C","MOV dword ptr [ECX + 0x5c],EAX","","0050e4a4:UNCONDITIONAL_CALL|00522cf0:UNCONDITIONAL_CALL|0050e74b:UNCONDITIONAL_CALL"
"0050a18c","0050a160",".text","after","0050a18f","MOV","894160","MOV dword ptr [ECX + 0x60],EAX","",""
"0050a18c","0050a160",".text","after","0050a192","MOV","894164","MOV dword ptr [ECX + 0x64],EAX","",""
"0050a18c","0050a160",".text","after","0050a195","MOV","89413C","MOV dword ptr [ECX + 0x3c],EAX","",""
"0050a18c","0050a160",".text","after","0050a198","MOV","898180000000","MOV dword ptr [ECX + 0x80],EAX","",""
"0050a9e4","0050a970",".text","before","0050a9d3","JNZ","7512","JNZ 0x0050a9e7","",""
"0050a9e4","0050a970",".text","before","0050a9d5","MOV","8B542408","MOV EDX,dword ptr [ESP + 0x8]","",""
"0050a9e4","0050a970",".text","before","0050a9d9","MOV","89912C010000","MOV dword ptr [ECX + 0x12c],EDX","",""
"0050a9e4","0050a970",".text","before","0050a9df","MOV","A184CBB700","MOV EAX,[0x00b7cb84]","",""
"0050a9e4","0050a970",".text","candidate","0050a9e4","MOV","89415C","MOV dword ptr [ECX + 0x5c],EAX","","0051a40e:UNCONDITIONAL_CALL|0073ace2:UNCONDITIONAL_CALL|00465f09:UNCONDITIONAL_CALL|0056ed8f:UNCONDITIONAL_CALL"
"0050a9e4","0050a970",".text","after","0050a9e7","RET","C3","RET","",""
"0050a9e4","0050a970",".text","after","0050a9f0","SUB","83EC0C","SUB ESP,0xc","",""
"0050a9e4","0050a970",".text","after","0050a9f3","MOVZX","0FB64159","MOVZX EAX,byte ptr [ECX + 0x59]","",""
"0050a9e4","0050a970",".text","after","0050a9f7","IMUL","69C038020000","IMUL EAX,EAX,0x238","",""
"0050ab06","0050a9f0",".text","before","0050aaf4","JNZ","7513","JNZ 0x0050ab09","",""
"0050ab06","0050a9f0",".text","before","0050aaf6","MOV","8B442410","MOV EAX,dword ptr [ESP + 0x10]","",""
"0050ab06","0050a9f0",".text","before","0050aafa","MOV","89812C010000","MOV dword ptr [ECX + 0x12c],EAX","",""
"0050ab06","0050a9f0",".text","before","0050ab00","MOV","8B1584CBB700","MOV EDX,dword ptr [0x00b7cb84]","",""
"0050ab06","0050a9f0",".text","candidate","0050ab06","MOV","89515C","MOV dword ptr [ECX + 0x5c],EDX","","0073751f:UNCONDITIONAL_CALL|00737554:UNCONDITIONAL_CALL|006b3d65:UNCONDITIONAL_CALL|006bea9c:UNCONDITIONAL_CALL|006c6f3d:UNCONDITIONAL_CALL|006ccf7c:UNCONDITIONAL_CALL|006b3949:UNCONDITIONAL_CALL|006f2253:UNCONDITIONAL_CALL|006f8cc7:UNCONDITIONAL_CALL"
"0050ab06","0050a9f0",".text","after","0050ab09","ADD","83C40C","ADD ESP,0xc","",""
"0050ab06","0050a9f0",".text","after","0050ab0c","RET","C21000","RET 0x10","",""
"0050ab06","0050a9f0",".text","after","0050ab10","XOR","33C0","XOR EAX,EAX","",""
"0050ab06","0050a9f0",".text","after","0050ab12","MOV","66898130080000","MOV word ptr [ECX + 0x830],AX","",""
"0050b597","0050b510",".text","before","0050b588","CALL","E843080900","CALL 0x0059bdd0","",""
"0050b597","0050b510",".text","before","0050b58d","ADD","83C408","ADD ESP,0x8","",""
"0050b597","0050b510",".text","before","0050b590","PUSH","50","PUSH EAX","",""
"0050b597","0050b510",".text","before","0050b591","LEA","8D8E940A0000","LEA ECX,[ESI + 0xa94]","",""
"0050b597","0050b510",".text","candidate","0050b597","MOV","C744245C00000000","MOV dword ptr [ESP + 0x5c],0x0","","007270a8:UNCONDITIONAL_CALL|0072710d:UNCONDITIONAL_CALL"
"0050b597","0050b510",".text","after","0050b59f","CALL","E81C060900","CALL 0x0059bbc0","",""
"0050b597","0050b510",".text","after","0050b5a4","LEA","8D4C2408","LEA ECX,[ESP + 0x8]","",""
"0050b597","0050b510",".text","after","0050b5a8","MOV","C7442458FFFFFFFF","MOV dword ptr [ESP + 0x58],0xffffffff","",""
"0050b597","0050b510",".text","after","0050b5b0","CALL","E81BF70800","CALL 0x0059acd0","",""
"0050e211","0050e180",".text","before","0050e1f3","MOV","C7417800004041","MOV dword ptr [ECX + 0x78],0x41400000","",""
"0050e211","0050e180",".text","before","0050e1fa","MOV","C781940000000000403F","MOV dword ptr [ECX + 0x94],0x3f400000","",""
"0050e211","0050e180",".text","before","0050e204","MOV","C78198000000A00F0000","MOV dword ptr [ECX + 0x98],0xfa0","",""
"0050e211","0050e180",".text","before","0050e20e","MOV","884140","MOV byte ptr [ECX + 0x40],AL","",""
"0050e211","0050e180",".text","candidate","0050e211","MOV","88415C","MOV byte ptr [ECX + 0x5c],AL","","0051a841:UNCONDITIONAL_CALL|005173f0:UNCONDITIONAL_CALL"
"0050e211","0050e180",".text","after","0050e214","MOV","888180000000","MOV byte ptr [ECX + 0x80],AL","",""
"0050e211","0050e180",".text","after","0050e21a","MOV","888181000000","MOV byte ptr [ECX + 0x81],AL","",""
"0050e211","0050e180",".text","after","0050e220","MOV","C7417C00004042","MOV dword ptr [ECX + 0x7c],0x42400000","",""
"0050e211","0050e180",".text","after","0050e227","MOV","895164","MOV dword ptr [ECX + 0x64],EDX","",""
"0050e5c2","0050e49e",".text","before","0050e5b2","MOV","C7462803000000","MOV dword ptr [ESI + 0x28],0x3","",""
"0050e5c2","0050e49e",".text","before","0050e5b9","MOV","884606","MOV byte ptr [ESI + 0x6],AL","",""
"0050e5c2","0050e49e",".text","before","0050e5bc","MOV","894630","MOV dword ptr [ESI + 0x30],EAX","",""
"0050e5c2","0050e49e",".text","before","0050e5bf","MOV","894634","MOV dword ptr [ESI + 0x34],EAX","",""
"0050e5c2","0050e49e",".text","candidate","0050e5c2","MOV","89465C","MOV dword ptr [ESI + 0x5c],EAX","","00408091:UNCONDITIONAL_CALL"
"0050e5c2","0050e49e",".text","after","0050e5c5","MOV","894660","MOV dword ptr [ESI + 0x60],EAX","",""
"0050e5c2","0050e49e",".text","after","0050e5c8","MOV","894664","MOV dword ptr [ESI + 0x64],EAX","",""
"0050e5c2","0050e49e",".text","after","0050e5cb","MOV","894668","MOV dword ptr [ESI + 0x68],EAX","",""
"0050e5c2","0050e49e",".text","after","0050e5ce","MOV","89467C","MOV dword ptr [ESI + 0x7c],EAX","",""
"00517d90","00517bf0",".text","before","00517d84","JZ","740D","JZ 0x00517d93","",""
"00517d90","00517bf0",".text","before","00517d86","MOV","8B44240C","MOV EAX,dword ptr [ESP + 0xc]","",""
"00517d90","00517bf0",".text","before","00517d8a","MOV","8B4E70","MOV ECX,dword ptr [ESI + 0x70]","",""
"00517d90","00517bf0",".text","before","00517d8d","MOV","894664","MOV dword ptr [ESI + 0x64],EAX","",""
"00517d90","00517bf0",".text","candidate","00517d90","MOV","894E5C","MOV dword ptr [ESI + 0x5c],ECX","","0051d44f:UNCONDITIONAL_CALL"
"00517d90","00517bf0",".text","after","00517d93","POP","5D","POP EBP","",""
"00517d90","00517bf0",".text","after","00517d94","MOV","8B4658","MOV EAX,dword ptr [ESI + 0x58]","",""
"00517d90","00517bf0",".text","after","00517d97","CMP","83F802","CMP EAX,0x2","",""
"00517d90","00517bf0",".text","after","00517d9a","JNZ","750A","JNZ 0x00517da6","",""
"00517dbf","00517bf0",".text","before","00517db2","MOV","8B442408","MOV EAX,dword ptr [ESP + 0x8]","",""
"00517dbf","00517bf0",".text","before","00517db6","MOV","8B4E70","MOV ECX,dword ptr [ESI + 0x70]","",""
"00517dbf","00517bf0",".text","before","00517db9","MOV","8B566C","MOV EDX,dword ptr [ESI + 0x6c]","",""
"00517dbf","00517bf0",".text","before","00517dbc","MOV","894664","MOV dword ptr [ESI + 0x64],EAX","",""
"00517dbf","00517bf0",".text","candidate","00517dbf","MOV","894E5C","MOV dword ptr [ESI + 0x5c],ECX","","0051d44f:UNCONDITIONAL_CALL"
"00517dbf","00517bf0",".text","after","00517dc2","MOV","C7465801000000","MOV dword ptr [ESI + 0x58],0x1","",""
"00517dbf","00517bf0",".text","after","00517dc9","MOV","895660","MOV dword ptr [ESI + 0x60],EDX","",""
"00517dbf","00517bf0",".text","after","00517dcc","MOV","8B4658","MOV EAX,dword ptr [ESI + 0x58]","",""
"00517dbf","00517bf0",".text","after","00517dcf","CMP","83F803","CMP EAX,0x3","",""
"00519141","00518500",".text","before","00519133","MOV","89542454","MOV dword ptr [ESP + 0x54],EDX","",""
"00519141","00518500",".text","before","00519137","MOV","8B95B4000000","MOV EDX,dword ptr [EBP + 0xb4]","",""
"00519141","00518500",".text","before","0051913d","PUSH","52","PUSH EDX","",""
"00519141","00518500",".text","before","0051913e","MOV","894704","MOV dword ptr [EDI + 0x4],EAX","",""
"00519141","00518500",".text","candidate","00519141","MOV","8944245C","MOV dword ptr [ESP + 0x5c],EAX","","00527bd9:UNCONDITIONAL_CALL"
"00519141","00518500",".text","after","00519145","PUSH","56","PUSH ESI","",""
"00519141","00518500",".text","after","00519146","MOV","894F08","MOV dword ptr [EDI + 0x8],ECX","",""
"00519141","00518500",".text","after","00519149","MOV","894C2464","MOV dword ptr [ESP + 0x64],ECX","",""
"00519141","00518500",".text","after","0051914d","LEA","8D442438","LEA EAX,[ESP + 0x38]","",""
"00519368","00519250",".text","before","0051934f","MOV","8B0D80F9B600","MOV ECX,dword ptr [0x00b6f980]","",""
"00519368","00519250",".text","before","00519355","LEA","8D7114","LEA ESI,[ECX + 0x14]","",""
"00519368","00519250",".text","before","00519358","MOV","C744245400000000","MOV dword ptr [ESP + 0x54],0x0","",""
"00519368","00519250",".text","before","00519360","MOV","C744245800000000","MOV dword ptr [ESP + 0x58],0x0","",""
"00519368","00519250",".text","candidate","00519368","MOV","C744245C0000803F","MOV dword ptr [ESP + 0x5c],0x3f800000","","00527b4b:UNCONDITIONAL_CALL"
"00519368","00519250",".text","after","00519370","CMP","833E00","CMP dword ptr [ESI],0x0","",""
"00519368","00519250",".text","after","00519373","MOV","894C2410","MOV dword ptr [ESP + 0x10],ECX","",""
"00519368","00519250",".text","after","00519377","JNZ","7514","JNZ 0x0051938d","",""
"00519368","00519250",".text","after","00519379","CALL","E8E2610300","CALL 0x0054f560","",""
"005194e4","00519250",".text","before","005194cb","MOV","8B0D80F9B600","MOV ECX,dword ptr [0x00b6f980]","",""
"005194e4","00519250",".text","before","005194d1","LEA","8D7114","LEA ESI,[ECX + 0x14]","",""
"005194e4","00519250",".text","before","005194d4","MOV","C744245400000000","MOV dword ptr [ESP + 0x54],0x0","",""
"005194e4","00519250",".text","before","005194dc","MOV","C744245800000000","MOV dword ptr [ESP + 0x58],0x0","",""
"005194e4","00519250",".text","candidate","005194e4","MOV","C744245C0000803F","MOV dword ptr [ESP + 0x5c],0x3f800000","","00527b4b:UNCONDITIONAL_CALL"
"005194e4","00519250",".text","after","005194ec","CMP","833E00","CMP dword ptr [ESI],0x0","",""
"005194e4","00519250",".text","after","005194ef","MOV","894C2414","MOV dword ptr [ESP + 0x14],ECX","",""
"005194e4","00519250",".text","after","005194f3","JNZ","7514","JNZ 0x00519509","",""
"005194e4","00519250",".text","after","005194f5","CALL","E866600300","CALL 0x0054f560","",""
"005196db","00519250",".text","before","005196ca","MOV","C744245800000000","MOV dword ptr [ESP + 0x58],0x0","",""
"005196db","00519250",".text","before","005196d2","MOV","8B442458","MOV EAX,dword ptr [ESP + 0x58]","",""
"005196db","00519250",".text","before","005196d6","MOV","894104","MOV dword ptr [ECX + 0x4],EAX","",""
"005196db","00519250",".text","before","005196d9","FNSTSW","DFE0","FNSTSW AX","",""
"005196db","00519250",".text","candidate","005196db","MOV","C744245C000080BF","MOV dword ptr [ESP + 0x5c],0xbf800000","","00527b4b:UNCONDITIONAL_CALL"
"005196db","00519250",".text","after","005196e3","TEST","F6C405","TEST AH,0x5","",""
"005196db","00519250",".text","after","005196e6","MOV","8B54245C","MOV EDX,dword ptr [ESP + 0x5c]","",""
"005196db","00519250",".text","after","005196ea","MOV","895108","MOV dword ptr [ECX + 0x8],EDX","",""
"005196db","00519250",".text","after","005196ed","JP","7A08","JP 0x005196f7","",""
"005197cc","00519250",".text","before","005197c2","MOV","8BD0","MOV EDX,EAX","",""
"005197cc","00519250",".text","before","005197c4","MOV","892A","MOV dword ptr [EDX],EBP","",""
"005197cc","00519250",".text","before","005197c6","MOV","895A04","MOV dword ptr [EDX + 0x4],EBX","",""
"005197cc","00519250",".text","before","005197c9","MOV","894A08","MOV dword ptr [EDX + 0x8],ECX","",""
"005197cc","00519250",".text","candidate","005197cc","MOV","894C245C","MOV dword ptr [ESP + 0x5c],ECX","","00527b4b:UNCONDITIONAL_CALL"
"005197cc","00519250",".text","after","005197d0","MOV","8B8FB4000000","MOV ECX,dword ptr [EDI + 0xb4]","",""
"005197cc","00519250",".text","after","005197d6","PUSH","51","PUSH ECX","",""
"005197cc","00519250",".text","after","005197d7","PUSH","50","PUSH EAX","",""
"005197cc","00519250",".text","after","005197d8","LEA","8D542438","LEA EDX,[ESP + 0x38]","",""
"0051a85e","0051a746",".text","before","0051a852","MOV","894E44","MOV dword ptr [ESI + 0x44],ECX","",""
"0051a85e","0051a746",".text","before","0051a855","MOV","8BCE","MOV ECX,ESI","",""
"0051a85e","0051a746",".text","before","0051a857","FSTP","D95E7C","FSTP float ptr [ESI + 0x7c]","",""
"0051a85e","0051a746",".text","before","0051a85a","MOV","C6464000","MOV byte ptr [ESI + 0x40],0x0","",""
"0051a85e","0051a746",".text","candidate","0051a85e","MOV","C6465C00","MOV byte ptr [ESI + 0x5c],0x0","","00409b51:UNCONDITIONAL_CALL"
"0051a85e","0051a746",".text","after","0051a862","MOV","C6868000000000","MOV byte ptr [ESI + 0x80],0x0","",""
"0051a85e","0051a746",".text","after","0051a869","MOV","C6868100000000","MOV byte ptr [ESI + 0x81],0x0","",""
"0051a85e","0051a746",".text","after","0051a870","MOV","894664","MOV dword ptr [ESI + 0x64],EAX","",""
"0051a85e","0051a746",".text","after","0051a873","MOV","C6868800000000","MOV byte ptr [ESI + 0x88],0x0","",""
"0051ab1f","0051a746",".text","before","0051ab12","MOV","8B4660","MOV EAX,dword ptr [ESI + 0x60]","",""
"0051ab1f","0051a746",".text","before","0051ab15","FSUB","D86630","FSUB float ptr [ESI + 0x30]","",""
"0051ab1f","0051a746",".text","before","0051ab18","MOV","8B4E48","MOV ECX,dword ptr [ESI + 0x48]","",""
"0051ab1f","0051a746",".text","before","0051ab1b","MOV","C6464000","MOV byte ptr [ESI + 0x40],0x0","",""
"0051ab1f","0051a746",".text","candidate","0051ab1f","MOV","C6465C00","MOV byte ptr [ESI + 0x5c],0x0","","00409b51:UNCONDITIONAL_CALL"
"0051ab1f","0051a746",".text","after","0051ab23","FSTP","D95E7C","FSTP float ptr [ESI + 0x7c]","",""
"0051ab1f","0051a746",".text","after","0051ab26","MOV","C6868000000000","MOV byte ptr [ESI + 0x80],0x0","",""
"0051ab1f","0051a746",".text","after","0051ab2d","MOV","C6868100000000","MOV byte ptr [ESI + 0x81],0x0","",""
"0051ab1f","0051a746",".text","after","0051ab34","MOV","894664","MOV dword ptr [ESI + 0x64],EAX","",""
"0051ae51","0051a746",".text","before","0051ae41","JNZ","7525","JNZ 0x0051ae68","",""
"0051ae51","0051a746",".text","before","0051ae43","MOV","8B542438","MOV EDX,dword ptr [ESP + 0x38]","",""
"0051ae51","0051a746",".text","before","0051ae47","MOV","89155800B700","MOV dword ptr [0x00b70058],EDX","",""
"0051ae51","0051a746",".text","before","0051ae4d","MOV","8B54243C","MOV EDX,dword ptr [ESP + 0x3c]","",""
"0051ae51","0051a746",".text","candidate","0051ae51","MOV","C6465C01","MOV byte ptr [ESI + 0x5c],0x1","","00409b51:UNCONDITIONAL_CALL"
"0051ae51","0051a746",".text","after","0051ae55","MOV","B864000000","MOV EAX,0x64","",""
"0051ae51","0051a746",".text","after","0051ae5a","MOV","89155C00B700","MOV dword ptr [0x00b7005c],EDX","",""
"0051ae51","0051a746",".text","after","0051ae60","MOV","890D6000B700","MOV dword ptr [0x00b70060],ECX","",""
"0051ae51","0051a746",".text","after","0051ae66","JMP","EB05","JMP 0x0051ae6d","",""
"0051b1a8","0051b126",".text","before","0051b196","CALL","E895BFFFFF","CALL 0x00517130","",""
"0051b1a8","0051b126",".text","before","0051b19b","MOV","A17800B700","MOV EAX,[0x00b70078]","",""
"0051b1a8","0051b126",".text","before","0051b1a0","TEST","A801","TEST AL,0x1","",""
"0051b1a8","0051b126",".text","before","0051b1a2","MOV","8B1584CBB700","MOV EDX,dword ptr [0x00b7cb84]","",""
"0051b1a8","0051b126",".text","candidate","0051b1a8","MOV","8954245C","MOV dword ptr [ESP + 0x5c],EDX","","0040127f:UNCONDITIONAL_CALL"
"0051b1a8","0051b126",".text","after","0051b1ac","JNZ","7508","JNZ 0x0051b1b6","",""
"0051b1a8","0051b126",".text","after","0051b1ae","OR","83C801","OR EAX,0x1","",""
"0051b1a8","0051b126",".text","after","0051b1b1","MOV","A37800B700","MOV [0x00b70078],EAX","",""
"0051b1a8","0051b126",".text","after","0051b1b6","TEST","A802","TEST AL,0x2","",""
"0051be2a","0051b850",".text","before","0051be1e","ADD","83C00C","ADD EAX,0xc","",""
"0051be2a","0051b850",".text","before","0051be21","MOV","8B08","MOV ECX,dword ptr [EAX]","",""
"0051be2a","0051b850",".text","before","0051be23","MOV","894C2458","MOV dword ptr [ESP + 0x58],ECX","",""
"0051be2a","0051b850",".text","before","0051be27","MOV","8B5004","MOV EDX,dword ptr [EAX + 0x4]","",""
"0051be2a","0051b850",".text","candidate","0051be2a","MOV","8954245C","MOV dword ptr [ESP + 0x5c],EDX","","00520012:UNCONDITIONAL_CALL|0051e3dc:UNCONDITIONAL_CALL|00527c0f:UNCONDITIONAL_CALL"
"0051be2a","0051b850",".text","after","0051be2e","MOV","8B4008","MOV EAX,dword ptr [EAX + 0x8]","",""
"0051be2a","0051b850",".text","after","0051be31","MOV","89442460","MOV dword ptr [ESP + 0x60],EAX","",""
"0051be2a","0051b850",".text","after","0051be35","MOV","8B4614","MOV EAX,dword ptr [ESI + 0x14]","",""
"0051be2a","0051b850",".text","after","0051be38","TEST","85C0","TEST EAX,EAX","",""
"0051ccbe","0051cc36",".text","before","0051cca9","CALL","E882A4FFFF","CALL 0x00517130","",""
"0051ccbe","0051cc36",".text","before","0051ccae","FLD","D9442458","FLD float ptr [ESP + 0x58]","",""
"0051ccbe","0051cc36",".text","before","0051ccb2","FCOMP","D81DDCCD8C00","FCOMP float ptr [0x008ccddc]","",""
"0051ccbe","0051cc36",".text","before","0051ccb8","MOV","8B3584CBB700","MOV ESI,dword ptr [0x00b7cb84]","",""
"0051ccbe","0051cc36",".text","candidate","0051ccbe","MOV","8974245C","MOV dword ptr [ESP + 0x5c],ESI","","00408023:UNCONDITIONAL_CALL"
"0051ccbe","0051cc36",".text","after","0051ccc2","FNSTSW","DFE0","FNSTSW AX","",""
"0051ccbe","0051cc36",".text","after","0051ccc4","TEST","F6C405","TEST AH,0x5","",""
"0051ccbe","0051cc36",".text","after","0051ccc7","JNP","0F8BB3030000","JNP 0x0051d080","",""
"0051ccbe","0051cc36",".text","after","0051cccd","MOV","8B0D88C48C00","MOV ECX,dword ptr [0x008cc488]","",""
"0051e576","0051e566",".text","before","0051e571","PUSH","55","PUSH EBP","",""
"0051e576","0051e566",".text","before","0051e572","PUSH","56","PUSH ESI","",""
"0051e576","0051e566",".text","before","0051e573","PUSH","57","PUSH EDI","",""
"0051e576","0051e566",".text","before","0051e574","MOV","8BF9","MOV EDI,ECX","",""
"0051e576","0051e566",".text","candidate","0051e576","MOV","897C245C","MOV dword ptr [ESP + 0x5c],EDI","","004014e8:UNCONDITIONAL_CALL"
"0051e576","0051e566",".text","after","0051e57a","JA","0F876C0B0000","JA 0x0051f0ec","",""
"0051e576","0051e566",".text","after","0051e580","JMP","FF248510015200","JMP dword ptr [EAX*0x4 + 0x520110]","",""
"0051e576","0051e566",".text","after","0051e587","PUSH","6A00","PUSH 0x0","",""
"0051e576","0051e566",".text","after","0051e589","PUSH","6AFF","PUSH -0x1","",""
"0051e85e","0051e566",".text","before","0051e852","MOV","8B08","MOV ECX,dword ptr [EAX]","",""
"0051e85e","0051e566",".text","before","0051e854","MOV","8B5004","MOV EDX,dword ptr [EAX + 0x4]","",""
"0051e85e","0051e566",".text","before","0051e857","MOV","8B4008","MOV EAX,dword ptr [EAX + 0x8]","",""
"0051e85e","0051e566",".text","before","0051e85a","MOV","894C2454","MOV dword ptr [ESP + 0x54],ECX","",""
"0051e85e","0051e566",".text","candidate","0051e85e","MOV","8944245C","MOV dword ptr [ESP + 0x5c],EAX","","004014e8:UNCONDITIONAL_CALL"
"0051e85e","0051e566",".text","after","0051e862","ADD","83C40C","ADD ESP,0xc","",""
"0051e85e","0051e566",".text","after","0051e865","LEA","8D4C2448","LEA ECX,[ESP + 0x48]","",""
"0051e85e","0051e566",".text","after","0051e869","MOV","8954244C","MOV dword ptr [ESP + 0x4c],EDX","",""
"0051e85e","0051e566",".text","after","0051e86d","MOV","C744245000000000","MOV dword ptr [ESP + 0x50],0x0","",""
"0051ead8","0051e566",".text","before","0051eacc","MOV","8B08","MOV ECX,dword ptr [EAX]","",""
"0051ead8","0051e566",".text","before","0051eace","MOV","8B5004","MOV EDX,dword ptr [EAX + 0x4]","",""
"0051ead8","0051e566",".text","before","0051ead1","MOV","8B4008","MOV EAX,dword ptr [EAX + 0x8]","",""
"0051ead8","0051e566",".text","before","0051ead4","MOV","894C2454","MOV dword ptr [ESP + 0x54],ECX","",""
"0051ead8","0051e566",".text","candidate","0051ead8","MOV","8944245C","MOV dword ptr [ESP + 0x5c],EAX","","004014e8:UNCONDITIONAL_CALL"
"0051ead8","0051e566",".text","after","0051eadc","ADD","83C40C","ADD ESP,0xc","",""
"0051ead8","0051e566",".text","after","0051eadf","LEA","8D4C2448","LEA ECX,[ESP + 0x48]","",""
"0051ead8","0051e566",".text","after","0051eae3","MOV","8954244C","MOV dword ptr [ESP + 0x4c],EDX","",""
"0051ead8","0051e566",".text","after","0051eae7","MOV","C744245000000000","MOV dword ptr [ESP + 0x50],0x0","",""
"00522da4","00522d4c",".text","before","00522d9b","MOV","8B11","MOV EDX,dword ptr [ECX]","",""
"00522da4","00522d4c",".text","before","00522d9d","MOV","8B4104","MOV EAX,dword ptr [ECX + 0x4]","",""
"00522da4","00522d4c",".text","before","00522da0","MOV","8B4908","MOV ECX,dword ptr [ECX + 0x8]","",""
"00522da4","00522d4c",".text","before","00522da3","PUSH","53","PUSH EBX","",""
"00522da4","00522d4c",".text","candidate","00522da4","MOV","8944245C","MOV dword ptr [ESP + 0x5c],EAX","","00406b02:UNCONDITIONAL_CALL"
"00522da4","00522d4c",".text","after","00522da8","MOV","A11429B700","MOV EAX,[0x00b72914]","",""
"00522da4","00522d4c",".text","after","00522dad","PUSH","56","PUSH ESI","",""
"00522da4","00522d4c",".text","after","00522dae","XOR","33F6","XOR ESI,ESI","",""
"00522da4","00522d4c",".text","after","00522db0","TEST","85C0","TEST EAX,EAX","",""
"00522db2","00522d4c",".text","before","00522da8","MOV","A11429B700","MOV EAX,[0x00b72914]","",""
"00522db2","00522d4c",".text","before","00522dad","PUSH","56","PUSH ESI","",""
"00522db2","00522d4c",".text","before","00522dae","XOR","33F6","XOR ESI,ESI","",""
"00522db2","00522d4c",".text","before","00522db0","TEST","85C0","TEST EAX,EAX","",""
"00522db2","00522d4c",".text","candidate","00522db2","MOV","8954245C","MOV dword ptr [ESP + 0x5c],EDX","","00406b02:UNCONDITIONAL_CALL"
"00522db2","00522d4c",".text","after","00522db6","MOV","894C2464","MOV dword ptr [ESP + 0x64],ECX","",""
"00522db2","00522d4c",".text","after","00522dba","MOV","89742454","MOV dword ptr [ESP + 0x54],ESI","",""
"00522db2","00522d4c",".text","after","00522dbe","JZ","7409","JZ 0x00522dc9","",""
"00522db2","00522d4c",".text","after","00522dc0","MOV","BE01000000","MOV ESI,0x1","",""
"00523161","00522d4c",".text","before","00523157","ADD","83C030","ADD EAX,0x30","",""
"00523161","00522d4c",".text","before","0052315a","JMP","EB03","JMP 0x0052315f","",""
"00523161","00522d4c",".text","before","0052315c","LEA","8D4504","LEA EAX,[EBP + 0x4]","",""
"00523161","00522d4c",".text","before","0052315f","MOV","8B08","MOV ECX,dword ptr [EAX]","",""
"00523161","00522d4c",".text","candidate","00523161","MOV","894C245C","MOV dword ptr [ESP + 0x5c],ECX","","00406b02:UNCONDITIONAL_CALL"
"00523161","00522d4c",".text","after","00523165","MOV","8B5004","MOV EDX,dword ptr [EAX + 0x4]","",""
"00523161","00522d4c",".text","after","00523168","MOV","8B4C2448","MOV ECX,dword ptr [ESP + 0x48]","",""
"00523161","00522d4c",".text","after","0052316c","MOV","89542460","MOV dword ptr [ESP + 0x60],EDX","",""
"00523161","00522d4c",".text","after","00523170","MOV","8B4008","MOV EAX,dword ptr [EAX + 0x8]","",""
"00528497","00527fa0",".text","before","0052848a","MOV","89442458","MOV dword ptr [ESP + 0x58],EAX","",""
"00528497","00527fa0",".text","before","0052848e","FLD","D9C0","FLD ST0","",""
"00528497","00527fa0",".text","before","00528490","MOV","BF01000000","MOV EDI,0x1","",""
"00528497","00527fa0",".text","before","00528495","FMUL","D8C9","FMUL ST1","",""
"00528497","00527fa0",".text","candidate","00528497","MOV","897C245C","MOV dword ptr [ESP + 0x5c],EDI","","0052b840:UNCONDITIONAL_CALL"
"00528497","00527fa0",".text","after","0052849b","FLD","D9C2","FLD ST2","",""
"00528497","00527fa0",".text","after","0052849d","FMUL","D8CB","FMUL ST3","",""
"00528497","00527fa0",".text","after","0052849f","FADDP","DEC1","FADDP","",""
"00528497","00527fa0",".text","after","005284a1","FSQRT","D9FA","FSQRT","",""
"005292f5","0052913d",".text","before","005292e8","MOV","8B11","MOV EDX,dword ptr [ECX]","",""
"005292f5","0052913d",".text","before","005292ea","MOV","8B4104","MOV EAX,dword ptr [ECX + 0x4]","",""
"005292f5","0052913d",".text","before","005292ed","MOV","8B4908","MOV ECX,dword ptr [ECX + 0x8]","",""
"005292f5","0052913d",".text","before","005292f0","MOV","BB01000000","MOV EBX,0x1","",""
"005292f5","0052913d",".text","candidate","005292f5","MOV","895C245C","MOV dword ptr [ESP + 0x5c],EBX","","004038fd:UNCONDITIONAL_CALL"
"005292f5","0052913d",".text","after","005292f9","MOV","89542430","MOV dword ptr [ESP + 0x30],EDX","",""
"005292f5","0052913d",".text","after","005292fd","MOV","89442434","MOV dword ptr [ESP + 0x34],EAX","",""
"005292f5","0052913d",".text","after","00529301","MOV","894C2438","MOV dword ptr [ESP + 0x38],ECX","",""
"005292f5","0052913d",".text","after","00529305","JZ","0F84FC010000","JZ 0x00529507","",""
"005296fd","0052913d",".text","before","005296f1","MOV","668B4106","MOV AX,word ptr [ECX + 0x6]","",""
"005296fd","0052913d",".text","before","005296f5","TEST","6685C0","TEST AX,AX","",""
"005296fd","0052913d",".text","before","005296f8","MOVSX","0FBFD0","MOVSX EDX,AX","",""
"005296fd","0052913d",".text","before","005296fb","MOV","8BFA","MOV EDI,EDX","",""
"005296fd","0052913d",".text","candidate","005296fd","MOV","8944245C","MOV dword ptr [ESP + 0x5c],EAX","","004038fd:UNCONDITIONAL_CALL"
"005296fd","0052913d",".text","after","00529701","JGE","7D02","JGE 0x00529705","",""
"005296fd","0052913d",".text","after","00529703","NEG","F7DF","NEG EDI","",""
"005296fd","0052913d",".text","after","00529705","MOV","668B690A","MOV BP,word ptr [ECX + 0xa]","",""
"005296fd","0052913d",".text","after","00529709","TEST","6685ED","TEST BP,BP","",""
"0052bfcd","0052b730",".text","before","0052bfb5","MOV","C744241400000000","MOV dword ptr [ESP + 0x14],0x0","",""
"0052bfcd","0052b730",".text","before","0052bfbd","MOV","8B542414","MOV EDX,dword ptr [ESP + 0x14]","",""
"0052bfcd","0052b730",".text","before","0052bfc1","MOV","C744241800000000","MOV dword ptr [ESP + 0x18],0x0","",""
"0052bfcd","0052b730",".text","before","0052bfc9","MOV","8B442418","MOV EAX,dword ptr [ESP + 0x18]","",""
"0052bfcd","0052b730",".text","candidate","0052bfcd","MOV","894C245C","MOV dword ptr [ESP + 0x5c],ECX","","0053be97:UNCONDITIONAL_CALL|0053bcd3:UNCONDITIONAL_CALL|0053c104:UNCONDITIONAL_CALL|00570b5d:UNCONDITIONAL_CALL"
"0052bfcd","0052b730",".text","after","0052bfd1","MOV","89542460","MOV dword ptr [ESP + 0x60],EDX","",""
"0052bfcd","0052b730",".text","after","0052bfd5","MOV","89442464","MOV dword ptr [ESP + 0x64],EAX","",""
"0052bfcd","0052b730",".text","after","0052bfd9","LEA","8D4C245C","LEA ECX,[ESP + 0x5c]","",""
"0052bfcd","0052b730",".text","after","0052bfdd","LEA","8D54243C","LEA EDX,[ESP + 0x3c]","",""
"0052c2f6","0052b730",".text","before","0052c2de","MOV","C744241400000000","MOV dword ptr [ESP + 0x14],0x0","",""
"0052c2f6","0052b730",".text","before","0052c2e6","MOV","8B542414","MOV EDX,dword ptr [ESP + 0x14]","",""
"0052c2f6","0052b730",".text","before","0052c2ea","MOV","C744241800000000","MOV dword ptr [ESP + 0x18],0x0","",""
"0052c2f6","0052b730",".text","before","0052c2f2","MOV","8B442418","MOV EAX,dword ptr [ESP + 0x18]","",""
"0052c2f6","0052b730",".text","candidate","0052c2f6","MOV","894C245C","MOV dword ptr [ESP + 0x5c],ECX","","0053be97:UNCONDITIONAL_CALL|0053bcd3:UNCONDITIONAL_CALL|0053c104:UNCONDITIONAL_CALL|00570b5d:UNCONDITIONAL_CALL"
"0052c2f6","0052b730",".text","after","0052c2fa","MOV","89542460","MOV dword ptr [ESP + 0x60],EDX","",""
"0052c2f6","0052b730",".text","after","0052c2fe","MOV","89442464","MOV dword ptr [ESP + 0x64],EAX","",""
"0052c2f6","0052b730",".text","after","0052c302","LEA","8D4C245C","LEA ECX,[ESP + 0x5c]","",""
"0052c2f6","0052b730",".text","after","0052c306","LEA","8D54243C","LEA EDX,[ESP + 0x3c]","",""
"00536949","00535fa0",".text","before","00536941","LEA","8D4C2448","LEA ECX,[ESP + 0x48]","",""
"00536949","00535fa0",".text","before","00536945","PUSH","51","PUSH ECX","",""
"00536949","00535fa0",".text","before","00536946","PUSH","52","PUSH EDX","",""
"00536949","00535fa0",".text","before","00536947","PUSH","6A01","PUSH 0x1","",""
"00536949","00535fa0",".text","candidate","00536949","MOV","8944245C","MOV dword ptr [ESP + 0x5c],EAX","","00403f0a:UNCONDITIONAL_CALL|00863904:DATA|0086396c:DATA|00863be4:DATA|00866ebc:DATA|0086c1dc:DATA|0085860c:DATA|0059fe09:UNCONDITIONAL_CALL"
"00536949","00535fa0",".text","after","0053694d","CALL","E83E0A1D00","CALL 0x00707390","",""
"00536949","00535fa0",".text","after","00536952","ADD","83C440","ADD ESP,0x40","",""
"00536949","00535fa0",".text","after","00536955","JMP","EB20","JMP 0x00536977","",""
"00536949","00535fa0",".text","after","00536957","TEST","F6864001000001","TEST byte ptr [ESI + 0x140],0x1","",""
"00538cd8","00538bc0",".text","before","00538cc9","MOV","885845","MOV byte ptr [EAX + 0x45],BL","",""
"00538cd8","00538bc0",".text","before","00538ccc","MOV","66C7404E0100","MOV word ptr [EAX + 0x4e],0x1","",""
"00538cd8","00538bc0",".text","before","00538cd2","OR","80C914","OR CL,0x14","",""
"00538cd8","00538bc0",".text","before","00538cd5","MOV","895064","MOV dword ptr [EAX + 0x64],EDX","",""
"00538cd8","00538bc0",".text","candidate","00538cd8","MOV","89505C","MOV dword ptr [EAX + 0x5c],EDX","","0053be3f:UNCONDITIONAL_CALL|00539db9:UNCONDITIONAL_CALL"
"00538cd8","00538bc0",".text","after","00538cdb","MOV","895060","MOV dword ptr [EAX + 0x60],EDX","",""
"00538cd8","00538bc0",".text","after","00538cde","MOV","C740680000803F","MOV dword ptr [EAX + 0x68],0x3f800000","",""
"00538cd8","00538bc0",".text","after","00538ce5","MOV","895070","MOV dword ptr [EAX + 0x70],EDX","",""
"00538cd8","00538bc0",".text","after","00538ce8","MOV","C6406C64","MOV byte ptr [EAX + 0x6c],0x64","",""
"0053b23a","0053af00",".text","before","0053b228","MOV","89442460","MOV dword ptr [ESP + 0x60],EAX","",""
"0053b23a","0053af00",".text","before","0053b22c","MOV","B808000000","MOV EAX,0x8","",""
"0053b23a","0053af00",".text","before","0053b231","LEA","8D8C24A1000000","LEA ECX,[ESP + 0xa1]","",""
"0053b23a","0053af00",".text","before","0053b238","SUB","2BC1","SUB EAX,ECX","",""
"0053b23a","0053af00",".text","candidate","0053b23a","MOV","8944245C","MOV dword ptr [ESP + 0x5c],EAX","","0053c00a:UNCONDITIONAL_CALL"
"0053b23a","0053af00",".text","after","0053b23e","MOV","B809000000","MOV EAX,0x9","",""
"0053b23a","0053af00",".text","after","0053b243","LEA","8D9424A1000000","LEA EDX,[ESP + 0xa1]","",""
"0053b23a","0053af00",".text","after","0053b24a","SUB","2BC2","SUB EAX,EDX","",""
"0053b23a","0053af00",".text","after","0053b24c","MOV","89AC2484000000","MOV dword ptr [ESP + 0x84],EBP","",""
"0053d3d8","0053d0b0",".text","before","0053d3cc","FSTP","DDD8","FSTP ST0","",""
"0053d3d8","0053d0b0",".text","before","0053d3ce","FLD","D9442410","FLD float ptr [ESP + 0x10]","",""
"0053d3d8","0053d0b0",".text","before","0053d3d2","FSTP","D95CBE5C","FSTP float ptr [ESI + EDI*0x4 + 0x5c]","",""
"0053d3d8","0053d0b0",".text","before","0053d3d6","JMP","EB04","JMP 0x0053d3dc","",""
"0053d3d8","0053d0b0",".text","candidate","0053d3d8","MOV","895CBE5C","MOV dword ptr [ESI + EDI*0x4 + 0x5c],EBX","0053d2c6:CONDITIONAL_JUMP","0053c09f:UNCONDITIONAL_CALL"
"0053d3d8","0053d0b0",".text","after","0053d3dc","CMP","83FF03","CMP EDI,0x3","",""
"0053d3d8","0053d0b0",".text","after","0053d3df","JNZ","7505","JNZ 0x0053d3e6","",""
"0053d3d8","0053d0b0",".text","after","0053d3e1","FLD","D94668","FLD float ptr [ESI + 0x68]","",""
"0053d3d8","0053d0b0",".text","after","0053d3e4","JMP","EB24","JMP 0x0053d40a","",""
"00548072","00547b80",".text","before","00548068","PUSH","51","PUSH ECX","",""
"00548072","00547b80",".text","before","00548069","MOV","894C2458","MOV dword ptr [ESP + 0x58],ECX","",""
"00548072","00547b80",".text","before","0054806d","FSTP","D91C24","FSTP float ptr [ESP]","",""
"00548072","00547b80",".text","before","00548070","MOV","8BCE","MOV ECX,ESI","",""
"00548072","00547b80",".text","candidate","00548072","MOV","8954245C","MOV dword ptr [ESP + 0x5c],EDX","","0054836b:UNCONDITIONAL_CALL|0054b97a:UNCONDITIONAL_CALL|0054dbe2:UNCONDITIONAL_CALL|0054df3d:UNCONDITIONAL_CALL|0054e377:UNCONDITIONAL_CALL|0054e413:UNCONDITIONAL_CALL|0054e4f0:UNCONDITIONAL_CALL|0054e6b4:UNCONDITIONAL_CALL"
"00548072","00547b80",".text","after","00548076","CALL","E845D4FFFF","CALL 0x005454c0","",""
"00548072","00547b80",".text","after","0054807b","MOV","8A4E36","MOV CL,byte ptr [ESI + 0x36]","",""
"00548072","00547b80",".text","after","0054807e","AND","80E107","AND CL,0x7","",""
"00548072","00547b80",".text","after","00548081","CMP","80F904","CMP CL,0x4","",""
"00548522","005483d0",".text","before","00548516","FSTP","D95B04","FSTP float ptr [EBX + 0x4]","",""
"00548522","005483d0",".text","before","00548519","FLD","D94670","FLD float ptr [ESI + 0x70]","",""
"00548522","005483d0",".text","before","0054851c","FADD","D84308","FADD float ptr [EBX + 0x8]","",""
"00548522","005483d0",".text","before","0054851f","FSTP","D95B08","FSTP float ptr [EBX + 0x8]","",""
"00548522","005483d0",".text","candidate","00548522","MOV","894E5C","MOV dword ptr [ESI + 0x5c],ECX","","0054864a:UNCONDITIONAL_CALL"
"00548522","005483d0",".text","after","00548525","MOV","8B4C240C","MOV ECX,dword ptr [ESP + 0xc]","",""
"00548522","005483d0",".text","after","00548529","MOV","895660","MOV dword ptr [ESI + 0x60],EDX","",""
"00548522","005483d0",".text","after","0054852c","MOV","8B542410","MOV EDX,dword ptr [ESP + 0x10]","",""
"00548522","005483d0",".text","after","00548530","MOV","894E68","MOV dword ptr [ESI + 0x68],ECX","",""
"00548bb0","00548680",".text","before","00548ba3","MOV","8903","MOV dword ptr [EBX],EAX","",""
"00548bb0","00548680",".text","before","00548ba5","MOV","894B04","MOV dword ptr [EBX + 0x4],ECX","",""
"00548bb0","00548680",".text","before","00548ba8","FSTP","D95C2424","FSTP float ptr [ESP + 0x24]","",""
"00548bb0","00548680",".text","before","00548bac","MOV","8B542424","MOV EDX,dword ptr [ESP + 0x24]","",""
"00548bb0","00548680",".text","candidate","00548bb0","MOV","8954245C","MOV dword ptr [ESP + 0x5c],EDX","","0054bdb2:UNCONDITIONAL_CALL|0054bf78:UNCONDITIONAL_CALL|0054c23a:UNCONDITIONAL_CALL|0054c435:UNCONDITIONAL_CALL|0054d17e:UNCONDITIONAL_CALL|0054d27e:UNCONDITIONAL_CALL|0054d3fe:UNCONDITIONAL_CALL|0054d4d2:UNCONDITIONAL_CALL"
"00548bb0","00548680",".text","after","00548bb4","MOV","895308","MOV dword ptr [EBX + 0x8],EDX","",""
"00548bb0","00548680",".text","after","00548bb7","LEA","8D54241C","LEA EDX,[ESP + 0x1c]","",""
"00548bb0","00548680",".text","after","00548bbb","MOV","894C2458","MOV dword ptr [ESP + 0x58],ECX","",""
"00548bb0","00548680",".text","after","00548bbf","PUSH","52","PUSH EDX","",""
"00548bde","00548680",".text","before","00548bcd","MOV","8B5004","MOV EDX,dword ptr [EAX + 0x4]","",""
"00548bde","00548680",".text","before","00548bd0","MOV","8B4008","MOV EAX,dword ptr [EAX + 0x8]","",""
"00548bde","00548680",".text","before","00548bd3","MOV","89442464","MOV dword ptr [ESP + 0x64],EAX","",""
"00548bde","00548680",".text","before","00548bd7","TEST","F7474000000004","TEST dword ptr [EDI + 0x40],0x4000000","",""
"00548bde","00548680",".text","candidate","00548bde","MOV","894C245C","MOV dword ptr [ESP + 0x5c],ECX","","0054bdb2:UNCONDITIONAL_CALL|0054bf78:UNCONDITIONAL_CALL|0054c23a:UNCONDITIONAL_CALL|0054c435:UNCONDITIONAL_CALL|0054d17e:UNCONDITIONAL_CALL|0054d27e:UNCONDITIONAL_CALL|0054d3fe:UNCONDITIONAL_CALL|0054d4d2:UNCONDITIONAL_CALL"
"00548bde","00548680",".text","after","00548be2","MOV","89542460","MOV dword ptr [ESP + 0x60],EDX","",""
"00548bde","00548680",".text","after","00548be6","JZ","742F","JZ 0x00548c17","",""
"00548bde","00548680",".text","after","00548be8","MOV","8A4F36","MOV CL,byte ptr [EDI + 0x36]","",""
"00548bde","00548680",".text","after","00548beb","AND","80E107","AND CL,0x7","",""
"0054957b","00548680",".text","before","0054956f","FLD","D9C0","FLD ST0","",""
"0054957b","00548680",".text","before","00549571","FMUL","D80B","FMUL float ptr [EBX]","",""
"0054957b","00548680",".text","before","00549573","FSTP","D95C2434","FSTP float ptr [ESP + 0x34]","",""
"0054957b","00548680",".text","before","00549577","MOV","8B542434","MOV EDX,dword ptr [ESP + 0x34]","",""
"0054957b","00548680",".text","candidate","0054957b","MOV","8954245C","MOV dword ptr [ESP + 0x5c],EDX","","0054bdb2:UNCONDITIONAL_CALL|0054bf78:UNCONDITIONAL_CALL|0054c23a:UNCONDITIONAL_CALL|0054c435:UNCONDITIONAL_CALL|0054d17e:UNCONDITIONAL_CALL|0054d27e:UNCONDITIONAL_CALL|0054d3fe:UNCONDITIONAL_CALL|0054d4d2:UNCONDITIONAL_CALL"
"0054957b","00548680",".text","after","0054957f","FLD","D9C0","FLD ST0","",""
"0054957b","00548680",".text","after","00549581","FMUL","D84B04","FMUL float ptr [EBX + 0x4]","",""
"0054957b","00548680",".text","after","00549584","FSTP","D95C2438","FSTP float ptr [ESP + 0x38]","",""
"0054957b","00548680",".text","after","00549588","MOV","8B442438","MOV EAX,dword ptr [ESP + 0x38]","",""
"00549758","00548680",".text","before","00549747","MOV","8B5004","MOV EDX,dword ptr [EAX + 0x4]","",""
"00549758","00548680",".text","before","0054974a","MOV","8B4008","MOV EAX,dword ptr [EAX + 0x8]","",""
"00549758","00548680",".text","before","0054974d","MOV","89442464","MOV dword ptr [ESP + 0x64],EAX","",""
"00549758","00548680",".text","before","00549751","TEST","F7474000000004","TEST dword ptr [EDI + 0x40],0x4000000","",""
"00549758","00548680",".text","candidate","00549758","MOV","894C245C","MOV dword ptr [ESP + 0x5c],ECX","","0054bdb2:UNCONDITIONAL_CALL|0054bf78:UNCONDITIONAL_CALL|0054c23a:UNCONDITIONAL_CALL|0054c435:UNCONDITIONAL_CALL|0054d17e:UNCONDITIONAL_CALL|0054d27e:UNCONDITIONAL_CALL|0054d3fe:UNCONDITIONAL_CALL|0054d4d2:UNCONDITIONAL_CALL"
"00549758","00548680",".text","after","0054975c","MOV","89542460","MOV dword ptr [ESP + 0x60],EDX","",""
"00549758","00548680",".text","after","00549760","JZ","742F","JZ 0x00549791","",""
"00549758","00548680",".text","after","00549762","MOV","8A4F36","MOV CL,byte ptr [EDI + 0x36]","",""
"00549758","00548680",".text","after","00549765","AND","80E107","AND CL,0x7","",""
"00549b7b","00548680",".text","before","00549b6c","FSTP","D95C2424","FSTP float ptr [ESP + 0x24]","",""
"00549b7b","00548680",".text","before","00549b70","MOV","8B5C2424","MOV EBX,dword ptr [ESP + 0x24]","",""
"00549b7b","00548680",".text","before","00549b74","FLD","D94500","FLD float ptr [EBP]","",""
"00549b7b","00548680",".text","before","00549b77","MOV","89542458","MOV dword ptr [ESP + 0x58],EDX","",""
"00549b7b","00548680",".text","candidate","00549b7b","MOV","895C245C","MOV dword ptr [ESP + 0x5c],EBX","","0054bdb2:UNCONDITIONAL_CALL|0054bf78:UNCONDITIONAL_CALL|0054c23a:UNCONDITIONAL_CALL|0054c435:UNCONDITIONAL_CALL|0054d17e:UNCONDITIONAL_CALL|0054d27e:UNCONDITIONAL_CALL|0054d3fe:UNCONDITIONAL_CALL|0054d4d2:UNCONDITIONAL_CALL"
"00549b7b","00548680",".text","after","00549b7f","FSUB","D820","FSUB float ptr [EAX]","",""
"00549b7b","00548680",".text","after","00549b81","FSTP","D95C241C","FSTP float ptr [ESP + 0x1c]","",""
"00549b7b","00548680",".text","after","00549b85","FLD","D94504","FLD float ptr [EBP + 0x4]","",""
"00549b7b","00548680",".text","after","00549b88","FSUB","D86004","FSUB float ptr [EAX + 0x4]","",""
"00549bd2","00548680",".text","before","00549bc5","MOV","895808","MOV dword ptr [EAX + 0x8],EBX","",""
"00549bd2","00548680",".text","before","00549bc8","CALL","E81391FFFF","CALL 0x00542ce0","",""
"00549bd2","00548680",".text","before","00549bcd","MOV","8B10","MOV EDX,dword ptr [EAX]","",""
"00549bd2","00548680",".text","before","00549bcf","MOV","8B4804","MOV ECX,dword ptr [EAX + 0x4]","",""
"00549bd2","00548680",".text","candidate","00549bd2","MOV","8954245C","MOV dword ptr [ESP + 0x5c],EDX","","0054bdb2:UNCONDITIONAL_CALL|0054bf78:UNCONDITIONAL_CALL|0054c23a:UNCONDITIONAL_CALL|0054c435:UNCONDITIONAL_CALL|0054d17e:UNCONDITIONAL_CALL|0054d27e:UNCONDITIONAL_CALL|0054d3fe:UNCONDITIONAL_CALL|0054d4d2:UNCONDITIONAL_CALL"
"00549bd2","00548680",".text","after","00549bd6","MOV","8B5008","MOV EDX,dword ptr [EAX + 0x8]","",""
"00549bd2","00548680",".text","after","00549bd9","TEST","F7474000000004","TEST dword ptr [EDI + 0x40],0x4000000","",""
"00549bd2","00548680",".text","after","00549be0","MOV","894C2460","MOV dword ptr [ESP + 0x60],ECX","",""
"00549bd2","00548680",".text","after","00549be4","MOV","89542464","MOV dword ptr [ESP + 0x64],EDX","",""
"00549f1f","00548680",".text","before","00549f13","FLD","D9C0","FLD ST0","",""
"00549f1f","00548680",".text","before","00549f15","FMUL","D80B","FMUL float ptr [EBX]","",""
"00549f1f","00548680",".text","before","00549f17","FSTP","D95C2410","FSTP float ptr [ESP + 0x10]","",""
"00549f1f","00548680",".text","before","00549f1b","MOV","8B542410","MOV EDX,dword ptr [ESP + 0x10]","",""
"00549f1f","00548680",".text","candidate","00549f1f","MOV","8954245C","MOV dword ptr [ESP + 0x5c],EDX","","0054bdb2:UNCONDITIONAL_CALL|0054bf78:UNCONDITIONAL_CALL|0054c23a:UNCONDITIONAL_CALL|0054c435:UNCONDITIONAL_CALL|0054d17e:UNCONDITIONAL_CALL|0054d27e:UNCONDITIONAL_CALL|0054d3fe:UNCONDITIONAL_CALL|0054d4d2:UNCONDITIONAL_CALL"
"00549f1f","00548680",".text","after","00549f23","FLD","D9C0","FLD ST0","",""
"00549f1f","00548680",".text","after","00549f25","FMUL","D84B04","FMUL float ptr [EBX + 0x4]","",""
"00549f1f","00548680",".text","after","00549f28","FSTP","D95C2414","FSTP float ptr [ESP + 0x14]","",""
"00549f1f","00548680",".text","after","00549f2c","MOV","8B442414","MOV EAX,dword ptr [ESP + 0x14]","",""
"0054a9ee","0054a2c6",".text","before","0054a9e1","CALL","E8DA54ECFF","CALL 0x0040fec0","",""
"0054a9ee","0054a2c6",".text","before","0054a9e6","MOV","8B4804","MOV ECX,dword ptr [EAX + 0x4]","",""
"0054a9ee","0054a2c6",".text","before","0054a9e9","MOV","8B10","MOV EDX,dword ptr [EAX]","",""
"0054a9ee","0054a2c6",".text","before","0054a9eb","MOV","8B4008","MOV EAX,dword ptr [EAX + 0x8]","",""
"0054a9ee","0054a2c6",".text","candidate","0054a9ee","MOV","894C245C","MOV dword ptr [ESP + 0x5c],ECX","","00409755:UNCONDITIONAL_CALL"
"0054a9ee","0054a2c6",".text","after","0054a9f2","MOV","8A4F36","MOV CL,byte ptr [EDI + 0x36]","",""
"0054a9ee","0054a2c6",".text","after","0054a9f5","AND","80E107","AND CL,0x7","",""
"0054a9ee","0054a2c6",".text","after","0054a9f8","ADD","83C40C","ADD ESP,0xc","",""
"0054a9ee","0054a2c6",".text","after","0054a9fb","CMP","80F902","CMP CL,0x2","",""
"0054d142","0054cff0",".text","before","0054d138","POP","5E","POP ESI","",""
"0054d142","0054cff0",".text","before","0054d139","ADD","83C448","ADD ESP,0x48","",""
"0054d142","0054cff0",".text","before","0054d13c","RET","C20400","RET 0x4","",""
"0054d142","0054cff0",".text","before","0054d13f","MOV","8B4F1C","MOV ECX,dword ptr [EDI + 0x1c]","",""
"0054d142","0054cff0",".text","candidate","0054d142","MOV","894C245C","MOV dword ptr [ESP + 0x5c],ECX","","0054daea:UNCONDITIONAL_CALL"
"0054d142","0054cff0",".text","after","0054d146","SHR","C1E903","SHR ECX,0x3","",""
"0054d142","0054cff0",".text","after","0054d149","AND","80E101","AND CL,0x1","",""
"0054d142","0054cff0",".text","after","0054d14c","JZ","746A","JZ 0x0054d1b8","",""
"0054d142","0054cff0",".text","after","0054d14e","MOV","8B561C","MOV EDX,dword ptr [ESI + 0x1c]","",""
"0054d269","0054cff0",".text","before","0054d257","MOV","894C2420","MOV dword ptr [ESP + 0x20],ECX","",""
"0054d269","0054cff0",".text","before","0054d25b","MOV","896A08","MOV dword ptr [EDX + 0x8],EBP","",""
"0054d269","0054cff0",".text","before","0054d25e","JLE","0F8E90000000","JLE 0x0054d2f4","",""
"0054d269","0054cff0",".text","before","0054d264","MOV","BD983CB700","MOV EBP,0xb73c98","",""
"0054d269","0054cff0",".text","candidate","0054d269","MOV","8944245C","MOV dword ptr [ESP + 0x5c],EAX","","0054daea:UNCONDITIONAL_CALL"
"0054d269","0054cff0",".text","after","0054d26d","LEA","8D4900","LEA ECX,[ECX]","",""
"0054d269","0054cff0",".text","after","0054d270","LEA","8D442414","LEA EAX,[ESP + 0x14]","",""
"0054d269","0054cff0",".text","after","0054d274","PUSH","50","PUSH EAX","",""
"0054d269","0054cff0",".text","after","0054d275","LEA","8D4C2414","LEA ECX,[ESP + 0x14]","",""
"0054d2ea","0054cff0",".text","before","0054d2df","OR","09461C","OR dword ptr [ESI + 0x1c],EAX","",""
"0054d2ea","0054cff0",".text","before","0054d2e2","MOV","8B44245C","MOV EAX,dword ptr [ESP + 0x5c]","",""
"0054d2ea","0054cff0",".text","before","0054d2e6","ADD","83C52C","ADD EBP,0x2c","",""
"0054d2ea","0054cff0",".text","before","0054d2e9","DEC","48","DEC EAX","",""
"0054d2ea","0054cff0",".text","candidate","0054d2ea","MOV","8944245C","MOV dword ptr [ESP + 0x5c],EAX","","0054daea:UNCONDITIONAL_CALL"
"0054d2ea","0054cff0",".text","after","0054d2ee","JNZ","7580","JNZ 0x0054d270","",""
"0054d2ea","0054cff0",".text","after","0054d2f0","MOV","8B4C2420","MOV ECX,dword ptr [ESP + 0x20]","",""
"0054d2ea","0054cff0",".text","after","0054d2f4","MOV","8B6F1C","MOV EBP,dword ptr [EDI + 0x1c]","",""
"0054d2ea","0054cff0",".text","after","0054d2f7","MOV","8BD5","MOV EDX,EBP","",""
"0054d3e9","0054cff0",".text","before","0054d3d7","MOV","896C242C","MOV dword ptr [ESP + 0x2c],EBP","",""
"0054d3e9","0054cff0",".text","before","0054d3db","MOV","895108","MOV dword ptr [ECX + 0x8],EDX","",""
"0054d3e9","0054cff0",".text","before","0054d3de","JLE","0F8E8C000000","JLE 0x0054d470","",""
"0054d3e9","0054cff0",".text","before","0054d3e4","MOV","BD983CB700","MOV EBP,0xb73c98","",""
"0054d3e9","0054cff0",".text","candidate","0054d3e9","MOV","8944245C","MOV dword ptr [ESP + 0x5c],EAX","","0054daea:UNCONDITIONAL_CALL"
"0054d3e9","0054cff0",".text","after","0054d3ed","LEA","8D4900","LEA ECX,[ECX]","",""
"0054d3e9","0054cff0",".text","after","0054d3f0","LEA","8D442414","LEA EAX,[ESP + 0x14]","",""
"0054d3e9","0054cff0",".text","after","0054d3f4","PUSH","50","PUSH EAX","",""
"0054d3e9","0054cff0",".text","after","0054d3f5","LEA","8D4C2414","LEA ECX,[ESP + 0x14]","",""
"0054d46a","0054cff0",".text","before","0054d45f","OR","09461C","OR dword ptr [ESI + 0x1c],EAX","",""
"0054d46a","0054cff0",".text","before","0054d462","MOV","8B44245C","MOV EAX,dword ptr [ESP + 0x5c]","",""
"0054d46a","0054cff0",".text","before","0054d466","ADD","83C52C","ADD EBP,0x2c","",""
"0054d46a","0054cff0",".text","before","0054d469","DEC","48","DEC EAX","",""
"0054d46a","0054cff0",".text","candidate","0054d46a","MOV","8944245C","MOV dword ptr [ESP + 0x5c],EAX","","0054daea:UNCONDITIONAL_CALL"
"0054d46a","0054cff0",".text","after","0054d46e","JNZ","7580","JNZ 0x0054d3f0","",""
"0054d46a","0054cff0",".text","after","0054d470","MOV","8B461C","MOV EAX,dword ptr [ESI + 0x1c]","",""
"0054d46a","0054cff0",".text","after","0054d473","MOV","8BD0","MOV EDX,EAX","",""
"0054d46a","0054cff0",".text","after","0054d475","SHR","C1EA03","SHR EDX,0x3","",""
"0054df07","0054dec0",".text","before","0054defd","AND","83E1FE","AND ECX,0xfffffffe","",""
"0054df07","0054dec0",".text","before","0054df00","AND","2407","AND AL,0x7","",""
"0054df07","0054dec0",".text","before","0054df02","AND","80E301","AND BL,0x1","",""
"0054df07","0054dec0",".text","before","0054df05","CMP","3C03","CMP AL,0x3","",""
"0054df07","0054dec0",".text","candidate","0054df07","MOV","C744245C00000000","MOV dword ptr [ESP + 0x5c],0x0","","00863bd4:DATA|00866f14:DATA|00866f94:DATA|00867064:DATA|00868a94:DATA|0086c0dc:DATA|0086c154:DATA|0086c234:DATA|0086c38c:DATA|0086d19c:DATA|00871154:DATA|00871394:DATA|0087155c:DATA|008716b4:DATA|0087180c:DATA|0087197c:DATA|00871b1c:DATA|00871c5c:DATA|00871eb4:DATA|008721d4:DATA|008723a4:DATA"
"0054df07","0054dec0",".text","after","0054df0f","MOV","894E1C","MOV dword ptr [ESI + 0x1c],ECX","",""
"0054df07","0054dec0",".text","after","0054df12","MOV","C644240B00","MOV byte ptr [ESP + 0xb],0x0","",""
"0054df07","0054dec0",".text","after","0054df17","JNZ","751A","JNZ 0x0054df33","",""
"0054df07","0054dec0",".text","after","0054df19","MOV","8B8674040000","MOV EAX,dword ptr [ESI + 0x474]","",""
"0054df8a","0054dec0",".text","before","0054df78","TEST","84C0","TEST AL,AL","",""
"0054df8a","0054dec0",".text","before","0054df7a","JZ","740A","JZ 0x0054df86","",""
"0054df8a","0054dec0",".text","before","0054df7c","OR","818E7404000000800000","OR dword ptr [ESI + 0x474],0x8000","",""
"0054df8a","0054dec0",".text","before","0054df86","LEA","8D4C240C","LEA ECX,[ESP + 0xc]","",""
"0054df8a","0054dec0",".text","candidate","0054df8a","MOV","C744245CFFFFFFFF","MOV dword ptr [ESP + 0x5c],0xffffffff","","00863bd4:DATA|00866f14:DATA|00866f94:DATA|00867064:DATA|00868a94:DATA|0086c0dc:DATA|0086c154:DATA|0086c234:DATA|0086c38c:DATA|0086d19c:DATA|00871154:DATA|00871394:DATA|0087155c:DATA|008716b4:DATA|0087180c:DATA|0087197c:DATA|00871b1c:DATA|00871c5c:DATA|00871eb4:DATA|008721d4:DATA|008723a4:DATA"
"0054df8a","0054dec0",".text","after","0054df92","CALL","E839CD0400","CALL 0x0059acd0","",""
"0054df8a","0054dec0",".text","after","0054df97","MOV","8B4C2454","MOV ECX,dword ptr [ESP + 0x54]","",""
"0054df8a","0054dec0",".text","after","0054df9b","MOV","8A442464","MOV AL,byte ptr [ESP + 0x64]","",""
"0054df8a","0054dec0",".text","after","0054df9f","POP","5E","POP ESI","",""
"00555d52","00555cb0",".text","before","00555d32","MOV","C744244C00000000","MOV dword ptr [ESP + 0x4c],0x0","",""
"00555d52","00555cb0",".text","before","00555d3a","MOV","C744244800000000","MOV dword ptr [ESP + 0x48],0x0","",""
"00555d52","00555cb0",".text","before","00555d42","MOV","C744244000000000","MOV dword ptr [ESP + 0x40],0x0","",""
"00555d52","00555cb0",".text","before","00555d4a","MOV","C744246000000000","MOV dword ptr [ESP + 0x60],0x0","",""
"00555d52","00555cb0",".text","candidate","00555d52","MOV","C744245C00000000","MOV dword ptr [ESP + 0x5c],0x0","","0043e6b8:UNCONDITIONAL_CALL|0047b82e:UNCONDITIONAL_CALL|004414a1:UNCONDITIONAL_CALL"
"00555d52","00555cb0",".text","after","00555d5a","MOV","C744245800000000","MOV dword ptr [ESP + 0x58],0x0","",""
"00555d52","00555cb0",".text","after","00555d62","CALL","E869C22900","CALL 0x007f1fd0","",""
"00555d52","00555cb0",".text","after","00555d67","FLD","D9442470","FLD float ptr [ESP + 0x70]","",""
"00555d52","00555cb0",".text","after","00555d6b","FMUL","D80D78988500","FMUL float ptr [0x00859878]","",""
"0055647c","005561b0",".text","before","0055646e","MOV","89442458","MOV dword ptr [ESP + 0x58],EAX","",""
"0055647c","005561b0",".text","before","00556472","FLD","D9442414","FLD float ptr [ESP + 0x14]","",""
"0055647c","005561b0",".text","before","00556476","MOV","8B442414","MOV EAX,dword ptr [ESP + 0x14]","",""
"0055647c","005561b0",".text","before","0055647a","FXCH","D9CB","FXCH ST3","",""
"0055647c","005561b0",".text","candidate","0055647c","MOV","8944245C","MOV dword ptr [ESP + 0x5c],EAX","","00557c89:UNCONDITIONAL_CALL"
"0055647c","005561b0",".text","after","00556480","FSTP","D95C2454","FSTP float ptr [ESP + 0x54]","",""
"0055647c","005561b0",".text","after","00556484","FLD","D9C1","FLD ST1","",""
"0055647c","005561b0",".text","after","00556486","FMUL","D8CA","FMUL ST2","",""
"0055647c","005561b0",".text","after","00556488","FLD","D9C3","FLD ST3","",""
"00557d7e","00557530",".text","before","00557d6a","MOV","C744241C00000000","MOV dword ptr [ESP + 0x1c],0x0","",""
"00557d7e","00557530",".text","before","00557d72","MOV","8B54241C","MOV EDX,dword ptr [ESP + 0x1c]","",""
"00557d7e","00557530",".text","before","00557d76","MOV","89442454","MOV dword ptr [ESP + 0x54],EAX","",""
"00557d7e","00557530",".text","before","00557d7a","MOV","894C2458","MOV dword ptr [ESP + 0x58],ECX","",""
"00557d7e","00557530",".text","candidate","00557d7e","MOV","8954245C","MOV dword ptr [ESP + 0x5c],EDX","","00558d8c:UNCONDITIONAL_CALL"
"00557d7e","00557530",".text","after","00557d82","FLD","D9442424","FLD float ptr [ESP + 0x24]","",""
"00557d7e","00557530",".text","after","00557d86","MOV","8B4614","MOV EAX,dword ptr [ESI + 0x14]","",""
"00557d7e","00557530",".text","after","00557d89","TEST","85C0","TEST EAX,EAX","",""
"00557d7e","00557530",".text","after","00557d8b","FSUB","D8642454","FSUB float ptr [ESP + 0x54]","",""
"0055f657","0055f4c9",".text","before","0055f644","MOV","897C240C","MOV dword ptr [ESP + 0xc],EDI","",""
"0055f657","0055f4c9",".text","before","0055f648","FILD","DB44240C","FILD dword ptr [ESP + 0xc]","",""
"0055f657","0055f4c9",".text","before","0055f64c","FSTP","D95858","FSTP float ptr [EAX + 0x58]","",""
"0055f657","0055f4c9",".text","before","0055f64f","MOVZX","660FB6B9F0AEB700","MOVZX DI,byte ptr [ECX + 0xb7aef0]","",""
"0055f657","0055f4c9",".text","candidate","0055f657","MOV","6689785C","MOV word ptr [EAX + 0x5c],DI","","004058be:UNCONDITIONAL_CALL"
"0055f657","0055f4c9",".text","after","0055f65b","MOVZX","660FB6B938AEB700","MOVZX DI,byte ptr [ECX + 0xb7ae38]","",""
"0055f657","0055f4c9",".text","after","0055f663","MOV","6689785E","MOV word ptr [EAX + 0x5e],DI","",""
"0055f657","0055f4c9",".text","after","0055f667","MOVZX","660FB6B980ADB700","MOVZX DI,byte ptr [ECX + 0xb7ad80]","",""
"0055f657","0055f4c9",".text","after","0055f66f","MOV","66897860","MOV word ptr [EAX + 0x60],DI","",""
"0055fac7","0055f870",".text","before","0055fab8","FILD","DB442420","FILD dword ptr [ESP + 0x20]","",""
"0055fac7","0055f870",".text","before","0055fabc","FMUL","D84C241C","FMUL float ptr [ESP + 0x1c]","",""
"0055fac7","0055f870",".text","before","0055fac0","FADDP","DEC1","FADDP","",""
"0055fac7","0055f870",".text","before","0055fac2","CALL","E879202C00","CALL 0x00821b40","",""
"0055fac7","0055f870",".text","candidate","0055fac7","MOV","6689465C","MOV word ptr [ESI + 0x5c],AX","","005606ee:UNCONDITIONAL_CALL|00560767:UNCONDITIONAL_CALL|00560790:UNCONDITIONAL_CALL|005607cf:UNCONDITIONAL_CALL|00560823:UNCONDITIONAL_CALL|00560852:UNCONDITIONAL_CALL|00560877:UNCONDITIONAL_CALL|00560897:UNCONDITIONAL_CALL|005608c1:UNCONDITIONAL_CALL|00560ffe:UNCONDITIONAL_CALL|00561060:UNCONDITIONAL_CALL|0056111f:UNCONDITIONAL_CALL|005611bd:UNCONDITIONAL_CALL"
"0055fac7","0055f870",".text","after","0055facb","MOVZX","0FB7535E","MOVZX EDX,word ptr [EBX + 0x5e]","",""
"0055fac7","0055f870",".text","after","0055facf","MOVZX","0FB7475E","MOVZX EAX,word ptr [EDI + 0x5e]","",""
"0055fac7","0055f870",".text","after","0055fad3","MOV","89542420","MOV dword ptr [ESP + 0x20],EDX","",""
"0055fac7","0055f870",".text","after","0055fad7","FILD","DB442420","FILD dword ptr [ESP + 0x20]","",""
"00566f70","00566ee0",".text","before","00566f5c","LEA","8D442454","LEA EAX,[ESP + 0x54]","",""
"00566f70","00566ee0",".text","before","00566f60","LEA","8D8C24B0000000","LEA ECX,[ESP + 0xb0]","",""
"00566f70","00566ee0",".text","before","00566f67","MOV","C644241301","MOV byte ptr [ESP + 0x13],0x1","",""
"00566f70","00566ee0",".text","before","00566f6c","MOV","89442450","MOV dword ptr [ESP + 0x50],EAX","",""
"00566f70","00566ee0",".text","candidate","00566f70","MOV","894C245C","MOV dword ptr [ESP + 0x5c],ECX","","0056b65a:UNCONDITIONAL_CALL|0056b699:UNCONDITIONAL_CALL|0056b6df:UNCONDITIONAL_CALL|0056b718:UNCONDITIONAL_CALL|0056b740:UNCONDITIONAL_CALL"
"00566f70","00566ee0",".text","after","00566f74","MOV","66C74424540600","MOV word ptr [ESP + 0x54],0x6","",""
"00566f70","00566ee0",".text","after","00566f7b","MOV","C644245A00","MOV byte ptr [ESP + 0x5a],0x0","",""
"00566f70","00566ee0",".text","after","00566f80","MOV","66896C2456","MOV word ptr [ESP + 0x56],BP","",""
"00566f70","00566ee0",".text","after","00566f85","MOV","66896C2458","MOV word ptr [ESP + 0x58],BP","",""
"005683e3","00567750",".text","before","005683d4","MOV","8B5114","MOV EDX,dword ptr [ECX + 0x14]","",""
"005683e3","00567750",".text","before","005683d7","PUSH","51","PUSH ECX","",""
"005683e3","00567750",".text","before","005683d8","MOV","C744245800000000","MOV dword ptr [ESP + 0x58],0x0","",""
"005683e3","00567750",".text","before","005683e0","FLD","D94224","FLD float ptr [EDX + 0x24]","",""
"005683e3","00567750",".text","candidate","005683e3","MOV","C744245C00000000","MOV dword ptr [ESP + 0x5c],0x0","","0056b88d:UNCONDITIONAL_CALL|0056b8b1:UNCONDITIONAL_CALL|0056b8d8:UNCONDITIONAL_CALL"
"005683e3","00567750",".text","after","005683eb","FMUL","D80D8C8B8500","FMUL float ptr [0x00858b8c]","",""
"005683e3","00567750",".text","after","005683f1","FSTP","D95C2460","FSTP float ptr [ESP + 0x60]","",""
"005683e3","00567750",".text","after","005683f5","FLD","D98690000000","FLD float ptr [ESI + 0x90]","",""
"005683e3","00567750",".text","after","005683fb","FDIV","D8B68C000000","FDIV float ptr [ESI + 0x8c]","",""
"00574483","00574350",".text","before","00574474","MOV","899E88000000","MOV dword ptr [ESI + 0x88],EBX","",""
"00574483","00574350",".text","before","0057447a","MOV","885E31","MOV byte ptr [ESI + 0x31],BL","",""
"00574483","00574350",".text","before","0057447d","MOV","885E32","MOV byte ptr [ESI + 0x32],BL","",""
"00574483","00574350",".text","before","00574480","MOV","885E33","MOV byte ptr [ESI + 0x33],BL","",""
"00574483","00574350",".text","candidate","00574483","MOV","885E5C","MOV byte ptr [ESI + 0x5c],BL","","0084ee45:UNCONDITIONAL_CALL"
"00574483","00574350",".text","after","00574486","MOV","885E5F","MOV byte ptr [ESI + 0x5f],BL","",""
"00574483","00574350",".text","after","00574489","MOV","885E60","MOV byte ptr [ESI + 0x60],BL","",""
"00574483","00574350",".text","after","0057448c","MOV","889EF4000000","MOV byte ptr [ESI + 0xf4],BL","",""
"00574483","00574350",".text","after","00574492","MOV","C7460400001643","MOV dword ptr [ESI + 0x4],0x43160000","",""
"00575ae3","00575130",".text","before","00575ad5","FADD","D8442430","FADD float ptr [ESP + 0x30]","",""
"00575ae3","00575130",".text","before","00575ad9","FSTP","D95C2470","FSTP float ptr [ESP + 0x70]","",""
"00575ae3","00575130",".text","before","00575add","FSTP","DDD8","FSTP ST0","",""
"00575ae3","00575130",".text","before","00575adf","FILD","DB44245C","FILD dword ptr [ESP + 0x5c]","",""
"00575ae3","00575130",".text","candidate","00575ae3","MOV","8944245C","MOV dword ptr [ESP + 0x5c],EAX","","0057ba28:UNCONDITIONAL_CALL"
"00575ae3","00575130",".text","after","00575ae7","FMUL","D8C9","FMUL ST1","",""
"00575ae3","00575130",".text","after","00575ae9","FADD","D844242C","FADD float ptr [ESP + 0x2c]","",""
"00575ae3","00575130",".text","after","00575aed","FSTP","D95C246C","FSTP float ptr [ESP + 0x6c]","",""
"00575ae3","00575130",".text","after","00575af1","FSTP","DDD8","FSTP ST0","",""
"00576c34","00576b70",".text","before","00576c2a","MOV","8A4632","MOV AL,byte ptr [ESI + 0x32]","",""
"00576c34","00576b70",".text","before","00576c2d","CMP","3ACB","CMP CL,BL","",""
"00576c34","00576b70",".text","before","00576c2f","SETZ","0F94C1","SETZ CL","",""
"00576c34","00576b70",".text","before","00576c32","CMP","3AC3","CMP AL,BL","",""
"00576c34","00576b70",".text","candidate","00576c34","MOV","884E5C","MOV byte ptr [ESI + 0x5c],CL","","0057b477:UNCONDITIONAL_CALL"
"00576c34","00576b70",".text","after","00576c37","JZ","7403","JZ 0x00576c3c","",""
"00576c34","00576b70",".text","after","00576c39","MOV","885E5C","MOV byte ptr [ESI + 0x5c],BL","",""
"00576c34","00576b70",".text","after","00576c3c","CMP","385E33","CMP byte ptr [ESI + 0x33],BL","",""
"00576c34","00576b70",".text","after","00576c3f","JZ","7404","JZ 0x00576c45","",""
"00576c39","00576b70",".text","before","00576c2f","SETZ","0F94C1","SETZ CL","",""
"00576c39","00576b70",".text","before","00576c32","CMP","3AC3","CMP AL,BL","",""
"00576c39","00576b70",".text","before","00576c34","MOV","884E5C","MOV byte ptr [ESI + 0x5c],CL","",""
"00576c39","00576b70",".text","before","00576c37","JZ","7403","JZ 0x00576c3c","",""
"00576c39","00576b70",".text","candidate","00576c39","MOV","885E5C","MOV byte ptr [ESI + 0x5c],BL","","0057b477:UNCONDITIONAL_CALL"
"00576c39","00576b70",".text","after","00576c3c","CMP","385E33","CMP byte ptr [ESI + 0x33],BL","",""
"00576c39","00576b70",".text","after","00576c3f","JZ","7404","JZ 0x00576c45","",""
"00576c39","00576b70",".text","after","00576c41","MOV","C6465C01","MOV byte ptr [ESI + 0x5c],0x1","",""
"00576c39","00576b70",".text","after","00576c45","CMP","385E5C","CMP byte ptr [ESI + 0x5c],BL","",""
"00576c41","00576b70",".text","before","00576c37","JZ","7403","JZ 0x00576c3c","",""
"00576c41","00576b70",".text","before","00576c39","MOV","885E5C","MOV byte ptr [ESI + 0x5c],BL","",""
"00576c41","00576b70",".text","before","00576c3c","CMP","385E33","CMP byte ptr [ESI + 0x33],BL","",""
"00576c41","00576b70",".text","before","00576c3f","JZ","7404","JZ 0x00576c45","",""
"00576c41","00576b70",".text","candidate","00576c41","MOV","C6465C01","MOV byte ptr [ESI + 0x5c],0x1","","0057b477:UNCONDITIONAL_CALL"
"00576c41","00576b70",".text","after","00576c45","CMP","385E5C","CMP byte ptr [ESI + 0x5c],BL","",""
"00576c41","00576b70",".text","after","00576c48","JNZ","0F85B9010000","JNZ 0x00576e07","",""
"00576c41","00576b70",".text","after","00576c4e","PUSH","53","PUSH EBX","",""
"00576c41","00576b70",".text","after","00576c4f","PUSH","53","PUSH EBX","",""
"00576f78","00576b70",".text","before","00576f64","CALL","E8078CFCFF","CALL 0x0053fb70","",""
"00576f78","00576b70",".text","before","00576f69","MOV","66C7800E0100000100","MOV word ptr [EAX + 0x10e],0x1","",""
"00576f78","00576b70",".text","before","00576f72","ADD","83C408","ADD ESP,0x8","",""
"00576f78","00576b70",".text","before","00576f75","MOV","885E5F","MOV byte ptr [ESI + 0x5f],BL","",""
"00576f78","00576b70",".text","candidate","00576f78","MOV","C6465C01","MOV byte ptr [ESI + 0x5c],0x1","","0057b477:UNCONDITIONAL_CALL"
"00576f78","00576b70",".text","after","00576f7c","MOV","C686F400000001","MOV byte ptr [ESI + 0xf4],0x1","",""
"00576f78","00576b70",".text","after","00576f83","CALL","E818ED1C00","CALL 0x00745ca0","",""
"00576f78","00576b70",".text","after","00576f88","TEST","84C0","TEST AL,AL","",""
"00576f78","00576b70",".text","after","00576f8a","JZ","740E","JZ 0x00576f9a","",""
"005789aa","005773d0",".text","before","0057899c","MOV","897C2452","MOV dword ptr [ESP + 0x52],EDI","",""
"005789aa","005773d0",".text","before","005789a0","CMP","807E4700","CMP byte ptr [ESI + 0x47],0x0","",""
"005789aa","005773d0",".text","before","005789a4","JZ","740F","JZ 0x005789b5","",""
"005789aa","005773d0",".text","before","005789a6","MOV","89542458","MOV dword ptr [ESP + 0x58],EDX","",""
"005789aa","005773d0",".text","candidate","005789aa","MOV","66894C245C","MOV word ptr [ESP + 0x5c],CX","","0058008d:UNCONDITIONAL_CALL"
"005789aa","005773d0",".text","after","005789af","MOV","8844245E","MOV byte ptr [ESP + 0x5e],AL","",""
"005789aa","005773d0",".text","after","005789b3","JMP","EB08","JMP 0x005789bd","",""
"005789aa","005773d0",".text","after","005789b5","MOV","895C2458","MOV dword ptr [ESP + 0x58],EBX","",""
"005789aa","005773d0",".text","after","005789b9","MOV","897C245C","MOV dword ptr [ESP + 0x5c],EDI","",""
"005789b9","005773d0",".text","before","005789aa","MOV","66894C245C","MOV word ptr [ESP + 0x5c],CX","",""
"005789b9","005773d0",".text","before","005789af","MOV","8844245E","MOV byte ptr [ESP + 0x5e],AL","",""
"005789b9","005773d0",".text","before","005789b3","JMP","EB08","JMP 0x005789bd","",""
"005789b9","005773d0",".text","before","005789b5","MOV","895C2458","MOV dword ptr [ESP + 0x58],EBX","",""
"005789b9","005773d0",".text","candidate","005789b9","MOV","897C245C","MOV dword ptr [ESP + 0x5c],EDI","","0058008d:UNCONDITIONAL_CALL"
"005789b9","005773d0",".text","after","005789bd","CMP","807E4800","CMP byte ptr [ESI + 0x48],0x0","",""
"005789b9","005773d0",".text","after","005789c1","JZ","740F","JZ 0x005789d2","",""
"005789b9","005773d0",".text","after","005789c3","MOV","89542462","MOV dword ptr [ESP + 0x62],EDX","",""
"005789b9","005773d0",".text","after","005789c7","MOV","66894C2466","MOV word ptr [ESP + 0x66],CX","",""
"00578ac6","005773d0",".text","before","00578ab8","MOV","897C2452","MOV dword ptr [ESP + 0x52],EDI","",""
"00578ac6","005773d0",".text","before","00578abc","CMP","807E4700","CMP byte ptr [ESI + 0x47],0x0","",""
"00578ac6","005773d0",".text","before","00578ac0","JZ","740F","JZ 0x00578ad1","",""
"00578ac6","005773d0",".text","before","00578ac2","MOV","89542458","MOV dword ptr [ESP + 0x58],EDX","",""
"00578ac6","005773d0",".text","candidate","00578ac6","MOV","66894C245C","MOV word ptr [ESP + 0x5c],CX","","0058008d:UNCONDITIONAL_CALL"
"00578ac6","005773d0",".text","after","00578acb","MOV","8844245E","MOV byte ptr [ESP + 0x5e],AL","",""
"00578ac6","005773d0",".text","after","00578acf","JMP","EB08","JMP 0x00578ad9","",""
"00578ac6","005773d0",".text","after","00578ad1","MOV","895C2458","MOV dword ptr [ESP + 0x58],EBX","",""
"00578ac6","005773d0",".text","after","00578ad5","MOV","897C245C","MOV dword ptr [ESP + 0x5c],EDI","",""
"00578ad5","005773d0",".text","before","00578ac6","MOV","66894C245C","MOV word ptr [ESP + 0x5c],CX","",""
"00578ad5","005773d0",".text","before","00578acb","MOV","8844245E","MOV byte ptr [ESP + 0x5e],AL","",""
"00578ad5","005773d0",".text","before","00578acf","JMP","EB08","JMP 0x00578ad9","",""
"00578ad5","005773d0",".text","before","00578ad1","MOV","895C2458","MOV dword ptr [ESP + 0x58],EBX","",""
"00578ad5","005773d0",".text","candidate","00578ad5","MOV","897C245C","MOV dword ptr [ESP + 0x5c],EDI","","0058008d:UNCONDITIONAL_CALL"
"00578ad5","005773d0",".text","after","00578ad9","CMP","807E4800","CMP byte ptr [ESI + 0x48],0x0","",""
"00578ad5","005773d0",".text","after","00578add","JZ","740F","JZ 0x00578aee","",""
"00578ad5","005773d0",".text","after","00578adf","MOV","89542462","MOV dword ptr [ESP + 0x62],EDX","",""
"00578ad5","005773d0",".text","after","00578ae3","MOV","66894C2466","MOV word ptr [ESP + 0x66],CX","",""
"0057ae66","00579fa4",".text","before","0057ae4a","CMP","813D4870C100C0010000","CMP dword ptr [0x00c17048],0x1c0","",""
"0057ae66","00579fa4",".text","before","0057ae54","JNZ","751A","JNZ 0x0057ae70","",""
"0057ae66","00579fa4",".text","before","0057ae56","MOV","C744244C0000A041","MOV dword ptr [ESP + 0x4c],0x41a00000","",""
"0057ae66","00579fa4",".text","before","0057ae5e","MOV","C744245400008040","MOV dword ptr [ESP + 0x54],0x40800000","",""
"0057ae66","00579fa4",".text","candidate","0057ae66","MOV","C744245C0000FA42","MOV dword ptr [ESP + 0x5c],0x42fa0000","","00403a61:UNCONDITIONAL_CALL"
"0057ae66","00579fa4",".text","after","0057ae6e","JMP","EB28","JMP 0x0057ae98","",""
"0057ae66","00579fa4",".text","after","0057ae70","FILD","DB054870C100","FILD dword ptr [0x00c17048]","",""
"0057ae66","00579fa4",".text","after","0057ae76","FLD","D90548548600","FLD float ptr [0x00865448]","",""
"0057ae66","00579fa4",".text","after","0057ae7c","FMUL","D8C9","FMUL ST1","",""
"0057f421","0057f300",".text","before","0057f40e","MOV","89442454","MOV dword ptr [ESP + 0x54],EAX","",""
"0057f421","0057f300",".text","before","0057f412","CALL","E8390C1200","CALL 0x006a0050","",""
"0057f421","0057f300",".text","before","0057f417","PUSH","6830658600","PUSH 0x866530","",""
"0057f421","0057f300",".text","before","0057f41c","MOV","B940B3C100","MOV ECX,0xc1b340","",""
"0057f421","0057f300",".text","candidate","0057f421","MOV","8944245C","MOV dword ptr [ESP + 0x5c],EAX","","0057ba66:UNCONDITIONAL_CALL"
"0057f421","0057f300",".text","after","0057f425","CALL","E8260C1200","CALL 0x006a0050","",""
"0057f421","0057f300",".text","after","0057f42a","PUSH","6828658600","PUSH 0x866528","",""
"0057f421","0057f300",".text","after","0057f42f","MOV","B940B3C100","MOV ECX,0xc1b340","",""
"0057f421","0057f300",".text","after","0057f434","MOV","89442460","MOV dword ptr [ESP + 0x60],EAX","",""
"00588257","00588050",".text","before","00588247","PUSH","51","PUSH ECX","",""
"00588257","00588050",".text","before","00588248","MOV","B92CB2BA00","MOV ECX,0xbab22c","",""
"00588257","00588050",".text","before","0058824d","FMUL","D84C243C","FMUL float ptr [ESP + 0x3c]","",""
"00588257","00588050",".text","before","00588251","FLD","D90524868500","FLD float ptr [0x00858624]","",""
"00588257","00588050",".text","candidate","00588257","MOV","C744245C00000000","MOV dword ptr [ESP + 0x5c],0x0","","00575b44:UNCONDITIONAL_CALL|0058aa2d:UNCONDITIONAL_CALL"
"00588257","00588050",".text","after","0058825f","FSUBR","D8E9","FSUBR ST0,ST1","",""
"00588257","00588050",".text","after","00588261","FSTP","D95C2450","FSTP float ptr [ESP + 0x50]","",""
"00588257","00588050",".text","after","00588265","FADD","D80524868500","FADD float ptr [0x00858624]","",""
"00588257","00588050",".text","after","0058826b","FSTP","D95C2458","FSTP float ptr [ESP + 0x58]","",""
"0058e944","0058e020",".text","before","0058e938","SUB","2BC2","SUB EAX,EDX","",""
"0058e944","0058e020",".text","before","0058e93a","PUSH","680000803F","PUSH 0x3f800000","",""
"0058e944","0058e020",".text","before","0058e93f","SUB","83EC08","SUB ESP,0x8","",""
"0058e944","0058e020",".text","before","0058e942","SAR","D1F8","SAR EAX,0x1","",""
"0058e944","0058e020",".text","candidate","0058e944","MOV","8944245C","MOV dword ptr [ESP + 0x5c],EAX","","0058fbbf:UNCONDITIONAL_CALL"
"0058e944","0058e020",".text","after","0058e948","FSTP","D95C2404","FSTP float ptr [ESP + 0x4]","",""
"0058e944","0058e020",".text","after","0058e94c","FILD","DB44245C","FILD dword ptr [ESP + 0x5c]","",""
"0058e944","0058e020",".text","after","0058e950","FSUB","D8642450","FSUB float ptr [ESP + 0x50]","",""
"0058e944","0058e020",".text","after","0058e954","FSUB","D8642448","FSUB float ptr [ESP + 0x48]","",""
"0058e9b7","0058e020",".text","before","0058e9ac","SUB","83EC08","SUB ESP,0x8","",""
"0058e9b7","0058e020",".text","before","0058e9af","SUB","2BC2","SUB EAX,EDX","",""
"0058e9b7","0058e020",".text","before","0058e9b1","SAR","D1F8","SAR EAX,0x1","",""
"0058e9b7","0058e020",".text","before","0058e9b3","FSTP","D95C2404","FSTP float ptr [ESP + 0x4]","",""
"0058e9b7","0058e020",".text","candidate","0058e9b7","MOV","8944245C","MOV dword ptr [ESP + 0x5c],EAX","","0058fbbf:UNCONDITIONAL_CALL"
"0058e9b7","0058e020",".text","after","0058e9bb","FILD","DB44245C","FILD dword ptr [ESP + 0x5c]","",""
"0058e9b7","0058e020",".text","after","0058e9bf","FADD","D8442450","FADD float ptr [ESP + 0x50]","",""
"0058e9b7","0058e020",".text","after","0058e9c3","FADD","D8442448","FADD float ptr [ESP + 0x48]","",""
"0058e9b7","0058e020",".text","after","0058e9c7","FSTP","D91C24","FSTP float ptr [ESP]","",""
"0058ea22","0058e020",".text","before","0058ea16","SUB","2BC2","SUB EAX,EDX","",""
"0058ea22","0058e020",".text","before","0058ea18","PUSH","680000803F","PUSH 0x3f800000","",""
"0058ea22","0058e020",".text","before","0058ea1d","SUB","83EC08","SUB ESP,0x8","",""
"0058ea22","0058e020",".text","before","0058ea20","SAR","D1F8","SAR EAX,0x1","",""
"0058ea22","0058e020",".text","candidate","0058ea22","MOV","8944245C","MOV dword ptr [ESP + 0x5c],EAX","","0058fbbf:UNCONDITIONAL_CALL"
"0058ea22","0058e020",".text","after","0058ea26","FSTP","D95C2404","FSTP float ptr [ESP + 0x4]","",""
"0058ea22","0058e020",".text","after","0058ea2a","FILD","DB44245C","FILD dword ptr [ESP + 0x5c]","",""
"0058ea22","0058e020",".text","after","0058ea2e","FSUB","D8642450","FSUB float ptr [ESP + 0x50]","",""
"0058ea22","0058e020",".text","after","0058ea32","FSUB","D8642448","FSUB float ptr [ESP + 0x48]","",""
"0058ea91","0058e020",".text","before","0058ea85","SUB","2BC2","SUB EAX,EDX","",""
"0058ea91","0058e020",".text","before","0058ea87","PUSH","680000803F","PUSH 0x3f800000","",""
"0058ea91","0058e020",".text","before","0058ea8c","SUB","83EC08","SUB ESP,0x8","",""
"0058ea91","0058e020",".text","before","0058ea8f","SAR","D1F8","SAR EAX,0x1","",""
"0058ea91","0058e020",".text","candidate","0058ea91","MOV","8944245C","MOV dword ptr [ESP + 0x5c],EAX","","0058fbbf:UNCONDITIONAL_CALL"
"0058ea91","0058e020",".text","after","0058ea95","FSTP","D95C2404","FSTP float ptr [ESP + 0x4]","",""
"0058ea91","0058e020",".text","after","0058ea99","FILD","DB44245C","FILD dword ptr [ESP + 0x5c]","",""
"0058ea91","0058e020",".text","after","0058ea9d","FADD","D8442450","FADD float ptr [ESP + 0x50]","",""
"0058ea91","0058e020",".text","after","0058eaa1","FADD","D8442448","FADD float ptr [ESP + 0x48]","",""
"00593c56","00593bf0",".text","before","00593c46","LEA","8D4C2410","LEA ECX,[ESP + 0x10]","",""
"00593c56","00593bf0",".text","before","00593c4a","CALL","E8A1800000","CALL 0x0059bcf0","",""
"00593c56","00593bf0",".text","before","00593c4f","MOV","8B6E14","MOV EBP,dword ptr [ESI + 0x14]","",""
"00593c56","00593bf0",".text","before","00593c52","CMP","807D0063","CMP byte ptr [EBP],0x63","",""
"00593c56","00593bf0",".text","candidate","00593c56","MOV","C744245C00000000","MOV dword ptr [ESP + 0x5c],0x0","","00599185:UNCONDITIONAL_CALL"
"00593c56","00593bf0",".text","after","00593c5e","JZ","0F8480000000","JZ 0x00593ce4","",""
"00593c56","00593bf0",".text","after","00593c64","PUSH","53","PUSH EBX","",""
"00593c56","00593bf0",".text","after","00593c65","MOV","8B1DAC3DBB00","MOV EBX,dword ptr [0x00bb3dac]","",""
"00593c56","00593bf0",".text","after","00593c6b","TEST","85DB","TEST EBX,EBX","",""
"00595417","00595380",".text","before","0059540b","MOV","8BC8","MOV ECX,EAX","",""
"00595417","00595380",".text","before","0059540d","MOV","89542474","MOV dword ptr [ESP + 0x74],EDX","",""
"00595417","00595380",".text","before","00595411","MOV","89542420","MOV dword ptr [ESP + 0x20],EDX","",""
"00595417","00595380",".text","before","00595415","MOV","8BD0","MOV EDX,EAX","",""
"00595417","00595380",".text","candidate","00595417","MOV","894C245C","MOV dword ptr [ESP + 0x5c],ECX","","0059559d:UNCONDITIONAL_CALL"
"00595417","00595380",".text","after","0059541b","MOV","8B4C2418","MOV ECX,dword ptr [ESP + 0x18]","",""
"00595417","00595380",".text","after","0059541f","MOV","89542438","MOV dword ptr [ESP + 0x38],EDX","",""
"00595417","00595380",".text","after","00595423","MOV","8BD1","MOV EDX,ECX","",""
"00595417","00595380",".text","after","00595425","MOV","89442468","MOV dword ptr [ESP + 0x68],EAX","",""
"00598707","00598690",".text","before","005986f6","MOV","894C2438","MOV dword ptr [ESP + 0x38],ECX","",""
"00598707","00598690",".text","before","005986fa","MOV","8BCA","MOV ECX,EDX","",""
"00598707","00598690",".text","before","005986fc","MOV","89842480000000","MOV dword ptr [ESP + 0x80],EAX","",""
"00598707","00598690",".text","before","00598703","MOV","8B442424","MOV EAX,dword ptr [ESP + 0x24]","",""
"00598707","00598690",".text","candidate","00598707","MOV","894C245C","MOV dword ptr [ESP + 0x5c],ECX","","00598e6b:UNCONDITIONAL_CALL"
"00598707","00598690",".text","after","0059870b","MOV","8BC8","MOV ECX,EAX","",""
"00598707","00598690",".text","after","0059870d","MOV","8994248C000000","MOV dword ptr [ESP + 0x8c],EDX","",""
"00598707","00598690",".text","after","00598714","MOV","89542450","MOV dword ptr [ESP + 0x50],EDX","",""
"00598707","00598690",".text","after","00598718","MOV","8BD0","MOV EDX,EAX","",""
"0059bde7","0059bdd0",".text","before","0059bddf","XOR","33ED","XOR EBP,EBP","",""
"0059bde7","0059bdd0",".text","before","0059bde1","PUSH","50","PUSH EAX","",""
"0059bde7","0059bdd0",".text","before","0059bde2","PUSH","51","PUSH ECX","",""
"0059bde7","0059bdd0",".text","before","0059bde3","MOV","896C2418","MOV dword ptr [ESP + 0x18],EBP","",""
"0059bde7","0059bdd0",".text","candidate","0059bde7","MOV","896C245C","MOV dword ptr [ESP + 0x5c],EBP","","00515107:UNCONDITIONAL_CALL|00680149:UNCONDITIONAL_CALL|005df621:UNCONDITIONAL_CALL|005df779:UNCONDITIONAL_CALL|0050b588:UNCONDITIONAL_CALL"
"0059bde7","0059bdd0",".text","after","0059bdeb","MOV","896C2460","MOV dword ptr [ESP + 0x60],EBP","",""
"0059bde7","0059bdd0",".text","after","0059bdef","CALL","E82CFBFFFF","CALL 0x0059b920","",""
"0059bde7","0059bdd0",".text","after","0059bdf4","MOV","8B5C2468","MOV EBX,dword ptr [ESP + 0x68]","",""
"0059bde7","0059bdd0",".text","after","0059bdf8","MOV","8BF0","MOV ESI,EAX","",""
"0059e12a","0059de40",".text","before","0059e11b","MOV","8B0D24AEA900","MOV ECX,dword ptr [0x00a9ae24]","",""
"0059e12a","0059de40",".text","before","0059e121","LEA","8D542444","LEA EDX,[ESP + 0x44]","",""
"0059e12a","0059de40",".text","before","0059e125","FSTP","D95C2454","FSTP float ptr [ESP + 0x54]","",""
"0059e12a","0059de40",".text","before","0059e129","PUSH","52","PUSH EDX","",""
"0059e12a","0059de40",".text","candidate","0059e12a","MOV","C744245C00000000","MOV dword ptr [ESP + 0x5c],0x0","","0059e418:UNCONDITIONAL_CALL"
"0059e12a","0059de40",".text","after","0059e132","CALL","E809C3F0FF","CALL 0x004aa440","",""
"0059e12a","0059de40",".text","after","0059e137","DEC","4F","DEC EDI","",""
"0059e12a","0059de40",".text","after","0059e138","JNZ","0F8526FFFFFF","JNZ 0x0059e064","",""
"0059e12a","0059de40",".text","after","0059e13e","MOV","8A4502","MOV AL,byte ptr [EBP + 0x2]","",""
"0059fcd3","0059fb50",".text","before","0059fcc5","PUSH","52","PUSH EDX","",""
"0059fcd3","0059fb50",".text","before","0059fcc6","LEA","8D442448","LEA EAX,[ESP + 0x48]","",""
"0059fcd3","0059fb50",".text","before","0059fcca","PUSH","50","PUSH EAX","",""
"0059fcd3","0059fb50",".text","before","0059fccb","MOV","C744245800000000","MOV dword ptr [ESP + 0x58],0x0","",""
"0059fcd3","0059fb50",".text","candidate","0059fcd3","MOV","C744245C00000000","MOV dword ptr [ESP + 0x5c],0x0","","0059fd77:UNCONDITIONAL_CALL"
"0059fcd3","0059fb50",".text","after","0059fcdb","MOV","C74424600AD7A33C","MOV dword ptr [ESP + 0x60],0x3ca3d70a","",""
"0059fcd3","0059fb50",".text","after","0059fce3","CALL","E858A7F0FF","CALL 0x004aa440","",""
"0059fcd3","0059fb50",".text","after","0059fce8","DEC","4D","DEC EBP","",""
"0059fcd3","0059fb50",".text","after","0059fce9","JNZ","0F85F1FEFFFF","JNZ 0x0059fbe0","",""
"005a3616","005a32d0",".text","before","005a3605","FLD","D984241C010000","FLD float ptr [ESP + 0x11c]","",""
"005a3616","005a32d0",".text","before","005a360c","MOV","8B542448","MOV EDX,dword ptr [ESP + 0x48]","",""
"005a3616","005a32d0",".text","before","005a3610","MOV","8B44244C","MOV EAX,dword ptr [ESP + 0x4c]","",""
"005a3616","005a32d0",".text","before","005a3614","FMUL","D8C9","FMUL ST1","",""
"005a3616","005a32d0",".text","candidate","005a3616","MOV","894C245C","MOV dword ptr [ESP + 0x5c],ECX","","005a3bd1:UNCONDITIONAL_CALL|005a3dcb:UNCONDITIONAL_CALL"
"005a3616","005a32d0",".text","after","005a361a","MOV","8B4C2438","MOV ECX,dword ptr [ESP + 0x38]","",""
"005a3616","005a32d0",".text","after","005a361e","FSTP","D95C2420","FSTP float ptr [ESP + 0x20]","",""
"005a3616","005a32d0",".text","after","005a3622","MOV","89542460","MOV dword ptr [ESP + 0x60],EDX","",""
"005a3616","005a32d0",".text","after","005a3626","FLD","D9842418010000","FLD float ptr [ESP + 0x118]","",""
"005a49f8","005a4940",".text","before","005a49ec","MOV","8B443464","MOV EAX,dword ptr [ESP + ESI*0x1 + 0x64]","",""
"005a49f8","005a4940",".text","before","005a49f0","MOV","894C344C","MOV dword ptr [ESP + ESI*0x1 + 0x4c],ECX","",""
"005a49f8","005a4940",".text","before","005a49f4","MOV","8B4834","MOV ECX,dword ptr [EAX + 0x34]","",""
"005a49f8","005a4940",".text","before","005a49f7","PUSH","53","PUSH EBX","",""
"005a49f8","005a4940",".text","candidate","005a49f8","MOV","8954345C","MOV dword ptr [ESP + ESI*0x1 + 0x5c],EDX","","005a5661:UNCONDITIONAL_CALL"
"005a49f8","005a4940",".text","after","005a49fc","MOV","894C3444","MOV dword ptr [ESP + ESI*0x1 + 0x44],ECX","",""
"005a49f8","005a4940",".text","after","005a4a00","CALL","E8FB2D2200","CALL 0x007c7800","",""
"005a49f8","005a4940",".text","after","005a4a05","PUSH","53","PUSH EBX","",""
"005a49f8","005a4940",".text","after","005a4a06","MOV","89443430","MOV dword ptr [ESP + ESI*0x1 + 0x30],EAX","",""
"005a4e7e","005a4940",".text","before","005a4e72","MOV","894C2458","MOV dword ptr [ESP + 0x58],ECX","",""
"005a4e7e","005a4940",".text","before","005a4e76","MOV","8B4C243C","MOV ECX,dword ptr [ESP + 0x3c]","",""
"005a4e7e","005a4940",".text","before","005a4e7a","ADD","03D8","ADD EBX,EAX","",""
"005a4e7e","005a4940",".text","before","005a4e7c","ADD","03F8","ADD EDI,EAX","",""
"005a4e7e","005a4940",".text","candidate","005a4e7e","MOV","8954245C","MOV dword ptr [ESP + 0x5c],EDX","","005a5661:UNCONDITIONAL_CALL"
"005a4e7e","005a4940",".text","after","005a4e82","MOV","8B542440","MOV EDX,dword ptr [ESP + 0x40]","",""
"005a4e7e","005a4940",".text","after","005a4e86","MOV","B808000000","MOV EAX,0x8","",""
"005a4e7e","005a4940",".text","after","005a4e8b","ADD","03C8","ADD ECX,EAX","",""
"005a4e7e","005a4940",".text","after","005a4e8d","ADD","03D0","ADD EDX,EAX","",""
"005b0a9e","005b082b",".text","before","005b0a8d","MOV","8B542444","MOV EDX,dword ptr [ESP + 0x44]","",""
"005b0a9e","005b082b",".text","before","005b0a91","MOV","8B442438","MOV EAX,dword ptr [ESP + 0x38]","",""
"005b0a9e","005b082b",".text","before","005b0a95","MOV","8B4C2440","MOV ECX,dword ptr [ESP + 0x40]","",""
"005b0a9e","005b082b",".text","before","005b0a99","PUSH","683440BC00","PUSH 0xbc4034","",""
"005b0a9e","005b082b",".text","candidate","005b0a9e","MOV","8954245C","MOV dword ptr [ESP + 0x5c],EDX","","00401ee0:UNCONDITIONAL_CALL"
"005b0a9e","005b082b",".text","after","005b0aa2","MOV","89442460","MOV dword ptr [ESP + 0x60],EAX","",""
"005b0a9e","005b082b",".text","after","005b0aa6","MOV","894C2464","MOV dword ptr [ESP + 0x64],ECX","",""
"005b0a9e","005b082b",".text","after","005b0aaa","MOV","89153440BC00","MOV dword ptr [0x00bc4034],EDX","",""
"005b0a9e","005b082b",".text","after","005b0ab0","MOV","A33840BC00","MOV [0x00bc4038],EAX","",""
"005b4658","005b45d0",".text","before","005b4648","MOV","8B442440","MOV EAX,dword ptr [ESP + 0x40]","",""
"005b4658","005b45d0",".text","before","005b464c","MOV","8B4C2448","MOV ECX,dword ptr [ESP + 0x48]","",""
"005b4658","005b45d0",".text","before","005b4650","MOV","89542458","MOV dword ptr [ESP + 0x58],EDX","",""
"005b4658","005b45d0",".text","before","005b4654","MOV","8B542454","MOV EDX,dword ptr [ESP + 0x54]","",""
"005b4658","005b45d0",".text","candidate","005b4658","MOV","8944245C","MOV dword ptr [ESP + 0x5c],EAX","","005b89f9:UNCONDITIONAL_CALL"
"005b4658","005b45d0",".text","after","005b465c","MOV","8B442424","MOV EAX,dword ptr [ESP + 0x24]","",""
"005b4658","005b45d0",".text","after","005b4660","MOV","89542400","MOV dword ptr [ESP],EDX","",""
"005b4658","005b45d0",".text","after","005b4664","MOV","8B54242C","MOV EDX,dword ptr [ESP + 0x2c]","",""
"005b4658","005b45d0",".text","after","005b4668","MOV","894C2460","MOV dword ptr [ESP + 0x60],ECX","",""
"005b80a5","005b8030",".text","before","005b8096","PUSH","52","PUSH EDX","",""
"005b80a5","005b8030",".text","before","005b8097","PUSH","68409A8600","PUSH 0x869a40","",""
"005b80a5","005b8030",".text","before","005b809c","PUSH","50","PUSH EAX","",""
"005b80a5","005b8030",".text","before","005b809d","MOV","C744245402000000","MOV dword ptr [ESP + 0x54],0x2","",""
"005b80a5","005b8030",".text","candidate","005b80a5","MOV","C744245C00000000","MOV dword ptr [ESP + 0x5c],0x0","","005b8980:UNCONDITIONAL_CALL"
"005b80a5","005b8030",".text","after","005b80ad","MOV","C744245818000000","MOV dword ptr [ESP + 0x58],0x18","",""
"005b80a5","005b8030",".text","after","005b80b5","CALL","E8F39F2600","CALL 0x008220ad","",""
"005b80a5","005b8030",".text","after","005b80ba","LEA","8D8C2494000000","LEA ECX,[ESP + 0x94]","",""
"005b80a5","005b8030",".text","after","005b80c1","PUSH","6A22","PUSH 0x22","",""
"005b9526","005b9390",".text","before","005b9518","MOV","C64516FF","MOV byte ptr [EBP + 0x16],0xff","",""
"005b9526","005b9390",".text","before","005b951c","MOV","C64517FF","MOV byte ptr [EBP + 0x17],0xff","",""
"005b9526","005b9390",".text","before","005b9520","MOV","885D02","MOV byte ptr [EBP + 0x2],BL","",""
"005b9526","005b9390",".text","before","005b9523","MOV","895D60","MOV dword ptr [EBP + 0x60],EBX","",""
"005b9526","005b9390",".text","candidate","005b9526","MOV","895D5C","MOV dword ptr [EBP + 0x5c],EBX","","005b9ccd:UNCONDITIONAL_CALL"
"005b9526","005b9390",".text","after","005b9529","MOV","885D03","MOV byte ptr [EBP + 0x3],BL","",""
"005b9526","005b9390",".text","after","005b952c","MOV","C6450701","MOV byte ptr [EBP + 0x7],0x1","",""
"005b9526","005b9390",".text","after","005b9530","MOV","C6450401","MOV byte ptr [EBP + 0x4],0x1","",""
"005b9526","005b9390",".text","after","005b9534","OR","83C8FF","OR EAX,0xffffffff","",""
"005bc684","005bc533",".text","before","005bc663","MOV","C786100C00000000803E","MOV dword ptr [ESI + 0xc10],0x3e800000","",""
"005bc684","005bc533",".text","before","005bc66d","MOV","C786140C00000000403F","MOV dword ptr [ESI + 0xc14],0x3f400000","",""
"005bc684","005bc533",".text","before","005bc677","MOV","C786200C00009A99593F","MOV dword ptr [ESI + 0xc20],0x3f59999a","",""
"005bc684","005bc533",".text","before","005bc681","MOV","885E50","MOV byte ptr [ESI + 0x50],BL","",""
"005bc684","005bc533",".text","candidate","005bc684","MOV","895E5C","MOV dword ptr [ESI + 0x5c],EBX","","00406e9f:UNCONDITIONAL_CALL"
"005bc684","005bc533",".text","after","005bc687","MOV","899E2C010000","MOV dword ptr [ESI + 0x12c],EBX","",""
"005bc684","005bc533",".text","after","005bc68d","MOV","C786340C00001E000000","MOV dword ptr [ESI + 0xc34],0x1e","",""
"005bc684","005bc533",".text","after","005bc697","MOV","885E25","MOV byte ptr [ESI + 0x25],BL","",""
"005bc684","005bc533",".text","after","005bc69a","MOV","885E3A","MOV byte ptr [ESI + 0x3a],BL","",""
"005bf7dd","005bf750",".text","before","005bf7d1","MOV","89484C","MOV dword ptr [EAX + 0x4c],ECX","",""
"005bf7dd","005bf750",".text","before","005bf7d4","MOV","894850","MOV dword ptr [EAX + 0x50],ECX","",""
"005bf7dd","005bf750",".text","before","005bf7d7","MOV","894854","MOV dword ptr [EAX + 0x54],ECX","",""
"005bf7dd","005bf750",".text","before","005bf7da","MOV","894858","MOV dword ptr [EAX + 0x58],ECX","",""
"005bf7dd","005bf750",".text","candidate","005bf7dd","MOV","89485C","MOV dword ptr [EAX + 0x5c],ECX","","0073a300:UNCONDITIONAL_CALL"
"005bf7dd","005bf750",".text","after","005bf7e0","MOV","894860","MOV dword ptr [EAX + 0x60],ECX","",""
"005bf7dd","005bf750",".text","after","005bf7e3","MOV","894864","MOV dword ptr [EAX + 0x64],ECX","",""
"005bf7dd","005bf750",".text","after","005bf7e6","MOV","66894868","MOV word ptr [EAX + 0x68],CX","",""
"005bf7dd","005bf750",".text","after","005bf7ea","MOV","894814","MOV dword ptr [EAX + 0x14],ECX","",""
"005c5187","",".text","before","005c517f","PUSH","6A01","PUSH 0x1","",""
"005c5187","",".text","before","005c5181","PUSH","56","PUSH ESI","",""
"005c5187","",".text","before","005c5182","CALL","FF12","CALL dword ptr [EDX]","",""
"005c5187","",".text","before","005c5184","ADD","83C40C","ADD ESP,0xc","",""
"005c5187","",".text","candidate","005c5187","MOV","89449D5C","MOV dword ptr [EBP + EBX*0x4 + 0x5c],EAX","",""
"005c5187","",".text","after","005c518b","MOV","8B7C9D5C","MOV EDI,dword ptr [EBP + EBX*0x4 + 0x5c]","",""
"005c5187","",".text","after","005c518f","MOV","B901010000","MOV ECX,0x101","",""
"005c5187","",".text","after","005c5194","XOR","33C0","XOR EAX,EAX","",""
"005c5187","",".text","after","005c5196","STOSD.REP","F3AB","STOSD.REP ES:EDI","",""
"005c72a1","005c7130",".text","before","005c7295","MOV","894810","MOV dword ptr [EAX + 0x10],ECX","",""
"005c72a1","005c7130",".text","before","005c7298","MOV","894814","MOV dword ptr [EAX + 0x14],ECX","",""
"005c72a1","005c7130",".text","before","005c729b","MOV","894818","MOV dword ptr [EAX + 0x18],ECX","",""
"005c72a1","005c7130",".text","before","005c729e","MOV","8B4644","MOV EAX,dword ptr [ESI + 0x44]","",""
"005c72a1","005c7130",".text","candidate","005c72a1","MOV","89585C","MOV dword ptr [EAX + 0x5c],EBX","","005c7489:UNCONDITIONAL_CALL|005c7496:UNCONDITIONAL_CALL|005c7553:UNCONDITIONAL_CALL"
"005c72a1","005c7130",".text","after","005c72a4","MOV","895860","MOV dword ptr [EAX + 0x60],EBX","",""
"005c72a1","005c7130",".text","after","005c72a7","MOV","C740544D000000","MOV dword ptr [EAX + 0x54],0x4d","",""
"005c72a1","005c7130",".text","after","005c72ae","MOV","894864","MOV dword ptr [EAX + 0x64],ECX","",""
"005c72a1","005c7130",".text","after","005c72b1","MOV","894868","MOV dword ptr [EAX + 0x68],ECX","",""
"005c7329","005c7130",".text","before","005c731b","MOV","BA02000000","MOV EDX,0x2","",""
"005c7329","005c7130",".text","before","005c7320","MOV","895008","MOV dword ptr [EAX + 0x8],EDX","",""
"005c7329","005c7130",".text","before","005c7323","MOV","89500C","MOV dword ptr [EAX + 0xc],EDX","",""
"005c7329","005c7130",".text","before","005c7326","MOV","8B4644","MOV EAX,dword ptr [ESI + 0x44]","",""
"005c7329","005c7130",".text","candidate","005c7329","MOV","89585C","MOV dword ptr [EAX + 0x5c],EBX","","005c7489:UNCONDITIONAL_CALL|005c7496:UNCONDITIONAL_CALL|005c7553:UNCONDITIONAL_CALL"
"005c7329","005c7130",".text","after","005c732c","MOV","895860","MOV dword ptr [EAX + 0x60],EBX","",""
"005c7329","005c7130",".text","after","005c732f","MOV","895864","MOV dword ptr [EAX + 0x64],EBX","",""
"005c7329","005c7130",".text","after","005c7332","MOV","895868","MOV dword ptr [EAX + 0x68],EBX","",""
"005c7329","005c7130",".text","after","005c7335","MOV","89586C","MOV dword ptr [EAX + 0x6c],EBX","",""
"005c7500","005c7420",".text","before","005c74f4","MOV","897808","MOV dword ptr [EAX + 0x8],EDI","",""
"005c7500","005c7420",".text","before","005c74f7","MOV","89780C","MOV dword ptr [EAX + 0xc],EDI","",""
"005c7500","005c7420",".text","before","005c74fa","MOV","8B4644","MOV EAX,dword ptr [ESI + 0x44]","",""
"005c7500","005c7420",".text","before","005c74fd","MOV","897854","MOV dword ptr [EAX + 0x54],EDI","",""
"005c7500","005c7420",".text","candidate","005c7500","MOV","89485C","MOV dword ptr [EAX + 0x5c],ECX","","005c768d:UNCONDITIONAL_CALL"
"005c7500","005c7420",".text","after","005c7503","MOV","894860","MOV dword ptr [EAX + 0x60],ECX","",""
"005c7500","005c7420",".text","after","005c7506","MOV","894864","MOV dword ptr [EAX + 0x64],ECX","",""
"005c7500","005c7420",".text","after","005c7509","MOV","894868","MOV dword ptr [EAX + 0x68],ECX","",""
"005c7500","005c7420",".text","after","005c750c","MOV","89486C","MOV dword ptr [EAX + 0x6c],ECX","",""
"005cc808","005cc7d0",".text","before","005cc7ed","MOV","C700A0C75C00","MOV dword ptr [EAX],0x5cc7a0","",""
"005cc808","005cc7d0",".text","before","005cc7f3","MOV","C7400490C25C00","MOV dword ptr [EAX + 0x4],0x5cc290","",""
"005cc808","005cc7d0",".text","before","005cc7fa","MOV","C7400810C65C00","MOV dword ptr [EAX + 0x8],0x5cc610","",""
"005cc808","005cc7d0",".text","before","005cc801","MOV","C7401850C05C00","MOV dword ptr [EAX + 0x18],0x5cc050","",""
"005cc808","005cc7d0",".text","candidate","005cc808","MOV","89585C","MOV dword ptr [EAX + 0x5c],EBX","","005cfde2:UNCONDITIONAL_CALL"
"005cc808","005cc7d0",".text","after","005cc80b","LEA","8D4860","LEA ECX,[EAX + 0x60]","",""
"005cc808","005cc7d0",".text","after","005cc80e","MOV","BA10000000","MOV EDX,0x10","",""
"005cc808","005cc7d0",".text","after","005cc813","MOV","C741BC50C05C00","MOV dword ptr [ECX + -0x44],0x5cc050","",""
"005cc808","005cc7d0",".text","after","005cc81a","MOV","8919","MOV dword ptr [ECX],EBX","",""
"005cc8f0","005cc8c0",".text","before","005cc8e4","ADD","83C404","ADD ESP,0x4","",""
"005cc8f0","005cc8c0",".text","before","005cc8e7","MOV","8B4E1C","MOV ECX,dword ptr [ESI + 0x1c]","",""
"005cc8f0","005cc8c0",".text","before","005cc8ea","MOV","8B462C","MOV EAX,dword ptr [ESI + 0x2c]","",""
"005cc8f0","005cc8c0",".text","before","005cc8ed","MOV","8B5620","MOV EDX,dword ptr [ESI + 0x20]","",""
"005cc8f0","005cc8c0",".text","candidate","005cc8f0","MOV","894E5C","MOV dword ptr [ESI + 0x5c],ECX","","005cc9da:UNCONDITIONAL_CALL"
"005cc8f0","005cc8c0",".text","after","005cc8f3","DEC","48","DEC EAX","",""
"005cc8f0","005cc8c0",".text","after","005cc8f4","MOV","B904000000","MOV ECX,0x4","",""
"005cc8f0","005cc8c0",".text","after","005cc8f9","CMP","3BC1","CMP EAX,ECX","",""
"005cc8f0","005cc8c0",".text","after","005cc8fb","MOV","895660","MOV dword ptr [ESI + 0x60],EDX","",""
"005d2391","005d2330",".text","before","005d237f","MOV","894E54","MOV dword ptr [ESI + 0x54],ECX","",""
"005d2391","005d2330",".text","before","005d2382","MOV","8B979C040000","MOV EDX,dword ptr [EDI + 0x49c]","",""
"005d2391","005d2330",".text","before","005d2388","MOV","895658","MOV dword ptr [ESI + 0x58],EDX","",""
"005d2391","005d2330",".text","before","005d238b","MOV","8B87A0040000","MOV EAX,dword ptr [EDI + 0x4a0]","",""
"005d2391","005d2330",".text","candidate","005d2391","MOV","89465C","MOV dword ptr [ESI + 0x5c],EAX","","005d4793:UNCONDITIONAL_CALL"
"005d2391","005d2330",".text","after","005d2394","MOV","8B8F28040000","MOV ECX,dword ptr [EDI + 0x428]","",""
"005d2391","005d2330",".text","after","005d239a","MOV","894E60","MOV dword ptr [ESI + 0x60],ECX","",""
"005d2391","005d2330",".text","after","005d239d","MOV","8B972C040000","MOV EDX,dword ptr [EDI + 0x42c]","",""
"005d2391","005d2330",".text","after","005d23a3","POP","5F","POP EDI","",""
"005dbcaf","005dbae0",".text","before","005dbca2","MOV","89542454","MOV dword ptr [ESP + 0x54],EDX","",""
"005dbcaf","005dbae0",".text","before","005dbca6","XOR","33D2","XOR EDX,EDX","",""
"005dbcaf","005dbae0",".text","before","005dbca8","MOV","668B13","MOV DX,word ptr [EBX]","",""
"005dbcaf","005dbae0",".text","before","005dbcab","ADD","6683C208","ADD DX,0x8","",""
"005dbcaf","005dbae0",".text","candidate","005dbcaf","MOV","668944245C","MOV word ptr [ESP + 0x5c],AX","","0053e103:UNCONDITIONAL_CALL"
"005dbcaf","005dbae0",".text","after","005dbcb4","MOV","8B46FC","MOV EAX,dword ptr [ESI + -0x4]","",""
"005dbcaf","005dbae0",".text","after","005dbcb7","MOV","894C2458","MOV dword ptr [ESP + 0x58],ECX","",""
"005dbcaf","005dbae0",".text","after","005dbcbb","MOV","8B0E","MOV ECX,dword ptr [ESI]","",""
"005dbcaf","005dbae0",".text","after","005dbcbd","MOV","89442460","MOV dword ptr [ESP + 0x60],EAX","",""
"005e5c80","005e57f0",".text","before","005e5c70","CALL","E8DB5DECFF","CALL 0x004aba50","",""
"005e5c80","005e57f0",".text","before","005e5c75","MOV","8BC8","MOV ECX,EAX","",""
"005e5c80","005e57f0",".text","before","005e5c77","CALL","E8A457ECFF","CALL 0x004ab420","",""
"005e5c80","005e57f0",".text","before","005e5c7c","LEA","8D4C2428","LEA ECX,[ESP + 0x28]","",""
"005e5c80","005e57f0",".text","candidate","005e5c80","MOV","C744245CFFFFFFFF","MOV dword ptr [ESP + 0x5c],0xffffffff","","005e92c8:UNCONDITIONAL_CALL"
"005e5c80","005e57f0",".text","after","005e5c88","CALL","E8738DFFFF","CALL 0x005dea00","",""
"005e5c80","005e57f0",".text","after","005e5c8d","TEST","F7866C04000000000004","TEST dword ptr [ESI + 0x46c],0x4000000","",""
"005e5c80","005e57f0",".text","after","005e5c97","MOV","C744241400000000","MOV dword ptr [ESP + 0x14],0x0","",""
"005e5c80","005e57f0",".text","after","005e5c9f","JZ","7457","JZ 0x005e5cf8","",""
"005e6e2b","005e65a0",".text","before","005e6e1f","ADD","03C7","ADD EAX,EDI","",""
"005e6e2b","005e65a0",".text","before","005e6e21","PUSH","51","PUSH ECX","",""
"005e6e2b","005e65a0",".text","before","005e6e22","PUSH","50","PUSH EAX","",""
"005e6e2b","005e65a0",".text","before","005e6e23","MOV","C744245800000000","MOV dword ptr [ESP + 0x58],0x0","",""
"005e6e2b","005e65a0",".text","candidate","005e6e2b","MOV","C744245C00000000","MOV dword ptr [ESP + 0x5c],0x0","","006d3dc7:UNCONDITIONAL_CALL|006d3de6:UNCONDITIONAL_CALL|005e8a29:UNCONDITIONAL_CALL"
"005e6e2b","005e65a0",".text","after","005e6e33","MOV","C744246000000000","MOV dword ptr [ESP + 0x60],0x0","",""
"005e6e2b","005e65a0",".text","after","005e6e3b","CALL","E880B42000","CALL 0x007f22c0","",""
"005e6e2b","005e65a0",".text","after","005e6e40","PUSH","6A08","PUSH 0x8","",""
"005e6e2b","005e65a0",".text","after","005e6e42","PUSH","56","PUSH ESI","",""
"005e71e5","005e65a0",".text","before","005e71db","SHL","C1E606","SHL ESI,0x6","",""
"005e71e5","005e65a0",".text","before","005e71de","ADD","03C6","ADD EAX,ESI","",""
"005e71e5","005e65a0",".text","before","005e71e0","ADD","83C030","ADD EAX,0x30","",""
"005e71e5","005e65a0",".text","before","005e71e3","MOV","8B08","MOV ECX,dword ptr [EAX]","",""
"005e71e5","005e65a0",".text","candidate","005e71e5","MOV","894C245C","MOV dword ptr [ESP + 0x5c],ECX","","006d3dc7:UNCONDITIONAL_CALL|006d3de6:UNCONDITIONAL_CALL|005e8a29:UNCONDITIONAL_CALL"
"005e71e5","005e65a0",".text","after","005e71e9","MOV","8B5004","MOV EDX,dword ptr [EAX + 0x4]","",""
"005e71e5","005e65a0",".text","after","005e71ec","MOV","8B4D14","MOV ECX,dword ptr [EBP + 0x14]","",""
"005e71e5","005e65a0",".text","after","005e71ef","ADD","83C120","ADD ECX,0x20","",""
"005e71e5","005e65a0",".text","after","005e71f2","PUSH","51","PUSH ECX","",""
"005e75ce","005e65a0",".text","before","005e75be","MOV","8B8D80040000","MOV ECX,dword ptr [EBP + 0x480]","",""
"005e75ce","005e65a0",".text","before","005e75c4","MOV","89442424","MOV dword ptr [ESP + 0x24],EAX","",""
"005e75ce","005e65a0",".text","before","005e75c8","FILD","DB442424","FILD dword ptr [ESP + 0x24]","",""
"005e75ce","005e65a0",".text","before","005e75cc","PUSH","6A00","PUSH 0x0","",""
"005e75ce","005e65a0",".text","candidate","005e75ce","MOV","C744245C00000000","MOV dword ptr [ESP + 0x5c],0x0","","006d3dc7:UNCONDITIONAL_CALL|006d3de6:UNCONDITIONAL_CALL|005e8a29:UNCONDITIONAL_CALL"
"005e75ce","005e65a0",".text","after","005e75d6","MOV","C744246000000000","MOV dword ptr [ESP + 0x60],0x0","",""
"005e75ce","005e65a0",".text","after","005e75de","FMUL","D80D7C8C8500","FMUL float ptr [0x00858c7c]","",""
"005e75ce","005e65a0",".text","after","005e75e4","MOV","C744246400000000","MOV dword ptr [ESP + 0x64],0x0","",""
"005e75ce","005e65a0",".text","after","005e75ec","PUSH","689A99193F","PUSH 0x3f19999a","",""
"005edf5c","005edf10",".text","before","005edf50","MOV","894848","MOV dword ptr [EAX + 0x48],ECX","",""
"005edf5c","005edf10",".text","before","005edf53","MOV","89484C","MOV dword ptr [EAX + 0x4c],ECX","",""
"005edf5c","005edf10",".text","before","005edf56","MOV","894854","MOV dword ptr [EAX + 0x54],ECX","",""
"005edf5c","005edf10",".text","before","005edf59","MOV","894858","MOV dword ptr [EAX + 0x58],ECX","",""
"005edf5c","005edf10",".text","candidate","005edf5c","MOV","89485C","MOV dword ptr [EAX + 0x5c],ECX","","005ee1ce:UNCONDITIONAL_CALL"
"005edf5c","005edf10",".text","after","005edf5f","MOV","894864","MOV dword ptr [EAX + 0x64],ECX","",""
"005edf5c","005edf10",".text","after","005edf62","MOV","894868","MOV dword ptr [EAX + 0x68],ECX","",""
"005edf5c","005edf10",".text","after","005edf65","MOV","89486C","MOV dword ptr [EAX + 0x6c],ECX","",""
"005edf5c","005edf10",".text","after","005edf68","MOV","894874","MOV dword ptr [EAX + 0x74],ECX","",""
"005f0b6f","005f0360",".text","before","005f0b64","PUSH","53","PUSH EBX","",""
"005f0b6f","005f0360",".text","before","005f0b65","LEA","8D44245C","LEA EAX,[ESP + 0x5c]","",""
"005f0b6f","005f0360",".text","before","005f0b69","PUSH","50","PUSH EAX","",""
"005f0b6f","005f0360",".text","before","005f0b6a","MOV","C644241F02","MOV byte ptr [ESP + 0x1f],0x2","",""
"005f0b6f","005f0360",".text","candidate","005f0b6f","MOV","C744245C32000000","MOV dword ptr [ESP + 0x5c],0x32","005f06de:UNCONDITIONAL_JUMP","0054c5cc:UNCONDITIONAL_CALL|0054c642:UNCONDITIONAL_CALL|0060461f:UNCONDITIONAL_CALL|0060491b:UNCONDITIONAL_CALL|00604a0d:UNCONDITIONAL_CALL"
"005f0b6f","005f0360",".text","after","005f0b77","CALL","E844F3E1FF","CALL 0x0040fec0","",""
"005f0b6f","005f0360",".text","after","005f0b7c","MOV","8B10","MOV EDX,dword ptr [EAX]","",""
"005f0b6f","005f0360",".text","after","005f0b7e","LEA","8D4E44","LEA ECX,[ESI + 0x44]","",""
"005f0b6f","005f0360",".text","after","005f0b81","MOV","8911","MOV dword ptr [ECX],EDX","",""
"005f5dbd","005f5d80",".text","before","005f5dad","JNZ","7503","JNZ 0x005f5db2","",""
"005f5dbd","005f5d80",".text","before","005f5daf","LEA","8D5904","LEA EBX,[ECX + 0x4]","",""
"005f5dbd","005f5d80",".text","before","005f5db2","MOV","8B817C040000","MOV EAX,dword ptr [ECX + 0x47c]","",""
"005f5dbd","005f5d80",".text","before","005f5db8","ADD","05E0000000","ADD EAX,0xe0","",""
"005f5dbd","005f5d80",".text","candidate","005f5dbd","MOV","8944245C","MOV dword ptr [ESP + 0x5c],EAX","","006946e2:UNCONDITIONAL_CALL|006947c5:UNCONDITIONAL_CALL|0069483e:UNCONDITIONAL_CALL"
"005f5dbd","005f5d80",".text","after","005f5dc1","XOR","33ED","XOR EBP,EBP","",""
"005f5dbd","005f5d80",".text","after","005f5dc3","JMP","EB0B","JMP 0x005f5dd0","",""
"005f5dbd","005f5d80",".text","after","005f5dc5","MOV","8B44245C","MOV EAX,dword ptr [ESP + 0x5c]","",""
"005f5dbd","005f5d80",".text","after","005f5dc9","MOV","8B4C2458","MOV ECX,dword ptr [ESP + 0x58]","",""
"005f5ed0","005f5d80",".text","before","005f5ebb","JL","0F8C04FFFFFF","JL 0x005f5dc5","",""
"005f5ed0","005f5d80",".text","before","005f5ec1","MOV","8B442458","MOV EAX,dword ptr [ESP + 0x58]","",""
"005f5ed0","005f5d80",".text","before","005f5ec5","MOV","8B807C040000","MOV EAX,dword ptr [EAX + 0x47c]","",""
"005f5ed0","005f5d80",".text","before","005f5ecb","ADD","0530010000","ADD EAX,0x130","",""
"005f5ed0","005f5d80",".text","candidate","005f5ed0","MOV","8944245C","MOV dword ptr [ESP + 0x5c],EAX","","006946e2:UNCONDITIONAL_CALL|006947c5:UNCONDITIONAL_CALL|0069483e:UNCONDITIONAL_CALL"
"005f5ed0","005f5d80",".text","after","005f5ed4","XOR","33ED","XOR EBP,EBP","",""
"005f5ed0","005f5d80",".text","after","005f5ed6","JMP","EB08","JMP 0x005f5ee0","",""
"005f5ed0","005f5d80",".text","after","005f5ed8","MOV","8B44245C","MOV EAX,dword ptr [ESP + 0x5c]","",""
"005f5ed0","005f5d80",".text","after","005f5edc","LEA","8D642400","LEA ESP,[ESP]","",""
"005f9ad0","005f99f0",".text","before","005f9ac2","LEA","8D542428","LEA EDX,[ESP + 0x28]","",""
"005f9ad0","005f99f0",".text","before","005f9ac6","PUSH","52","PUSH EDX","",""
"005f9ad0","005f99f0",".text","before","005f9ac7","CALL","E8347FF7FF","CALL 0x00571a00","",""
"005f9ad0","005f99f0",".text","before","005f9acc","LEA","8D4C241C","LEA ECX,[ESP + 0x1c]","",""
"005f9ad0","005f99f0",".text","candidate","005f9ad0","MOV","C744245CC49D8500","MOV dword ptr [ESP + 0x5c],0x859dc4","","005fb4ab:UNCONDITIONAL_CALL"
"005f9ad0","005f99f0",".text","after","005f9ad8","MOV","C7442470FFFFFFFF","MOV dword ptr [ESP + 0x70],0xffffffff","",""
"005f9ad0","005f99f0",".text","after","005f9ae0","CALL","E8EB080200","CALL 0x0061a3d0","",""
"005f9ad0","005f99f0",".text","after","005f9ae5","MOV","8B44247C","MOV EAX,dword ptr [ESP + 0x7c]","",""
"005f9ad0","005f99f0",".text","after","005f9ae9","MOV","8B4C2410","MOV ECX,dword ptr [ESP + 0x10]","",""
"005fc586","005fc4c0",".text","before","005fc57c","MOV","B001","MOV AL,0x1","",""
"005fc586","005fc4c0",".text","before","005fc57e","MOV","8B4F14","MOV ECX,dword ptr [EDI + 0x14]","",""
"005fc586","005fc4c0",".text","before","005fc581","CMP","3B4E5C","CMP ECX,dword ptr [ESI + 0x5c]","",""
"005fc586","005fc4c0",".text","before","005fc584","JZ","7417","JZ 0x005fc59d","",""
"005fc586","005fc4c0",".text","candidate","005fc586","MOV","894E5C","MOV dword ptr [ESI + 0x5c],ECX","","00403cb5:UNCONDITIONAL_CALL"
"005fc586","005fc4c0",".text","after","005fc589","MOV","8B5714","MOV EDX,dword ptr [EDI + 0x14]","",""
"005fc586","005fc4c0",".text","after","005fc58c","MOV","8996FC000000","MOV dword ptr [ESI + 0xfc],EDX","",""
"005fc586","005fc4c0",".text","after","005fc592","MOV","8B4714","MOV EAX,dword ptr [EDI + 0x14]","",""
"005fc586","005fc4c0",".text","after","005fc595","MOV","89863C020000","MOV dword ptr [ESI + 0x23c],EAX","",""
"006000fd","005fffd0",".text","before","006000f2","CALL","E809BAFEFF","CALL 0x005ebb00","",""
"006000fd","005fffd0",".text","before","006000f7","TEST","84C0","TEST AL,AL","",""
"006000fd","005fffd0",".text","before","006000f9","JZ","746D","JZ 0x00600168","",""
"006000fd","005fffd0",".text","before","006000fb","XOR","33C0","XOR EAX,EAX","",""
"006000fd","005fffd0",".text","candidate","006000fd","MOV","8944245C","MOV dword ptr [ESP + 0x5c],EAX","","00606463:UNCONDITIONAL_CALL|00603543:UNCONDITIONAL_CALL"
"006000fd","005fffd0",".text","after","00600101","MOV","89442460","MOV dword ptr [ESP + 0x60],EAX","",""
"006000fd","005fffd0",".text","after","00600105","CMP","3BD8","CMP EBX,EAX","",""
"006000fd","005fffd0",".text","after","00600107","MOV","8944246C","MOV dword ptr [ESP + 0x6c],EAX","",""
"006000fd","005fffd0",".text","after","0060010b","JZ","7413","JZ 0x00600120","",""
"00601db7","00601da0",".text","before","00601dac","XOR","33FF","XOR EDI,EDI","",""
"00601db7","00601da0",".text","before","00601dae","LEA","8D4E38","LEA ECX,[ESI + 0x38]","",""
"00601db7","00601da0",".text","before","00601db1","MOV","897E54","MOV dword ptr [ESI + 0x54],EDI","",""
"00601db7","00601da0",".text","before","00601db4","MOV","897E58","MOV dword ptr [ESI + 0x58],EDI","",""
"00601db7","00601da0",".text","candidate","00601db7","MOV","897E5C","MOV dword ptr [ESI + 0x5c],EDI","","0060cdc2:UNCONDITIONAL_CALL"
"00601db7","00601da0",".text","after","00601dba","MOV","897E60","MOV dword ptr [ESI + 0x60],EDI","",""
"00601db7","00601da0",".text","after","00601dbd","MOV","897E64","MOV dword ptr [ESI + 0x64],EDI","",""
"00601db7","00601da0",".text","after","00601dc0","CALL","E88BA7EBFF","CALL 0x004bc550","",""
"00601db7","00601da0",".text","after","00601dc5","PUSH","57","PUSH EDI","",""
"00604193","006040d0",".text","before","00604181","MOV","66C702C800","MOV word ptr [EDX],0xc8","",""
"00604193","006040d0",".text","before","00604186","POP","5B","POP EBX","",""
"00604193","006040d0",".text","before","00604187","JLE","0F8E7E000000","JLE 0x0060420b","",""
"00604193","006040d0",".text","before","0060418d","FLD","D905508B8500","FLD float ptr [0x00858b50]","",""
"00604193","006040d0",".text","candidate","00604193","MOV","C744245C06000000","MOV dword ptr [ESP + 0x5c],0x6","","00606ee5:UNCONDITIONAL_CALL|00606f69:UNCONDITIONAL_CALL|00606093:UNCONDITIONAL_CALL|00606fdf:UNCONDITIONAL_CALL|00606ff4:UNCONDITIONAL_CALL|00607036:UNCONDITIONAL_CALL"
"00604193","006040d0",".text","after","0060419b","XOR","33C0","XOR EAX,EAX","",""
"00604193","006040d0",".text","after","0060419d","LEA","8D4900","LEA ECX,[ECX]","",""
"00604193","006040d0",".text","after","006041a0","MOV","8B4C8414","MOV ECX,dword ptr [ESP + EAX*0x4 + 0x14]","",""
"00604193","006040d0",".text","after","006041a4","MOV","894C842C","MOV dword ptr [ESP + EAX*0x4 + 0x2c],ECX","",""
"0060526d","00605165",".text","before","00605262","PUSH","6AFF","PUSH -0x1","",""
"0060526d","00605165",".text","before","00605264","PUSH","51","PUSH ECX","",""
"0060526d","00605165",".text","before","00605265","PUSH","56","PUSH ESI","",""
"0060526d","00605165",".text","before","00605266","LEA","8D8C2404010000","LEA ECX,[ESP + 0x104]","",""
"0060526d","00605165",".text","candidate","0060526d","MOV","C744245C00000000","MOV dword ptr [ESP + 0x5c],0x0","","00401ce7:UNCONDITIONAL_CALL"
"0060526d","00605165",".text","after","00605275","MOV","C744246000000000","MOV dword ptr [ESP + 0x60],0x0","",""
"0060526d","00605165",".text","after","0060527d","MOV","C744246400000000","MOV dword ptr [ESP + 0x64],0x0","",""
"0060526d","00605165",".text","after","00605285","CALL","E826B3FDFF","CALL 0x005e05b0","",""
"0060526d","00605165",".text","after","0060528a","LEA","8D9424F4000000","LEA EDX,[ESP + 0xf4]","",""
"00606cf2","00606ba0",".text","before","00606ce9","PUSH","53","PUSH EBX","",""
"00606cf2","00606ba0",".text","before","00606cea","LEA","8D542410","LEA EDX,[ESP + 0x10]","",""
"00606cf2","00606ba0",".text","before","00606cee","PUSH","52","PUSH EDX","",""
"00606cf2","00606ba0",".text","before","00606cef","LEA","8D4F68","LEA ECX,[EDI + 0x68]","",""
"00606cf2","00606ba0",".text","candidate","00606cf2","MOV","C744245C05000000","MOV dword ptr [ESP + 0x5c],0x5","","00607648:UNCONDITIONAL_CALL"
"00606cf2","00606ba0",".text","after","00606cfa","CALL","E82147EAFF","CALL 0x004ab420","",""
"00606cf2","00606ba0",".text","after","00606cff","MOV","C744240C688E8500","MOV dword ptr [ESP + 0xc],0x858e68","",""
"00606cf2","00606ba0",".text","after","00606d07","LEA","8D4C240C","LEA ECX,[ESP + 0xc]","",""
"00606cf2","00606ba0",".text","after","00606d0b","JMP","E91E010000","JMP 0x00606e2e","",""
"00606e15","00606ba0",".text","before","00606e0c","PUSH","53","PUSH EBX","",""
"00606e15","00606ba0",".text","before","00606e0d","LEA","8D4C2428","LEA ECX,[ESP + 0x28]","",""
"00606e15","00606ba0",".text","before","00606e11","PUSH","51","PUSH ECX","",""
"00606e15","00606ba0",".text","before","00606e12","LEA","8D4F68","LEA ECX,[EDI + 0x68]","",""
"00606e15","00606ba0",".text","candidate","00606e15","MOV","C744245C06000000","MOV dword ptr [ESP + 0x5c],0x6","","00607648:UNCONDITIONAL_CALL"
"00606e15","00606ba0",".text","after","00606e1d","CALL","E8FE45EAFF","CALL 0x004ab420","",""
"00606e15","00606ba0",".text","after","00606e22","MOV","C744242410CB8600","MOV dword ptr [ESP + 0x24],0x86cb10","",""
"00606e15","00606ba0",".text","after","00606e2a","LEA","8D4C2424","LEA ECX,[ESP + 0x24]","",""
"00606e15","00606ba0",".text","after","00606e2e","TEST","85C0","TEST EAX,EAX","",""
"0060ca02","0060c840",".text","before","0060c9f6","PUSH","6A28","PUSH 0x28","",""
"0060ca02","0060c840",".text","before","0060c9f8","CALL","E8A3DB0000","CALL 0x0061a5a0","",""
"0060ca02","0060c840",".text","before","0060c9fd","MOV","8BF0","MOV ESI,EAX","",""
"0060ca02","0060c840",".text","before","0060c9ff","ADD","83C404","ADD ESP,0x4","",""
"0060ca02","0060c840",".text","candidate","0060ca02","MOV","8974245C","MOV dword ptr [ESP + 0x5c],ESI","","0060d411:UNCONDITIONAL_CALL|0060d4d5:UNCONDITIONAL_CALL"
"0060ca02","0060c840",".text","after","0060ca06","XOR","33C0","XOR EAX,EAX","",""
"0060ca02","0060c840",".text","after","0060ca08","CMP","3BF0","CMP ESI,EAX","",""
"0060ca02","0060c840",".text","after","0060ca0a","MOV","89442454","MOV dword ptr [ESP + 0x54],EAX","",""
"0060ca02","0060c840",".text","after","0060ca0e","JZ","741C","JZ 0x0060ca2c","",""
"0060ca4e","0060c840",".text","before","0060ca44","PUSH","6A00","PUSH 0x0","",""
"0060ca4e","0060c840",".text","before","0060ca46","LEA","8D4C2438","LEA ECX,[ESP + 0x38]","",""
"0060ca4e","0060c840",".text","before","0060ca4a","PUSH","51","PUSH ECX","",""
"0060ca4e","0060c840",".text","before","0060ca4b","LEA","8D4868","LEA ECX,[EAX + 0x68]","",""
"0060ca4e","0060c840",".text","candidate","0060ca4e","MOV","C744245C01000000","MOV dword ptr [ESP + 0x5c],0x1","","0060d411:UNCONDITIONAL_CALL|0060d4d5:UNCONDITIONAL_CALL"
"0060ca4e","0060c840",".text","after","0060ca56","CALL","E8C5E9E9FF","CALL 0x004ab420","",""
"0060ca4e","0060c840",".text","after","0060ca5b","MOV","8B8580040000","MOV EAX,dword ptr [EBP + 0x480]","",""
"0060ca4e","0060c840",".text","after","0060ca61","MOV","8B4838","MOV ECX,dword ptr [EAX + 0x38]","",""
"0060ca4e","0060c840",".text","after","0060ca64","IMUL","69C9D4020000","IMUL ECX,ECX,0x2d4","",""
"0060caa1","0060c840",".text","before","0060ca92","CALL","E849C1FDFF","CALL 0x005e8be0","",""
"0060caa1","0060c840",".text","before","0060ca97","PUSH","6A10","PUSH 0x10","",""
"0060caa1","0060c840",".text","before","0060ca99","CALL","E8828BEAFF","CALL 0x004b5620","",""
"0060caa1","0060c840",".text","before","0060ca9e","ADD","83C404","ADD ESP,0x4","",""
"0060caa1","0060c840",".text","candidate","0060caa1","MOV","8944245C","MOV dword ptr [ESP + 0x5c],EAX","","0060d411:UNCONDITIONAL_CALL|0060d4d5:UNCONDITIONAL_CALL"
"0060caa1","0060c840",".text","after","0060caa5","TEST","85C0","TEST EAX,EAX","",""
"0060caa1","0060c840",".text","after","0060caa7","MOV","C644245402","MOV byte ptr [ESP + 0x54],0x2","",""
"0060caa1","0060c840",".text","after","0060caac","JZ","740A","JZ 0x0060cab8","",""
"0060caa1","0060c840",".text","after","0060caae","PUSH","57","PUSH EDI","",""
"0060cac0","0060c840",".text","before","0060cab8","XOR","33C0","XOR EAX,EAX","",""
"0060cac0","0060c840",".text","before","0060caba","PUSH","50","PUSH EAX","",""
"0060cac0","0060c840",".text","before","0060cabb","PUSH","55","PUSH EBP","",""
"0060cac0","0060c840",".text","before","0060cabc","LEA","8D4C2428","LEA ECX,[ESP + 0x28]","",""
"0060cac0","0060c840",".text","candidate","0060cac0","MOV","C644245C01","MOV byte ptr [ESP + 0x5c],0x1","","0060d411:UNCONDITIONAL_CALL|0060d4d5:UNCONDITIONAL_CALL"
"0060cac0","0060c840",".text","after","0060cac5","CALL","E80615EAFF","CALL 0x004adfd0","",""
"0060cac0","0060c840",".text","after","0060caca","MOV","8B8580040000","MOV EAX,dword ptr [EBP + 0x480]","",""
"0060cac0","0060c840",".text","after","0060cad0","MOV","8B4838","MOV ECX,dword ptr [EAX + 0x38]","",""
"0060cac0","0060c840",".text","after","0060cad3","IMUL","69C9D4020000","IMUL ECX,ECX,0x2d4","",""
"0060cc16","0060c840",".text","before","0060cc0c","PUSH","6A00","PUSH 0x0","",""
"0060cc16","0060c840",".text","before","0060cc0e","LEA","8D442414","LEA EAX,[ESP + 0x14]","",""
"0060cc16","0060c840",".text","before","0060cc12","PUSH","50","PUSH EAX","",""
"0060cc16","0060c840",".text","before","0060cc13","LEA","8D4F68","LEA ECX,[EDI + 0x68]","",""
"0060cc16","0060c840",".text","candidate","0060cc16","MOV","C744245C04000000","MOV dword ptr [ESP + 0x5c],0x4","","0060d411:UNCONDITIONAL_CALL|0060d4d5:UNCONDITIONAL_CALL"
"0060cc16","0060c840",".text","after","0060cc1e","CALL","E8FDE7E9FF","CALL 0x004ab420","",""
"0060cc16","0060c840",".text","after","0060cc23","LEA","8D4C2410","LEA ECX,[ESP + 0x10]","",""
"0060cc16","0060c840",".text","after","0060cc27","MOV","895C2454","MOV dword ptr [ESP + 0x54],EBX","",""
"0060cc16","0060c840",".text","after","0060cc2b","CALL","E810C5FFFF","CALL 0x00609140","",""
"0060e9e1","0060e537",".text","before","0060e9d4","CALL","E8F7F5E9FF","CALL 0x004adfd0","",""
"0060e9e1","0060e537",".text","before","0060e9d9","LEA","8D442424","LEA EAX,[ESP + 0x24]","",""
"0060e9e1","0060e537",".text","before","0060e9dd","PUSH","50","PUSH EAX","",""
"0060e9e1","0060e537",".text","before","0060e9de","LEA","8D4F30","LEA ECX,[EDI + 0x30]","",""
"0060e9e1","0060e537",".text","candidate","0060e9e1","MOV","C744245C01000000","MOV dword ptr [ESP + 0x5c],0x1","","004038bd:UNCONDITIONAL_CALL"
"0060e9e1","0060e537",".text","after","0060e9e9","CALL","E8828AFEFF","CALL 0x005f7470","",""
"0060e9e1","0060e537",".text","after","0060e9ee","LEA","8D4C2424","LEA ECX,[ESP + 0x24]","",""
"0060e9e1","0060e537",".text","after","0060e9f2","MOV","895C2458","MOV dword ptr [ESP + 0x58],EBX","",""
"0060e9e1","0060e537",".text","after","0060e9f6","CALL","E875F6E9FF","CALL 0x004ae070","",""
"00612a40","00612716",".text","before","00612a34","PUSH","6A50","PUSH 0x50","",""
"00612a40","00612716",".text","before","00612a36","CALL","E8657B0000","CALL 0x0061a5a0","",""
"00612a40","00612716",".text","before","00612a3b","MOV","8BF8","MOV EDI,EAX","",""
"00612a40","00612716",".text","before","00612a3d","ADD","83C404","ADD ESP,0x4","",""
"00612a40","00612716",".text","candidate","00612a40","MOV","897C245C","MOV dword ptr [ESP + 0x5c],EDI","","004018c9:UNCONDITIONAL_CALL"
"00612a40","00612716",".text","after","00612a44","TEST","85FF","TEST EDI,EDI","",""
"00612a40","00612716",".text","after","00612a46","MOV","C744244806000000","MOV dword ptr [ESP + 0x48],0x6","",""
"00612a40","00612716",".text","after","00612a4e","JZ","7418","JZ 0x00612a68","",""
"00612a40","00612716",".text","after","00612a50","PUSH","6A08","PUSH 0x8","",""
"00612a8e","00612716",".text","before","00612a7f","CALL","E86CF00600","CALL 0x00681af0","",""
"00612a8e","00612716",".text","before","00612a84","PUSH","6A20","PUSH 0x20","",""
"00612a8e","00612716",".text","before","00612a86","CALL","E8157B0000","CALL 0x0061a5a0","",""
"00612a8e","00612716",".text","before","00612a8b","ADD","83C404","ADD ESP,0x4","",""
"00612a8e","00612716",".text","candidate","00612a8e","MOV","8944245C","MOV dword ptr [ESP + 0x5c],EAX","","004018c9:UNCONDITIONAL_CALL"
"00612a8e","00612716",".text","after","00612a92","TEST","85C0","TEST EAX,EAX","",""
"00612a8e","00612716",".text","after","00612a94","MOV","C744244807000000","MOV dword ptr [ESP + 0x48],0x7","",""
"00612a8e","00612716",".text","after","00612a9c","JZ","7414","JZ 0x00612ab2","",""
"00612a8e","00612716",".text","after","00612a9e","PUSH","6800000041","PUSH 0x41000000","",""
"00612b88","00612716",".text","before","00612b77","JZ","0F84E8000000","JZ 0x00612c65","",""
"00612b88","00612716",".text","before","00612b7d","MOV","8B5004","MOV EDX,dword ptr [EAX + 0x4]","",""
"00612b88","00612716",".text","before","00612b80","MOV","8BDF","MOV EBX,EDI","",""
"00612b88","00612716",".text","before","00612b82","IMUL","69DBC4070000","IMUL EBX,EBX,0x7c4","",""
"00612b88","00612716",".text","candidate","00612b88","MOV","8954245C","MOV dword ptr [ESP + 0x5c],EDX","","004018c9:UNCONDITIONAL_CALL"
"00612b88","00612716",".text","after","00612b8c","LEA","8D642400","LEA ESP,[ESP]","",""
"00612b88","00612716",".text","after","00612b90","MOV","8B44245C","MOV EAX,dword ptr [ESP + 0x5c]","",""
"00612b88","00612716",".text","after","00612b94","MOV","8A4C38FF","MOV CL,byte ptr [EAX + EDI*0x1 + -0x1]","",""
"00612b88","00612716",".text","after","00612b98","DEC","4F","DEC EDI","",""
"00613775","006133f0",".text","before","00613765","PUSH","50","PUSH EAX","",""
"00613775","006133f0",".text","before","00613766","LEA","8D8C24B4000000","LEA ECX,[ESP + 0xb4]","",""
"00613775","006133f0",".text","before","0061376d","FADD","D88424C0000000","FADD float ptr [ESP + 0xc0]","",""
"00613775","006133f0",".text","before","00613774","PUSH","51","PUSH ECX","",""
"00613775","006133f0",".text","candidate","00613775","MOV","8954245C","MOV dword ptr [ESP + 0x5c],EDX","","0043e8f8:UNCONDITIONAL_CALL"
"00613775","006133f0",".text","after","00613779","FLD","D9C0","FLD ST0","",""
"00613775","006133f0",".text","after","0061377b","FSIN","D9FE","FSIN","",""
"00613775","006133f0",".text","after","0061377d","FMUL","D84C2448","FMUL float ptr [ESP + 0x48]","",""
"00613775","006133f0",".text","after","00613781","FADD","D88424B8000000","FADD float ptr [ESP + 0xb8]","",""
"0061aa0e","0061a990",".text","before","0061aa02","MOV","895E50","MOV dword ptr [ESI + 0x50],EBX","",""
"0061aa0e","0061a990",".text","before","0061aa05","MOV","895E54","MOV dword ptr [ESI + 0x54],EBX","",""
"0061aa0e","0061a990",".text","before","0061aa08","MOV","895E58","MOV dword ptr [ESI + 0x58],EBX","",""
"0061aa0e","0061a990",".text","before","0061aa0b","MOV","8A460C","MOV AL,byte ptr [ESI + 0xc]","",""
"0061aa0e","0061a990",".text","candidate","0061aa0e","MOV","894E5C","MOV dword ptr [ESI + 0x5c],ECX","","0061b7e3:UNCONDITIONAL_CALL|0066c479:UNCONDITIONAL_CALL|00670bec:UNCONDITIONAL_CALL|015696a2:UNCONDITIONAL_CALL"
"0061aa0e","0061a990",".text","after","0061aa11","MOV","8A4C2434","MOV CL,byte ptr [ESP + 0x34]","",""
"0061aa0e","0061a990",".text","after","0061aa15","SHL","C0E203","SHL DL,0x3","",""
"0061aa0e","0061a990",".text","after","0061aa18","AND","80E101","AND CL,0x1","",""
"0061aa0e","0061a990",".text","after","0061aa1b","OR","0AD1","OR DL,CL","",""
"0061acf7","0061ac90",".text","before","0061ace8","MOV","894644","MOV dword ptr [ESI + 0x44],EAX","",""
"0061acf7","0061ac90",".text","before","0061aceb","MOV","894618","MOV dword ptr [ESI + 0x18],EAX","",""
"0061acf7","0061ac90",".text","before","0061acee","MOV","66C7466CA801","MOV word ptr [ESI + 0x6c],0x1a8","",""
"0061acf7","0061ac90",".text","before","0061acf4","MOV","894E50","MOV dword ptr [ESI + 0x50],ECX","",""
"0061acf7","0061ac90",".text","candidate","0061acf7","MOV","89565C","MOV dword ptr [ESI + 0x5c],EDX","","0061b94b:UNCONDITIONAL_CALL"
"0061acf7","0061ac90",".text","after","0061acfa","MOV","8BC6","MOV EAX,ESI","",""
"0061acf7","0061ac90",".text","after","0061acfc","POP","5E","POP ESI","",""
"0061acf7","0061ac90",".text","after","0061acfd","RET","C21C00","RET 0x1c","",""
"0061acf7","0061ac90",".text","after","0061ad00","MOVZX","0FB7416C","MOVZX EAX,word ptr [ECX + 0x6c]","",""
"0061ad80","0061ad10",".text","before","0061ad74","MOV","885E68","MOV byte ptr [ESI + 0x68],BL","",""
"0061ad80","0061ad10",".text","before","0061ad77","MOV","885E69","MOV byte ptr [ESI + 0x69],BL","",""
"0061ad80","0061ad10",".text","before","0061ad7a","MOV","895650","MOV dword ptr [ESI + 0x50],EDX","",""
"0061ad80","0061ad10",".text","before","0061ad7d","LEA","8D6E1C","LEA EBP,[ESI + 0x1c]","",""
"0061ad80","0061ad10",".text","candidate","0061ad80","MOV","89465C","MOV dword ptr [ESI + 0x5c],EAX","","0061b8f8:UNCONDITIONAL_CALL"
"0061ad80","0061ad10",".text","after","0061ad83","MOV","8B442424","MOV EAX,dword ptr [ESP + 0x24]","",""
"0061ad80","0061ad10",".text","after","0061ad87","MOV","8BD5","MOV EDX,EBP","",""
"0061ad80","0061ad10",".text","after","0061ad89","MOV","895C241C","MOV dword ptr [ESP + 0x1c],EBX","",""
"0061ad80","0061ad10",".text","after","0061ad8d","MOV","66C7466CA801","MOV word ptr [ESI + 0x6c],0x1a8","",""
"0061bb34","0061bb10",".text","before","0061bb2a","MOV","8B465C","MOV EAX,dword ptr [ESI + 0x5c]","",""
"0061bb34","0061bb10",".text","before","0061bb2d","TEST","A808","TEST AL,0x8","",""
"0061bb34","0061bb10",".text","before","0061bb2f","JNZ","7506","JNZ 0x0061bb37","",""
"0061bb34","0061bb10",".text","before","0061bb31","OR","83C804","OR EAX,0x4","",""
"0061bb34","0061bb10",".text","candidate","0061bb34","MOV","89465C","MOV dword ptr [ESI + 0x5c],EAX","","0061c08c:UNCONDITIONAL_CALL"
"0061bb34","0061bb10",".text","after","0061bb37","MOV","8B5638","MOV EDX,dword ptr [ESI + 0x38]","",""
"0061bb34","0061bb10",".text","after","0061bb3a","MOV","8B465C","MOV EAX,dword ptr [ESI + 0x5c]","",""
"0061bb34","0061bb10",".text","after","0061bb3d","MOV","8B4E3C","MOV ECX,dword ptr [ESI + 0x3c]","",""
"0061bb34","0061bb10",".text","after","0061bb40","PUSH","52","PUSH EDX","",""
"00621fa9","00621f50",".text","before","00621f9c","MOV","894630","MOV dword ptr [ESI + 0x30],EAX","",""
"00621fa9","00621f50",".text","before","00621f9f","MOV","894634","MOV dword ptr [ESI + 0x34],EAX","",""
"00621fa9","00621f50",".text","before","00621fa2","MOV","895658","MOV dword ptr [ESI + 0x58],EDX","",""
"00621fa9","00621f50",".text","before","00621fa5","MOV","8B542420","MOV EDX,dword ptr [ESP + 0x20]","",""
"00621fa9","00621f50",".text","candidate","00621fa9","MOV","89565C","MOV dword ptr [ESI + 0x5c],EDX","","00623645:UNCONDITIONAL_CALL|0062888c:UNCONDITIONAL_CALL"
"00621fa9","00621f50",".text","after","00621fac","MOV","8B542424","MOV EDX,dword ptr [ESP + 0x24]","",""
"00621fa9","00621f50",".text","after","00621fb0","MOV","89442410","MOV dword ptr [ESP + 0x10],EAX","",""
"00621fa9","00621f50",".text","after","00621fb4","MOV","894638","MOV dword ptr [ESI + 0x38],EAX","",""
"00621fa9","00621f50",".text","after","00621fb7","MOV","89463C","MOV dword ptr [ESI + 0x3c],EAX","",""
"00634812","00634740",".text","before","00634807","FNSTSW","DFE0","FNSTSW AX","",""
"00634812","00634740",".text","before","00634809","TEST","F6C405","TEST AH,0x5","",""
"00634812","00634740",".text","before","0063480c","JP","7A4C","JP 0x0063485a","",""
"00634812","00634740",".text","before","0063480e","MOV","89542458","MOV dword ptr [ESP + 0x58],EDX","",""
"00634812","00634740",".text","candidate","00634812","MOV","8954245C","MOV dword ptr [ESP + 0x5c],EDX","","0063954f:UNCONDITIONAL_CALL"
"00634812","00634740",".text","after","00634816","PUSH","680000803F","PUSH 0x3f800000","",""
"00634812","00634740",".text","after","0063481b","LEA","8D4C241C","LEA ECX,[ESP + 0x1c]","",""
"00634812","00634740",".text","after","0063481f","MOV","8954246C","MOV dword ptr [ESP + 0x6c],EDX","",""
"00634812","00634740",".text","after","00634823","CALL","E8A866F6FF","CALL 0x0059aed0","",""
"0063c3ae","0063c340",".text","before","0063c3a3","OR","80C902","OR CL,0x2","",""
"0063c3ae","0063c340",".text","before","0063c3a6","SHL","C0E102","SHL CL,0x2","",""
"0063c3ae","0063c340",".text","before","0063c3a9","AND","80E2CB","AND DL,0xcb","",""
"0063c3ae","0063c340",".text","before","0063c3ac","OR","0ACA","OR CL,DL","",""
"0063c3ae","0063c340",".text","candidate","0063c3ae","MOV","884E5C","MOV byte ptr [ESI + 0x5c],CL","","00601506:UNCONDITIONAL_CALL|005ff94d:UNCONDITIONAL_CALL|005f8d78:UNCONDITIONAL_CALL|005f9005:UNCONDITIONAL_CALL|0064b8ef:UNCONDITIONAL_CALL|0064bd06:UNCONDITIONAL_CALL|0064bd2f:UNCONDITIONAL_CALL|0046f5b1:UNCONDITIONAL_CALL|0046f3ca:UNCONDITIONAL_CALL|0049645a:UNCONDITIONAL_CALL|0062fe89:UNCONDITIONAL_CALL|0063dc5d:UNCONDITIONAL_CALL|0063df54:UNCONDITIONAL_CALL|00640c4c:UNCONDITIONAL_CALL|006425b2:UNCONDITIONAL_CALL|00659811:UNCONDITIONAL_CALL|0065a2aa:UNCONDITIONAL_CALL|0066545a:UNCONDITIONAL_CALL|00696437:UNCONDITIONAL_CALL|0068f794:UNCONDITIONAL_CALL|0064301d:UNCONDITIONAL_CALL|0063d6fc:UNCONDITIONAL_CALL|005f7074:UNCONDITIONAL_CALL|005f7184:UNCONDITIONAL_CALL|0062f95d:UNCONDITIONAL_CALL|00658f7a:UNCONDITIONAL_CALL|006661ee:UNCONDITIONAL_CALL|0068e200:UNCONDITIONAL_CALL|0068cb67:UNCONDITIONAL_CALL|0068c16b:UNCONDITIONAL_CALL|00492648:UNCONDITIONAL_CALL|01563d40:UNCONDITIONAL_CALL|01563dc1:UNCONDITIONAL_CALL|01568c70:UNCONDITIONAL_CALL|01568cf1:UNCONDITIONAL_CALL|01568f8f:UNCONDITIONAL_CALL"
"0063c3ae","0063c340",".text","after","0063c3b1","MOV","8B0F","MOV ECX,dword ptr [EDI]","",""
"0063c3ae","0063c340",".text","after","0063c3b3","CMP","3BCB","CMP ECX,EBX","",""
"0063c3ae","0063c340",".text","after","0063c3b5","MOV","895C2424","MOV dword ptr [ESP + 0x24],EBX","",""
"0063c3ae","0063c340",".text","after","0063c3b9","JZ","7406","JZ 0x0063c3c1","",""
"0063c41d","0063c340",".text","before","0063c411","MOV","894610","MOV dword ptr [ESI + 0x10],EAX","",""
"0063c41d","0063c340",".text","before","0063c414","MOV","8A465C","MOV AL,byte ptr [ESI + 0x5c]","",""
"0063c41d","0063c340",".text","before","0063c417","MOV","8B4C241C","MOV ECX,dword ptr [ESP + 0x1c]","",""
"0063c41d","0063c340",".text","before","0063c41b","AND","24FC","AND AL,0xfc","",""
"0063c41d","0063c340",".text","candidate","0063c41d","MOV","88465C","MOV byte ptr [ESI + 0x5c],AL","","00601506:UNCONDITIONAL_CALL|005ff94d:UNCONDITIONAL_CALL|005f8d78:UNCONDITIONAL_CALL|005f9005:UNCONDITIONAL_CALL|0064b8ef:UNCONDITIONAL_CALL|0064bd06:UNCONDITIONAL_CALL|0064bd2f:UNCONDITIONAL_CALL|0046f5b1:UNCONDITIONAL_CALL|0046f3ca:UNCONDITIONAL_CALL|0049645a:UNCONDITIONAL_CALL|0062fe89:UNCONDITIONAL_CALL|0063dc5d:UNCONDITIONAL_CALL|0063df54:UNCONDITIONAL_CALL|00640c4c:UNCONDITIONAL_CALL|006425b2:UNCONDITIONAL_CALL|00659811:UNCONDITIONAL_CALL|0065a2aa:UNCONDITIONAL_CALL|0066545a:UNCONDITIONAL_CALL|00696437:UNCONDITIONAL_CALL|0068f794:UNCONDITIONAL_CALL|0064301d:UNCONDITIONAL_CALL|0063d6fc:UNCONDITIONAL_CALL|005f7074:UNCONDITIONAL_CALL|005f7184:UNCONDITIONAL_CALL|0062f95d:UNCONDITIONAL_CALL|00658f7a:UNCONDITIONAL_CALL|006661ee:UNCONDITIONAL_CALL|0068e200:UNCONDITIONAL_CALL|0068cb67:UNCONDITIONAL_CALL|0068c16b:UNCONDITIONAL_CALL|00492648:UNCONDITIONAL_CALL|01563d40:UNCONDITIONAL_CALL|01563dc1:UNCONDITIONAL_CALL|01568c70:UNCONDITIONAL_CALL|01568cf1:UNCONDITIONAL_CALL|01568f8f:UNCONDITIONAL_CALL"
"0063c41d","0063c340",".text","after","0063c420","MOV","895E44","MOV dword ptr [ESI + 0x44],EBX","",""
"0063c41d","0063c340",".text","after","0063c423","MOV","895E3C","MOV dword ptr [ESI + 0x3c],EBX","",""
"0063c41d","0063c340",".text","after","0063c426","MOV","895E40","MOV dword ptr [ESI + 0x40],EBX","",""
"0063c41d","0063c340",".text","after","0063c429","POP","5F","POP EDI","",""
"0063c748","0063c670",".text","before","0063c73c","RET","C20C00","RET 0xc","",""
"0063c748","0063c670",".text","before","0063c73f","MOV","8A475C","MOV AL,byte ptr [EDI + 0x5c]","",""
"0063c748","0063c670",".text","before","0063c742","MOV","8B4C241C","MOV ECX,dword ptr [ESP + 0x1c]","",""
"0063c748","0063c670",".text","before","0063c746","OR","0C08","OR AL,0x8","",""
"0063c748","0063c670",".text","candidate","0063c748","MOV","88475C","MOV byte ptr [EDI + 0x5c],AL","","00859e68:DATA|0086e91c:DATA|0063d754:UNCONDITIONAL_CALL"
"0063c748","0063c670",".text","after","0063c74b","XOR","33C0","XOR EAX,EAX","",""
"0063c748","0063c670",".text","after","0063c74d","MOV","8A475C","MOV AL,byte ptr [EDI + 0x5c]","",""
"0063c748","0063c670",".text","after","0063c750","POP","5F","POP EDI","",""
"0063c748","0063c670",".text","after","0063c751","MOV","64890D00000000","MOV dword ptr FS:[0x0],ECX","",""
"0063c7ac","0063c770",".text","before","0063c79e","TEST","85C9","TEST ECX,ECX","",""
"0063c7ac","0063c770",".text","before","0063c7a0","JZ","740A","JZ 0x0063c7ac","",""
"0063c7ac","0063c770",".text","before","0063c7a2","MOV","894E10","MOV dword ptr [ESI + 0x10],ECX","",""
"0063c7ac","0063c770",".text","before","0063c7a5","MOV","C7401000000000","MOV dword ptr [EAX + 0x10],0x0","",""
"0063c7ac","0063c770",".text","candidate","0063c7ac","AND","80665CF7","AND byte ptr [ESI + 0x5c],0xf7","0063c795:CONDITIONAL_JUMP|0063c799:CONDITIONAL_JUMP|0063c7a0:CONDITIONAL_JUMP","00859e70:DATA|0086e924:DATA|0086ea8c:DATA"
"0063c7ac","0063c770",".text","after","0063c7b0","MOV","8B4610","MOV EAX,dword ptr [ESI + 0x10]","",""
"0063c7ac","0063c770",".text","after","0063c7b3","TEST","85C0","TEST EAX,EAX","",""
"0063c7ac","0063c770",".text","after","0063c7b5","JZ","745B","JZ 0x0063c812","",""
"0063c7ac","0063c770",".text","after","0063c7b7","PUSH","57","PUSH EDI","",""
"0063c845","0063c840",".text","before","0063c836","POP","5B","POP EBX","",""
"0063c845","0063c840",".text","before","0063c837","RET","C20400","RET 0x4","",""
"0063c845","0063c840",".text","before","0063c840","PUSH","56","PUSH ESI","",""
"0063c845","0063c840",".text","before","0063c841","MOV","8B74240C","MOV ESI,dword ptr [ESP + 0xc]","",""
"0063c845","0063c840",".text","candidate","0063c845","AND","80665CDF","AND byte ptr [ESI + 0x5c],0xdf","","00642744:DATA|008d0998:DATA"
"0063c845","0063c840",".text","after","0063c849","MOV","8B4E08","MOV ECX,dword ptr [ESI + 0x8]","",""
"0063c845","0063c840",".text","after","0063c84c","TEST","85C9","TEST ECX,ECX","",""
"0063c845","0063c840",".text","after","0063c84e","MOV","C7460C00000000","MOV dword ptr [ESI + 0xc],0x0","",""
"0063c845","0063c840",".text","after","0063c855","JZ","7453","JZ 0x0063c8aa","",""
"0063dc73","0063dc20",".text","before","0063dc69","MOV","8A565C","MOV DL,byte ptr [ESI + 0x5c]","",""
"0063dc73","0063dc20",".text","before","0063dc6c","XOR","32D1","XOR DL,CL","",""
"0063dc73","0063dc20",".text","before","0063dc6e","AND","80E204","AND DL,0x4","",""
"0063dc73","0063dc20",".text","before","0063dc71","XOR","32CA","XOR CL,DL","",""
"0063dc73","0063dc20",".text","candidate","0063dc73","MOV","88485C","MOV byte ptr [EAX + 0x5c],CL","","0086e908:DATA"
"0063dc73","0063dc20",".text","after","0063dc76","MOV","8B4C2408","MOV ECX,dword ptr [ESP + 0x8]","",""
"0063dc73","0063dc20",".text","after","0063dc7a","POP","5E","POP ESI","",""
"0063dc73","0063dc20",".text","after","0063dc7b","MOV","64890D00000000","MOV dword ptr FS:[0x0],ECX","",""
"0063dc73","0063dc20",".text","after","0063dc82","ADD","83C410","ADD ESP,0x10","",""
"006429b1","006428c0",".text","before","006429a9","AND","2401","AND AL,0x1","",""
"006429b1","006428c0",".text","before","006429ab","XOR","32C8","XOR CL,AL","",""
"006429b1","006428c0",".text","before","006429ad","MOV","8AC1","MOV AL,CL","",""
"006429b1","006428c0",".text","before","006429af","TEST","A801","TEST AL,0x1","",""
"006429b1","006428c0",".text","candidate","006429b1","MOV","884E5C","MOV byte ptr [ESI + 0x5c],CL","","00642f48:UNCONDITIONAL_CALL"
"006429b1","006428c0",".text","after","006429b4","JZ","743C","JZ 0x006429f2","",""
"006429b1","006428c0",".text","after","006429b6","FCOMP","D81D24868500","FCOMP float ptr [0x00858624]","",""
"006429b1","006428c0",".text","after","006429bc","FNSTSW","DFE0","FNSTSW AX","",""
"006429b1","006428c0",".text","after","006429be","TEST","F6C405","TEST AH,0x5","",""
"00642d61","00642ae0",".text","before","00642d5a","POP","5D","POP EBP","",""
"00642d61","00642ae0",".text","before","00642d5b","OR","0C02","OR AL,0x2","",""
"00642d61","00642ae0",".text","before","00642d5d","POP","5B","POP EBX","",""
"00642d61","00642ae0",".text","before","00642d5e","MOV","894F48","MOV dword ptr [EDI + 0x48],ECX","",""
"00642d61","00642ae0",".text","candidate","00642d61","MOV","88475C","MOV byte ptr [EDI + 0x5c],AL","","00642f52:UNCONDITIONAL_CALL"
"00642d61","00642ae0",".text","after","00642d64","POP","5F","POP EDI","",""
"00642d61","00642ae0",".text","after","00642d65","POP","5E","POP ESI","",""
"00642d61","00642ae0",".text","after","00642d66","ADD","83C418","ADD ESP,0x18","",""
"00642d61","00642ae0",".text","after","00642d69","RET","C20C00","RET 0xc","",""
"00642d7c","00642ae0",".text","before","00642d75","POP","5D","POP EBP","",""
"00642d7c","00642ae0",".text","before","00642d76","OR","0C02","OR AL,0x2","",""
"00642d7c","00642ae0",".text","before","00642d78","POP","5B","POP EBX","",""
"00642d7c","00642ae0",".text","before","00642d79","MOV","895748","MOV dword ptr [EDI + 0x48],EDX","",""
"00642d7c","00642ae0",".text","candidate","00642d7c","MOV","88475C","MOV byte ptr [EDI + 0x5c],AL","","00642f52:UNCONDITIONAL_CALL"
"00642d7c","00642ae0",".text","after","00642d7f","POP","5F","POP EDI","",""
"00642d7c","00642ae0",".text","after","00642d80","POP","5E","POP ESI","",""
"00642d7c","00642ae0",".text","after","00642d81","ADD","83C418","ADD ESP,0x18","",""
"00642d7c","00642ae0",".text","after","00642d84","RET","C20C00","RET 0xc","",""
"00642e3c","00642ae0",".text","before","00642e35","MOV","8A475C","MOV AL,byte ptr [EDI + 0x5c]","",""
"00642e3c","00642ae0",".text","before","00642e38","POP","5D","POP EBP","",""
"00642e3c","00642ae0",".text","before","00642e39","AND","24FD","AND AL,0xfd","",""
"00642e3c","00642ae0",".text","before","00642e3b","POP","5B","POP EBX","",""
"00642e3c","00642ae0",".text","candidate","00642e3c","MOV","88475C","MOV byte ptr [EDI + 0x5c],AL","","00642f52:UNCONDITIONAL_CALL"
"00642e3c","00642ae0",".text","after","00642e3f","POP","5F","POP EDI","",""
"00642e3c","00642ae0",".text","after","00642e40","POP","5E","POP ESI","",""
"00642e3c","00642ae0",".text","after","00642e41","ADD","83C418","ADD ESP,0x18","",""
"00642e3c","00642ae0",".text","after","00642e44","RET","C20C00","RET 0xc","",""
"00642e59","00642ae0",".text","before","00642e52","MOV","8A475C","MOV AL,byte ptr [EDI + 0x5c]","",""
"00642e59","00642ae0",".text","before","00642e55","POP","5D","POP EBP","",""
"00642e59","00642ae0",".text","before","00642e56","AND","24FD","AND AL,0xfd","",""
"00642e59","00642ae0",".text","before","00642e58","POP","5B","POP EBX","",""
"00642e59","00642ae0",".text","candidate","00642e59","MOV","88475C","MOV byte ptr [EDI + 0x5c],AL","","00642f52:UNCONDITIONAL_CALL"
"00642e59","00642ae0",".text","after","00642e5c","POP","5F","POP EDI","",""
"00642e59","00642ae0",".text","after","00642e5d","POP","5E","POP ESI","",""
"00642e59","00642ae0",".text","after","00642e5e","ADD","83C418","ADD ESP,0x18","",""
"00642e59","00642ae0",".text","after","00642e61","RET","C20C00","RET 0xc","",""
"00644927","00644470",".text","before","00644918","JP","7A62","JP 0x0064497c","",""
"00644927","00644470",".text","before","0064491a","MOV","8B8E8C050000","MOV ECX,dword ptr [ESI + 0x58c]","",""
"00644927","00644470",".text","before","00644920","PUSH","6A01","PUSH 0x1","",""
"00644927","00644470",".text","before","00644922","CALL","E8F9E60800","CALL 0x006d3020","",""
"00644927","00644470",".text","candidate","00644927","OR","804F5C20","OR byte ptr [EDI + 0x5c],0x20","","0086e920:DATA|00645398:UNCONDITIONAL_CALL|0046f65f:UNCONDITIONAL_CALL"
"00644927","00644470",".text","after","0064492b","PUSH","56","PUSH ESI","",""
"00644927","00644470",".text","after","0064492c","MOV","8BCF","MOV ECX,EDI","",""
"00644927","00644470",".text","after","0064492e","CALL","E8CDDDFFFF","CALL 0x00642700","",""
"00644927","00644470",".text","after","00644933","XOR","32C0","XOR AL,AL","",""
"006449fd","00644470",".text","before","006449f3","PUSH","50","PUSH EAX","",""
"006449fd","00644470",".text","before","006449f4","PUSH","51","PUSH ECX","",""
"006449fd","00644470",".text","before","006449f5","CALL","E816FCE8FF","CALL 0x004d4610","",""
"006449fd","00644470",".text","before","006449fa","ADD","83C410","ADD ESP,0x10","",""
"006449fd","00644470",".text","candidate","006449fd","OR","804F5C10","OR byte ptr [EDI + 0x5c],0x10","006449d7:CONDITIONAL_JUMP","0086e920:DATA|00645398:UNCONDITIONAL_CALL|0046f65f:UNCONDITIONAL_CALL"
"006449fd","00644470",".text","after","00644a01","PUSH","6A01","PUSH 0x1","",""
"006449fd","00644470",".text","after","00644a03","PUSH","56","PUSH ESI","",""
"006449fd","00644470",".text","after","00644a04","MOV","8BCF","MOV ECX,EDI","",""
"006449fd","00644470",".text","after","00644a06","CALL","E865E4FFFF","CALL 0x00642e70","",""
"0064aa6f","",".text","before","0064aa61","MOV","8B560C","MOV EDX,dword ptr [ESI + 0xc]","",""
"0064aa6f","",".text","before","0064aa64","JNZ","0F851A010000","JNZ 0x0064ab84","",""
"0064aa6f","",".text","before","0064aa6a","MOV","8A4614","MOV AL,byte ptr [ESI + 0x14]","",""
"0064aa6f","",".text","before","0064aa6d","TEST","84C0","TEST AL,AL","",""
"0064aa6f","",".text","candidate","0064aa6f","MOV","C744245C00000000","MOV dword ptr [ESP + 0x5c],0x0","",""
"0064aa6f","",".text","after","0064aa77","LEA","8D4C2410","LEA ECX,[ESP + 0x10]","",""
"0064aa6f","",".text","after","0064aa7b","LEA","8D44245C","LEA EAX,[ESP + 0x5c]","",""
"0064aa6f","",".text","after","0064aa7f","JZ","740E","JZ 0x0064aa8f","",""
"0064aa6f","",".text","after","0064aa81","PUSH","50","PUSH EAX","",""
"0064fe70","0064fc10",".text","before","0064fe61","MOV","8B5C2444","MOV EBX,dword ptr [ESP + 0x44]","",""
"0064fe70","0064fc10",".text","before","0064fe65","MOV","894C241C","MOV dword ptr [ESP + 0x1c],ECX","",""
"0064fe70","0064fc10",".text","before","0064fe69","MOV","89542424","MOV dword ptr [ESP + 0x24],EDX","",""
"0064fe70","0064fc10",".text","before","0064fe6d","MOV","8B4518","MOV EAX,dword ptr [EBP + 0x18]","",""
"0064fe70","0064fc10",".text","candidate","0064fe70","MOV","8944245C","MOV dword ptr [ESP + 0x5c],EAX","","006526a1:UNCONDITIONAL_CALL|00650ad3:UNCONDITIONAL_CALL"
"0064fe70","0064fc10",".text","after","0064fe74","ADD","83C0F8","ADD EAX,-0x8","",""
"0064fe70","0064fc10",".text","after","0064fe77","CMP","83F80A","CMP EAX,0xa","",""
"0064fe70","0064fc10",".text","after","0064fe7a","MOV","895C2420","MOV dword ptr [ESP + 0x20],EBX","",""
"0064fe70","0064fc10",".text","after","0064fe7e","JA","0F872F010000","JA 0x0064ffb3","",""
"00650321","00650286",".text","before","00650315","MOV","8B8F7C040000","MOV ECX,dword ptr [EDI + 0x47c]","",""
"00650321","00650286",".text","before","0065031b","PUSH","6A03","PUSH 0x3","",""
"00650321","00650286",".text","before","0065031d","PUSH","50","PUSH EAX","",""
"00650321","00650286",".text","before","0065031e","ADD","83C104","ADD ECX,0x4","",""
"00650321","00650286",".text","candidate","00650321","MOV","C644245C00","MOV byte ptr [ESP + 0x5c],0x0","","004067f8:UNCONDITIONAL_CALL"
"00650321","00650286",".text","after","00650326","CALL","E8C5170300","CALL 0x00681af0","",""
"00650321","00650286",".text","after","0065032b","LEA","8D4C240C","LEA ECX,[ESP + 0xc]","",""
"00650321","00650286",".text","after","0065032f","MOV","C7442450FFFFFFFF","MOV dword ptr [ESP + 0x50],0xffffffff","",""
"00650321","00650286",".text","after","00650337","CALL","E8346EFFFF","CALL 0x00647170","",""
"0065065e","006504c0",".text","before","00650655","MOV","8B4008","MOV EAX,dword ptr [EAX + 0x8]","",""
"0065065e","006504c0",".text","before","00650658","LEA","8D4C245C","LEA ECX,[ESP + 0x5c]","",""
"0065065e","006504c0",".text","before","0065065c","PUSH","56","PUSH ESI","",""
"0065065e","006504c0",".text","before","0065065d","PUSH","51","PUSH ECX","",""
"0065065e","006504c0",".text","candidate","0065065e","MOV","8944245C","MOV dword ptr [ESP + 0x5c],EAX","","0062b6fa:UNCONDITIONAL_CALL|00652a84:UNCONDITIONAL_CALL|00652bed:UNCONDITIONAL_CALL|00652c37:UNCONDITIONAL_CALL|00652c80:UNCONDITIONAL_CALL|00652d58:UNCONDITIONAL_CALL|00652dbc:UNCONDITIONAL_CALL|00652dd5:UNCONDITIONAL_CALL|00652e3d:UNCONDITIONAL_CALL|00652e79:UNCONDITIONAL_CALL|00652e8d:UNCONDITIONAL_CALL|00626847:UNCONDITIONAL_CALL|0062669f:UNCONDITIONAL_CALL|0062699f:UNCONDITIONAL_CALL|00641b85:UNCONDITIONAL_CALL|00641c8f:UNCONDITIONAL_CALL|00650c68:UNCONDITIONAL_CALL|00650d11:UNCONDITIONAL_CALL|00650da5:UNCONDITIONAL_CALL|00650e76:UNCONDITIONAL_CALL|00650f32:UNCONDITIONAL_CALL|0065107d:UNCONDITIONAL_CALL|0064c52b:UNCONDITIONAL_CALL|0068d4c4:UNCONDITIONAL_CALL|0068d4e2:UNCONDITIONAL_CALL|0068d599:UNCONDITIONAL_CALL|0068d5b7:UNCONDITIONAL_CALL"
"0065065e","006504c0",".text","after","00650662","CALL","E8D9E0FFFF","CALL 0x0064e740","",""
"0065065e","006504c0",".text","after","00650667","MOV","8B10","MOV EDX,dword ptr [EAX]","",""
"0065065e","006504c0",".text","after","00650669","MOV","89542420","MOV dword ptr [ESP + 0x20],EDX","",""
"0065065e","006504c0",".text","after","0065066d","MOV","8B4804","MOV ECX,dword ptr [EAX + 0x4]","",""
"00650698","006504c0",".text","before","0065068c","MOV","8B08","MOV ECX,dword ptr [EAX]","",""
"00650698","006504c0",".text","before","0065068e","MOV","8B5004","MOV EDX,dword ptr [EAX + 0x4]","",""
"00650698","006504c0",".text","before","00650691","MOV","8B4008","MOV EAX,dword ptr [EAX + 0x8]","",""
"00650698","006504c0",".text","before","00650694","MOV","894C2458","MOV dword ptr [ESP + 0x58],ECX","",""
"00650698","006504c0",".text","candidate","00650698","MOV","8954245C","MOV dword ptr [ESP + 0x5c],EDX","","0062b6fa:UNCONDITIONAL_CALL|00652a84:UNCONDITIONAL_CALL|00652bed:UNCONDITIONAL_CALL|00652c37:UNCONDITIONAL_CALL|00652c80:UNCONDITIONAL_CALL|00652d58:UNCONDITIONAL_CALL|00652dbc:UNCONDITIONAL_CALL|00652dd5:UNCONDITIONAL_CALL|00652e3d:UNCONDITIONAL_CALL|00652e79:UNCONDITIONAL_CALL|00652e8d:UNCONDITIONAL_CALL|00626847:UNCONDITIONAL_CALL|0062669f:UNCONDITIONAL_CALL|0062699f:UNCONDITIONAL_CALL|00641b85:UNCONDITIONAL_CALL|00641c8f:UNCONDITIONAL_CALL|00650c68:UNCONDITIONAL_CALL|00650d11:UNCONDITIONAL_CALL|00650da5:UNCONDITIONAL_CALL|00650e76:UNCONDITIONAL_CALL|00650f32:UNCONDITIONAL_CALL|0065107d:UNCONDITIONAL_CALL|0064c52b:UNCONDITIONAL_CALL|0068d4c4:UNCONDITIONAL_CALL|0068d4e2:UNCONDITIONAL_CALL|0068d599:UNCONDITIONAL_CALL|0068d5b7:UNCONDITIONAL_CALL"
"00650698","006504c0",".text","after","0065069c","MOV","89442460","MOV dword ptr [ESP + 0x60],EAX","",""
"00650698","006504c0",".text","after","006506a0","JZ","7405","JZ 0x006506a7","",""
"00650698","006504c0",".text","after","006506a2","CMP","83FF09","CMP EDI,0x9","",""
"00650698","006504c0",".text","after","006506a5","JNZ","750A","JNZ 0x006506b1","",""
"00656583","",".text","before","00656573","MOV","8B0485C8B0A900","MOV EAX,dword ptr [EAX*0x4 + 0xa9b0c8]","",""
"00656583","",".text","before","0065657a","FMUL","D84944","FMUL float ptr [ECX + 0x44]","",""
"00656583","",".text","before","0065657d","MOV","8B5014","MOV EDX,dword ptr [EAX + 0x14]","",""
"00656583","",".text","before","00656580","MOV","8B520C","MOV EDX,dword ptr [EDX + 0xc]","",""
"00656583","",".text","candidate","00656583","MOV","8954245C","MOV dword ptr [ESP + 0x5c],EDX","",""
"00656583","",".text","after","00656587","FADDP","DEC1","FADDP","",""
"00656583","",".text","after","00656589","MOV","8B5014","MOV EDX,dword ptr [EAX + 0x14]","",""
"00656583","",".text","after","0065658c","MOV","8B5210","MOV EDX,dword ptr [EDX + 0x10]","",""
"00656583","",".text","after","0065658f","MOV","89542430","MOV dword ptr [ESP + 0x30],EDX","",""
"00658270","",".text","before","00658261","ADD","83C450","ADD ESP,0x50","",""
"00658270","",".text","before","00658264","RET","C20400","RET 0x4","",""
"00658270","",".text","before","00658267","CMP","807E0C04","CMP byte ptr [ESI + 0xc],0x4","",""
"00658270","",".text","before","0065826b","MOV","B8983A0000","MOV EAX,0x3a98","",""
"00658270","",".text","candidate","00658270","MOV","8944245C","MOV dword ptr [ESP + 0x5c],EAX","",""
"00658270","",".text","after","00658274","JNZ","7509","JNZ 0x0065827f","",""
"00658270","",".text","after","00658276","MOV","B8204E0000","MOV EAX,0x4e20","",""
"00658270","",".text","after","0065827b","MOV","8944245C","MOV dword ptr [ESP + 0x5c],EAX","",""
"00658270","",".text","after","0065827f","MOV","8B4E1C","MOV ECX,dword ptr [ESI + 0x1c]","",""
"0065827b","",".text","before","0065826b","MOV","B8983A0000","MOV EAX,0x3a98","",""
"0065827b","",".text","before","00658270","MOV","8944245C","MOV dword ptr [ESP + 0x5c],EAX","",""
"0065827b","",".text","before","00658274","JNZ","7509","JNZ 0x0065827f","",""
"0065827b","",".text","before","00658276","MOV","B8204E0000","MOV EAX,0x4e20","",""
"0065827b","",".text","candidate","0065827b","MOV","8944245C","MOV dword ptr [ESP + 0x5c],EAX","",""
"0065827b","",".text","after","0065827f","MOV","8B4E1C","MOV ECX,dword ptr [ESI + 0x1c]","",""
"0065827b","",".text","after","00658282","MOV","8B91C8040000","MOV EDX,dword ptr [ECX + 0x4c8]","",""
"0065827b","",".text","after","00658288","TEST","85D2","TEST EDX,EDX","",""
"0065827b","",".text","after","0065828a","JNZ","750A","JNZ 0x00658296","",""
"0065836b","",".text","before","00658361","CMP","3C04","CMP AL,0x4","",""
"0065836b","",".text","before","00658363","FADDP","DEC1","FADDP","",""
"0065836b","",".text","before","00658365","FSTP","D95C2410","FSTP float ptr [ESP + 0x10]","",""
"0065836b","",".text","before","00658369","JNZ","750A","JNZ 0x00658375","",""
"0065836b","",".text","candidate","0065836b","MOV","C744245C00000040","MOV dword ptr [ESP + 0x5c],0x40000000","",""
"0065836b","",".text","after","00658373","JMP","EB14","JMP 0x00658389","",""
"0065836b","",".text","after","00658375","CMP","3C06","CMP AL,0x6","",""
"0065836b","",".text","after","00658377","MOV","C744245C00008040","MOV dword ptr [ESP + 0x5c],0x40800000","",""
"0065836b","",".text","after","0065837f","JZ","7408","JZ 0x00658389","",""
"00658377","",".text","before","00658369","JNZ","750A","JNZ 0x00658375","",""
"00658377","",".text","before","0065836b","MOV","C744245C00000040","MOV dword ptr [ESP + 0x5c],0x40000000","",""
"00658377","",".text","before","00658373","JMP","EB14","JMP 0x00658389","",""
"00658377","",".text","before","00658375","CMP","3C06","CMP AL,0x6","",""
"00658377","",".text","candidate","00658377","MOV","C744245C00008040","MOV dword ptr [ESP + 0x5c],0x40800000","",""
"00658377","",".text","after","0065837f","JZ","7408","JZ 0x00658389","",""
"00658377","",".text","after","00658381","MOV","C744245C0000C040","MOV dword ptr [ESP + 0x5c],0x40c00000","",""
"00658377","",".text","after","00658389","MOV","8BCF","MOV ECX,EDI","",""
"00658377","",".text","after","0065838b","CALL","E86075F8FF","CALL 0x005df8f0","",""
"00658381","",".text","before","00658373","JMP","EB14","JMP 0x00658389","",""
"00658381","",".text","before","00658375","CMP","3C06","CMP AL,0x6","",""
"00658381","",".text","before","00658377","MOV","C744245C00008040","MOV dword ptr [ESP + 0x5c],0x40800000","",""
"00658381","",".text","before","0065837f","JZ","7408","JZ 0x00658389","",""
"00658381","",".text","candidate","00658381","MOV","C744245C0000C040","MOV dword ptr [ESP + 0x5c],0x40c00000","",""
"00658381","",".text","after","00658389","MOV","8BCF","MOV ECX,EDI","",""
"00658381","",".text","after","0065838b","CALL","E86075F8FF","CALL 0x005df8f0","",""
"00658381","",".text","after","00658390","TEST","84C0","TEST AL,AL","",""
"00658381","",".text","after","00658392","JZ","741F","JZ 0x006583b3","",""
"0066a190","0066a100",".text","before","0066a185","MOV","8B0A","MOV ECX,dword ptr [EDX]","",""
"0066a190","0066a100",".text","before","0066a187","AND","80E3F8","AND BL,0xf8","",""
"0066a190","0066a100",".text","before","0066a18a","CMP","3BC8","CMP ECX,EAX","",""
"0066a190","0066a100",".text","before","0066a18c","MOV","8944241C","MOV dword ptr [ESP + 0x1c],EAX","",""
"0066a190","0066a100",".text","candidate","0066a190","MOV","885E5C","MOV byte ptr [ESI + 0x5c],BL","","004c2801:UNCONDITIONAL_CALL|0066d091:UNCONDITIONAL_CALL"
"0066a190","0066a100",".text","after","0066a193","JZ","7406","JZ 0x0066a19b","",""
"0066a190","0066a100",".text","after","0066a195","PUSH","52","PUSH EDX","",""
"0066a190","0066a100",".text","after","0066a196","CALL","E8D579F0FF","CALL 0x00571b70","",""
"0066a190","0066a100",".text","after","0066a19b","MOV","8B4C2414","MOV ECX,dword ptr [ESP + 0x14]","",""
"0066a9ff","0066a850",".text","before","0066a9ec","MOV","B94854C100","MOV ECX,0xc15448","",""
"0066a9ff","0066a850",".text","before","0066a9f1","FADD","D80540FD8600","FADD float ptr [0x0086fd40]","",""
"0066a9ff","0066a850",".text","before","0066a9f7","FSTP","D95C2444","FSTP float ptr [ESP + 0x44]","",""
"0066a9ff","0066a850",".text","before","0066a9fb","MOV","8B542444","MOV EDX,dword ptr [ESP + 0x44]","",""
"0066a9ff","0066a850",".text","candidate","0066a9ff","MOV","8954245C","MOV dword ptr [ESP + 0x5c],EDX","","00672258:UNCONDITIONAL_CALL"
"0066a9ff","0066a850",".text","after","0066aa03","FSTP","DDD8","FSTP ST0","",""
"0066a9ff","0066a850",".text","after","0066aa05","CALL","E866DFFAFF","CALL 0x00618970","",""
"0066a9ff","0066a850",".text","after","0066aa0a","OR","085E5C","OR byte ptr [ESI + 0x5c],BL","",""
"0066a9ff","0066a850",".text","after","0066aa0d","POP","5D","POP EBP","",""
"0066aa0a","0066a850",".text","before","0066a9fb","MOV","8B542444","MOV EDX,dword ptr [ESP + 0x44]","",""
"0066aa0a","0066a850",".text","before","0066a9ff","MOV","8954245C","MOV dword ptr [ESP + 0x5c],EDX","",""
"0066aa0a","0066a850",".text","before","0066aa03","FSTP","DDD8","FSTP ST0","",""
"0066aa0a","0066a850",".text","before","0066aa05","CALL","E866DFFAFF","CALL 0x00618970","",""
"0066aa0a","0066a850",".text","candidate","0066aa0a","OR","085E5C","OR byte ptr [ESI + 0x5c],BL","","00672258:UNCONDITIONAL_CALL"
"0066aa0a","0066a850",".text","after","0066aa0d","POP","5D","POP EBP","",""
"0066aa0a","0066a850",".text","after","0066aa0e","POP","5F","POP EDI","",""
"0066aa0a","0066a850",".text","after","0066aa0f","POP","5E","POP ESI","",""
"0066aa0a","0066a850",".text","after","0066aa10","POP","5B","POP EBX","",""
"0066acef","0066ab40",".text","before","0066acdc","MOV","B94854C100","MOV ECX,0xc15448","",""
"0066acef","0066ab40",".text","before","0066ace1","FADD","D80540FD8600","FADD float ptr [0x0086fd40]","",""
"0066acef","0066ab40",".text","before","0066ace7","FSTP","D95C2444","FSTP float ptr [ESP + 0x44]","",""
"0066acef","0066ab40",".text","before","0066aceb","MOV","8B542444","MOV EDX,dword ptr [ESP + 0x44]","",""
"0066acef","0066ab40",".text","candidate","0066acef","MOV","8954245C","MOV dword ptr [ESP + 0x5c],EDX","","0066adfe:UNCONDITIONAL_CALL"
"0066acef","0066ab40",".text","after","0066acf3","FSTP","DDD8","FSTP ST0","",""
"0066acef","0066ab40",".text","after","0066acf5","CALL","E876DCFAFF","CALL 0x00618970","",""
"0066acef","0066ab40",".text","after","0066acfa","OR","085E50","OR byte ptr [ESI + 0x50],BL","",""
"0066acef","0066ab40",".text","after","0066acfd","POP","5D","POP EBP","",""
"0066d0a4","0066d050",".text","before","0066d09d","MOV","B104","MOV CL,0x4","",""
"0066d0a4","0066d050",".text","before","0066d09f","TEST","84D1","TEST CL,DL","",""
"0066d0a4","0066d050",".text","before","0066d0a1","POP","5E","POP ESI","",""
"0066d0a4","0066d050",".text","before","0066d0a2","JZ","7403","JZ 0x0066d0a7","",""
"0066d0a4","0066d050",".text","candidate","0066d0a4","OR","08485C","OR byte ptr [EAX + 0x5c],CL","","0086fec8:DATA"
"0066d0a4","0066d050",".text","after","0066d0a7","MOV","8B4C2404","MOV ECX,dword ptr [ESP + 0x4]","",""
"0066d0a4","0066d050",".text","after","0066d0ab","MOV","64890D00000000","MOV dword ptr FS:[0x0],ECX","",""
"0066d0a4","0066d050",".text","after","0066d0b2","ADD","83C410","ADD ESP,0x10","",""
"0066d0a4","0066d050",".text","after","0066d0b5","RET","C3","RET","",""
"0066eae9","0066ea37",".text","before","0066eadd","MOV","89464C","MOV dword ptr [ESI + 0x4c],EAX","",""
"0066eae9","0066ea37",".text","before","0066eae0","MOV","895E50","MOV dword ptr [ESI + 0x50],EBX","",""
"0066eae9","0066ea37",".text","before","0066eae3","MOV","895E54","MOV dword ptr [ESI + 0x54],EBX","",""
"0066eae9","0066ea37",".text","before","0066eae6","MOV","895E58","MOV dword ptr [ESI + 0x58],EBX","",""
"0066eae9","0066ea37",".text","candidate","0066eae9","MOV","895E5C","MOV dword ptr [ESI + 0x5c],EBX","","00407455:UNCONDITIONAL_CALL"
"0066eae9","0066ea37",".text","after","0066eaec","PUSH","6A64","PUSH 0x64","",""
"0066eae9","0066ea37",".text","after","0066eaee","CALL","E8CDCCDAFF","CALL 0x0041b7c0","",""
"0066eae9","0066ea37",".text","after","0066eaf3","ADD","83C404","ADD ESP,0x4","",""
"0066eae9","0066ea37",".text","after","0066eaf6","CMP","3BC3","CMP EAX,EBX","",""
"0066ebfb","0066ebe0",".text","before","0066ebed","MOV","8BF1","MOV ESI,ECX","",""
"0066ebfb","0066ebe0",".text","before","0066ebef","JNZ","0F85B6010000","JNZ 0x0066edab","",""
"0066ebfb","0066ebe0",".text","before","0066ebf5","MOV","8B4658","MOV EAX,dword ptr [ESI + 0x58]","",""
"0066ebfb","0066ebe0",".text","before","0066ebf8","MOV","8B4E4C","MOV ECX,dword ptr [ESI + 0x4c]","",""
"0066ebfb","0066ebe0",".text","candidate","0066ebfb","MOV","89465C","MOV dword ptr [ESI + 0x5c],EAX","","006718b3:UNCONDITIONAL_CALL|00671a97:UNCONDITIONAL_CALL"
"0066ebfb","0066ebe0",".text","after","0066ebfe","MOV","8B4618","MOV EAX,dword ptr [ESI + 0x18]","",""
"0066ebfb","0066ebe0",".text","after","0066ec01","AND","83E1EF","AND ECX,0xffffffef","",""
"0066ebfb","0066ebe0",".text","after","0066ec04","CMP","83F804","CMP EAX,0x4","",""
"0066ebfb","0066ebe0",".text","after","0066ec07","PUSH","53","PUSH EBX","",""
"006717dc","00671750",".text","before","006717d0","OR","83C840","OR EAX,0x40","",""
"006717dc","00671750",".text","before","006717d3","MOV","895E50","MOV dword ptr [ESI + 0x50],EBX","",""
"006717dc","00671750",".text","before","006717d6","MOV","895E54","MOV dword ptr [ESI + 0x54],EBX","",""
"006717dc","00671750",".text","before","006717d9","MOV","895E58","MOV dword ptr [ESI + 0x58],EBX","",""
"006717dc","00671750",".text","candidate","006717dc","MOV","895E5C","MOV dword ptr [ESI + 0x5c],EBX","","0046fcf2:UNCONDITIONAL_CALL|00496c52:UNCONDITIONAL_CALL|00665c52:UNCONDITIONAL_CALL|00671866:UNCONDITIONAL_CALL|00671a58:UNCONDITIONAL_CALL|00673a32:UNCONDITIONAL_CALL"
"006717dc","00671750",".text","after","006717df","MOV","89464C","MOV dword ptr [ESI + 0x4c],EAX","",""
"006717dc","00671750",".text","after","006717e2","MOV","8B442410","MOV EAX,dword ptr [ESP + 0x10]","",""
"006717dc","00671750",".text","after","006717e6","PUSH","50","PUSH EAX","",""
"006717dc","00671750",".text","after","006717e7","MOV","8BCE","MOV ECX,ESI","",""
"0067182c","00671800",".text","before","00671821","JZ","740C","JZ 0x0067182f","",""
"0067182c","00671800",".text","before","00671823","MOV","894E50","MOV dword ptr [ESI + 0x50],ECX","",""
"0067182c","00671800",".text","before","00671826","MOV","894E54","MOV dword ptr [ESI + 0x54],ECX","",""
"0067182c","00671800",".text","before","00671829","MOV","894E58","MOV dword ptr [ESI + 0x58],ECX","",""
"0067182c","00671800",".text","candidate","0067182c","MOV","894E5C","MOV dword ptr [ESI + 0x5c],ECX","","008700cc:DATA"
"0067182c","00671800",".text","after","0067182f","MOV","8B7C240C","MOV EDI,dword ptr [ESP + 0xc]","",""
"0067182c","00671800",".text","after","00671833","MOV","8B876C040000","MOV EAX,dword ptr [EDI + 0x46c]","",""
"0067182c","00671800",".text","after","00671839","TEST","F6C401","TEST AH,0x1","",""
"0067182c","00671800",".text","after","0067183c","JZ","7412","JZ 0x00671850","",""
"00675597","006754d0",".text","before","0067558e","PUSH","53","PUSH EBX","",""
"00675597","006754d0",".text","before","0067558f","LEA","8D442418","LEA EAX,[ESP + 0x18]","",""
"00675597","006754d0",".text","before","00675593","PUSH","50","PUSH EAX","",""
"00675597","006754d0",".text","before","00675594","LEA","8D4E68","LEA ECX,[ESI + 0x68]","",""
"00675597","006754d0",".text","candidate","00675597","MOV","895C245C","MOV dword ptr [ESP + 0x5c],EBX","","00870274:DATA"
"00675597","006754d0",".text","after","0067559b","CALL","E8805EE3FF","CALL 0x004ab420","",""
"00675597","006754d0",".text","after","006755a0","MOV","C7442414A8018700","MOV dword ptr [ESP + 0x14],0x8701a8","",""
"00675597","006754d0",".text","after","006755a8","LEA","8D4C2414","LEA ECX,[ESP + 0x14]","",""
"00675597","006754d0",".text","after","006755ac","JMP","E984000000","JMP 0x00675635","",""
"0067561c","006754d0",".text","before","00675613","PUSH","53","PUSH EBX","",""
"0067561c","006754d0",".text","before","00675614","LEA","8D4C2434","LEA ECX,[ESP + 0x34]","",""
"0067561c","006754d0",".text","before","00675618","PUSH","51","PUSH ECX","",""
"0067561c","006754d0",".text","before","00675619","LEA","8D4E68","LEA ECX,[ESI + 0x68]","",""
"0067561c","006754d0",".text","candidate","0067561c","MOV","C744245C01000000","MOV dword ptr [ESP + 0x5c],0x1","","00870274:DATA"
"0067561c","006754d0",".text","after","00675624","CALL","E8F75DE3FF","CALL 0x004ab420","",""
"0067561c","006754d0",".text","after","00675629","MOV","C7442430A8018700","MOV dword ptr [ESP + 0x30],0x8701a8","",""
"0067561c","006754d0",".text","after","00675631","LEA","8D4C2430","LEA ECX,[ESP + 0x30]","",""
"0067561c","006754d0",".text","after","00675635","MOV","C7442454FFFFFFFF","MOV dword ptr [ESP + 0x54],0xffffffff","",""
"006796f8","006796c0",".text","before","006796e4","TEST","854340","TEST dword ptr [EBX + 0x40],EAX","",""
"006796f8","006796c0",".text","before","006796e7","JNZ","0F8591020000","JNZ 0x0067997e","",""
"006796f8","006796c0",".text","before","006796ed","MOV","8B6B14","MOV EBP,dword ptr [EBX + 0x14]","",""
"006796f8","006796c0",".text","before","006796f0","MOV","C744245800000000","MOV dword ptr [ESP + 0x58],0x0","",""
"006796f8","006796c0",".text","candidate","006796f8","MOV","C744245C01000000","MOV dword ptr [ESP + 0x5c],0x1","","004c0a96:UNCONDITIONAL_CALL"
"006796f8","006796c0",".text","after","00679700","MOV","C744246002000000","MOV dword ptr [ESP + 0x60],0x2","",""
"006796f8","006796c0",".text","after","00679708","MOV","C744246403000000","MOV dword ptr [ESP + 0x64],0x3","",""
"006796f8","006796c0",".text","after","00679710","MOV","BF08000000","MOV EDI,0x8","",""
"006796f8","006796c0",".text","after","00679715","CALL","E804841A00","CALL 0x00821b1e","",""
"006798a8","006796c0",".text","before","00679897","FSTP","D95C2450","FSTP float ptr [ESP + 0x50]","",""
"006798a8","006796c0",".text","before","0067989b","FLD","D98424A0000000","FLD float ptr [ESP + 0xa0]","",""
"006798a8","006796c0",".text","before","006798a2","MOV","8B4C2450","MOV ECX,dword ptr [ESP + 0x50]","",""
"006798a8","006796c0",".text","before","006798a6","FADD","D8C1","FADD ST0,ST1","",""
"006798a8","006796c0",".text","candidate","006798a8","MOV","894C245C","MOV dword ptr [ESP + 0x5c],ECX","","004c0a96:UNCONDITIONAL_CALL"
"006798a8","006796c0",".text","after","006798ac","FSTP","D95C2454","FSTP float ptr [ESP + 0x54]","",""
"006798a8","006796c0",".text","after","006798b0","FSTP","DDD8","FSTP ST0","",""
"006798a8","006796c0",".text","after","006798b2","FSTP","DDD8","FSTP ST0","",""
"006798a8","006796c0",".text","after","006798b4","FLD","D9442454","FLD float ptr [ESP + 0x54]","",""
"00679bf3","00679b80",".text","before","00679be2","FADD","D805B0038700","FADD float ptr [0x008703b0]","",""
"00679bf3","00679b80",".text","before","00679be8","FSTP","D95C2410","FSTP float ptr [ESP + 0x10]","",""
"00679bf3","00679b80",".text","before","00679bec","MOV","A1BC038700","MOV EAX,[0x008703bc]","",""
"00679bf3","00679b80",".text","before","00679bf1","MOV","8BCE","MOV ECX,ESI","",""
"00679bf3","00679b80",".text","candidate","00679bf3","MOV","8944245C","MOV dword ptr [ESP + 0x5c],EAX","","00680cd9:UNCONDITIONAL_CALL"
"00679bf3","00679b80",".text","after","00679bf7","CALL","E8F45CF6FF","CALL 0x005df8f0","",""
"00679bf3","00679b80",".text","after","00679bfc","TEST","84C0","TEST AL,AL","",""
"00679bf3","00679b80",".text","after","00679bfe","JNZ","7507","JNZ 0x00679c07","",""
"00679bf3","00679b80",".text","after","00679c00","MOV","8A4725","MOV AL,byte ptr [EDI + 0x25]","",""
"00679c0d","00679b80",".text","before","00679c00","MOV","8A4725","MOV AL,byte ptr [EDI + 0x25]","",""
"00679c0d","00679b80",".text","before","00679c03","TEST","84C0","TEST AL,AL","",""
"00679c0d","00679b80",".text","before","00679c05","JZ","740A","JZ 0x00679c11","",""
"00679c0d","00679b80",".text","before","00679c07","MOV","8B0DC0038700","MOV ECX,dword ptr [0x008703c0]","",""
"00679c0d","00679b80",".text","candidate","00679c0d","MOV","894C245C","MOV dword ptr [ESP + 0x5c],ECX","","00680cd9:UNCONDITIONAL_CALL"
"00679c0d","00679b80",".text","after","00679c11","CMP","399E80040000","CMP dword ptr [ESI + 0x480],EBX","",""
"00679c0d","00679b80",".text","after","00679c17","JZ","7421","JZ 0x00679c3a","",""
"00679c0d","00679b80",".text","after","00679c19","PUSH","6A02","PUSH 0x2","",""
"00679c0d","00679b80",".text","after","00679c1b","CALL","E8D0FEEDFF","CALL 0x00559af0","",""
"00679e06","00679b80",".text","before","00679df8","MOV","89542458","MOV dword ptr [ESP + 0x58],EDX","",""
"00679e06","00679b80",".text","before","00679dfc","FST","D954243C","FST float ptr [ESP + 0x3c]","",""
"00679e06","00679b80",".text","before","00679e00","MOV","8B10","MOV EDX,dword ptr [EAX]","",""
"00679e06","00679b80",".text","before","00679e02","FLD","D9442458","FLD float ptr [ESP + 0x58]","",""
"00679e06","00679b80",".text","candidate","00679e06","MOV","894C245C","MOV dword ptr [ESP + 0x5c],ECX","","00680cd9:UNCONDITIONAL_CALL"
"00679e06","00679b80",".text","after","00679e0a","FMUL","D80DC48C8500","FMUL float ptr [0x00858cc4]","",""
"00679e06","00679b80",".text","after","00679e10","MOV","8B4804","MOV ECX,dword ptr [EAX + 0x4]","",""
"00679e06","00679b80",".text","after","00679e13","MOV","89542460","MOV dword ptr [ESP + 0x60],EDX","",""
"00679e06","00679b80",".text","after","00679e17","MOV","8B5008","MOV EDX,dword ptr [EAX + 0x8]","",""
"0067b550","0067b4e7",".text","before","0067b544","CMP","3BCB","CMP ECX,EBX","",""
"0067b550","0067b4e7",".text","before","0067b546","MOV","894654","MOV dword ptr [ESI + 0x54],EAX","",""
"0067b550","0067b4e7",".text","before","0067b549","LEA","8D4660","LEA EAX,[ESI + 0x60]","",""
"0067b550","0067b4e7",".text","before","0067b54c","MOV","895C2414","MOV dword ptr [ESP + 0x14],EBX","",""
"0067b550","0067b4e7",".text","candidate","0067b550","MOV","895E5C","MOV dword ptr [ESI + 0x5c],EBX","","00407e36:UNCONDITIONAL_CALL"
"0067b550","0067b4e7",".text","after","0067b553","MOV","8908","MOV dword ptr [EAX],ECX","",""
"0067b550","0067b4e7",".text","after","0067b555","MOV","885E0D","MOV byte ptr [ESI + 0xd],BL","",""
"0067b550","0067b4e7",".text","after","0067b558","MOV","885E0E","MOV byte ptr [ESI + 0xe],BL","",""
"0067b550","0067b4e7",".text","after","0067b55b","MOV","895E10","MOV dword ptr [ESI + 0x10],EBX","",""
"00680ec7","",".text","before","00680eb9","MOV","8B5004","MOV EDX,dword ptr [EAX + 0x4]","",""
"00680ec7","",".text","before","00680ebc","MOV","8B5808","MOV EBX,dword ptr [EAX + 0x8]","",""
"00680ec7","",".text","before","00680ebf","MOV","894C2454","MOV dword ptr [ESP + 0x54],ECX","",""
"00680ec7","",".text","before","00680ec3","MOV","89542458","MOV dword ptr [ESP + 0x58],EDX","",""
"00680ec7","",".text","candidate","00680ec7","MOV","895C245C","MOV dword ptr [ESP + 0x5c],EBX","",""
"00680ec7","",".text","after","00680ecb","MOV","8A4536","MOV AL,byte ptr [EBP + 0x36]","",""
"00680ec7","",".text","after","00680ece","AND","2407","AND AL,0x7","",""
"00680ec7","",".text","after","00680ed0","CMP","3C01","CMP AL,0x1","",""
"00680ec7","",".text","after","00680ed2","JBE","766B","JBE 0x00680f3f","",""
"00681ee2","00681e70",".text","before","00681ed3","MOV","C70664068700","MOV dword ptr [ESI],0x870664","",""
"00681ee2","00681e70",".text","before","00681ed9","MOV","8908","MOV dword ptr [EAX],ECX","",""
"00681ee2","00681e70",".text","before","00681edb","MOV","895F08","MOV dword ptr [EDI + 0x8],EBX","",""
"00681ee2","00681e70",".text","before","00681ede","MOV","C6465901","MOV byte ptr [ESI + 0x59],0x1","",""
"00681ee2","00681e70",".text","candidate","00681ee2","MOV","88565C","MOV byte ptr [ESI + 0x5c],DL","","006842ca:UNCONDITIONAL_CALL|0068472a:UNCONDITIONAL_CALL|006841c6:UNCONDITIONAL_CALL|00684246:UNCONDITIONAL_CALL"
"00681ee2","00681e70",".text","after","00681ee5","MOV","C6465AFF","MOV byte ptr [ESI + 0x5a],0xff","",""
"00681ee2","00681e70",".text","after","00681ee9","MOV","88566E","MOV byte ptr [ESI + 0x6e],DL","",""
"00681ee2","00681e70",".text","after","00681eec","MOV","88565E","MOV byte ptr [ESI + 0x5e],DL","",""
"00681ee2","00681e70",".text","after","00681eef","JZ","7406","JZ 0x00681ef7","",""
"006889ca","00688930",".text","before","006889be","JZ","7406","JZ 0x006889c6","",""
"006889ca","00688930",".text","before","006889c0","PUSH","50","PUSH EAX","",""
"006889ca","00688930",".text","before","006889c1","CALL","E8AA91EEFF","CALL 0x00571b70","",""
"006889ca","00688930",".text","before","006889c6","MOV","8B4C240C","MOV ECX,dword ptr [ESP + 0xc]","",""
"006889ca","00688930",".text","candidate","006889ca","MOV","895E5C","MOV dword ptr [ESI + 0x5c],EBX","","0068b08d:UNCONDITIONAL_CALL|006352f6:UNCONDITIONAL_CALL|00635379:UNCONDITIONAL_CALL|006353f0:UNCONDITIONAL_CALL|0047290d:UNCONDITIONAL_CALL"
"006889ca","00688930",".text","after","006889cd","MOV","885E60","MOV byte ptr [ESI + 0x60],BL","",""
"006889ca","00688930",".text","after","006889d0","MOV","895E50","MOV dword ptr [ESI + 0x50],EBX","",""
"006889ca","00688930",".text","after","006889d3","MOV","8BC6","MOV EAX,ESI","",""
"006889ca","00688930",".text","after","006889d5","POP","5E","POP ESI","",""
"0068aa2b","0068a9f0",".text","before","0068aa14","MOV","C744241800000000","MOV dword ptr [ESP + 0x18],0x0","",""
"0068aa2b","0068a9f0",".text","before","0068aa1c","MOV","C744241C00000000","MOV dword ptr [ESP + 0x1c],0x0","",""
"0068aa2b","0068a9f0",".text","before","0068aa24","CALL","E8B7F1E1FF","CALL 0x004a9be0","",""
"0068aa2b","0068a9f0",".text","before","0068aa29","TEST","85C0","TEST EAX,EAX","",""
"0068aa2b","0068a9f0",".text","candidate","0068aa2b","MOV","89465C","MOV dword ptr [ESI + 0x5c],EAX","","0068ab7c:UNCONDITIONAL_CALL"
"0068aa2b","0068a9f0",".text","after","0068aa2e","JZ","740F","JZ 0x0068aa3f","",""
"0068aa2b","0068a9f0",".text","after","0068aa30","MOV","8BC8","MOV ECX,EAX","",""
"0068aa2b","0068a9f0",".text","after","0068aa32","CALL","E859FEE1FF","CALL 0x004aa890","",""
"0068aa2b","0068a9f0",".text","after","0068aa37","MOV","8B4E5C","MOV ECX,dword ptr [ESI + 0x5c]","",""
"0068aa5f","0068aa50",".text","before","0068aa53","MOV","8B4E5C","MOV ECX,dword ptr [ESI + 0x5c]","",""
"0068aa5f","0068aa50",".text","before","0068aa56","TEST","85C9","TEST ECX,ECX","",""
"0068aa5f","0068aa50",".text","before","0068aa58","JZ","740C","JZ 0x0068aa66","",""
"0068aa5f","0068aa50",".text","before","0068aa5a","CALL","E891F9E1FF","CALL 0x004aa3f0","",""
"0068aa5f","0068aa50",".text","candidate","0068aa5f","MOV","C7465C00000000","MOV dword ptr [ESI + 0x5c],0x0","","0068b31f:UNCONDITIONAL_CALL"
"0068aa5f","0068aa50",".text","after","0068aa66","POP","5E","POP ESI","",""
"0068aa5f","0068aa50",".text","after","0068aa67","RET","C3","RET","",""
"0068aa5f","0068aa50",".text","after","0068aa70","PUSH","6AFF","PUSH -0x1","",""
"0068aa5f","0068aa50",".text","after","0068aa72","MOV","64A100000000","MOV EAX,FS:[0x0]","",""
"0068abaf","0068aa70",".text","before","0068aba3","MOV","8B4E5C","MOV ECX,dword ptr [ESI + 0x5c]","",""
"0068abaf","0068aa70",".text","before","0068aba6","CMP","3BCB","CMP ECX,EBX","",""
"0068abaf","0068aa70",".text","before","0068aba8","JZ","7408","JZ 0x0068abb2","",""
"0068abaf","0068aa70",".text","before","0068abaa","CALL","E841F8E1FF","CALL 0x004aa3f0","",""
"0068abaf","0068aa70",".text","candidate","0068abaf","MOV","895E5C","MOV dword ptr [ESI + 0x5c],EBX","","0068b4b3:UNCONDITIONAL_CALL"
"0068abaf","0068aa70",".text","after","0068abb2","MOV","668B460A","MOV AX,word ptr [ESI + 0xa]","",""
"0068abaf","0068aa70",".text","after","0068abb6","CMP","663D0300","CMP AX,0x3","",""
"0068abaf","0068aa70",".text","after","0068abba","JZ","7404","JZ 0x0068abc0","",""
"0068abaf","0068aa70",".text","after","0068abbc","MOV","C6466000","MOV byte ptr [ESI + 0x60],0x0","",""
"0068ad29","0068aa70",".text","before","0068ad12","PUSH","51","PUSH ECX","",""
"0068ad29","0068aa70",".text","before","0068ad13","MOV","8B0D08AEA900","MOV ECX,dword ptr [0x00a9ae08]","",""
"0068ad29","0068aa70",".text","before","0068ad19","MOV","C744245400000000","MOV dword ptr [ESP + 0x54],0x0","",""
"0068ad29","0068aa70",".text","before","0068ad21","MOV","C744245800000000","MOV dword ptr [ESP + 0x58],0x0","",""
"0068ad29","0068aa70",".text","candidate","0068ad29","MOV","C744245C00000040","MOV dword ptr [ESP + 0x5c],0x40000000","","0068b4b3:UNCONDITIONAL_CALL"
"0068ad29","0068aa70",".text","after","0068ad31","CALL","E80AF7E1FF","CALL 0x004aa440","",""
"0068ad29","0068aa70",".text","after","0068ad36","JMP","E9A0020000","JMP 0x0068afdb","",""
"0068ad29","0068aa70",".text","after","0068ad3b","MOV","8B4714","MOV EAX,dword ptr [EDI + 0x14]","",""
"0068ad29","0068aa70",".text","after","0068ad3e","ADD","83C010","ADD EAX,0x10","",""
"0068b172","",".text","before","0068b166","MOV","8B4F5C","MOV ECX,dword ptr [EDI + 0x5c]","",""
"0068b172","",".text","before","0068b169","TEST","85C9","TEST ECX,ECX","",""
"0068b172","",".text","before","0068b16b","JZ","740C","JZ 0x0068b179","",""
"0068b172","",".text","before","0068b16d","CALL","E87EF2E1FF","CALL 0x004aa3f0","",""
"0068b172","",".text","candidate","0068b172","MOV","C7475C00000000","MOV dword ptr [EDI + 0x5c],0x0","",""
"0068b172","",".text","after","0068b179","POP","5F","POP EDI","",""
"0068b172","",".text","after","0068b17a","MOV","B001","MOV AL,0x1","",""
"0068b172","",".text","after","0068b17c","POP","5E","POP ESI","",""
"0068b172","",".text","after","0068b17d","RET","C20C00","RET 0xc","",""
"0068b56f","",".text","before","0068b563","MOV","8B4F5C","MOV ECX,dword ptr [EDI + 0x5c]","",""
"0068b56f","",".text","before","0068b566","CMP","3BCD","CMP ECX,EBP","",""
"0068b56f","",".text","before","0068b568","JZ","7408","JZ 0x0068b572","",""
"0068b56f","",".text","before","0068b56a","CALL","E881EEE1FF","CALL 0x004aa3f0","",""
"0068b56f","",".text","candidate","0068b56f","MOV","896F5C","MOV dword ptr [EDI + 0x5c],EBP","",""
"0068b56f","",".text","after","0068b572","MOV","8AC3","MOV AL,BL","",""
"0068b56f","",".text","after","0068b574","MOV","8B4C246C","MOV ECX,dword ptr [ESP + 0x6c]","",""
"0068b56f","",".text","after","0068b578","POP","5F","POP EDI","",""
"0068b56f","",".text","after","0068b579","POP","5E","POP ESI","",""
"0068ea42","0068e950",".text","before","0068ea38","TEST","84C0","TEST AL,AL","",""
"0068ea42","0068e950",".text","before","0068ea3a","PUSH","53","PUSH EBX","",""
"0068ea42","0068e950",".text","before","0068ea3b","PUSH","57","PUSH EDI","",""
"0068ea42","0068e950",".text","before","0068ea3c","MOV","8BB9A8070000","MOV EDI,dword ptr [ECX + 0x7a8]","",""
"0068ea42","0068e950",".text","candidate","0068ea42","MOV","897C245C","MOV dword ptr [ESP + 0x5c],EDI","","00870a28:DATA"
"0068ea42","0068e950",".text","after","0068ea46","MOV","BB00010000","MOV EBX,0x100","",""
"0068ea42","0068e950",".text","after","0068ea4b","JNZ","7542","JNZ 0x0068ea8f","",""
"0068ea42","0068e950",".text","after","0068ea4d","TEST","85FF","TEST EDI,EDI","",""
"0068ea42","0068e950",".text","after","0068ea4f","JZ","7413","JZ 0x0068ea64","",""
"0068ebf7","0068e950",".text","before","0068ebe3","MOV","8B8B8C050000","MOV ECX,dword ptr [EBX + 0x58c]","",""
"0068ebf7","0068e950",".text","before","0068ebe9","TEST","85C9","TEST ECX,ECX","",""
"0068ebf7","0068e950",".text","before","0068ebeb","JZ","0F84B8040000","JZ 0x0068f0a9","",""
"0068ebf7","0068e950",".text","before","0068ebf1","FLD","D981C0040000","FLD float ptr [ECX + 0x4c0]","",""
"0068ebf7","0068e950",".text","candidate","0068ebf7","MOV","C644245C00","MOV byte ptr [ESP + 0x5c],0x0","","00870a28:DATA"
"0068ebf7","0068e950",".text","after","0068ebfc","FCOMP","D81D809F8500","FCOMP float ptr [0x00859f80]","",""
"0068ebf7","0068e950",".text","after","0068ec02","FNSTSW","DFE0","FNSTSW AX","",""
"0068ebf7","0068e950",".text","after","0068ec04","TEST","F6C405","TEST AH,0x5","",""
"0068ebf7","0068e950",".text","after","0068ec07","JP","7A05","JP 0x0068ec0e","",""
"0068ec09","0068e950",".text","before","0068ebfc","FCOMP","D81D809F8500","FCOMP float ptr [0x00859f80]","",""
"0068ec09","0068e950",".text","before","0068ec02","FNSTSW","DFE0","FNSTSW AX","",""
"0068ec09","0068e950",".text","before","0068ec04","TEST","F6C405","TEST AH,0x5","",""
"0068ec09","0068e950",".text","before","0068ec07","JP","7A05","JP 0x0068ec0e","",""
"0068ec09","0068e950",".text","candidate","0068ec09","MOV","C644245C01","MOV byte ptr [ESP + 0x5c],0x1","","00870a28:DATA"
"0068ec09","0068e950",".text","after","0068ec0e","TEST","85956C040000","TEST dword ptr [EBP + 0x46c],EDX","",""
"0068ec09","0068e950",".text","after","0068ec14","JZ","0F8469010000","JZ 0x0068ed83","",""
"0068ec09","0068e950",".text","after","0068ec1a","MOV","8B858C050000","MOV EAX,dword ptr [EBP + 0x58c]","",""
"0068ec09","0068e950",".text","after","0068ec20","TEST","85C0","TEST EAX,EAX","",""
"0068f01d","0068ef69",".text","before","0068f00c","MOV","8B460C","MOV EAX,dword ptr [ESI + 0xc]","",""
"0068f01d","0068ef69",".text","before","0068f00f","MOV","8B888C050000","MOV ECX,dword ptr [EAX + 0x58c]","",""
"0068f01d","0068ef69",".text","before","0068f015","MOV","8A8188040000","MOV AL,byte ptr [ECX + 0x488]","",""
"0068f01d","0068ef69",".text","before","0068f01b","TEST","84C0","TEST AL,AL","",""
"0068f01d","0068ef69",".text","candidate","0068f01d","MOV","897C245C","MOV dword ptr [ESP + 0x5c],EDI","","004018f8:UNCONDITIONAL_CALL"
"0068f01d","0068ef69",".text","after","0068f021","JBE","7668","JBE 0x0068f08b","",""
"0068f01d","0068ef69",".text","after","0068f023","MOV","BB64040000","MOV EBX,0x464","",""
"0068f01d","0068ef69",".text","after","0068f028","JMP","EB06","JMP 0x0068f030","",""
"0068f01d","0068ef69",".text","after","0068f030","MOV","8B460C","MOV EAX,dword ptr [ESI + 0xc]","",""
"0068f085","0068ef69",".text","before","0068f078","MOVZX","0FB69188040000","MOVZX EDX,byte ptr [ECX + 0x488]","",""
"0068f085","0068ef69",".text","before","0068f07f","INC","40","INC EAX","",""
"0068f085","0068ef69",".text","before","0068f080","ADD","83C304","ADD EBX,0x4","",""
"0068f085","0068ef69",".text","before","0068f083","CMP","3BC2","CMP EAX,EDX","",""
"0068f085","0068ef69",".text","candidate","0068f085","MOV","8944245C","MOV dword ptr [ESP + 0x5c],EAX","","004018f8:UNCONDITIONAL_CALL"
"0068f085","0068ef69",".text","after","0068f089","JL","7CA5","JL 0x0068f030","",""
"0068f085","0068ef69",".text","after","0068f08b","LEA","8D4C2434","LEA ECX,[ESP + 0x34]","",""
"0068f085","0068ef69",".text","after","0068f08f","MOV","C7442454FFFFFFFF","MOV dword ptr [ESP + 0x54],0xffffffff","",""
"0068f085","0068ef69",".text","after","0068f097","MOV","C7442434688E8500","MOV dword ptr [ESP + 0x34],0x858e68","",""
"0068f3ad","0068ef69",".text","before","0068f396","MOV","C682BA03000035","MOV byte ptr [EDX + 0x3ba],0x35","",""
"0068f3ad","0068ef69",".text","before","0068f39d","MOV","8B460C","MOV EAX,dword ptr [ESI + 0xc]","",""
"0068f3ad","0068ef69",".text","before","0068f3a0","MOV","8B888C050000","MOV ECX,dword ptr [EAX + 0x58c]","",""
"0068f3ad","0068ef69",".text","before","0068f3a6","MOVZX","0FB691D0030000","MOVZX EDX,byte ptr [ECX + 0x3d0]","",""
"0068f3ad","0068ef69",".text","candidate","0068f3ad","MOV","8954245C","MOV dword ptr [ESP + 0x5c],EDX","","004018f8:UNCONDITIONAL_CALL"
"0068f3ad","0068ef69",".text","after","0068f3b1","FILD","DB44245C","FILD dword ptr [ESP + 0x5c]","",""
"0068f3ad","0068ef69",".text","after","0068f3b5","FADD","D8052C868500","FADD float ptr [0x0085862c]","",""
"0068f3ad","0068ef69",".text","after","0068f3bb","CALL","E880271900","CALL 0x00821b40","",""
"0068f3ad","0068ef69",".text","after","0068f3c0","MOV","8B8D8C050000","MOV ECX,dword ptr [EBP + 0x58c]","",""
"0068f3d9","0068ef69",".text","before","0068f3c0","MOV","8B8D8C050000","MOV ECX,dword ptr [EBP + 0x58c]","",""
"0068f3d9","0068ef69",".text","before","0068f3c6","MOV","8881D0030000","MOV byte ptr [ECX + 0x3d0],AL","",""
"0068f3d9","0068ef69",".text","before","0068f3cc","MOV","8B858C050000","MOV EAX,dword ptr [EBP + 0x58c]","",""
"0068f3d9","0068ef69",".text","before","0068f3d2","MOVZX","0FB690D0030000","MOVZX EDX,byte ptr [EAX + 0x3d0]","",""
"0068f3d9","0068ef69",".text","candidate","0068f3d9","MOV","8954245C","MOV dword ptr [ESP + 0x5c],EDX","","004018f8:UNCONDITIONAL_CALL"
"0068f3d9","0068ef69",".text","after","0068f3dd","FILD","DB44245C","FILD dword ptr [ESP + 0x5c]","",""
"0068f3d9","0068ef69",".text","after","0068f3e1","FSTP","D998C8030000","FSTP float ptr [EAX + 0x3c8]","",""
"0068f3d9","0068ef69",".text","after","0068f3e7","MOV","8B858C050000","MOV EAX,dword ptr [EBP + 0x58c]","",""
"0068f3d9","0068ef69",".text","after","0068f3ed","MOV","C680B903000002","MOV byte ptr [EAX + 0x3b9],0x2","",""
"0068f447","0068ef69",".text","before","0068f42d","MOV","8B858C050000","MOV EAX,dword ptr [EBP + 0x58c]","",""
"0068f447","0068ef69",".text","before","0068f433","MOV","C680D003000014","MOV byte ptr [EAX + 0x3d0],0x14","",""
"0068f447","0068ef69",".text","before","0068f43a","MOV","8B858C050000","MOV EAX,dword ptr [EBP + 0x58c]","",""
"0068f447","0068ef69",".text","before","0068f440","MOVZX","0FB688D0030000","MOVZX ECX,byte ptr [EAX + 0x3d0]","",""
"0068f447","0068ef69",".text","candidate","0068f447","MOV","894C245C","MOV dword ptr [ESP + 0x5c],ECX","","004018f8:UNCONDITIONAL_CALL"
"0068f447","0068ef69",".text","after","0068f44b","FILD","DB44245C","FILD dword ptr [ESP + 0x5c]","",""
"0068f447","0068ef69",".text","after","0068f44f","FSTP","D998C8030000","FSTP float ptr [EAX + 0x3c8]","",""
"0068f447","0068ef69",".text","after","0068f455","MOV","8B958C050000","MOV EDX,dword ptr [EBP + 0x58c]","",""
"0068f447","0068ef69",".text","after","0068f45b","MOV","C682B903000002","MOV byte ptr [EDX + 0x3b9],0x2","",""
"0068f5d9","0068ef69",".text","before","0068f5c8","TEST","F6C405","TEST AH,0x5","",""
"0068f5d9","0068ef69",".text","before","0068f5cb","JP","0F8AC0000000","JP 0x0068f691","",""
"0068f5d9","0068ef69",".text","before","0068f5d1","MOV","8A8788040000","MOV AL,byte ptr [EDI + 0x488]","",""
"0068f5d9","0068ef69",".text","before","0068f5d7","TEST","84C0","TEST AL,AL","",""
"0068f5d9","0068ef69",".text","candidate","0068f5d9","MOV","C744245C00000000","MOV dword ptr [ESP + 0x5c],0x0","","004018f8:UNCONDITIONAL_CALL"
"0068f5d9","0068ef69",".text","after","0068f5e1","JBE","0F86AA000000","JBE 0x0068f691","",""
"0068f5d9","0068ef69",".text","after","0068f5e7","MOV","BB64040000","MOV EBX,0x464","",""
"0068f5d9","0068ef69",".text","after","0068f5ec","LEA","8D642400","LEA ESP,[ESP]","",""
"0068f5d9","0068ef69",".text","after","0068f5f0","MOV","8B4E0C","MOV ECX,dword ptr [ESI + 0xc]","",""
"0068f687","0068ef69",".text","before","0068f67a","MOVZX","0FB68A88040000","MOVZX ECX,byte ptr [EDX + 0x488]","",""
"0068f687","0068ef69",".text","before","0068f681","INC","40","INC EAX","",""
"0068f687","0068ef69",".text","before","0068f682","ADD","83C304","ADD EBX,0x4","",""
"0068f687","0068ef69",".text","before","0068f685","CMP","3BC1","CMP EAX,ECX","",""
"0068f687","0068ef69",".text","candidate","0068f687","MOV","8944245C","MOV dword ptr [ESP + 0x5c],EAX","","004018f8:UNCONDITIONAL_CALL"
"0068f687","0068ef69",".text","after","0068f68b","JL","0F8C5FFFFFFF","JL 0x0068f5f0","",""
"0068f687","0068ef69",".text","after","0068f691","MOV","8B5C2410","MOV EBX,dword ptr [ESP + 0x10]","",""
"0068f687","0068ef69",".text","after","0068f695","CMP","81FBC8000000","CMP EBX,0xc8","",""
"0068f687","0068ef69",".text","after","0068f69b","JZ","0F8412030000","JZ 0x0068f9b3","",""
"0068f709","0068ef69",".text","before","0068f6f8","JMP","FF248DCCF96800","JMP dword ptr [ECX*0x4 + 0x68f9cc]","",""
"0068f709","0068ef69",".text","before","0068f6ff","PUSH","6A50","PUSH 0x50","",""
"0068f709","0068ef69",".text","before","0068f701","CALL","E89AAEF8FF","CALL 0x0061a5a0","",""
"0068f709","0068ef69",".text","before","0068f706","ADD","83C404","ADD ESP,0x4","",""
"0068f709","0068ef69",".text","candidate","0068f709","MOV","8944245C","MOV dword ptr [ESP + 0x5c],EAX","","004018f8:UNCONDITIONAL_CALL"
"0068f709","0068ef69",".text","after","0068f70d","TEST","85C0","TEST EAX,EAX","",""
"0068f709","0068ef69",".text","after","0068f70f","MOV","C744245406000000","MOV dword ptr [ESP + 0x54],0x6","",""
"0068f709","0068ef69",".text","after","0068f717","JZ","0F84A3010000","JZ 0x0068f8c0","",""
"0068f709","0068ef69",".text","after","0068f71d","MOV","8B958C050000","MOV EDX,dword ptr [EBP + 0x58c]","",""
"0068f73c","0068ef69",".text","before","0068f72d","JMP","E985020000","JMP 0x0068f9b7","",""
"0068f73c","0068ef69",".text","before","0068f732","PUSH","6A50","PUSH 0x50","",""
"0068f73c","0068ef69",".text","before","0068f734","CALL","E867AEF8FF","CALL 0x0061a5a0","",""
"0068f73c","0068ef69",".text","before","0068f739","ADD","83C404","ADD ESP,0x4","",""
"0068f73c","0068ef69",".text","candidate","0068f73c","MOV","8944245C","MOV dword ptr [ESP + 0x5c],EAX","","004018f8:UNCONDITIONAL_CALL"
"0068f73c","0068ef69",".text","after","0068f740","TEST","85C0","TEST EAX,EAX","",""
"0068f73c","0068ef69",".text","after","0068f742","MOV","C744245407000000","MOV dword ptr [ESP + 0x54],0x7","",""
"0068f73c","0068ef69",".text","after","0068f74a","JZ","0F8470010000","JZ 0x0068f8c0","",""
"0068f73c","0068ef69",".text","after","0068f750","MOV","8B8D8C050000","MOV ECX,dword ptr [EBP + 0x58c]","",""
"0068f773","0068ef69",".text","before","0068f764","JMP","E94E020000","JMP 0x0068f9b7","",""
"0068f773","0068ef69",".text","before","0068f769","PUSH","6A60","PUSH 0x60","",""
"0068f773","0068ef69",".text","before","0068f76b","CALL","E830AEF8FF","CALL 0x0061a5a0","",""
"0068f773","0068ef69",".text","before","0068f770","ADD","83C404","ADD ESP,0x4","",""
"0068f773","0068ef69",".text","candidate","0068f773","MOV","8944245C","MOV dword ptr [ESP + 0x5c],EAX","","004018f8:UNCONDITIONAL_CALL"
"0068f773","0068ef69",".text","after","0068f777","TEST","85C0","TEST EAX,EAX","",""
"0068f773","0068ef69",".text","after","0068f779","MOV","C744245408000000","MOV dword ptr [ESP + 0x54],0x8","",""
"0068f773","0068ef69",".text","after","0068f781","JZ","0F8439010000","JZ 0x0068f8c0","",""
"0068f773","0068ef69",".text","after","0068f787","MOV","8B958C050000","MOV EDX,dword ptr [EBP + 0x58c]","",""
"0068f7aa","0068ef69",".text","before","0068f79b","JMP","E917020000","JMP 0x0068f9b7","",""
"0068f7aa","0068ef69",".text","before","0068f7a0","PUSH","6A34","PUSH 0x34","",""
"0068f7aa","0068ef69",".text","before","0068f7a2","CALL","E8F9ADF8FF","CALL 0x0061a5a0","",""
"0068f7aa","0068ef69",".text","before","0068f7a7","ADD","83C404","ADD ESP,0x4","",""
"0068f7aa","0068ef69",".text","candidate","0068f7aa","MOV","8944245C","MOV dword ptr [ESP + 0x5c],EAX","","004018f8:UNCONDITIONAL_CALL"
"0068f7aa","0068ef69",".text","after","0068f7ae","TEST","85C0","TEST EAX,EAX","",""
"0068f7aa","0068ef69",".text","after","0068f7b0","MOV","C74424540A000000","MOV dword ptr [ESP + 0x54],0xa","",""
"0068f7aa","0068ef69",".text","after","0068f7b8","JZ","0F8402010000","JZ 0x0068f8c0","",""
"0068f7aa","0068ef69",".text","after","0068f7be","MOV","8B8D8C050000","MOV ECX,dword ptr [EBP + 0x58c]","",""
"0068f840","0068ef69",".text","before","0068f82a","JZ","0F8490000000","JZ 0x0068f8c0","",""
"0068f840","0068ef69",".text","before","0068f830","MOV","8B560C","MOV EDX,dword ptr [ESI + 0xc]","",""
"0068f840","0068ef69",".text","before","0068f833","MOV","8B928C050000","MOV EDX,dword ptr [EDX + 0x58c]","",""
"0068f840","0068ef69",".text","before","0068f839","MOVZX","0FB68AD0030000","MOVZX ECX,byte ptr [EDX + 0x3d0]","",""
"0068f840","0068ef69",".text","candidate","0068f840","MOV","894C245C","MOV dword ptr [ESP + 0x5c],ECX","","004018f8:UNCONDITIONAL_CALL"
"0068f840","0068ef69",".text","after","0068f844","PUSH","51","PUSH ECX","",""
"0068f840","0068ef69",".text","after","0068f845","FILD","DB442460","FILD dword ptr [ESP + 0x60]","",""
"0068f840","0068ef69",".text","after","0068f849","MOV","8BC8","MOV ECX,EAX","",""
"0068f840","0068ef69",".text","after","0068f84b","FADD","D8052C868500","FADD float ptr [0x0085862c]","",""
"0068f894","0068ef69",".text","before","0068f882","JZ","743C","JZ 0x0068f8c0","",""
"0068f894","0068ef69",".text","before","0068f884","MOV","8B4E0C","MOV ECX,dword ptr [ESI + 0xc]","",""
"0068f894","0068ef69",".text","before","0068f887","MOV","8B918C050000","MOV EDX,dword ptr [ECX + 0x58c]","",""
"0068f894","0068ef69",".text","before","0068f88d","MOVZX","0FB68AD0030000","MOVZX ECX,byte ptr [EDX + 0x3d0]","",""
"0068f894","0068ef69",".text","candidate","0068f894","MOV","894C245C","MOV dword ptr [ESP + 0x5c],ECX","","004018f8:UNCONDITIONAL_CALL"
"0068f894","0068ef69",".text","after","0068f898","PUSH","51","PUSH ECX","",""
"0068f894","0068ef69",".text","after","0068f899","FILD","DB442460","FILD dword ptr [ESP + 0x60]","",""
"0068f894","0068ef69",".text","after","0068f89d","MOV","8BC8","MOV ECX,EAX","",""
"0068f894","0068ef69",".text","after","0068f89f","FADD","D8052C868500","FADD float ptr [0x0085862c]","",""
"0068f8d3","0068ef69",".text","before","0068f8c4","JMP","E9EE000000","JMP 0x0068f9b7","",""
"0068f8d3","0068ef69",".text","before","0068f8c9","PUSH","6A2C","PUSH 0x2c","",""
"0068f8d3","0068ef69",".text","before","0068f8cb","CALL","E8D0ACF8FF","CALL 0x0061a5a0","",""
"0068f8d3","0068ef69",".text","before","0068f8d0","ADD","83C404","ADD ESP,0x4","",""
"0068f8d3","0068ef69",".text","candidate","0068f8d3","MOV","8944245C","MOV dword ptr [ESP + 0x5c],EAX","","004018f8:UNCONDITIONAL_CALL"
"0068f8d3","0068ef69",".text","after","0068f8d7","TEST","85C0","TEST EAX,EAX","",""
"0068f8d3","0068ef69",".text","after","0068f8d9","MOV","C744245404000000","MOV dword ptr [ESP + 0x54],0x4","",""
"0068f8d3","0068ef69",".text","after","0068f8e1","JZ","74DD","JZ 0x0068f8c0","",""
"0068f8d3","0068ef69",".text","after","0068f8e3","MOV","8B4E0C","MOV ECX,dword ptr [ESI + 0xc]","",""
"0068f93f","0068ef69",".text","before","0068f930","JMP","E982000000","JMP 0x0068f9b7","",""
"0068f93f","0068ef69",".text","before","0068f935","PUSH","6A44","PUSH 0x44","",""
"0068f93f","0068ef69",".text","before","0068f937","CALL","E864ACF8FF","CALL 0x0061a5a0","",""
"0068f93f","0068ef69",".text","before","0068f93c","ADD","83C404","ADD ESP,0x4","",""
"0068f93f","0068ef69",".text","candidate","0068f93f","MOV","8944245C","MOV dword ptr [ESP + 0x5c],EAX","","004018f8:UNCONDITIONAL_CALL"
"0068f93f","0068ef69",".text","after","0068f943","TEST","85C0","TEST EAX,EAX","",""
"0068f93f","0068ef69",".text","after","0068f945","MOV","C744245409000000","MOV dword ptr [ESP + 0x54],0x9","",""
"0068f93f","0068ef69",".text","after","0068f94d","JZ","744B","JZ 0x0068f99a","",""
"0068f93f","0068ef69",".text","after","0068f94f","MOV","8B4E0C","MOV ECX,dword ptr [ESI + 0xc]","",""
"0068f973","0068ef69",".text","before","0068f967","JMP","EB33","JMP 0x0068f99c","",""
"0068f973","0068ef69",".text","before","0068f969","PUSH","6A38","PUSH 0x38","",""
"0068f973","0068ef69",".text","before","0068f96b","CALL","E830ACF8FF","CALL 0x0061a5a0","",""
"0068f973","0068ef69",".text","before","0068f970","ADD","83C404","ADD ESP,0x4","",""
"0068f973","0068ef69",".text","candidate","0068f973","MOV","8944245C","MOV dword ptr [ESP + 0x5c],EAX","","004018f8:UNCONDITIONAL_CALL"
"0068f973","0068ef69",".text","after","0068f977","TEST","85C0","TEST EAX,EAX","",""
"0068f973","0068ef69",".text","after","0068f979","MOV","C744245405000000","MOV dword ptr [ESP + 0x54],0x5","",""
"0068f973","0068ef69",".text","after","0068f981","JZ","7417","JZ 0x0068f99a","",""
"0068f973","0068ef69",".text","after","0068f983","MOV","8B560C","MOV EDX,dword ptr [ESI + 0xc]","",""
"00693337","006930f7",".text","before","0069332b","CALL","E880D2F4FF","CALL 0x005e05b0","",""
"00693337","006930f7",".text","before","00693330","LEA","8D442420","LEA EAX,[ESP + 0x20]","",""
"00693337","006930f7",".text","before","00693334","PUSH","6A00","PUSH 0x0","",""
"00693337","006930f7",".text","before","00693336","PUSH","50","PUSH EAX","",""
"00693337","006930f7",".text","candidate","00693337","MOV","C744245C00000000","MOV dword ptr [ESP + 0x5c],0x0","","004072f8:UNCONDITIONAL_CALL"
"00693337","006930f7",".text","after","0069333f","CALL","E80C87E1FF","CALL 0x004aba50","",""
"00693337","006930f7",".text","after","00693344","MOV","8BC8","MOV ECX,EAX","",""
"00693337","006930f7",".text","after","00693346","CALL","E8D580E1FF","CALL 0x004ab420","",""
"00693337","006930f7",".text","after","0069334b","LEA","8D4C2420","LEA ECX,[ESP + 0x20]","",""
"0069491d","00694850",".text","before","00694911","FLD","D9C0","FLD ST0","",""
"0069491d","00694850",".text","before","00694913","FXCH","D9C9","FXCH","",""
"0069491d","00694850",".text","before","00694915","FSTP","D95C2404","FSTP float ptr [ESP + 0x4]","",""
"0069491d","00694850",".text","before","00694919","MOV","8B542404","MOV EDX,dword ptr [ESP + 0x4]","",""
"0069491d","00694850",".text","candidate","0069491d","MOV","89505C","MOV dword ptr [EAX + 0x5c],EDX","","00852f15:UNCONDITIONAL_CALL"
"0069491d","00694850",".text","after","00694920","FSTP","D95858","FSTP float ptr [EAX + 0x58]","",""
"0069491d","00694850",".text","after","00694923","FLD","D98080000000","FLD float ptr [EAX + 0x80]","",""
"0069491d","00694850",".text","after","00694929","FADD","D805848C8500","FADD float ptr [0x00858c84]","",""
"0069491d","00694850",".text","after","0069492f","FST","D9542400","FST float ptr [ESP]","",""
"0069a060","00699ff0",".text","before","0069a051","MOV","8B08","MOV ECX,dword ptr [EAX]","",""
"0069a060","00699ff0",".text","before","0069a053","MOV","8B5004","MOV EDX,dword ptr [EAX + 0x4]","",""
"0069a060","00699ff0",".text","before","0069a056","MOV","8B4008","MOV EAX,dword ptr [EAX + 0x8]","",""
"0069a060","00699ff0",".text","before","0069a059","MOV","8B9C24AC000000","MOV EBX,dword ptr [ESP + 0xac]","",""
"0069a060","00699ff0",".text","candidate","0069a060","MOV","894C245C","MOV dword ptr [ESP + 0x5c],ECX","","0069b97b:UNCONDITIONAL_CALL|00699629:UNCONDITIONAL_CALL"
"0069a060","00699ff0",".text","after","0069a064","MOV","8B0F","MOV ECX,dword ptr [EDI]","",""
"0069a060","00699ff0",".text","after","0069a066","MOV","89442464","MOV dword ptr [ESP + 0x64],EAX","",""
"0069a060","00699ff0",".text","after","0069a06a","LEA","8D442434","LEA EAX,[ESP + 0x34]","",""
"0069a060","00699ff0",".text","after","0069a06e","PUSH","50","PUSH EAX","",""
"0069a0fb","00699ff0",".text","before","0069a0f2","MOV","8B5704","MOV EDX,dword ptr [EDI + 0x4]","",""
"0069a0fb","00699ff0",".text","before","0069a0f5","LEA","8D4C245C","LEA ECX,[ESP + 0x5c]","",""
"0069a0fb","00699ff0",".text","before","0069a0f9","PUSH","56","PUSH ESI","",""
"0069a0fb","00699ff0",".text","before","0069a0fa","PUSH","51","PUSH ECX","",""
"0069a0fb","00699ff0",".text","candidate","0069a0fb","MOV","8954245C","MOV dword ptr [ESP + 0x5c],EDX","","0069b97b:UNCONDITIONAL_CALL|00699629:UNCONDITIONAL_CALL"
"0069a0fb","00699ff0",".text","after","0069a0ff","MOV","C744246000000000","MOV dword ptr [ESP + 0x60],0x0","",""
"0069a0fb","00699ff0",".text","after","0069a107","CALL","E88427F0FF","CALL 0x0059c890","",""
"0069a0fb","00699ff0",".text","after","0069a10c","MOV","8B10","MOV EDX,dword ptr [EAX]","",""
"0069a0fb","00699ff0",".text","after","0069a10e","MOV","8B4804","MOV ECX,dword ptr [EAX + 0x4]","",""
"006a0de0","006a07a0",".text","before","006a0dc5","CMP","80FA18","CMP DL,0x18","",""
"006a0de0","006a07a0",".text","before","006a0dc8","MOV","C74424500000803F","MOV dword ptr [ESP + 0x50],0x3f800000","",""
"006a0de0","006a07a0",".text","before","006a0dd0","MOV","C74424540000803F","MOV dword ptr [ESP + 0x54],0x3f800000","",""
"006a0de0","006a07a0",".text","before","006a0dd8","MOV","C74424580000803F","MOV dword ptr [ESP + 0x58],0x3f800000","",""
"006a0de0","006a07a0",".text","candidate","006a0de0","MOV","C744245C0000803F","MOV dword ptr [ESP + 0x5c],0x3f800000","","006b1fcd:UNCONDITIONAL_CALL"
"006a0de0","006a07a0",".text","after","006a0de8","MOV","C744242800000000","MOV dword ptr [ESP + 0x28],0x0","",""
"006a0de0","006a07a0",".text","after","006a0df0","JNZ","753A","JNZ 0x006a0e2c","",""
"006a0de0","006a07a0",".text","after","006a0df2","MOVSX","0FBE858B040000","MOVSX EAX,byte ptr [EBP + 0x48b]","",""
"006a0de0","006a07a0",".text","after","006a0df9","LEA","8D0480","LEA EAX,[EAX + EAX*0x4]","",""
"006a0e23","006a07a0",".text","before","006a0e0f","MOV","8B8880CBC100","MOV ECX,dword ptr [EAX + 0xc1cb80]","",""
"006a0e23","006a07a0",".text","before","006a0e15","MOV","89542454","MOV dword ptr [ESP + 0x54],EDX","",""
"006a0e23","006a07a0",".text","before","006a0e19","MOV","8B9084CBC100","MOV EDX,dword ptr [EAX + 0xc1cb84]","",""
"006a0e23","006a07a0",".text","before","006a0e1f","MOV","894C2458","MOV dword ptr [ESP + 0x58],ECX","",""
"006a0e23","006a07a0",".text","candidate","006a0e23","MOV","8954245C","MOV dword ptr [ESP + 0x5c],EDX","","006b1fcd:UNCONDITIONAL_CALL"
"006a0e23","006a07a0",".text","after","006a0e27","JMP","E9E3000000","JMP 0x006a0f0f","",""
"006a0e23","006a07a0",".text","after","006a0e2c","TEST","85DB","TEST EBX,EBX","",""
"006a0e23","006a07a0",".text","after","006a0e2e","JZ","0F84DB000000","JZ 0x006a0f0f","",""
"006a0e23","006a07a0",".text","after","006a0e34","MOV","8BCB","MOV ECX,EBX","",""
"006a1120","006a07a0",".text","before","006a1115","FSTP","D95C2420","FSTP float ptr [ESP + 0x20]","",""
"006a1120","006a07a0",".text","before","006a1119","JMP","EB2E","JMP 0x006a1149","",""
"006a1120","006a07a0",".text","before","006a111b","TEST","6685C9","TEST CX,CX","",""
"006a1120","006a07a0",".text","before","006a111e","JNZ","7520","JNZ 0x006a1140","",""
"006a1120","006a07a0",".text","candidate","006a1120","MOV","C744245C00000000","MOV dword ptr [ESP + 0x5c],0x0","","006b1fcd:UNCONDITIONAL_CALL"
"006a1120","006a07a0",".text","after","006a1128","MOV","C744245800000000","MOV dword ptr [ESP + 0x58],0x0","",""
"006a1120","006a07a0",".text","after","006a1130","MOV","C744245400000000","MOV dword ptr [ESP + 0x54],0x0","",""
"006a1120","006a07a0",".text","after","006a1138","MOV","C744245000000000","MOV dword ptr [ESP + 0x50],0x0","",""
"006a1120","006a07a0",".text","after","006a1140","MOV","66C7856C0800003C00","MOV word ptr [EBP + 0x86c],0x3c","",""
"006a29f4","006a29c0",".text","before","006a29ea","MOV","8B561C","MOV EDX,dword ptr [ESI + 0x1c]","",""
"006a29f4","006a29c0",".text","before","006a29ed","AND","83E2EF","AND EDX,0xffffffef","",""
"006a29f4","006a29c0",".text","before","006a29f0","XOR","33DB","XOR EBX,EBX","",""
"006a29f4","006a29c0",".text","before","006a29f2","MOV","8BCE","MOV ECX,ESI","",""
"006a29f4","006a29c0",".text","candidate","006a29f4","MOV","895C245C","MOV dword ptr [ESP + 0x5c],EBX","","006c833f:UNCONDITIONAL_CALL|0087117c:DATA|008716dc:DATA|008719a4:DATA|00871b44:DATA|00871c84:DATA"
"006a29f4","006a29c0",".text","after","006a29f8","MOV","89561C","MOV dword ptr [ESI + 0x1c],EDX","",""
"006a29f4","006a29c0",".text","after","006a29fb","CALL","E8B009EAFF","CALL 0x005433b0","",""
"006a29f4","006a29c0",".text","after","006a2a00","MOV","8B4E40","MOV ECX,dword ptr [ESI + 0x40]","",""
"006a29f4","006a29c0",".text","after","006a2a03","MOV","A1D00F8700","MOV EAX,[0x00870fd0]","",""
"006a2ab5","006a29c0",".text","before","006a2aa8","AND","83E0EF","AND EAX,0xffffffef","",""
"006a2ab5","006a29c0",".text","before","006a2aab","OR","83C820","OR EAX,0x20","",""
"006a2ab5","006a29c0",".text","before","006a2aae","LEA","8D4C240C","LEA ECX,[ESP + 0xc]","",""
"006a2ab5","006a29c0",".text","before","006a2ab2","MOV","89461C","MOV dword ptr [ESI + 0x1c],EAX","",""
"006a2ab5","006a29c0",".text","candidate","006a2ab5","MOV","C744245CFFFFFFFF","MOV dword ptr [ESP + 0x5c],0xffffffff","","006c833f:UNCONDITIONAL_CALL|0087117c:DATA|008716dc:DATA|008719a4:DATA|00871b44:DATA|00871c84:DATA"
"006a2ab5","006a29c0",".text","after","006a2abd","CALL","E80E82EFFF","CALL 0x0059acd0","",""
"006a2ab5","006a29c0",".text","after","006a2ac2","MOV","8B4C2454","MOV ECX,dword ptr [ESP + 0x54]","",""
"006a2ab5","006a29c0",".text","after","006a2ac6","POP","5F","POP EDI","",""
"006a2ab5","006a29c0",".text","after","006a2ac7","POP","5E","POP ESI","",""
"006aaf19","006aab58",".text","before","006aaf01","FMUL","D80DE88C8500","FMUL float ptr [0x00858ce8]","",""
"006aaf19","006aab58",".text","before","006aaf07","MOV","8B842448010000","MOV EAX,dword ptr [ESP + 0x148]","",""
"006aaf19","006aab58",".text","before","006aaf0e","MOV","8B942444010000","MOV EDX,dword ptr [ESP + 0x144]","",""
"006aaf19","006aab58",".text","before","006aaf15","MOV","894C2454","MOV dword ptr [ESP + 0x54],ECX","",""
"006aaf19","006aab58",".text","candidate","006aaf19","MOV","8944245C","MOV dword ptr [ESP + 0x5c],EAX","","00408c92:UNCONDITIONAL_CALL"
"006aaf19","006aab58",".text","after","006aaf1d","FSTP","D95C245C","FSTP float ptr [ESP + 0x5c]","",""
"006aaf19","006aab58",".text","after","006aaf21","MOV","8B4614","MOV EAX,dword ptr [ESI + 0x14]","",""
"006aaf19","006aab58",".text","after","006aaf24","LEA","8D4C2454","LEA ECX,[ESP + 0x54]","",""
"006aaf19","006aab58",".text","after","006aaf28","PUSH","51","PUSH ECX","",""
"006aaf29","006aab58",".text","before","006aaf1d","FSTP","D95C245C","FSTP float ptr [ESP + 0x5c]","",""
"006aaf29","006aab58",".text","before","006aaf21","MOV","8B4614","MOV EAX,dword ptr [ESI + 0x14]","",""
"006aaf29","006aab58",".text","before","006aaf24","LEA","8D4C2454","LEA ECX,[ESP + 0x54]","",""
"006aaf29","006aab58",".text","before","006aaf28","PUSH","51","PUSH ECX","",""
"006aaf29","006aab58",".text","candidate","006aaf29","MOV","8954245C","MOV dword ptr [ESP + 0x5c],EDX","","00408c92:UNCONDITIONAL_CALL"
"006aaf29","006aab58",".text","after","006aaf2d","PUSH","50","PUSH EAX","",""
"006aaf29","006aab58",".text","after","006aaf2e","LEA","8D942490000000","LEA EDX,[ESP + 0x90]","",""
"006aaf29","006aab58",".text","after","006aaf35","PUSH","52","PUSH EDX","",""
"006aaf29","006aab58",".text","after","006aaf36","CALL","E85519EFFF","CALL 0x0059c890","",""
"006aaf9b","006aab58",".text","before","006aaf85","MOV","8B942444010000","MOV EDX,dword ptr [ESP + 0x144]","",""
"006aaf9b","006aab58",".text","before","006aaf8c","MOV","8B842448010000","MOV EAX,dword ptr [ESP + 0x148]","",""
"006aaf9b","006aab58",".text","before","006aaf93","MOV","894C2454","MOV dword ptr [ESP + 0x54],ECX","",""
"006aaf9b","006aab58",".text","before","006aaf97","MOV","89542458","MOV dword ptr [ESP + 0x58],EDX","",""
"006aaf9b","006aab58",".text","candidate","006aaf9b","MOV","8944245C","MOV dword ptr [ESP + 0x5c],EAX","","00408c92:UNCONDITIONAL_CALL"
"006aaf9b","006aab58",".text","after","006aaf9f","MOV","8B4614","MOV EAX,dword ptr [ESI + 0x14]","",""
"006aaf9b","006aab58",".text","after","006aafa2","FSTP","D95C245C","FSTP float ptr [ESP + 0x5c]","",""
"006aaf9b","006aab58",".text","after","006aafa6","LEA","8D4C2454","LEA ECX,[ESP + 0x54]","",""
"006aaf9b","006aab58",".text","after","006aafaa","PUSH","51","PUSH ECX","",""
"006ab015","006aab58",".text","before","006aaffd","FMUL","D80DE88C8500","FMUL float ptr [0x00858ce8]","",""
"006ab015","006aab58",".text","before","006ab003","MOV","8B842448010000","MOV EAX,dword ptr [ESP + 0x148]","",""
"006ab015","006aab58",".text","before","006ab00a","MOV","8B942444010000","MOV EDX,dword ptr [ESP + 0x144]","",""
"006ab015","006aab58",".text","before","006ab011","MOV","894C2454","MOV dword ptr [ESP + 0x54],ECX","",""
"006ab015","006aab58",".text","candidate","006ab015","MOV","8944245C","MOV dword ptr [ESP + 0x5c],EAX","","00408c92:UNCONDITIONAL_CALL"
"006ab015","006aab58",".text","after","006ab019","FSTP","D95C245C","FSTP float ptr [ESP + 0x5c]","",""
"006ab015","006aab58",".text","after","006ab01d","MOV","8B4614","MOV EAX,dword ptr [ESI + 0x14]","",""
"006ab015","006aab58",".text","after","006ab020","LEA","8D4C2454","LEA ECX,[ESP + 0x54]","",""
"006ab015","006aab58",".text","after","006ab024","PUSH","51","PUSH ECX","",""
"006ab025","006aab58",".text","before","006ab019","FSTP","D95C245C","FSTP float ptr [ESP + 0x5c]","",""
"006ab025","006aab58",".text","before","006ab01d","MOV","8B4614","MOV EAX,dword ptr [ESI + 0x14]","",""
"006ab025","006aab58",".text","before","006ab020","LEA","8D4C2454","LEA ECX,[ESP + 0x54]","",""
"006ab025","006aab58",".text","before","006ab024","PUSH","51","PUSH ECX","",""
"006ab025","006aab58",".text","candidate","006ab025","MOV","8954245C","MOV dword ptr [ESP + 0x5c],EDX","","00408c92:UNCONDITIONAL_CALL"
"006ab025","006aab58",".text","after","006ab029","PUSH","50","PUSH EAX","",""
"006ab025","006aab58",".text","after","006ab02a","LEA","8D942490000000","LEA EDX,[ESP + 0x90]","",""
"006ab025","006aab58",".text","after","006ab031","PUSH","52","PUSH EDX","",""
"006ab025","006aab58",".text","after","006ab032","CALL","E85918EFFF","CALL 0x0059c890","",""
"006ab3c2","006aab58",".text","before","006ab3ae","MOV","8B442454","MOV EAX,dword ptr [ESP + 0x54]","",""
"006ab3c2","006aab58",".text","before","006ab3b2","MOV","C7442458CDCCCCBD","MOV dword ptr [ESP + 0x58],0xbdcccccd","",""
"006ab3c2","006aab58",".text","before","006ab3ba","MOV","8B4C2458","MOV ECX,dword ptr [ESP + 0x58]","",""
"006ab3c2","006aab58",".text","before","006ab3be","MOV","89442444","MOV dword ptr [ESP + 0x44],EAX","",""
"006ab3c2","006aab58",".text","candidate","006ab3c2","MOV","C744245C9A99993F","MOV dword ptr [ESP + 0x5c],0x3f99999a","","00408c92:UNCONDITIONAL_CALL"
"006ab3c2","006aab58",".text","after","006ab3ca","MOV","8B44245C","MOV EAX,dword ptr [ESP + 0x5c]","",""
"006ab3c2","006aab58",".text","after","006ab3ce","MOV","894C2448","MOV dword ptr [ESP + 0x48],ECX","",""
"006ab3c2","006aab58",".text","after","006ab3d2","MOV","C7442420333333BF","MOV dword ptr [ESP + 0x20],0xbf333333","",""
"006ab3c2","006aab58",".text","after","006ab3da","MOV","8B4C2420","MOV ECX,dword ptr [ESP + 0x20]","",""
"006ab402","006aab58",".text","before","006ab3ee","MOV","894C2454","MOV dword ptr [ESP + 0x54],ECX","",""
"006ab402","006aab58",".text","before","006ab3f2","MOV","C74424289A99993F","MOV dword ptr [ESP + 0x28],0x3f99999a","",""
"006ab402","006aab58",".text","before","006ab3fa","MOV","8B4C2428","MOV ECX,dword ptr [ESP + 0x28]","",""
"006ab402","006aab58",".text","before","006ab3fe","MOV","89442458","MOV dword ptr [ESP + 0x58],EAX","",""
"006ab402","006aab58",".text","candidate","006ab402","MOV","894C245C","MOV dword ptr [ESP + 0x5c],ECX","","00408c92:UNCONDITIONAL_CALL"
"006ab402","006aab58",".text","after","006ab406","OR","0CFF","OR AL,0xff","",""
"006ab402","006aab58",".text","after","006ab408","OR","80C9FF","OR CL,0xff","",""
"006ab402","006aab58",".text","after","006ab40b","JMP","E9AE010000","JMP 0x006ab5be","",""
"006ab402","006aab58",".text","after","006ab410","MOV","C74424203333333F","MOV dword ptr [ESP + 0x20],0x3f333333","",""
"006ab46c","006aab58",".text","before","006ab458","MOV","894C2454","MOV dword ptr [ESP + 0x54],ECX","",""
"006ab46c","006aab58",".text","before","006ab45c","MOV","C74424280000803F","MOV dword ptr [ESP + 0x28],0x3f800000","",""
"006ab46c","006aab58",".text","before","006ab464","MOV","8B4C2428","MOV ECX,dword ptr [ESP + 0x28]","",""
"006ab46c","006aab58",".text","before","006ab468","MOV","89442458","MOV dword ptr [ESP + 0x58],EAX","",""
"006ab46c","006aab58",".text","candidate","006ab46c","MOV","894C245C","MOV dword ptr [ESP + 0x5c],ECX","","00408c92:UNCONDITIONAL_CALL"
"006ab46c","006aab58",".text","after","006ab470","OR","0CFF","OR AL,0xff","",""
"006ab46c","006aab58",".text","after","006ab472","OR","80C9FF","OR CL,0xff","",""
"006ab46c","006aab58",".text","after","006ab475","JMP","E944010000","JMP 0x006ab5be","",""
"006ab46c","006aab58",".text","after","006ab47a","MOV","C7442420CDCC0C3F","MOV dword ptr [ESP + 0x20],0x3f0ccccd","",""
"006ab4d6","006aab58",".text","before","006ab4c2","MOV","894C2454","MOV dword ptr [ESP + 0x54],ECX","",""
"006ab4d6","006aab58",".text","before","006ab4c6","MOV","C74424283333B33F","MOV dword ptr [ESP + 0x28],0x3fb33333","",""
"006ab4d6","006aab58",".text","before","006ab4ce","MOV","8B4C2428","MOV ECX,dword ptr [ESP + 0x28]","",""
"006ab4d6","006aab58",".text","before","006ab4d2","MOV","89442458","MOV dword ptr [ESP + 0x58],EAX","",""
"006ab4d6","006aab58",".text","candidate","006ab4d6","MOV","894C245C","MOV dword ptr [ESP + 0x5c],ECX","","00408c92:UNCONDITIONAL_CALL"
"006ab4d6","006aab58",".text","after","006ab4da","OR","0CFF","OR AL,0xff","",""
"006ab4d6","006aab58",".text","after","006ab4dc","OR","80C9FF","OR CL,0xff","",""
"006ab4d6","006aab58",".text","after","006ab4df","JMP","E9DA000000","JMP 0x006ab5be","",""
"006ab4d6","006aab58",".text","after","006ab4e4","MOV","C74424209A99193F","MOV dword ptr [ESP + 0x20],0x3f19999a","",""
"006ab540","006aab58",".text","before","006ab52c","MOV","C74424289A99993F","MOV dword ptr [ESP + 0x28],0x3f99999a","",""
"006ab540","006aab58",".text","before","006ab534","MOV","8B4C2428","MOV ECX,dword ptr [ESP + 0x28]","",""
"006ab540","006aab58",".text","before","006ab538","MOV","89542454","MOV dword ptr [ESP + 0x54],EDX","",""
"006ab540","006aab58",".text","before","006ab53c","MOV","89442458","MOV dword ptr [ESP + 0x58],EAX","",""
"006ab540","006aab58",".text","candidate","006ab540","MOV","894C245C","MOV dword ptr [ESP + 0x5c],ECX","","00408c92:UNCONDITIONAL_CALL"
"006ab540","006aab58",".text","after","006ab544","OR","0CFF","OR AL,0xff","",""
"006ab540","006aab58",".text","after","006ab546","OR","80CAFF","OR DL,0xff","",""
"006ab540","006aab58",".text","after","006ab549","OR","80C9FF","OR CL,0xff","",""
"006ab540","006aab58",".text","after","006ab54c","JMP","EB67","JMP 0x006ab5b5","",""
"006ab5aa","006aab58",".text","before","006ab596","MOV","C74424286666A63F","MOV dword ptr [ESP + 0x28],0x3fa66666","",""
"006ab5aa","006aab58",".text","before","006ab59e","MOV","8B4C2428","MOV ECX,dword ptr [ESP + 0x28]","",""
"006ab5aa","006aab58",".text","before","006ab5a2","MOV","89542454","MOV dword ptr [ESP + 0x54],EDX","",""
"006ab5aa","006aab58",".text","before","006ab5a6","MOV","89442458","MOV dword ptr [ESP + 0x58],EAX","",""
"006ab5aa","006aab58",".text","candidate","006ab5aa","MOV","894C245C","MOV dword ptr [ESP + 0x5c],ECX","","00408c92:UNCONDITIONAL_CALL"
"006ab5aa","006aab58",".text","after","006ab5ae","OR","0CFF","OR AL,0xff","",""
"006ab5aa","006aab58",".text","after","006ab5b0","OR","80CAFF","OR DL,0xff","",""
"006ab5aa","006aab58",".text","after","006ab5b3","XOR","32C9","XOR CL,CL","",""
"006ab5aa","006aab58",".text","after","006ab5b5","MOV","88542438","MOV byte ptr [ESP + 0x38],DL","",""
"006abb79","",".text","before","006abb68","MOV","8908","MOV dword ptr [EAX],ECX","",""
"006abb79","",".text","before","006abb6a","MOV","C744245800000000","MOV dword ptr [ESP + 0x58],0x0","",""
"006abb79","",".text","before","006abb72","MOV","8B542458","MOV EDX,dword ptr [ESP + 0x58]","",""
"006abb79","",".text","before","006abb76","MOV","895004","MOV dword ptr [EAX + 0x4],EDX","",""
"006abb79","",".text","candidate","006abb79","MOV","C744245C00000000","MOV dword ptr [ESP + 0x5c],0x0","",""
"006abb79","",".text","after","006abb81","MOV","8B4C245C","MOV ECX,dword ptr [ESP + 0x5c]","",""
"006abb79","",".text","after","006abb85","MOV","894808","MOV dword ptr [EAX + 0x8],ECX","",""
"006abb79","",".text","after","006abb88","MOV","8B44246C","MOV EAX,dword ptr [ESP + 0x6c]","",""
"006abb79","",".text","after","006abb8c","MOV","8B4C2470","MOV ECX,dword ptr [ESP + 0x70]","",""
"006acec7","",".text","before","006aceb7","MOV","894C2458","MOV dword ptr [ESP + 0x58],ECX","",""
"006acec7","",".text","before","006acebb","MOV","8BC8","MOV ECX,EAX","",""
"006acec7","",".text","before","006acebd","MOV","8944242C","MOV dword ptr [ESP + 0x2c],EAX","",""
"006acec7","",".text","before","006acec1","MOV","8B86DC070000","MOV EAX,dword ptr [ESI + 0x7dc]","",""
"006acec7","",".text","candidate","006acec7","MOV","894C245C","MOV dword ptr [ESP + 0x5c],ECX","",""
"006acec7","",".text","after","006acecb","MOV","8BC8","MOV ECX,EAX","",""
"006acec7","",".text","after","006acecd","MOV","89442430","MOV dword ptr [ESP + 0x30],EAX","",""
"006acec7","",".text","after","006aced1","MOV","8B86E0070000","MOV EAX,dword ptr [ESI + 0x7e0]","",""
"006acec7","",".text","after","006aced7","MOV","894C2460","MOV dword ptr [ESP + 0x60],ECX","",""
"006afb3a","006afb10",".text","before","006afb24","MOV","8B8ED8070000","MOV ECX,dword ptr [ESI + 0x7d8]","",""
"006afb3a","006afb10",".text","before","006afb2a","MOV","8B96DC070000","MOV EDX,dword ptr [ESI + 0x7dc]","",""
"006afb3a","006afb10",".text","before","006afb30","MOV","89442450","MOV dword ptr [ESP + 0x50],EAX","",""
"006afb3a","006afb10",".text","before","006afb34","MOV","8B86E0070000","MOV EAX,dword ptr [ESI + 0x7e0]","",""
"006afb3a","006afb10",".text","candidate","006afb3a","MOV","8944245C","MOV dword ptr [ESP + 0x5c],EAX","","00871238:DATA|00871798:DATA|00871a60:DATA|006cf6a9:UNCONDITIONAL_CALL|006ce270:UNCONDITIONAL_CALL"
"006afb3a","006afb10",".text","after","006afb3e","MOV","8B4614","MOV EAX,dword ptr [ESI + 0x14]","",""
"006afb3a","006afb10",".text","after","006afb41","ADD","83C010","ADD EAX,0x10","",""
"006afb3a","006afb10",".text","after","006afb44","CMP","66817E22B001","CMP word ptr [ESI + 0x22],0x1b0","",""
"006afb3a","006afb10",".text","after","006afb4a","MOV","C78424B800000000000000","MOV dword ptr [ESP + 0xb8],0x0","",""
"006afb84","006afb10",".text","before","006afb79","FLD","D94648","FLD float ptr [ESI + 0x48]","",""
"006afb84","006afb10",".text","before","006afb7c","PUSH","57","PUSH EDI","",""
"006afb84","006afb10",".text","before","006afb7d","FMUL","D84804","FMUL float ptr [EAX + 0x4]","",""
"006afb84","006afb10",".text","before","006afb80","MOV","894C2458","MOV dword ptr [ESP + 0x58],ECX","",""
"006afb84","006afb10",".text","candidate","006afb84","MOV","8954245C","MOV dword ptr [ESP + 0x5c],EDX","","00871238:DATA|00871798:DATA|00871a60:DATA|006cf6a9:UNCONDITIONAL_CALL|006ce270:UNCONDITIONAL_CALL"
"006afb84","006afb10",".text","after","006afb88","MOV","C744241401000000","MOV dword ptr [ESP + 0x14],0x1","",""
"006afb84","006afb10",".text","after","006afb90","FADDP","DEC1","FADDP","",""
"006afb84","006afb10",".text","after","006afb92","FLD","D94644","FLD float ptr [ESI + 0x44]","",""
"006afb84","006afb10",".text","after","006afb95","FMUL","D808","FMUL float ptr [EAX]","",""
"006b030f","006afb10",".text","before","006b02fb","MOV","8B8E30060000","MOV ECX,dword ptr [ESI + 0x630]","",""
"006b030f","006afb10",".text","before","006b0301","MOV","89542454","MOV dword ptr [ESP + 0x54],EDX","",""
"006b030f","006afb10",".text","before","006b0305","MOV","8B9640060000","MOV EDX,dword ptr [ESI + 0x640]","",""
"006b030f","006afb10",".text","before","006b030b","MOV","89442458","MOV dword ptr [ESP + 0x58],EAX","",""
"006b030f","006afb10",".text","candidate","006b030f","MOV","894C245C","MOV dword ptr [ESP + 0x5c],ECX","","00871238:DATA|00871798:DATA|00871a60:DATA|006cf6a9:UNCONDITIONAL_CALL|006ce270:UNCONDITIONAL_CALL"
"006b030f","006afb10",".text","after","006b0313","MOV","89542460","MOV dword ptr [ESP + 0x60],EDX","",""
"006b030f","006afb10",".text","after","006b0317","JMP","EB5D","JMP 0x006b0376","",""
"006b030f","006afb10",".text","after","006b0319","CMP","83FF01","CMP EDI,0x1","",""
"006b030f","006afb10",".text","after","006b031c","JNZ","0F8501010000","JNZ 0x006b0423","",""
"006b0342","006afb10",".text","before","006b032e","MOV","8B9634060000","MOV EDX,dword ptr [ESI + 0x634]","",""
"006b0342","006afb10",".text","before","006b0334","MOV","89442454","MOV dword ptr [ESP + 0x54],EAX","",""
"006b0342","006afb10",".text","before","006b0338","MOV","8B863C060000","MOV EAX,dword ptr [ESI + 0x63c]","",""
"006b0342","006afb10",".text","before","006b033e","MOV","894C2458","MOV dword ptr [ESP + 0x58],ECX","",""
"006b0342","006afb10",".text","candidate","006b0342","MOV","8954245C","MOV dword ptr [ESP + 0x5c],EDX","","00871238:DATA|00871798:DATA|00871a60:DATA|006cf6a9:UNCONDITIONAL_CALL|006ce270:UNCONDITIONAL_CALL"
"006b0342","006afb10",".text","after","006b0346","MOV","89442460","MOV dword ptr [ESP + 0x60],EAX","",""
"006b0342","006afb10",".text","after","006b034a","MOV","C78424AC00000005000000","MOV dword ptr [ESP + 0xac],0x5","",""
"006b0342","006afb10",".text","after","006b0355","MOV","C78424B000000006000000","MOV dword ptr [ESP + 0xb0],0x6","",""
"006b0342","006afb10",".text","after","006b0360","MOV","C78424B400000009000000","MOV dword ptr [ESP + 0xb4],0x9","",""
"006b4193","006b3f70",".text","before","006b4185","MOV","8B5004","MOV EDX,dword ptr [EAX + 0x4]","",""
"006b4193","006b3f70",".text","before","006b4188","MOV","8B4C242C","MOV ECX,dword ptr [ESP + 0x2c]","",""
"006b4193","006b3f70",".text","before","006b418c","MOV","89542458","MOV dword ptr [ESP + 0x58],EDX","",""
"006b4193","006b3f70",".text","before","006b4190","MOV","8B4008","MOV EAX,dword ptr [EAX + 0x8]","",""
"006b4193","006b3f70",".text","candidate","006b4193","MOV","8944245C","MOV dword ptr [ESP + 0x5c],EAX","","006b47ca:UNCONDITIONAL_CALL"
"006b4193","006b3f70",".text","after","006b4197","FLD","D94640","FLD float ptr [ESI + 0x40]","",""
"006b4193","006b3f70",".text","after","006b419a","FMUL","D80D848C8500","FMUL float ptr [0x00858c84]","",""
"006b4193","006b3f70",".text","after","006b41a0","PUSH","51","PUSH ECX","",""
"006b4193","006b3f70",".text","after","006b41a1","LEA","8D542458","LEA EDX,[ESP + 0x58]","",""
"006b6654","006b6620",".text","before","006b664a","MOV","8B561C","MOV EDX,dword ptr [ESI + 0x1c]","",""
"006b6654","006b6620",".text","before","006b664d","AND","83E2EF","AND EDX,0xffffffef","",""
"006b6654","006b6620",".text","before","006b6650","XOR","33DB","XOR EBX,EBX","",""
"006b6654","006b6620",".text","before","006b6652","MOV","8BCE","MOV ECX,ESI","",""
"006b6654","006b6620",".text","candidate","006b6654","MOV","895C245C","MOV dword ptr [ESP + 0x5c],EBX","","008713bc:DATA|00871584:DATA"
"006b6654","006b6620",".text","after","006b6658","MOV","89561C","MOV dword ptr [ESI + 0x1c],EDX","",""
"006b6654","006b6620",".text","after","006b665b","CALL","E850CDE8FF","CALL 0x005433b0","",""
"006b6654","006b6620",".text","after","006b6660","MOV","8B4E40","MOV ECX,dword ptr [ESI + 0x40]","",""
"006b6654","006b6620",".text","after","006b6663","MOV","A184128700","MOV EAX,[0x00871284]","",""
"006b6715","006b6620",".text","before","006b6708","AND","83E0EF","AND EAX,0xffffffef","",""
"006b6715","006b6620",".text","before","006b670b","OR","83C820","OR EAX,0x20","",""
"006b6715","006b6620",".text","before","006b670e","LEA","8D4C240C","LEA ECX,[ESP + 0xc]","",""
"006b6715","006b6620",".text","before","006b6712","MOV","89461C","MOV dword ptr [ESI + 0x1c],EAX","",""
"006b6715","006b6620",".text","candidate","006b6715","MOV","C744245CFFFFFFFF","MOV dword ptr [ESP + 0x5c],0xffffffff","","008713bc:DATA|00871584:DATA"
"006b6715","006b6620",".text","after","006b671d","CALL","E8AE45EEFF","CALL 0x0059acd0","",""
"006b6715","006b6620",".text","after","006b6722","MOV","8B4C2454","MOV ECX,dword ptr [ESP + 0x54]","",""
"006b6715","006b6620",".text","after","006b6726","POP","5F","POP EDI","",""
"006b6715","006b6620",".text","after","006b6727","POP","5E","POP ESI","",""
"006b717c","006b7156",".text","before","006b7171","XOR","33C0","XOR EAX,EAX","",""
"006b717c","006b7156",".text","before","006b7173","CMP","3AC8","CMP CL,AL","",""
"006b717c","006b7156",".text","before","006b7175","JNZ","0F85E4000000","JNZ 0x006b725f","",""
"006b717c","006b7156",".text","before","006b717b","PUSH","57","PUSH EDI","",""
"006b717c","006b7156",".text","candidate","006b717c","MOV","8944245C","MOV dword ptr [ESP + 0x5c],EAX","","00401a02:UNCONDITIONAL_CALL"
"006b717c","006b7156",".text","after","006b7180","MOV","89442460","MOV dword ptr [ESP + 0x60],EAX","",""
"006b717c","006b7156",".text","after","006b7184","FLD","D98648060000","FLD float ptr [ESI + 0x648]","",""
"006b717c","006b7156",".text","after","006b718a","FABS","D9E1","FABS","",""
"006b717c","006b7156",".text","after","006b718c","PUSH","51","PUSH ECX","",""
"006b83e7","006b8200",".text","before","006b83d7","MOV","8B4A04","MOV ECX,dword ptr [EDX + 0x4]","",""
"006b83e7","006b8200",".text","before","006b83da","FLD","D944244C","FLD float ptr [ESP + 0x4c]","",""
"006b83e7","006b8200",".text","before","006b83de","FMUL","D80D88148700","FMUL float ptr [0x00871488]","",""
"006b83e7","006b8200",".text","before","006b83e4","MOV","8B5208","MOV EDX,dword ptr [EDX + 0x8]","",""
"006b83e7","006b8200",".text","candidate","006b83e7","MOV","894C245C","MOV dword ptr [ESP + 0x5c],ECX","","00403c93:UNCONDITIONAL_CALL"
"006b83e7","006b8200",".text","after","006b83eb","MOV","89542460","MOV dword ptr [ESP + 0x60],EDX","",""
"006b83e7","006b8200",".text","after","006b83ef","FSTP","D99C248C000000","FSTP float ptr [ESP + 0x8c]","",""
"006b83e7","006b8200",".text","after","006b83f6","PUSH","6A16","PUSH 0x16","",""
"006b83e7","006b8200",".text","after","006b83f8","PUSH","56","PUSH ESI","",""
"006bdc9a","006bd090",".text","before","006bdc8a","MOV","8B442418","MOV EAX,dword ptr [ESP + 0x18]","",""
"006bdc9a","006bd090",".text","before","006bdc8e","MOV","894C2460","MOV dword ptr [ESP + 0x60],ECX","",""
"006bdc9a","006bd090",".text","before","006bdc92","LEA","8D4C2428","LEA ECX,[ESP + 0x28]","",""
"006bdc9a","006bd090",".text","before","006bdc96","MOV","89542458","MOV dword ptr [ESP + 0x58],EDX","",""
"006bdc9a","006bd090",".text","candidate","006bdc9a","MOV","8944245C","MOV dword ptr [ESP + 0x5c],EAX","","008713a4:DATA"
"006bdc9a","006bd090",".text","after","006bdc9e","CALL","E80DDFEDFF","CALL 0x0059bbb0","",""
"006bdc9a","006bd090",".text","after","006bdca3","MOV","8B96B4050000","MOV EDX,dword ptr [ESI + 0x5b4]","",""
"006bdc9a","006bd090",".text","after","006bdca9","PUSH","55","PUSH EBP","",""
"006bdc9a","006bd090",".text","after","006bdcaa","ADD","83C210","ADD EDX,0x10","",""
"006c2f55","006c2b90",".text","before","006c2f4a","MOV","8B4E08","MOV ECX,dword ptr [ESI + 0x8]","",""
"006c2f55","006c2b90",".text","before","006c2f4d","MOV","8B542428","MOV EDX,dword ptr [ESP + 0x28]","",""
"006c2f55","006c2b90",".text","before","006c2f51","POP","5F","POP EDI","",""
"006c2f55","006c2b90",".text","before","006c2f52","MOV","895E58","MOV dword ptr [ESI + 0x58],EBX","",""
"006c2f55","006c2b90",".text","candidate","006c2f55","MOV","895E5C","MOV dword ptr [ESI + 0x5c],EBX","","006c3f4e:UNCONDITIONAL_CALL|006c3096:UNCONDITIONAL_CALL"
"006c2f55","006c2b90",".text","after","006c2f58","MOV","894E60","MOV dword ptr [ESI + 0x60],ECX","",""
"006c2f55","006c2b90",".text","after","006c2f5b","MOV","89566C","MOV dword ptr [ESI + 0x6c],EDX","",""
"006c2f55","006c2b90",".text","after","006c2f5e","POP","5E","POP ESI","",""
"006c2f55","006c2b90",".text","after","006c2f5f","POP","5D","POP EBP","",""
"006c7e92","",".text","before","006c7e7a","CALL","E8D12CFEFF","CALL 0x006aab50","",""
"006c7e92","",".text","before","006c7e7f","MOVSX","0FBF4E22","MOVSX ECX,word ptr [ESI + 0x22]","",""
"006c7e92","",".text","before","006c7e83","MOV","8B3C8DC8B0A900","MOV EDI,dword ptr [ECX*0x4 + 0xa9b0c8]","",""
"006c7e92","",".text","before","006c7e8a","MOV","C744245800000000","MOV dword ptr [ESP + 0x58],0x0","",""
"006c7e92","",".text","candidate","006c7e92","MOV","C744245C00000000","MOV dword ptr [ESP + 0x5c],0x0","",""
"006c7e92","",".text","after","006c7e9a","PUSH","6A00","PUSH 0x0","",""
"006c7e92","",".text","after","006c7e9c","LEA","8D542410","LEA EDX,[ESP + 0x10]","",""
"006c7e92","",".text","after","006c7ea0","PUSH","52","PUSH EDX","",""
"006c7e92","",".text","after","006c7ea1","PUSH","6A00","PUSH 0x0","",""
"006c85e2","",".text","before","006c85d1","FLD","D98784070000","FLD float ptr [EDI + 0x784]","",""
"006c85e2","",".text","before","006c85d7","FSUB","D86008","FSUB float ptr [EAX + 0x8]","",""
"006c85e2","",".text","before","006c85da","MOV","8B442424","MOV EAX,dword ptr [ESP + 0x24]","",""
"006c85e2","",".text","before","006c85de","MOV","89542458","MOV dword ptr [ESP + 0x58],EDX","",""
"006c85e2","",".text","candidate","006c85e2","MOV","8944245C","MOV dword ptr [ESP + 0x5c],EAX","",""
"006c85e2","",".text","after","006c85e6","FSTP","D95C2428","FSTP float ptr [ESP + 0x28]","",""
"006c85e2","",".text","after","006c85ea","MOV","8B542428","MOV EDX,dword ptr [ESP + 0x28]","",""
"006c85e2","",".text","after","006c85ee","MOV","89542460","MOV dword ptr [ESP + 0x60],EDX","",""
"006c85e2","",".text","after","006c85f2","JMP","EB30","JMP 0x006c8624","",""
"006c861c","",".text","before","006c8608","MOV","8B542414","MOV EDX,dword ptr [ESP + 0x14]","",""
"006c861c","",".text","before","006c860c","MOV","C744241800000000","MOV dword ptr [ESP + 0x18],0x0","",""
"006c861c","",".text","before","006c8614","MOV","89442458","MOV dword ptr [ESP + 0x58],EAX","",""
"006c861c","",".text","before","006c8618","MOV","8B442418","MOV EAX,dword ptr [ESP + 0x18]","",""
"006c861c","",".text","candidate","006c861c","MOV","8954245C","MOV dword ptr [ESP + 0x5c],EDX","",""
"006c861c","",".text","after","006c8620","MOV","89442460","MOV dword ptr [ESP + 0x60],EAX","",""
"006c861c","",".text","after","006c8624","FLD","D94120","FLD float ptr [ECX + 0x20]","",""
"006c861c","",".text","after","006c8627","FMUL","D80D1C8C8500","FMUL float ptr [0x00858c1c]","",""
"006c861c","",".text","after","006c862d","FSTP","D95C242C","FSTP float ptr [ESP + 0x2c]","",""
"006ca7d8","006ca63e",".text","before","006ca7c7","MOV","89442458","MOV dword ptr [ESP + 0x58],EAX","",""
"006ca7d8","006ca63e",".text","before","006ca7cb","FLD","D9442458","FLD float ptr [ESP + 0x58]","",""
"006ca7d8","006ca63e",".text","before","006ca7cf","MOV","8B4A04","MOV ECX,dword ptr [EDX + 0x4]","",""
"006ca7d8","006ca63e",".text","before","006ca7d2","FSUB","D8251C8B8500","FSUB float ptr [0x00858b1c]","",""
"006ca7d8","006ca63e",".text","candidate","006ca7d8","MOV","894C245C","MOV dword ptr [ESP + 0x5c],ECX","","00407ec1:UNCONDITIONAL_CALL"
"006ca7d8","006ca63e",".text","after","006ca7dc","MOV","8B5208","MOV EDX,dword ptr [EDX + 0x8]","",""
"006ca7d8","006ca63e",".text","after","006ca7df","MOV","8944243C","MOV dword ptr [ESP + 0x3c],EAX","",""
"006ca7d8","006ca63e",".text","after","006ca7e3","FSTP","D95C243C","FSTP float ptr [ESP + 0x3c]","",""
"006ca7d8","006ca63e",".text","after","006ca7e7","LEA","8D442458","LEA EAX,[ESP + 0x58]","",""
"006cbf17","",".text","before","006cbf09","MOV","8B4008","MOV EAX,dword ptr [EAX + 0x8]","",""
"006cbf17","",".text","before","006cbf0c","PUSH","6A00","PUSH 0x0","",""
"006cbf17","",".text","before","006cbf0e","PUSH","6A00","PUSH 0x0","",""
"006cbf17","",".text","before","006cbf10","LEA","8D8C249C000000","LEA ECX,[ESP + 0x9c]","",""
"006cbf17","",".text","candidate","006cbf17","MOV","8944245C","MOV dword ptr [ESP + 0x5c],EAX","",""
"006cbf17","",".text","after","006cbf1b","CALL","E870F3DDFF","CALL 0x004ab290","",""
"006cbf17","",".text","after","006cbf20","FLD","D94644","FLD float ptr [ESI + 0x44]","",""
"006cbf17","",".text","after","006cbf23","FMUL","D80D848C8500","FMUL float ptr [0x00858c84]","",""
"006cbf17","",".text","after","006cbf29","FLD","D94648","FLD float ptr [ESI + 0x48]","",""
"006cfafa","006cfac0",".text","before","006cfae5","MOV","8B0485C8B0A900","MOV EAX,dword ptr [EAX*0x4 + 0xa9b0c8]","",""
"006cfafa","006cfac0",".text","before","006cfaec","MOV","8B4014","MOV EAX,dword ptr [EAX + 0x14]","",""
"006cfafa","006cfac0",".text","before","006cfaef","MOV","8B782C","MOV EDI,dword ptr [EAX + 0x2c]","",""
"006cfafa","006cfac0",".text","before","006cfaf2","MOV","C744245800000000","MOV dword ptr [ESP + 0x58],0x0","",""
"006cfafa","006cfac0",".text","candidate","006cfafa","MOV","C744245C00000000","MOV dword ptr [ESP + 0x5c],0x0","","00871c6c:DATA"
"006cfafa","006cfac0",".text","after","006cfb02","MOV","8B8E98060000","MOV ECX,dword ptr [ESI + 0x698]","",""
"006cfafa","006cfac0",".text","after","006cfb08","TEST","85C9","TEST ECX,ECX","",""
"006cfafa","006cfac0",".text","after","006cfb0a","MOV","C744246800000000","MOV dword ptr [ESP + 0x68],0x0","",""
"006cfafa","006cfac0",".text","after","006cfb12","JZ","0F8429010000","JZ 0x006cfc41","",""
"006d7514","006d73b0",".text","before","006d7509","FNSTSW","DFE0","FNSTSW AX","",""
"006d7514","006d73b0",".text","before","006d750b","TEST","F6C405","TEST AH,0x5","",""
"006d7514","006d73b0",".text","before","006d750e","JP","7A0A","JP 0x006d751a","",""
"006d7514","006d73b0",".text","before","006d7510","MOV","8B4C2454","MOV ECX,dword ptr [ESP + 0x54]","",""
"006d7514","006d73b0",".text","candidate","006d7514","MOV","894C245C","MOV dword ptr [ESP + 0x5c],ECX","","006baf3d:UNCONDITIONAL_CALL|006bb4c1:UNCONDITIONAL_CALL|006bb855:UNCONDITIONAL_CALL"
"006d7514","006d73b0",".text","after","006d7518","JMP","EB0A","JMP 0x006d7524","",""
"006d7514","006d73b0",".text","after","006d751a","MOV","8B15CC348D00","MOV EDX,dword ptr [0x008d34cc]","",""
"006d7514","006d73b0",".text","after","006d7520","MOV","8954245C","MOV dword ptr [ESP + 0x5c],EDX","",""
"006d7514","006d73b0",".text","after","006d7524","FLD","D905C8348D00","FLD float ptr [0x008d34c8]","",""
"006d7520","006d73b0",".text","before","006d7510","MOV","8B4C2454","MOV ECX,dword ptr [ESP + 0x54]","",""
"006d7520","006d73b0",".text","before","006d7514","MOV","894C245C","MOV dword ptr [ESP + 0x5c],ECX","",""
"006d7520","006d73b0",".text","before","006d7518","JMP","EB0A","JMP 0x006d7524","",""
"006d7520","006d73b0",".text","before","006d751a","MOV","8B15CC348D00","MOV EDX,dword ptr [0x008d34cc]","",""
"006d7520","006d73b0",".text","candidate","006d7520","MOV","8954245C","MOV dword ptr [ESP + 0x5c],EDX","","006baf3d:UNCONDITIONAL_CALL|006bb4c1:UNCONDITIONAL_CALL|006bb855:UNCONDITIONAL_CALL"
"006d7520","006d73b0",".text","after","006d7524","FLD","D905C8348D00","FLD float ptr [0x008d34c8]","",""
"006d7520","006d73b0",".text","after","006d752a","MOV","A1C8348D00","MOV EAX,[0x008d34c8]","",""
"006d7520","006d73b0",".text","after","006d752f","FMUL","D80D1C8C8500","FMUL float ptr [0x00858c1c]","",""
"006d7520","006d73b0",".text","after","006d7535","MOV","89842484000000","MOV dword ptr [ESP + 0x84],EAX","",""
"006db0d6","006daf07",".text","before","006db0c5","MOV","894C2458","MOV dword ptr [ESP + 0x58],ECX","",""
"006db0d6","006daf07",".text","before","006db0c9","MOV","8B5004","MOV EDX,dword ptr [EAX + 0x4]","",""
"006db0d6","006daf07",".text","before","006db0cc","MOV","8B8C249C010000","MOV ECX,dword ptr [ESP + 0x19c]","",""
"006db0d6","006daf07",".text","before","006db0d3","ADD","83C118","ADD ECX,0x18","",""
"006db0d6","006daf07",".text","candidate","006db0d6","MOV","8954245C","MOV dword ptr [ESP + 0x5c],EDX","","0040159b:UNCONDITIONAL_CALL"
"006db0d6","006daf07",".text","after","006db0da","MOV","8B4008","MOV EAX,dword ptr [EAX + 0x8]","",""
"006db0d6","006daf07",".text","after","006db0dd","MOV","8B11","MOV EDX,dword ptr [ECX]","",""
"006db0d6","006daf07",".text","after","006db0df","MOV","89442460","MOV dword ptr [ESP + 0x60],EAX","",""
"006db0d6","006daf07",".text","after","006db0e3","MOV","8B4104","MOV EAX,dword ptr [ECX + 0x4]","",""
"006dbb8a","006dba36",".text","before","006dbb79","FADD","D8442408","FADD float ptr [ESP + 0x8]","",""
"006dbb8a","006dba36",".text","before","006dbb7d","FSTP","D95C2444","FSTP float ptr [ESP + 0x44]","",""
"006dbb8a","006dba36",".text","before","006dbb81","CALL","E82A00ECFF","CALL 0x0059bbb0","",""
"006dbb8a","006dba36",".text","before","006dbb86","LEA","8D4C240C","LEA ECX,[ESP + 0xc]","",""
"006dbb8a","006dba36",".text","candidate","006dbb8a","MOV","C744245CFFFFFFFF","MOV dword ptr [ESP + 0x5c],0xffffffff","","0040390d:UNCONDITIONAL_CALL"
"006dbb8a","006dba36",".text","after","006dbb92","CALL","E839F1EBFF","CALL 0x0059acd0","",""
"006dbb8a","006dba36",".text","after","006dbb97","MOV","8B4C2454","MOV ECX,dword ptr [ESP + 0x54]","",""
"006dbb8a","006dba36",".text","after","006dbb9b","MOV","64890D00000000","MOV dword ptr FS:[0x0],ECX","",""
"006dbb8a","006dba36",".text","after","006dbba2","ADD","83C460","ADD ESP,0x60","",""
"006dbcb8","006dbbb0",".text","before","006dbca7","FADD","D8442408","FADD float ptr [ESP + 0x8]","",""
"006dbcb8","006dbbb0",".text","before","006dbcab","FSTP","D95C2444","FSTP float ptr [ESP + 0x44]","",""
"006dbcb8","006dbbb0",".text","before","006dbcaf","CALL","E8FCFEEBFF","CALL 0x0059bbb0","",""
"006dbcb8","006dbbb0",".text","before","006dbcb4","LEA","8D4C240C","LEA ECX,[ESP + 0xc]","",""
"006dbcb8","006dbbb0",".text","candidate","006dbcb8","MOV","C744245CFFFFFFFF","MOV dword ptr [ESP + 0x5c],0xffffffff","","006ceb59:UNCONDITIONAL_CALL|006ac402:UNCONDITIONAL_CALL|006acc3f:UNCONDITIONAL_CALL|006acc86:UNCONDITIONAL_CALL|006c7ee4:UNCONDITIONAL_CALL|006c7f2b:UNCONDITIONAL_CALL"
"006dbcb8","006dbbb0",".text","after","006dbcc0","CALL","E80BF0EBFF","CALL 0x0059acd0","",""
"006dbcb8","006dbbb0",".text","after","006dbcc5","MOV","8B4C2454","MOV ECX,dword ptr [ESP + 0x54]","",""
"006dbcb8","006dbbb0",".text","after","006dbcc9","MOV","64890D00000000","MOV dword ptr FS:[0x0],ECX","",""
"006dbcb8","006dbbb0",".text","after","006dbcd0","ADD","83C460","ADD ESP,0x60","",""
"006dbf22","006dbce0",".text","before","006dbf10","MOV","8B154CC9C100","MOV EDX,dword ptr [0x00c1c94c]","",""
"006dbf22","006dbce0",".text","before","006dbf16","MOV","8B7C2460","MOV EDI,dword ptr [ESP + 0x60]","",""
"006dbf22","006dbce0",".text","before","006dbf1a","MOV","8B6C2464","MOV EBP,dword ptr [ESP + 0x64]","",""
"006dbf22","006dbce0",".text","before","006dbf1e","MOV","8B5C2468","MOV EBX,dword ptr [ESP + 0x68]","",""
"006dbf22","006dbce0",".text","candidate","006dbf22","MOV","8954245C","MOV dword ptr [ESP + 0x5c],EDX","","006b21ae:UNCONDITIONAL_CALL|006f1f56:UNCONDITIONAL_CALL"
"006dbf22","006dbce0",".text","after","006dbf26","JNZ","7561","JNZ 0x006dbf89","",""
"006dbf22","006dbce0",".text","after","006dbf28","MOV","8B4614","MOV EAX,dword ptr [ESI + 0x14]","",""
"006dbf22","006dbce0",".text","after","006dbf2b","FLD","D94028","FLD float ptr [EAX + 0x28]","",""
"006dbf22","006dbce0",".text","after","006dbf2e","FCOMP","D81D408F8500","FCOMP float ptr [0x00858f40]","",""
"006dd41c","006dd130",".text","before","006dd410","MOV","8B08","MOV ECX,dword ptr [EAX]","",""
"006dd41c","006dd130",".text","before","006dd412","MOV","8B5004","MOV EDX,dword ptr [EAX + 0x4]","",""
"006dd41c","006dd130",".text","before","006dd415","MOV","8B4008","MOV EAX,dword ptr [EAX + 0x8]","",""
"006dd41c","006dd130",".text","before","006dd418","MOV","894C2458","MOV dword ptr [ESP + 0x58],ECX","",""
"006dd41c","006dd130",".text","candidate","006dd41c","MOV","8954245C","MOV dword ptr [ESP + 0x5c],EDX","","006caaac:UNCONDITIONAL_CALL|006f173b:UNCONDITIONAL_CALL"
"006dd41c","006dd130",".text","after","006dd420","MOV","89442460","MOV dword ptr [ESP + 0x60],EAX","",""
"006dd41c","006dd130",".text","after","006dd424","MOV","C744240C3333333F","MOV dword ptr [ESP + 0xc],0x3f333333","",""
"006dd41c","006dd130",".text","after","006dd42c","JNZ","7512","JNZ 0x006dd440","",""
"006dd41c","006dd130",".text","after","006dd42e","MOV","8B0D78368D00","MOV ECX,dword ptr [0x008d3678]","",""
"006dd634","006dd130",".text","before","006dd623","MOV","89542450","MOV dword ptr [ESP + 0x50],EDX","",""
"006dd634","006dd130",".text","before","006dd627","MOV","8B4008","MOV EAX,dword ptr [EAX + 0x8]","",""
"006dd634","006dd130",".text","before","006dd62a","PUSH","683333333F","PUSH 0x3f333333","",""
"006dd634","006dd130",".text","before","006dd62f","PUSH","689A99993E","PUSH 0x3e99999a","",""
"006dd634","006dd130",".text","candidate","006dd634","MOV","8944245C","MOV dword ptr [ESP + 0x5c],EAX","","006caaac:UNCONDITIONAL_CALL|006f173b:UNCONDITIONAL_CALL"
"006dd634","006dd130",".text","after","006dd638","CALL","E853E7D3FF","CALL 0x0041bd90","",""
"006dd634","006dd130",".text","after","006dd63d","FSTP","D95C2410","FSTP float ptr [ESP + 0x10]","",""
"006dd634","006dd130",".text","after","006dd641","ADD","83C410","ADD ESP,0x10","",""
"006dd634","006dd130",".text","after","006dd644","LEA","8D4C2468","LEA ECX,[ESP + 0x68]","",""
"006e0e57","006e0e20",".text","before","006e0e49","MOV","894C2454","MOV dword ptr [ESP + 0x54],ECX","",""
"006e0e57","006e0e20",".text","before","006e0e4d","MOV","8B4A04","MOV ECX,dword ptr [EDX + 0x4]","",""
"006e0e57","006e0e20",".text","before","006e0e50","MOV","894C2458","MOV dword ptr [ESP + 0x58],ECX","",""
"006e0e57","006e0e20",".text","before","006e0e54","MOV","8B5208","MOV EDX,dword ptr [EDX + 0x8]","",""
"006e0e57","006e0e20",".text","candidate","006e0e57","MOV","8954245C","MOV dword ptr [ESP + 0x5c],EDX","","006a2eda:UNCONDITIONAL_CALL|006a2ef2:UNCONDITIONAL_CALL|006bde80:UNCONDITIONAL_CALL"
"006e0e57","006e0e20",".text","after","006e0e5b","JNZ","7537","JNZ 0x006e0e94","",""
"006e0e57","006e0e20",".text","after","006e0e5d","FLD","D9442454","FLD float ptr [ESP + 0x54]","",""
"006e0e57","006e0e20",".text","after","006e0e61","FCOMP","D81D508B8500","FCOMP float ptr [0x00858b50]","",""
"006e0e57","006e0e20",".text","after","006e0e67","FNSTSW","DFE0","FNSTSW AX","",""
"006e31c9","006e2e50",".text","before","006e31b9","LEA","8D34B5B892B900","LEA ESI,[ESI*0x4 + 0xb992b8]","",""
"006e31c9","006e2e50",".text","before","006e31c0","CALL","E83B7DFFFF","CALL 0x006daf00","",""
"006e31c9","006e2e50",".text","before","006e31c5","TEST","84C0","TEST AL,AL","",""
"006e31c9","006e2e50",".text","before","006e31c7","JZ","7405","JZ 0x006e31ce","",""
"006e31c9","006e2e50",".text","candidate","006e31c9","MOV","C644245C01","MOV byte ptr [ESP + 0x5c],0x1","","006c5135:UNCONDITIONAL_CALL"
"006e31c9","006e2e50",".text","after","006e31ce","MOV","8B542464","MOV EDX,dword ptr [ESP + 0x64]","",""
"006e31c9","006e2e50",".text","after","006e31d2","PUSH","52","PUSH EDX","",""
"006e31c9","006e2e50",".text","after","006e31d3","PUSH","53","PUSH EBX","",""
"006e31c9","006e2e50",".text","after","006e31d4","PUSH","57","PUSH EDI","",""
"006e31e6","006e2e50",".text","before","006e31db","MOV","8BCD","MOV ECX,EBP","",""
"006e31e6","006e2e50",".text","before","006e31dd","CALL","E81E7DFFFF","CALL 0x006daf00","",""
"006e31e6","006e2e50",".text","before","006e31e2","TEST","84C0","TEST AL,AL","",""
"006e31e6","006e2e50",".text","before","006e31e4","JZ","7405","JZ 0x006e31eb","",""
"006e31e6","006e2e50",".text","candidate","006e31e6","MOV","C644245C01","MOV byte ptr [ESP + 0x5c],0x1","","006c5135:UNCONDITIONAL_CALL"
"006e31e6","006e2e50",".text","after","006e31eb","PUSH","6A00","PUSH 0x0","",""
"006e31e6","006e2e50",".text","after","006e31ed","PUSH","53","PUSH EBX","",""
"006e31e6","006e2e50",".text","after","006e31ee","PUSH","57","PUSH EDI","",""
"006e31e6","006e2e50",".text","after","006e31ef","PUSH","6838CDC100","PUSH 0xc1cd38","",""
"006e3203","006e2e50",".text","before","006e31f8","MOV","8BCD","MOV ECX,EBP","",""
"006e3203","006e2e50",".text","before","006e31fa","CALL","E8017DFFFF","CALL 0x006daf00","",""
"006e3203","006e2e50",".text","before","006e31ff","TEST","84C0","TEST AL,AL","",""
"006e3203","006e2e50",".text","before","006e3201","JZ","7405","JZ 0x006e3208","",""
"006e3203","006e2e50",".text","candidate","006e3203","MOV","C644245C01","MOV byte ptr [ESP + 0x5c],0x1","","006c5135:UNCONDITIONAL_CALL"
"006e3203","006e2e50",".text","after","006e3208","MOV","8B4C2464","MOV ECX,dword ptr [ESP + 0x64]","",""
"006e3203","006e2e50",".text","after","006e320c","PUSH","51","PUSH ECX","",""
"006e3203","006e2e50",".text","after","006e320d","PUSH","53","PUSH EBX","",""
"006e3203","006e2e50",".text","after","006e320e","PUSH","57","PUSH EDI","",""
"006e3223","006e2e50",".text","before","006e3218","MOV","8BCD","MOV ECX,EBP","",""
"006e3223","006e2e50",".text","before","006e321a","CALL","E8E17CFFFF","CALL 0x006daf00","",""
"006e3223","006e2e50",".text","before","006e321f","TEST","84C0","TEST AL,AL","",""
"006e3223","006e2e50",".text","before","006e3221","JZ","7405","JZ 0x006e3228","",""
"006e3223","006e2e50",".text","candidate","006e3223","MOV","C644245C01","MOV byte ptr [ESP + 0x5c],0x1","","006c5135:UNCONDITIONAL_CALL"
"006e3223","006e2e50",".text","after","006e3228","MOV","8B442460","MOV EAX,dword ptr [ESP + 0x60]","",""
"006e3223","006e2e50",".text","after","006e322c","MOV","8B4C2458","MOV ECX,dword ptr [ESP + 0x58]","",""
"006e3223","006e2e50",".text","after","006e3230","INC","40","INC EAX","",""
"006e3223","006e2e50",".text","after","006e3231","CMP","3BC1","CMP EAX,ECX","",""
"006e4258","006e4160",".text","before","006e424a","CALL","E891DCEBFF","CALL 0x005a1ee0","",""
"006e4258","006e4160",".text","before","006e424f","ADD","83C404","ADD ESP,0x4","",""
"006e4258","006e4160",".text","before","006e4252","MOV","89442470","MOV dword ptr [ESP + 0x70],EAX","",""
"006e4258","006e4160",".text","before","006e4256","TEST","85C0","TEST EAX,EAX","",""
"006e4258","006e4160",".text","candidate","006e4258","MOV","C744245C00000000","MOV dword ptr [ESP + 0x5c],0x0","","006e5128:UNCONDITIONAL_CALL"
"006e4258","006e4160",".text","after","006e4260","JZ","7413","JZ 0x006e4275","",""
"006e4258","006e4160",".text","after","006e4262","MOV","8B542428","MOV EDX,dword ptr [ESP + 0x28]","",""
"006e4258","006e4160",".text","after","006e4266","MOVZX","0FB70A","MOVZX ECX,word ptr [EDX]","",""
"006e4258","006e4160",".text","after","006e4269","PUSH","6A00","PUSH 0x0","",""
"006e4289","006e4160",".text","before","006e427a","MOV","8B159C44B700","MOV EDX,dword ptr [0x00b7449c]","",""
"006e4289","006e4160",".text","before","006e4280","MOV","C6421100","MOV byte ptr [EDX + 0x11],0x0","",""
"006e4289","006e4160",".text","before","006e4284","MOV","8B4508","MOV EAX,dword ptr [EBP + 0x8]","",""
"006e4289","006e4160",".text","before","006e4287","TEST","85C0","TEST EAX,EAX","",""
"006e4289","006e4160",".text","candidate","006e4289","MOV","C744245CFFFFFFFF","MOV dword ptr [ESP + 0x5c],0xffffffff","","006e5128:UNCONDITIONAL_CALL"
"006e4289","006e4160",".text","after","006e4291","JZ","0F845C020000","JZ 0x006e44f3","",""
"006e4289","006e4160",".text","after","006e4297","MOV","8A0D1429B700","MOV CL,byte ptr [0x00b72914]","",""
"006e4289","006e4160",".text","after","006e429d","MOV","88482F","MOV byte ptr [EAX + 0x2f],CL","",""
"006e4289","006e4160",".text","after","006e42a0","MOV","8B4D08","MOV ECX,dword ptr [EBP + 0x8]","",""
"006e6d8e","006e6d10",".text","before","006e6d7d","FSTP","D95C244C","FSTP float ptr [ESP + 0x4c]","",""
"006e6d8e","006e6d10",".text","before","006e6d81","FLD","D9C0","FLD ST0","",""
"006e6d8e","006e6d10",".text","before","006e6d83","FMUL","D8486C","FMUL float ptr [EAX + 0x6c]","",""
"006e6d8e","006e6d10",".text","before","006e6d86","MOV","C744245800000000","MOV dword ptr [ESP + 0x58],0x0","",""
"006e6d8e","006e6d10",".text","candidate","006e6d8e","MOV","C744245C00000000","MOV dword ptr [ESP + 0x5c],0x0","","006eb71d:UNCONDITIONAL_CALL"
"006e6d8e","006e6d10",".text","after","006e6d96","MOV","C744246000000000","MOV dword ptr [ESP + 0x60],0x0","",""
"006e6d8e","006e6d10",".text","after","006e6d9e","FCHS","D9E0","FCHS","",""
"006e6d8e","006e6d10",".text","after","006e6da0","FSTP","D95C2450","FSTP float ptr [ESP + 0x50]","",""
"006e6d8e","006e6d10",".text","after","006e6da4","FSTP","D95C2454","FSTP float ptr [ESP + 0x54]","",""
"006e894c","006e8780",".text","before","006e893b","MOV","89442460","MOV dword ptr [ESP + 0x60],EAX","",""
"006e894c","006e8780",".text","before","006e893f","MOV","8B8424F0000000","MOV EAX,dword ptr [ESP + 0xf0]","",""
"006e894c","006e8780",".text","before","006e8946","SUB","2BC7","SUB EAX,EDI","",""
"006e894c","006e8780",".text","before","006e8948","FSTP","D95C244C","FSTP float ptr [ESP + 0x4c]","",""
"006e894c","006e8780",".text","candidate","006e894c","MOV","894C245C","MOV dword ptr [ESP + 0x5c],ECX","","006edf43:UNCONDITIONAL_CALL|006edfdf:UNCONDITIONAL_CALL"
"006e894c","006e8780",".text","after","006e8950","MOV","89542450","MOV dword ptr [ESP + 0x50],EDX","",""
"006e894c","006e8780",".text","after","006e8954","FSTP","DDD8","FSTP ST0","",""
"006e894c","006e8780",".text","after","006e8956","JZ","7429","JZ 0x006e8981","",""
"006e894c","006e8780",".text","after","006e8958","DEC","48","DEC EAX","",""
"006e9238","006e91d0",".text","before","006e9220","FSTP","D95C2424","FSTP float ptr [ESP + 0x24]","",""
"006e9238","006e91d0",".text","before","006e9224","FILD","DB842438010000","FILD dword ptr [ESP + 0x138]","",""
"006e9238","006e91d0",".text","before","006e922b","FDIVR","D83D24868500","FDIVR float ptr [0x00858624]","",""
"006e9238","006e91d0",".text","before","006e9231","MOV","89842498000000","MOV dword ptr [ESP + 0x98],EAX","",""
"006e9238","006e91d0",".text","candidate","006e9238","MOV","8954245C","MOV dword ptr [ESP + 0x5c],EDX","","006eba1d:UNCONDITIONAL_CALL|006ebaf8:UNCONDITIONAL_CALL"
"006e9238","006e91d0",".text","after","006e923c","MOV","8B9424E0000000","MOV EDX,dword ptr [ESP + 0xe0]","",""
"006e9238","006e91d0",".text","after","006e9243","MOV","8BC5","MOV EAX,EBP","",""
"006e9238","006e91d0",".text","after","006e9245","SUB","2BC2","SUB EAX,EDX","",""
"006e9238","006e91d0",".text","after","006e9247","CDQ","99","CDQ","",""
"006e929d","006e91d0",".text","before","006e9287","FSTP","D95C2468","FSTP float ptr [ESP + 0x68]","",""
"006e929d","006e91d0",".text","before","006e928b","FLD","D98424FC000000","FLD float ptr [ESP + 0xfc]","",""
"006e929d","006e91d0",".text","before","006e9292","FSUB","D8A424EC000000","FSUB float ptr [ESP + 0xec]","",""
"006e929d","006e91d0",".text","before","006e9299","FMUL","D84C2424","FMUL float ptr [ESP + 0x24]","",""
"006e929d","006e91d0",".text","candidate","006e929d","MOV","8944245C","MOV dword ptr [ESP + 0x5c],EAX","","006eba1d:UNCONDITIONAL_CALL|006ebaf8:UNCONDITIONAL_CALL"
"006e929d","006e91d0",".text","after","006e92a1","MOV","8B8424EC000000","MOV EAX,dword ptr [ESP + 0xec]","",""
"006e929d","006e91d0",".text","after","006e92a8","MOV","8944247C","MOV dword ptr [ESP + 0x7c],EAX","",""
"006e929d","006e91d0",".text","after","006e92ac","FSTP","D99C249C000000","FSTP float ptr [ESP + 0x9c]","",""
"006e929d","006e91d0",".text","after","006e92b3","MOV","8BC7","MOV EAX,EDI","",""
"006ed229","006ecf0a",".text","before","006ed214","MOV","8B8C24EC000000","MOV ECX,dword ptr [ESP + 0xec]","",""
"006ed229","006ecf0a",".text","before","006ed21b","MOV","898424A8000000","MOV dword ptr [ESP + 0xa8],EAX","",""
"006ed229","006ecf0a",".text","before","006ed222","MOV","8B442464","MOV EAX,dword ptr [ESP + 0x64]","",""
"006ed229","006ecf0a",".text","before","006ed226","ADD","83C440","ADD ESP,0x40","",""
"006ed229","006ecf0a",".text","candidate","006ed229","MOV","894C245C","MOV dword ptr [ESP + 0x5c],ECX","","00404ca7:UNCONDITIONAL_CALL"
"006ed229","006ecf0a",".text","after","006ed22d","MOV","8B4C2468","MOV ECX,dword ptr [ESP + 0x68]","",""
"006ed229","006ecf0a",".text","after","006ed231","MOV","8BD4","MOV EDX,ESP","",""
"006ed229","006ecf0a",".text","after","006ed233","MOV","89442458","MOV dword ptr [ESP + 0x58],EAX","",""
"006ed229","006ecf0a",".text","after","006ed237","MOV","8B442464","MOV EAX,dword ptr [ESP + 0x64]","",""
"006ed629","006ecf0a",".text","before","006ed611","MOV","89842494000000","MOV dword ptr [ESP + 0x94],EAX","",""
"006ed629","006ecf0a",".text","before","006ed618","MOV","898C2498000000","MOV dword ptr [ESP + 0x98],ECX","",""
"006ed629","006ecf0a",".text","before","006ed61f","MOV","8B8C24A4000000","MOV ECX,dword ptr [ESP + 0xa4]","",""
"006ed629","006ecf0a",".text","before","006ed626","ADD","83C440","ADD ESP,0x40","",""
"006ed629","006ecf0a",".text","candidate","006ed629","MOV","8954245C","MOV dword ptr [ESP + 0x5c],EDX","","00404ca7:UNCONDITIONAL_CALL"
"006ed629","006ecf0a",".text","after","006ed62d","MOV","8B542468","MOV EDX,dword ptr [ESP + 0x68]","",""
"006ed629","006ecf0a",".text","after","006ed631","MOV","8BC4","MOV EAX,ESP","",""
"006ed629","006ecf0a",".text","after","006ed633","MOV","8908","MOV dword ptr [EAX],ECX","",""
"006ed629","006ecf0a",".text","after","006ed635","MOV","8B4C246C","MOV ECX,dword ptr [ESP + 0x6c]","",""
"006eff08","006ef673",".text","before","006efefc","MOV","8B542448","MOV EDX,dword ptr [ESP + 0x48]","",""
"006eff08","006ef673",".text","before","006eff00","MOV","89510C","MOV dword ptr [ECX + 0xc],EDX","",""
"006eff08","006ef673",".text","before","006eff03","SUB","83EC10","SUB ESP,0x10","",""
"006eff08","006ef673",".text","before","006eff06","MOV","8BCC","MOV ECX,ESP","",""
"006eff08","006ef673",".text","candidate","006eff08","MOV","C744245C00000000","MOV dword ptr [ESP + 0x5c],0x0","","00407ef3:UNCONDITIONAL_CALL"
"006eff08","006ef673",".text","after","006eff10","MOV","8B54245C","MOV EDX,dword ptr [ESP + 0x5c]","",""
"006eff08","006ef673",".text","after","006eff14","MOV","8911","MOV dword ptr [ECX],EDX","",""
"006eff08","006ef673",".text","after","006eff16","MOV","C74424600000803F","MOV dword ptr [ESP + 0x60],0x3f800000","",""
"006eff08","006ef673",".text","after","006eff1e","MOV","8B542460","MOV EDX,dword ptr [ESP + 0x60]","",""
"006f4e60","006f49a0",".text","before","006f4e54","JNZ","750E","JNZ 0x006f4e64","",""
"006f4e60","006f49a0",".text","before","006f4e56","MOV","8B4E08","MOV ECX,dword ptr [ESI + 0x8]","",""
"006f4e60","006f49a0",".text","before","006f4e59","MOV","8B560C","MOV EDX,dword ptr [ESI + 0xc]","",""
"006f4e60","006f49a0",".text","before","006f4e5c","MOV","894C2460","MOV dword ptr [ESP + 0x60],ECX","",""
"006f4e60","006f49a0",".text","candidate","006f4e60","MOV","8954245C","MOV dword ptr [ESP + 0x5c],EDX","","006ca69e:UNCONDITIONAL_CALL|006ac0d7:UNCONDITIONAL_CALL"
"006f4e60","006f49a0",".text","after","006f4e64","LEA","8D4C243C","LEA ECX,[ESP + 0x3c]","",""
"006f4e60","006f49a0",".text","after","006f4e68","CALL","E8436DEAFF","CALL 0x0059bbb0","",""
"006f4e60","006f49a0",".text","after","006f4e6d","LEA","8D4C243C","LEA ECX,[ESP + 0x3c]","",""
"006f4e60","006f49a0",".text","after","006f4e71","MOV","C784248C000000FFFFFFFF","MOV dword ptr [ESP + 0x8c],0xffffffff","",""
"006f7c1a","006f7900",".text","before","006f7c0a","MOV","8BCC","MOV ECX,ESP","",""
"006f7c1a","006f7900",".text","before","006f7c0c","MOV","8911","MOV dword ptr [ECX],EDX","",""
"006f7c1a","006f7900",".text","before","006f7c0e","MOV","C744245800000000","MOV dword ptr [ESP + 0x58],0x0","",""
"006f7c1a","006f7900",".text","before","006f7c16","MOV","8B442458","MOV EAX,dword ptr [ESP + 0x58]","",""
"006f7c1a","006f7900",".text","candidate","006f7c1a","MOV","C744245C00000000","MOV dword ptr [ESP + 0x5c],0x0","","0043426d:UNCONDITIONAL_CALL"
"006f7c1a","006f7900",".text","after","006f7c22","MOV","8B54245C","MOV EDX,dword ptr [ESP + 0x5c]","",""
"006f7c1a","006f7900",".text","after","006f7c26","MOV","894104","MOV dword ptr [ECX + 0x4],EAX","",""
"006f7c1a","006f7900",".text","after","006f7c29","MOV","895108","MOV dword ptr [ECX + 0x8],EDX","",""
"006f7c1a","006f7900",".text","after","006f7c2c","CALL","E81FF9FFFF","CALL 0x006f7550","",""
"006f9426","",".text","before","006f9416","MOV","89442430","MOV dword ptr [ESP + 0x30],EAX","",""
"006f9426","",".text","before","006f941a","FSTP","D95C2464","FSTP float ptr [ESP + 0x64]","",""
"006f9426","",".text","before","006f941e","MOV","8B4C2464","MOV ECX,dword ptr [ESP + 0x64]","",""
"006f9426","",".text","before","006f9422","MOV","894C2434","MOV dword ptr [ESP + 0x34],ECX","",""
"006f9426","",".text","candidate","006f9426","MOV","C744245C00000000","MOV dword ptr [ESP + 0x5c],0x0","006f93ee:CONDITIONAL_JUMP",""
"006f9426","",".text","after","006f942e","MOV","8B54245C","MOV EDX,dword ptr [ESP + 0x5c]","",""
"006f9426","",".text","after","006f9432","MOV","C744246000000000","MOV dword ptr [ESP + 0x60],0x0","",""
"006f9426","",".text","after","006f943a","MOV","8B442460","MOV EAX,dword ptr [ESP + 0x60]","",""
"006f9426","",".text","after","006f943e","MOV","89542438","MOV dword ptr [ESP + 0x38],EDX","",""
"006f946f","",".text","before","006f9460","LEA","8D8C2488000000","LEA ECX,[ESP + 0x88]","",""
"006f946f","",".text","before","006f9467","PUSH","51","PUSH ECX","",""
"006f946f","",".text","before","006f9468","CALL","E8C332EAFF","CALL 0x0059c730","",""
"006f946f","",".text","before","006f946d","MOV","8B10","MOV EDX,dword ptr [EAX]","",""
"006f946f","",".text","candidate","006f946f","MOV","8954245C","MOV dword ptr [ESP + 0x5c],EDX","",""
"006f946f","",".text","after","006f9473","MOV","8B4804","MOV ECX,dword ptr [EAX + 0x4]","",""
"006f946f","",".text","after","006f9476","MOV","894C2460","MOV dword ptr [ESP + 0x60],ECX","",""
"006f946f","",".text","after","006f947a","MOV","8B5008","MOV EDX,dword ptr [EAX + 0x8]","",""
"006f946f","",".text","after","006f947d","ADD","83C40C","ADD ESP,0xc","",""
"006f965b","",".text","before","006f964a","JP","7A06","JP 0x006f9652","",""
"006f965b","",".text","before","006f964c","FADD","D805BC8C8500","FADD float ptr [0x00858cbc]","",""
"006f965b","",".text","before","006f9652","FDIV","D8355CCBB700","FDIV float ptr [0x00b7cb5c]","",""
"006f965b","",".text","before","006f9658","LEA","8D7E50","LEA EDI,[ESI + 0x50]","",""
"006f965b","",".text","candidate","006f965b","MOV","C744245C00000000","MOV dword ptr [ESP + 0x5c],0x0","",""
"006f965b","",".text","after","006f9663","MOV","8B4C245C","MOV ECX,dword ptr [ESP + 0x5c]","",""
"006f965b","",".text","after","006f9667","MOV","8BC7","MOV EAX,EDI","",""
"006f965b","",".text","after","006f9669","MOV","8908","MOV dword ptr [EAX],ECX","",""
"006f965b","",".text","after","006f966b","MOV","C744246000000000","MOV dword ptr [ESP + 0x60],0x0","",""
"006f9c21","",".text","before","006f9c0d","JNZ","0F8586000000","JNZ 0x006f9c99","",""
"006f9c21","",".text","before","006f9c13","CMP","389EB8000000","CMP byte ptr [ESI + 0xb8],BL","",""
"006f9c21","",".text","before","006f9c19","JBE","7606","JBE 0x006f9c21","",""
"006f9c21","",".text","before","006f9c1b","MOV","889EB8000000","MOV byte ptr [ESI + 0xb8],BL","",""
"006f9c21","",".text","candidate","006f9c21","MOV","C744245C00000000","MOV dword ptr [ESP + 0x5c],0x0","006f9c19:CONDITIONAL_JUMP",""
"006f9c21","",".text","after","006f9c29","MOV","8B44245C","MOV EAX,dword ptr [ESP + 0x5c]","",""
"006f9c21","",".text","after","006f9c2d","MOV","C744246000000000","MOV dword ptr [ESP + 0x60],0x0","",""
"006f9c21","",".text","after","006f9c35","MOV","8B4C2460","MOV ECX,dword ptr [ESP + 0x60]","",""
"006f9c21","",".text","after","006f9c39","MOV","894644","MOV dword ptr [ESI + 0x44],EAX","",""
"006f9c4b","",".text","before","006f9c39","MOV","894644","MOV dword ptr [ESI + 0x44],EAX","",""
"006f9c4b","",".text","before","006f9c3c","MOV","894E48","MOV dword ptr [ESI + 0x48],ECX","",""
"006f9c4b","",".text","before","006f9c3f","MOV","C744246400000000","MOV dword ptr [ESP + 0x64],0x0","",""
"006f9c4b","",".text","before","006f9c47","MOV","8B542464","MOV EDX,dword ptr [ESP + 0x64]","",""
"006f9c4b","",".text","candidate","006f9c4b","MOV","C744245C00000000","MOV dword ptr [ESP + 0x5c],0x0","",""
"006f9c4b","",".text","after","006f9c53","MOV","8B44245C","MOV EAX,dword ptr [ESP + 0x5c]","",""
"006f9c4b","",".text","after","006f9c57","MOV","C744246000000000","MOV dword ptr [ESP + 0x60],0x0","",""
"006f9c4b","",".text","after","006f9c5f","MOV","8B4C2460","MOV ECX,dword ptr [ESP + 0x60]","",""
"006f9c4b","",".text","after","006f9c63","MOV","894650","MOV dword ptr [ESI + 0x50],EAX","",""
"006f9eee","006f9eb0",".text","before","006f9ee2","MOV","885148","MOV byte ptr [ECX + 0x48],DL","",""
"006f9eee","006f9eb0",".text","before","006f9ee5","MOV","89414C","MOV dword ptr [ECX + 0x4c],EAX","",""
"006f9eee","006f9eb0",".text","before","006f9ee8","MOV","894150","MOV dword ptr [ECX + 0x50],EAX","",""
"006f9eee","006f9eb0",".text","before","006f9eeb","MOV","894158","MOV dword ptr [ECX + 0x58],EAX","",""
"006f9eee","006f9eb0",".text","candidate","006f9eee","MOV","89415C","MOV dword ptr [ECX + 0x5c],EAX","","006fa740:UNCONDITIONAL_CALL|006fa81f:UNCONDITIONAL_CALL|006fa7ac:UNCONDITIONAL_CALL"
"006f9eee","006f9eb0",".text","after","006f9ef1","MOV","894154","MOV dword ptr [ECX + 0x54],EAX","",""
"006f9eee","006f9eb0",".text","after","006f9ef4","MOV","894160","MOV dword ptr [ECX + 0x60],EAX","",""
"006f9eee","006f9eb0",".text","after","006f9ef7","MOV","894168","MOV dword ptr [ECX + 0x68],EAX","",""
"006f9eee","006f9eb0",".text","after","006f9efa","MOV","88516C","MOV byte ptr [ECX + 0x6c],DL","",""
"006faed4","006faec0",".text","before","006faec6","MOV","A13C70C100","MOV EAX,[0x00c1703c]","",""
"006faed4","006faec0",".text","before","006faecb","MOV","8B4860","MOV ECX,dword ptr [EAX + 0x60]","",""
"006faed4","006faec0",".text","before","006faece","MOV","8B410C","MOV EAX,dword ptr [ECX + 0xc]","",""
"006faed4","006faec0",".text","before","006faed1","MOV","8B4910","MOV ECX,dword ptr [ECX + 0x10]","",""
"006faed4","006faec0",".text","candidate","006faed4","MOV","8944245C","MOV dword ptr [ESP + 0x5c],EAX","","0053e18e:UNCONDITIONAL_CALL"
"006faed4","006faec0",".text","after","006faed8","CDQ","99","CDQ","",""
"006faed4","006faec0",".text","after","006faed9","SUB","2BC2","SUB EAX,EDX","",""
"006faed4","006faec0",".text","after","006faedb","SAR","D1F8","SAR EAX,0x1","",""
"006faed4","006faec0",".text","after","006faedd","PUSH","53","PUSH EBX","",""
"006fbb7a","006fbaa0",".text","before","006fbb5f","MOV","895004","MOV dword ptr [EAX + 0x4],EDX","",""
"006fbb7a","006fbaa0",".text","before","006fbb62","MOV","C7442450004068C4","MOV dword ptr [ESP + 0x50],0xc4684000","",""
"006fbb7a","006fbaa0",".text","before","006fbb6a","MOV","C744245400C01345","MOV dword ptr [ESP + 0x54],0x4513c000","",""
"006fbb7a","006fbaa0",".text","before","006fbb72","MOV","C744245800000000","MOV dword ptr [ESP + 0x58],0x0","",""
"006fbb7a","006fbaa0",".text","candidate","006fbb7a","MOV","C744245C004081C4","MOV dword ptr [ESP + 0x5c],0xc4814000","","0053e12b:UNCONDITIONAL_CALL"
"006fbb7a","006fbaa0",".text","after","006fbb82","MOV","C744246000002545","MOV dword ptr [ESP + 0x60],0x45250000","",""
"006fbb7a","006fbaa0",".text","after","006fbb8a","MOV","C744246400000000","MOV dword ptr [ESP + 0x64],0x0","",""
"006fbb7a","006fbaa0",".text","after","006fbb92","MOV","C744246800401445","MOV dword ptr [ESP + 0x68],0x45144000","",""
"006fbb7a","006fbaa0",".text","after","006fbb9a","MOV","C744246C00C0E7C4","MOV dword ptr [ESP + 0x6c],0xc4e7c000","",""
"006fee10","006feda0",".text","before","006fee0a","JZ","7428","JZ 0x006fee34","",""
"006fee10","006feda0",".text","before","006fee0c","DEC","48","DEC EAX","",""
"006fee10","006feda0",".text","before","006fee0d","JZ","7414","JZ 0x006fee23","",""
"006fee10","006feda0",".text","before","006fee0f","DEC","48","DEC EAX","",""
"006fee10","006feda0",".text","candidate","006fee10","MOV","C644245CFF","MOV byte ptr [ESP + 0x5c],0xff","","006ff33e:UNCONDITIONAL_CALL"
"006fee10","006feda0",".text","after","006fee15","JZ","7422","JZ 0x006fee39","",""
"006fee10","006feda0",".text","after","006fee17","MOV","C644245DFF","MOV byte ptr [ESP + 0x5d],0xff","",""
"006fee10","006feda0",".text","after","006fee1c","MOV","C644245EFF","MOV byte ptr [ESP + 0x5e],0xff","",""
"006fee10","006feda0",".text","after","006fee21","JMP","EB20","JMP 0x006fee43","",""
"006fee23","006feda0",".text","before","006fee15","JZ","7422","JZ 0x006fee39","",""
"006fee23","006feda0",".text","before","006fee17","MOV","C644245DFF","MOV byte ptr [ESP + 0x5d],0xff","",""
"006fee23","006feda0",".text","before","006fee1c","MOV","C644245EFF","MOV byte ptr [ESP + 0x5e],0xff","",""
"006fee23","006feda0",".text","before","006fee21","JMP","EB20","JMP 0x006fee43","",""
"006fee23","006feda0",".text","candidate","006fee23","MOV","C644245C80","MOV byte ptr [ESP + 0x5c],0x80","006fee0d:CONDITIONAL_JUMP","006ff33e:UNCONDITIONAL_CALL"
"006fee23","006feda0",".text","after","006fee28","MOV","C644245D80","MOV byte ptr [ESP + 0x5d],0x80","",""
"006fee23","006feda0",".text","after","006fee2d","MOV","C644245E80","MOV byte ptr [ESP + 0x5e],0x80","",""
"006fee23","006feda0",".text","after","006fee32","JMP","EB0F","JMP 0x006fee43","",""
"006fee23","006feda0",".text","after","006fee34","MOV","C644245C00","MOV byte ptr [ESP + 0x5c],0x0","",""
"006fee34","006feda0",".text","before","006fee23","MOV","C644245C80","MOV byte ptr [ESP + 0x5c],0x80","",""
"006fee34","006feda0",".text","before","006fee28","MOV","C644245D80","MOV byte ptr [ESP + 0x5d],0x80","",""
"006fee34","006feda0",".text","before","006fee2d","MOV","C644245E80","MOV byte ptr [ESP + 0x5e],0x80","",""
"006fee34","006feda0",".text","before","006fee32","JMP","EB0F","JMP 0x006fee43","",""
"006fee34","006feda0",".text","candidate","006fee34","MOV","C644245C00","MOV byte ptr [ESP + 0x5c],0x0","006fee0a:CONDITIONAL_JUMP","006ff33e:UNCONDITIONAL_CALL"
"006fee34","006feda0",".text","after","006fee39","MOV","C644245D00","MOV byte ptr [ESP + 0x5d],0x0","",""
"006fee34","006feda0",".text","after","006fee3e","MOV","C644245E00","MOV byte ptr [ESP + 0x5e],0x0","",""
"006fee34","006feda0",".text","after","006fee43","MOV","8B44246C","MOV EAX,dword ptr [ESP + 0x6c]","",""
"006fee34","006feda0",".text","after","006fee47","MOV","8B4CBC2C","MOV ECX,dword ptr [ESP + EDI*0x4 + 0x2c]","",""
"0070aaab","0070a960",".text","before","0070aaa0","FXCH","D9C9","FXCH","",""
"0070aaab","0070a960",".text","before","0070aaa2","MOV","8B4008","MOV EAX,dword ptr [EAX + 0x8]","",""
"0070aaab","0070a960",".text","before","0070aaa5","FADDP","DEC1","FADDP","",""
"0070aaab","0070a960",".text","before","0070aaa7","FLD","D9442458","FLD float ptr [ESP + 0x58]","",""
"0070aaab","0070a960",".text","candidate","0070aaab","MOV","8954245C","MOV dword ptr [ESP + 0x5c],EDX","","0053e0c8:UNCONDITIONAL_CALL"
"0070aaab","0070a960",".text","after","0070aaaf","FSUB","D8E2","FSUB ST0,ST2","",""
"0070aaab","0070a960",".text","after","0070aab1","SUB","83EC08","SUB ESP,0x8","",""
"0070aaab","0070a960",".text","after","0070aab4","MOV","89442468","MOV dword ptr [ESP + 0x68],EAX","",""
"0070aaab","0070a960",".text","after","0070aab8","FSTP","D95C242C","FSTP float ptr [ESP + 0x2c]","",""
"0070c172","0070bda0",".text","before","0070c15d","LEA","8D442444","LEA EAX,[ESP + 0x44]","",""
"0070c172","0070bda0",".text","before","0070c161","PUSH","50","PUSH EAX","",""
"0070c172","0070bda0",".text","before","0070c162","MOV","C744245400000000","MOV dword ptr [ESP + 0x54],0x0","",""
"0070c172","0070bda0",".text","before","0070c16a","MOV","C744245800000000","MOV dword ptr [ESP + 0x58],0x0","",""
"0070c172","0070bda0",".text","candidate","0070c172","MOV","C744245C0000803F","MOV dword ptr [ESP + 0x5c],0x3f800000","","006bd667:UNCONDITIONAL_CALL|006c0b21:UNCONDITIONAL_CALL|006c58a0:UNCONDITIONAL_CALL|006ca73a:UNCONDITIONAL_CALL|006abcf5:UNCONDITIONAL_CALL"
"0070c172","0070bda0",".text","after","0070c17a","CALL","E8B105E9FF","CALL 0x0059c730","",""
"0070c172","0070bda0",".text","after","0070c17f","FLD","D944244C","FLD float ptr [ESP + 0x4c]","",""
"0070c172","0070bda0",".text","after","0070c183","FMUL","D84C244C","FMUL float ptr [ESP + 0x4c]","",""
"0070c172","0070bda0",".text","after","0070c187","MOV","8B4C2448","MOV ECX,dword ptr [ESP + 0x48]","",""
"007103ec","00710310",".text","before","007103d4","LEA","8D8C24D4000000","LEA ECX,[ESP + 0xd4]","",""
"007103ec","00710310",".text","before","007103db","PUSH","51","PUSH ECX","",""
"007103ec","00710310",".text","before","007103dc","MOV","C744245400000000","MOV dword ptr [ESP + 0x54],0x0","",""
"007103ec","00710310",".text","before","007103e4","MOV","C744245800000000","MOV dword ptr [ESP + 0x58],0x0","",""
"007103ec","00710310",".text","candidate","007103ec","MOV","C744245C00000000","MOV dword ptr [ESP + 0x5c],0x0","","00711e41:UNCONDITIONAL_CALL"
"007103ec","00710310",".text","after","007103f4","CALL","E897C4E8FF","CALL 0x0059c890","",""
"007103ec","00710310",".text","after","007103f9","MOV","8B10","MOV EDX,dword ptr [EAX]","",""
"007103ec","00710310",".text","after","007103fb","MOV","89542454","MOV dword ptr [ESP + 0x54],EDX","",""
"007103ec","00710310",".text","after","007103ff","MOV","8B4804","MOV ECX,dword ptr [EAX + 0x4]","",""
"00710445","00710310",".text","before","00710436","MOVSX","0FBF4E04","MOVSX ECX,word ptr [ESI + 0x4]","",""
"00710445","00710310",".text","before","0071043a","MOV","89542458","MOV dword ptr [ESP + 0x58],EDX","",""
"00710445","00710310",".text","before","0071043e","MOV","8B4008","MOV EAX,dword ptr [EAX + 0x8]","",""
"00710445","00710310",".text","before","00710441","MOV","8B542474","MOV EDX,dword ptr [ESP + 0x74]","",""
"00710445","00710310",".text","candidate","00710445","MOV","8944245C","MOV dword ptr [ESP + 0x5c],EAX","","00711e41:UNCONDITIONAL_CALL"
"00710445","00710310",".text","after","00710449","MOV","897E0C","MOV dword ptr [ESI + 0xc],EDI","",""
"00710445","00710310",".text","after","0071044c","FLD","D944245C","FLD float ptr [ESP + 0x5c]","",""
"00710445","00710310",".text","after","00710450","MOV","8B4224","MOV EAX,dword ptr [EDX + 0x24]","",""
"00710445","00710310",".text","after","00710453","FSUB","D8642468","FSUB float ptr [ESP + 0x68]","",""
"0071098d","00710310",".text","before","0071097c","MOV","8B6804","MOV EBP,dword ptr [EAX + 0x4]","",""
"0071098d","00710310",".text","before","0071097f","MOV","8B4008","MOV EAX,dword ptr [EAX + 0x8]","",""
"0071098d","00710310",".text","before","00710982","MOV","89842484000000","MOV dword ptr [ESP + 0x84],EAX","",""
"0071098d","00710310",".text","before","00710989","MOV","8B442420","MOV EAX,dword ptr [ESP + 0x20]","",""
"0071098d","00710310",".text","candidate","0071098d","MOV","8944245C","MOV dword ptr [ESP + 0x5c],EAX","","00711e41:UNCONDITIONAL_CALL"
"0071098d","00710310",".text","after","00710991","MOV","8B442410","MOV EAX,dword ptr [ESP + 0x10]","",""
"0071098d","00710310",".text","after","00710995","MOV","898424C4000000","MOV dword ptr [ESP + 0xc4],EAX","",""
"0071098d","00710310",".text","after","0071099c","FADD","D844245C","FADD float ptr [ESP + 0x5c]","",""
"0071098d","00710310",".text","after","007109a0","MOV","8B460C","MOV EAX,dword ptr [ESI + 0xc]","",""
"00710e2a","00710d50",".text","before","00710e20","MOV","8BC7","MOV EAX,EDI","",""
"00710e2a","00710d50",".text","before","00710e22","MOV","8B08","MOV ECX,dword ptr [EAX]","",""
"00710e2a","00710d50",".text","before","00710e24","MOV","8B5004","MOV EDX,dword ptr [EAX + 0x4]","",""
"00710e2a","00710d50",".text","before","00710e27","MOV","8B4008","MOV EAX,dword ptr [EAX + 0x8]","",""
"00710e2a","00710d50",".text","candidate","00710e2a","MOV","894C245C","MOV dword ptr [ESP + 0x5c],ECX","","007114d8:UNCONDITIONAL_CALL|0071150e:UNCONDITIONAL_CALL"
"00710e2a","00710d50",".text","after","00710e2e","MOV","89542460","MOV dword ptr [ESP + 0x60],EDX","",""
"00710e2a","00710d50",".text","after","00710e32","MOV","89442464","MOV dword ptr [ESP + 0x64],EAX","",""
"00710e2a","00710d50",".text","after","00710e36","LEA","8D4F0C","LEA ECX,[EDI + 0xc]","",""
"00710e2a","00710d50",".text","after","00710e39","MOV","8B11","MOV EDX,dword ptr [ECX]","",""
"00710e77","00710d50",".text","before","00710e6c","MOV","8B4008","MOV EAX,dword ptr [EAX + 0x8]","",""
"00710e77","00710d50",".text","before","00710e6f","PUSH","6A06","PUSH 0x6","",""
"00710e77","00710d50",".text","before","00710e71","PUSH","6A06","PUSH 0x6","",""
"00710e77","00710d50",".text","before","00710e73","MOV","894C2458","MOV dword ptr [ESP + 0x58],ECX","",""
"00710e77","00710d50",".text","candidate","00710e77","MOV","8954245C","MOV dword ptr [ESP + 0x5c],EDX","","007114d8:UNCONDITIONAL_CALL|0071150e:UNCONDITIONAL_CALL"
"00710e77","00710d50",".text","after","00710e7b","MOV","89442460","MOV dword ptr [ESP + 0x60],EAX","",""
"00710e77","00710d50",".text","after","00710e7f","ADD","83C748","ADD EDI,0x48","",""
"00710e77","00710d50",".text","after","00710e82","CALL","E839FEFFFF","CALL 0x00710cc0","",""
"00710e77","00710d50",".text","after","00710e87","MOV","8B2D54B9C400","MOV EBP,dword ptr [0x00c4b954]","",""
"00712948","00712810",".text","before","00712933","MOV","8A4730","MOV AL,byte ptr [EDI + 0x30]","",""
"00712948","00712810",".text","before","00712936","CMP","3C01","CMP AL,0x1","",""
"00712948","00712810",".text","before","00712938","MOV","C744247400000000","MOV dword ptr [ESP + 0x74],0x0","",""
"00712948","00712810",".text","before","00712940","MOV","C744247800000000","MOV dword ptr [ESP + 0x78],0x0","",""
"00712948","00712810",".text","candidate","00712948","MOV","C744245C00000000","MOV dword ptr [ESP + 0x5c],0x0","","0053e170:UNCONDITIONAL_CALL"
"00712948","00712810",".text","after","00712950","MOV","C744246C00000000","MOV dword ptr [ESP + 0x6c],0x0","",""
"00712948","00712810",".text","after","00712958","FMUL","D84F28","FMUL float ptr [EDI + 0x28]","",""
"00712948","00712810",".text","after","0071295b","FST","D9542454","FST float ptr [ESP + 0x54]","",""
"00712948","00712810",".text","after","0071295f","FLD","D944243C","FLD float ptr [ESP + 0x3c]","",""
"007146b0","00714650",".text","before","007146a1","CALL","E86A82E8FF","CALL 0x0059c910","",""
"007146b0","00714650",".text","before","007146a6","FLD","D944242C","FLD float ptr [ESP + 0x2c]","",""
"007146b0","00714650",".text","before","007146aa","MOV","8B4C2430","MOV ECX,dword ptr [ESP + 0x30]","",""
"007146b0","00714650",".text","before","007146ae","FCHS","D9E0","FCHS","",""
"007146b0","00714650",".text","candidate","007146b0","MOV","894C245C","MOV dword ptr [ESP + 0x5c],ECX","","0053d81c:UNCONDITIONAL_CALL"
"007146b0","00714650",".text","after","007146b4","MOV","8B0D3CF0B600","MOV ECX,dword ptr [0x00b6f03c]","",""
"007146b0","00714650",".text","after","007146ba","CMP","3BCE","CMP ECX,ESI","",""
"007146b0","00714650",".text","after","007146bc","FSTP","D95C2460","FSTP float ptr [ESP + 0x60]","",""
"007146b0","00714650",".text","after","007146c0","LEA","8D4130","LEA EAX,[ECX + 0x30]","",""
"007168fc","00716380",".text","before","007168ea","LEA","8D9B00000000","LEA EBX,[EBX]","",""
"007168fc","00716380",".text","before","007168f0","MOV","8B4C2410","MOV ECX,dword ptr [ESP + 0x10]","",""
"007168fc","00716380",".text","before","007168f4","MOV","8B442434","MOV EAX,dword ptr [ESP + 0x34]","",""
"007168fc","00716380",".text","before","007168f8","MOV","8B542430","MOV EDX,dword ptr [ESP + 0x30]","",""
"007168fc","00716380",".text","candidate","007168fc","MOV","894C245C","MOV dword ptr [ESP + 0x5c],ECX","","0053e1b4:UNCONDITIONAL_CALL"
"007168fc","00716380",".text","after","00716900","FLD","D944245C","FLD float ptr [ESP + 0x5c]","",""
"007168fc","00716380",".text","after","00716904","FCOMP","D81D508B8500","FCOMP float ptr [0x00858b50]","",""
"007168fc","00716380",".text","after","0071690a","MOV","89442464","MOV dword ptr [ESP + 0x64],EAX","",""
"007168fc","00716380",".text","after","0071690e","MOV","89542460","MOV dword ptr [ESP + 0x60],EDX","",""
"00718045","00717d30",".text","before","00718033","MOV","8B6C2428","MOV EBP,dword ptr [ESP + 0x28]","",""
"00718045","00717d30",".text","before","00718037","FMUL","D80D003C8600","FMUL float ptr [0x00863c00]","",""
"00718045","00717d30",".text","before","0071803d","FSTP","D95C242C","FSTP float ptr [ESP + 0x2c]","",""
"00718045","00717d30",".text","before","00718041","MOV","8B54242C","MOV EDX,dword ptr [ESP + 0x2c]","",""
"00718045","00717d30",".text","candidate","00718045","MOV","8954245C","MOV dword ptr [ESP + 0x5c],EDX","","00718599:UNCONDITIONAL_CALL"
"00718045","00717d30",".text","after","00718049","JZ","742E","JZ 0x00718079","",""
"00718045","00717d30",".text","after","0071804b","FLD","D9442424","FLD float ptr [ESP + 0x24]","",""
"00718045","00717d30",".text","after","0071804f","FCHS","D9E0","FCHS","",""
"00718045","00717d30",".text","after","00718051","FSTP","D95C2430","FSTP float ptr [ESP + 0x30]","",""
"00718075","00717d30",".text","before","00718067","MOV","8B6C2434","MOV EBP,dword ptr [ESP + 0x34]","",""
"00718075","00717d30",".text","before","0071806b","FCHS","D9E0","FCHS","",""
"00718075","00717d30",".text","before","0071806d","FSTP","D95C2438","FSTP float ptr [ESP + 0x38]","",""
"00718075","00717d30",".text","before","00718071","MOV","8B442438","MOV EAX,dword ptr [ESP + 0x38]","",""
"00718075","00717d30",".text","candidate","00718075","MOV","8944245C","MOV dword ptr [ESP + 0x5c],EAX","","00718599:UNCONDITIONAL_CALL"
"00718075","00717d30",".text","after","00718079","MOV","8B07","MOV EAX,dword ptr [EDI]","",""
"00718075","00717d30",".text","after","0071807b","TEST","85C0","TEST EAX,EAX","",""
"00718075","00717d30",".text","after","0071807d","JZ","0F84CA000000","JZ 0x0071814d","",""
"00718075","00717d30",".text","after","00718083","FILD","DB442410","FILD dword ptr [ESP + 0x10]","",""
"007181ec","00717d30",".text","before","007181da","MOV","8B6C2428","MOV EBP,dword ptr [ESP + 0x28]","",""
"007181ec","00717d30",".text","before","007181de","FMUL","D80D003C8600","FMUL float ptr [0x00863c00]","",""
"007181ec","00717d30",".text","before","007181e4","FSTP","D95C242C","FSTP float ptr [ESP + 0x2c]","",""
"007181ec","00717d30",".text","before","007181e8","MOV","8B4C242C","MOV ECX,dword ptr [ESP + 0x2c]","",""
"007181ec","00717d30",".text","candidate","007181ec","MOV","894C245C","MOV dword ptr [ESP + 0x5c],ECX","","00718599:UNCONDITIONAL_CALL"
"007181ec","00717d30",".text","after","007181f0","JZ","742E","JZ 0x00718220","",""
"007181ec","00717d30",".text","after","007181f2","FLD","D9442424","FLD float ptr [ESP + 0x24]","",""
"007181ec","00717d30",".text","after","007181f6","FCHS","D9E0","FCHS","",""
"007181ec","00717d30",".text","after","007181f8","FSTP","D95C243C","FSTP float ptr [ESP + 0x3c]","",""
"0071821c","00717d30",".text","before","0071820e","MOV","8B6C2440","MOV EBP,dword ptr [ESP + 0x40]","",""
"0071821c","00717d30",".text","before","00718212","FCHS","D9E0","FCHS","",""
"0071821c","00717d30",".text","before","00718214","FSTP","D95C2444","FSTP float ptr [ESP + 0x44]","",""
"0071821c","00717d30",".text","before","00718218","MOV","8B542444","MOV EDX,dword ptr [ESP + 0x44]","",""
"0071821c","00717d30",".text","candidate","0071821c","MOV","8954245C","MOV dword ptr [ESP + 0x5c],EDX","","00718599:UNCONDITIONAL_CALL"
"0071821c","00717d30",".text","after","00718220","MOV","8B84BEA8000000","MOV EAX,dword ptr [ESI + EDI*0x4 + 0xa8]","",""
"0071821c","00717d30",".text","after","00718227","TEST","85C0","TEST EAX,EAX","",""
"0071821c","00717d30",".text","after","00718229","JZ","0F84E2000000","JZ 0x00718311","",""
"0071821c","00717d30",".text","after","0071822f","FILD","DB442414","FILD dword ptr [ESP + 0x14]","",""
"007183c4","00717d30",".text","before","007183b2","MOV","8B5C2428","MOV EBX,dword ptr [ESP + 0x28]","",""
"007183c4","00717d30",".text","before","007183b6","FMUL","D80D003C8600","FMUL float ptr [0x00863c00]","",""
"007183c4","00717d30",".text","before","007183bc","FSTP","D95C242C","FSTP float ptr [ESP + 0x2c]","",""
"007183c4","00717d30",".text","before","007183c0","MOV","8B4C242C","MOV ECX,dword ptr [ESP + 0x2c]","",""
"007183c4","00717d30",".text","candidate","007183c4","MOV","894C245C","MOV dword ptr [ESP + 0x5c],ECX","","00718599:UNCONDITIONAL_CALL"
"007183c4","00717d30",".text","after","007183c8","JZ","742E","JZ 0x007183f8","",""
"007183c4","00717d30",".text","after","007183ca","FLD","D9442424","FLD float ptr [ESP + 0x24]","",""
"007183c4","00717d30",".text","after","007183ce","FCHS","D9E0","FCHS","",""
"007183c4","00717d30",".text","after","007183d0","FSTP","D95C243C","FSTP float ptr [ESP + 0x3c]","",""
"007183f4","00717d30",".text","before","007183e6","MOV","8B5C2440","MOV EBX,dword ptr [ESP + 0x40]","",""
"007183f4","00717d30",".text","before","007183ea","FCHS","D9E0","FCHS","",""
"007183f4","00717d30",".text","before","007183ec","FSTP","D95C2444","FSTP float ptr [ESP + 0x44]","",""
"007183f4","00717d30",".text","before","007183f0","MOV","8B542444","MOV EDX,dword ptr [ESP + 0x44]","",""
"007183f4","00717d30",".text","candidate","007183f4","MOV","8954245C","MOV dword ptr [ESP + 0x5c],EDX","","00718599:UNCONDITIONAL_CALL"
"007183f4","00717d30",".text","after","007183f8","MOV","8B84BEA8000000","MOV EAX,dword ptr [ESI + EDI*0x4 + 0xa8]","",""
"007183f4","00717d30",".text","after","007183ff","TEST","85C0","TEST EAX,EAX","",""
"007183f4","00717d30",".text","after","00718401","JZ","0F84E3000000","JZ 0x007184ea","",""
"007183f4","00717d30",".text","after","00718407","FILD","DB442414","FILD dword ptr [ESP + 0x14]","",""
"0071b904","0071b626",".text","before","0071b8f6","MOV","894C2464","MOV dword ptr [ESP + 0x64],ECX","",""
"0071b904","0071b626",".text","before","0071b8fa","MOV","8B5008","MOV EDX,dword ptr [EAX + 0x8]","",""
"0071b904","0071b626",".text","before","0071b8fd","ADD","83C40C","ADD ESP,0xc","",""
"0071b904","0071b626",".text","before","0071b900","LEA","8D4C2454","LEA ECX,[ESP + 0x54]","",""
"0071b904","0071b626",".text","candidate","0071b904","MOV","8954245C","MOV dword ptr [ESP + 0x5c],EDX","","0040398b:UNCONDITIONAL_CALL"
"0071b904","0071b626",".text","after","0071b908","CALL","E80310E8FF","CALL 0x0059c910","",""
"0071b904","0071b626",".text","after","0071b90d","FLD","D9442428","FLD float ptr [ESP + 0x28]","",""
"0071b904","0071b626",".text","after","0071b911","FMUL","D80CDD301BC700","FMUL float ptr [EBX*0x8 + 0xc71b30]","",""
"0071b904","0071b626",".text","after","0071b918","MOV","8B442454","MOV EAX,dword ptr [ESP + 0x54]","",""
"0071c68a","0071c2b0",".text","before","0071c67c","MOV","8B5004","MOV EDX,dword ptr [EAX + 0x4]","",""
"0071c68a","0071c2b0",".text","before","0071c67f","MOV","89542458","MOV dword ptr [ESP + 0x58],EDX","",""
"0071c68a","0071c2b0",".text","before","0071c683","MOV","8B4008","MOV EAX,dword ptr [EAX + 0x8]","",""
"0071c68a","0071c2b0",".text","before","0071c686","LEA","8D4C2460","LEA ECX,[ESP + 0x60]","",""
"0071c68a","0071c2b0",".text","candidate","0071c68a","MOV","8944245C","MOV dword ptr [ESP + 0x5c],EAX","","006b15d2:UNCONDITIONAL_CALL"
"0071c68a","0071c2b0",".text","after","0071c68e","MOV","8B4614","MOV EAX,dword ptr [ESI + 0x14]","",""
"0071c68a","0071c2b0",".text","after","0071c691","PUSH","51","PUSH ECX","",""
"0071c68a","0071c2b0",".text","after","0071c692","PUSH","50","PUSH EAX","",""
"0071c68a","0071c2b0",".text","after","0071c693","LEA","8D942498000000","LEA EDX,[ESP + 0x98]","",""
"0071e44a","0071e13a",".text","before","0071e43a","MOV","8B442410","MOV EAX,dword ptr [ESP + 0x10]","",""
"0071e44a","0071e13a",".text","before","0071e43e","FLD","D944241C","FLD float ptr [ESP + 0x1c]","",""
"0071e44a","0071e13a",".text","before","0071e442","MOV","8B4C2414","MOV ECX,dword ptr [ESP + 0x14]","",""
"0071e44a","0071e13a",".text","before","0071e446","FSUB","D8642410","FSUB float ptr [ESP + 0x10]","",""
"0071e44a","0071e13a",".text","candidate","0071e44a","MOV","8944245C","MOV dword ptr [ESP + 0x5c],EAX","","0040175f:UNCONDITIONAL_CALL"
"0071e44a","0071e13a",".text","after","0071e44e","FLD","D9442420","FLD float ptr [ESP + 0x20]","",""
"0071e44a","0071e13a",".text","after","0071e452","MOV","894C2460","MOV dword ptr [ESP + 0x60],ECX","",""
"0071e44a","0071e13a",".text","after","0071e456","FSUB","D8642414","FSUB float ptr [ESP + 0x14]","",""
"0071e44a","0071e13a",".text","after","0071e45a","FLD","D9054099C700","FLD float ptr [0x00c79940]","",""
"0071e65c","0071e5d0",".text","before","0071e64f","MOV","8B542414","MOV EDX,dword ptr [ESP + 0x14]","",""
"0071e65c","0071e5d0",".text","before","0071e653","MOV","894C2454","MOV dword ptr [ESP + 0x54],ECX","",""
"0071e65c","0071e5d0",".text","before","0071e657","LEA","8D4C246C","LEA ECX,[ESP + 0x6c]","",""
"0071e65c","0071e5d0",".text","before","0071e65b","PUSH","51","PUSH ECX","",""
"0071e65c","0071e5d0",".text","candidate","0071e65c","MOV","8954245C","MOV dword ptr [ESP + 0x5c],EDX","","00720323:UNCONDITIONAL_CALL|00720417:UNCONDITIONAL_CALL"
"0071e65c","0071e5d0",".text","after","0071e660","LEA","8D542454","LEA EDX,[ESP + 0x54]","",""
"0071e65c","0071e5d0",".text","after","0071e664","PUSH","684099C700","PUSH 0xc79940","",""
"0071e65c","0071e5d0",".text","after","0071e669","PUSH","52","PUSH EDX","",""
"0071e65c","0071e5d0",".text","after","0071e66a","CALL","E891F3FFFF","CALL 0x0071da00","",""
"00722316","00722230",".text","before","00722307","MOV","884E5A","MOV byte ptr [ESI + 0x5a],CL","",""
"00722316","00722230",".text","before","0072230a","MOV","8B4C2440","MOV ECX,dword ptr [ESP + 0x40]","",""
"00722316","00722230",".text","before","0072230e","MOV","88565B","MOV byte ptr [ESI + 0x5b],DL","",""
"00722316","00722230",".text","before","00722311","MOV","668B542444","MOV DX,word ptr [ESP + 0x44]","",""
"00722316","00722230",".text","candidate","00722316","MOV","6689465C","MOV word ptr [ESI + 0x5c],AX","","00725a0d:UNCONDITIONAL_CALL"
"00722316","00722230",".text","after","0072231a","MOV","894E64","MOV dword ptr [ESI + 0x64],ECX","",""
"00722316","00722230",".text","after","0072231d","MOV","6689565E","MOV word ptr [ESI + 0x5e],DX","",""
"00722316","00722230",".text","after","00722321","MOV","A184CBB700","MOV EAX,[0x00b7cb84]","",""
"00722316","00722230",".text","after","00722326","MOV","894660","MOV dword ptr [ESI + 0x60],EAX","",""
"00728759","00728640",".text","before","0072874c","CALL","E8EF930F00","CALL 0x00821b40","",""
"00728759","00728640",".text","before","00728751","MOV","8B5C2458","MOV EBX,dword ptr [ESP + 0x58]","",""
"00728759","00728640",".text","before","00728755","PUSH","50","PUSH EAX","",""
"00728759","00728640",".text","before","00728756","MOVZX","0FB6C7","MOVZX EAX,BH","",""
"00728759","00728640",".text","candidate","00728759","MOV","8944245C","MOV dword ptr [ESP + 0x5c],EAX","","00590480:UNCONDITIONAL_CALL|00574f54:UNCONDITIONAL_CALL|00589a3d:UNCONDITIONAL_CALL|00589c9a:UNCONDITIONAL_CALL|00589d84:UNCONDITIONAL_CALL|00589e6c:UNCONDITIONAL_CALL|00589f54:UNCONDITIONAL_CALL|0058a035:UNCONDITIONAL_CALL|0058b657:UNCONDITIONAL_CALL|0058bfb8:UNCONDITIONAL_CALL|0058917a:UNCONDITIONAL_CALL|00589252:UNCONDITIONAL_CALL|00589395:UNCONDITIONAL_CALL"
"00728759","00728640",".text","after","0072875d","FILD","DB44245C","FILD dword ptr [ESP + 0x5c]","",""
"00728759","00728640",".text","after","00728761","FMUL","D80D8C8B8500","FMUL float ptr [0x00858b8c]","",""
"00728759","00728640",".text","after","00728767","CALL","E8D4930F00","CALL 0x00821b40","",""
"00728759","00728640",".text","after","0072876c","MOVZX","0FB6CB","MOVZX ECX,BL","",""
"0072876f","00728640",".text","before","0072875d","FILD","DB44245C","FILD dword ptr [ESP + 0x5c]","",""
"0072876f","00728640",".text","before","00728761","FMUL","D80D8C8B8500","FMUL float ptr [0x00858b8c]","",""
"0072876f","00728640",".text","before","00728767","CALL","E8D4930F00","CALL 0x00821b40","",""
"0072876f","00728640",".text","before","0072876c","MOVZX","0FB6CB","MOVZX ECX,BL","",""
"0072876f","00728640",".text","candidate","0072876f","MOV","894C245C","MOV dword ptr [ESP + 0x5c],ECX","","00590480:UNCONDITIONAL_CALL|00574f54:UNCONDITIONAL_CALL|00589a3d:UNCONDITIONAL_CALL|00589c9a:UNCONDITIONAL_CALL|00589d84:UNCONDITIONAL_CALL|00589e6c:UNCONDITIONAL_CALL|00589f54:UNCONDITIONAL_CALL|0058a035:UNCONDITIONAL_CALL|0058b657:UNCONDITIONAL_CALL|0058bfb8:UNCONDITIONAL_CALL|0058917a:UNCONDITIONAL_CALL|00589252:UNCONDITIONAL_CALL|00589395:UNCONDITIONAL_CALL"
"0072876f","00728640",".text","after","00728773","FILD","DB44245C","FILD dword ptr [ESP + 0x5c]","",""
"0072876f","00728640",".text","after","00728777","PUSH","50","PUSH EAX","",""
"0072876f","00728640",".text","after","00728778","FMUL","D80D8C8B8500","FMUL float ptr [0x00858b8c]","",""
"0072876f","00728640",".text","after","0072877e","CALL","E8BD930F00","CALL 0x00821b40","",""
"007298e6","007295e0",".text","before","007298d1","MOV","8B155CCBB700","MOV EDX,dword ptr [0x00b7cb5c]","",""
"007298e6","007295e0",".text","before","007298d7","SUB","83EC0C","SUB ESP,0xc","",""
"007298e6","007295e0",".text","before","007298da","MOV","C744245400000000","MOV dword ptr [ESP + 0x54],0x0","",""
"007298e6","007295e0",".text","before","007298e2","MOV","8B4C2454","MOV ECX,dword ptr [ESP + 0x54]","",""
"007298e6","007295e0",".text","candidate","007298e6","MOV","8954245C","MOV dword ptr [ESP + 0x5c],EDX","","0072a389:UNCONDITIONAL_CALL"
"007298e6","007295e0",".text","after","007298ea","MOV","8BC4","MOV EAX,ESP","",""
"007298e6","007295e0",".text","after","007298ec","MOV","8908","MOV dword ptr [EAX],ECX","",""
"007298e6","007295e0",".text","after","007298ee","MOV","8B4C245C","MOV ECX,dword ptr [ESP + 0x5c]","",""
"007298e6","007295e0",".text","after","007298f2","MOV","C744245800000000","MOV dword ptr [ESP + 0x58],0x0","",""
"00729a48","007295e0",".text","before","00729a32","FSTP","D95C2458","FSTP float ptr [ESP + 0x58]","",""
"00729a48","007295e0",".text","before","00729a36","MOV","8B542458","MOV EDX,dword ptr [ESP + 0x58]","",""
"00729a48","007295e0",".text","before","00729a3a","MOV","898C2498000000","MOV dword ptr [ESP + 0x98],ECX","",""
"00729a48","007295e0",".text","before","00729a41","LEA","8D8C24A8000000","LEA ECX,[ESP + 0xa8]","",""
"00729a48","007295e0",".text","candidate","00729a48","MOV","8944245C","MOV dword ptr [ESP + 0x5c],EAX","","0072a389:UNCONDITIONAL_CALL"
"00729a48","007295e0",".text","after","00729a4c","MOV","89942490000000","MOV dword ptr [ESP + 0x90],EDX","",""
"00729a48","007295e0",".text","after","00729a53","MOV","89842494000000","MOV dword ptr [ESP + 0x94],EAX","",""
"00729a48","007295e0",".text","after","00729a5a","CALL","E83118D8FF","CALL 0x004ab290","",""
"00729a48","007295e0",".text","after","00729a5f","PUSH","6A00","PUSH 0x0","",""
"0073570b","007354e0",".text","before","007356fb","MOV","89542454","MOV dword ptr [ESP + 0x54],EDX","",""
"0073570b","007354e0",".text","before","007356ff","MOV","8B15EC86C800","MOV EDX,dword ptr [0x00c886ec]","",""
"0073570b","007354e0",".text","before","00735705","PUSH","6A00","PUSH 0x0","",""
"0073570b","007354e0",".text","before","00735707","LEA","8D4C2444","LEA ECX,[ESP + 0x44]","",""
"0073570b","007354e0",".text","candidate","0073570b","MOV","8944245C","MOV dword ptr [ESP + 0x5c],EAX","","0053e997:UNCONDITIONAL_CALL"
"0073570b","007354e0",".text","after","0073570f","MOV","8B4204","MOV EAX,dword ptr [EDX + 0x4]","",""
"0073570b","007354e0",".text","after","00735712","PUSH","51","PUSH ECX","",""
"0073570b","007354e0",".text","after","00735713","PUSH","50","PUSH EAX","",""
"0073570b","007354e0",".text","after","00735714","CALL","E857B80B00","CALL 0x007f0f70","",""
"00736154","007360d0",".text","before","0073614a","FLD","D9C0","FLD ST0","",""
"00736154","007360d0",".text","before","0073614c","FMUL","D84F18","FMUL float ptr [EDI + 0x18]","",""
"00736154","007360d0",".text","before","0073614f","MOV","8B5208","MOV EDX,dword ptr [EDX + 0x8]","",""
"00736154","007360d0",".text","before","00736152","FLD","D9C1","FLD ST1","",""
"00736154","007360d0",".text","candidate","00736154","MOV","8944245C","MOV dword ptr [ESP + 0x5c],EAX","","0073a36f:UNCONDITIONAL_CALL"
"00736154","007360d0",".text","after","00736158","FMUL","D84F1C","FMUL float ptr [EDI + 0x1c]","",""
"00736154","007360d0",".text","after","0073615b","MOV","894C2460","MOV dword ptr [ESP + 0x60],ECX","",""
"00736154","007360d0",".text","after","0073615f","MOV","89542464","MOV dword ptr [ESP + 0x64],EDX","",""
"00736154","007360d0",".text","after","00736163","FSTP","D99C2480000000","FSTP float ptr [ESP + 0x80]","",""
"00737470","00736a76",".text","before","00737464","MOV","89542450","MOV dword ptr [ESP + 0x50],EDX","",""
"00737470","00736a76",".text","before","00737468","MOV","8B15E803C400","MOV EDX,dword ptr [0x00c403e8]","",""
"00737470","00736a76",".text","before","0073746e","PUSH","51","PUSH ECX","",""
"00737470","00736a76",".text","before","0073746f","PUSH","52","PUSH EDX","",""
"00737470","00736a76",".text","candidate","00737470","MOV","8944245C","MOV dword ptr [ESP + 0x5c],EAX","","0040a142:UNCONDITIONAL_CALL"
"00737470","00736a76",".text","after","00737474","FSTP","D95C245C","FSTP float ptr [ESP + 0x5c]","",""
"00737470","00736a76",".text","after","00737478","PUSH","6A01","PUSH 0x1","",""
"00737470","00736a76",".text","after","0073747a","CALL","E8E1FAFCFF","CALL 0x00706f60","",""
"00737470","00736a76",".text","after","0073747f","FLD","D94634","FLD float ptr [ESI + 0x34]","",""
"0073799e","00737620",".text","before","00737993","MOV","8B4008","MOV EAX,dword ptr [EAX + 0x8]","",""
"0073799e","00737620",".text","before","00737996","PUSH","6A00","PUSH 0x0","",""
"0073799e","00737620",".text","before","00737998","PUSH","6A01","PUSH 0x1","",""
"0073799e","00737620",".text","before","0073799a","MOV","894C2454","MOV dword ptr [ESP + 0x54],ECX","",""
"0073799e","00737620",".text","candidate","0073799e","MOV","8944245C","MOV dword ptr [ESP + 0x5c],EAX","","0073a365:UNCONDITIONAL_CALL"
"0073799e","00737620",".text","after","007379a2","FLD","D944245C","FLD float ptr [ESP + 0x5c]","",""
"0073799e","00737620",".text","after","007379a6","FADD","D805808C8500","FADD float ptr [0x00858c80]","",""
"0073799e","00737620",".text","after","007379ac","LEA","8D4C247C","LEA ECX,[ESP + 0x7c]","",""
"0073799e","00737620",".text","after","007379b0","PUSH","51","PUSH ECX","",""
"007379b1","00737620",".text","before","007379a2","FLD","D944245C","FLD float ptr [ESP + 0x5c]","",""
"007379b1","00737620",".text","before","007379a6","FADD","D805808C8500","FADD float ptr [0x00858c80]","",""
"007379b1","00737620",".text","before","007379ac","LEA","8D4C247C","LEA ECX,[ESP + 0x7c]","",""
"007379b1","00737620",".text","before","007379b0","PUSH","51","PUSH ECX","",""
"007379b1","00737620",".text","candidate","007379b1","MOV","8954245C","MOV dword ptr [ESP + 0x5c],EDX","","0073a365:UNCONDITIONAL_CALL"
"007379b1","00737620",".text","after","007379b5","LEA","8D942490000000","LEA EDX,[ESP + 0x90]","",""
"007379b1","00737620",".text","after","007379bc","FSTP","D95C2460","FSTP float ptr [ESP + 0x60]","",""
"007379b1","00737620",".text","after","007379c0","PUSH","52","PUSH EDX","",""
"007379b1","00737620",".text","after","007379c1","LEA","8D44245C","LEA EAX,[ESP + 0x5c]","",""
"0073814b","00737c87",".text","before","00738135","MOV","8B9850F3B600","MOV EBX,dword ptr [EAX + 0xb6f350]","",""
"0073814b","00737c87",".text","before","0073813b","LEA","8D882CF3B600","LEA ECX,[EAX + 0xb6f32c]","",""
"0073814b","00737c87",".text","before","00738141","MOV","8954244C","MOV dword ptr [ESP + 0x4c],EDX","",""
"0073814b","00737c87",".text","before","00738145","LEA","8D9050F3B600","LEA EDX,[EAX + 0xb6f350]","",""
"0073814b","00737c87",".text","candidate","0073814b","MOV","895C245C","MOV dword ptr [ESP + 0x5c],EBX","","00401c52:UNCONDITIONAL_CALL"
"0073814b","00737c87",".text","after","0073814f","MOV","8B9830F3B600","MOV EBX,dword ptr [EAX + 0xb6f330]","",""
"0073814b","00737c87",".text","after","00738155","MOV","895C2450","MOV dword ptr [ESP + 0x50],EBX","",""
"0073814b","00737c87",".text","after","00738159","MOV","8B9854F3B600","MOV EBX,dword ptr [EAX + 0xb6f354]","",""
"0073814b","00737c87",".text","after","0073815f","PUSH","51","PUSH ECX","",""
"00739238","00738b20",".text","before","00739226","MOV","89542458","MOV dword ptr [ESP + 0x58],EDX","",""
"00739238","00738b20",".text","before","0073922a","MOV","8B4804","MOV ECX,dword ptr [EAX + 0x4]","",""
"00739238","00738b20",".text","before","0073922d","FLD","D9842480000000","FLD float ptr [ESP + 0x80]","",""
"00739238","00738b20",".text","before","00739234","FADD","D8442458","FADD float ptr [ESP + 0x58]","",""
"00739238","00738b20",".text","candidate","00739238","MOV","894C245C","MOV dword ptr [ESP + 0x5c],ECX","","0073a36a:UNCONDITIONAL_CALL"
"00739238","00738b20",".text","after","0073923c","MOV","8B5008","MOV EDX,dword ptr [EAX + 0x8]","",""
"00739238","00738b20",".text","after","0073923f","MOV","89542460","MOV dword ptr [ESP + 0x60],EDX","",""
"00739238","00738b20",".text","after","00739243","MOV","8B5308","MOV EDX,dword ptr [EBX + 0x8]","",""
"00739238","00738b20",".text","after","00739246","FSTP","D95C2458","FSTP float ptr [ESP + 0x58]","",""
"0073bdc8","0073b550",".text","before","0073bdad","MOV","89AC248C000000","MOV dword ptr [ESP + 0x8c],EBP","",""
"0073bdc8","0073b550",".text","before","0073bdb4","CALL","E867F6D6FF","CALL 0x004ab420","",""
"0073bdc8","0073b550",".text","before","0073bdb9","LEA","8D4C245C","LEA ECX,[ESP + 0x5c]","",""
"0073bdc8","0073b550",".text","before","0073bdbd","MOV","C7842484000000FFFFFFFF","MOV dword ptr [ESP + 0x84],0xffffffff","",""
"0073bdc8","0073b550",".text","candidate","0073bdc8","MOV","C744245C40D68600","MOV dword ptr [ESP + 0x5c],0x86d640","","00741199:UNCONDITIONAL_CALL|007411df:UNCONDITIONAL_CALL|007412df:UNCONDITIONAL_CALL|00741e30:UNCONDITIONAL_CALL|0073cd92:UNCONDITIONAL_CALL"
"0073bdc8","0073b550",".text","after","0073bdd0","CALL","E8BB5BD7FF","CALL 0x004b1990","",""
"0073bdc8","0073b550",".text","after","0073bdd5","MOV","8A8688040000","MOV AL,byte ptr [ESI + 0x488]","",""
"0073bdc8","0073b550",".text","after","0073bddb","TEST","84C0","TEST AL,AL","",""
"0073bdc8","0073b550",".text","after","0073bddd","MOV","89AC248C000000","MOV dword ptr [ESP + 0x8c],EBP","",""
"0073be3a","0073b550",".text","before","0073be1b","MOV","C784248C00000001000000","MOV dword ptr [ESP + 0x8c],0x1","",""
"0073be3a","0073b550",".text","before","0073be26","CALL","E8F5F5D6FF","CALL 0x004ab420","",""
"0073be3a","0073b550",".text","before","0073be2b","LEA","8D4C245C","LEA ECX,[ESP + 0x5c]","",""
"0073be3a","0073b550",".text","before","0073be2f","MOV","C7842484000000FFFFFFFF","MOV dword ptr [ESP + 0x84],0xffffffff","",""
"0073be3a","0073b550",".text","candidate","0073be3a","MOV","C744245C40D68600","MOV dword ptr [ESP + 0x5c],0x86d640","","00741199:UNCONDITIONAL_CALL|007411df:UNCONDITIONAL_CALL|007412df:UNCONDITIONAL_CALL|00741e30:UNCONDITIONAL_CALL|0073cd92:UNCONDITIONAL_CALL"
"0073be3a","0073b550",".text","after","0073be42","CALL","E8495BD7FF","CALL 0x004b1990","",""
"0073be3a","0073b550",".text","after","0073be47","MOV","8B84248C000000","MOV EAX,dword ptr [ESP + 0x8c]","",""
"0073be3a","0073b550",".text","after","0073be4e","MOVZX","0FB68E88040000","MOVZX ECX,byte ptr [ESI + 0x488]","",""
"0073be3a","0073b550",".text","after","0073be55","INC","40","INC EAX","",""
"0073c534","0073c1f0",".text","before","0073c52b","JMP","EB03","JMP 0x0073c530","",""
"0073c534","0073c1f0",".text","before","0073c52d","LEA","8D4604","LEA EAX,[ESI + 0x4]","",""
"0073c534","0073c1f0",".text","before","0073c530","MOV","8BC8","MOV ECX,EAX","",""
"0073c534","0073c1f0",".text","before","0073c532","MOV","8B11","MOV EDX,dword ptr [ECX]","",""
"0073c534","0073c1f0",".text","candidate","0073c534","MOV","8954245C","MOV dword ptr [ESP + 0x5c],EDX","","0074278b:UNCONDITIONAL_CALL"
"0073c534","0073c1f0",".text","after","0073c538","MOV","8B5104","MOV EDX,dword ptr [ECX + 0x4]","",""
"0073c534","0073c1f0",".text","after","0073c53b","MOV","89542460","MOV dword ptr [ESP + 0x60],EDX","",""
"0073c534","0073c1f0",".text","after","0073c53f","MOV","8B4908","MOV ECX,dword ptr [ECX + 0x8]","",""
"0073c534","0073c1f0",".text","after","0073c542","MOV","894C2464","MOV dword ptr [ESP + 0x64],ECX","",""
"0073e12a","0073df00",".text","before","0073e11b","MOV","8B4008","MOV EAX,dword ptr [EAX + 0x8]","",""
"0073e12a","0073df00",".text","before","0073e11e","FSTP","D95C246C","FSTP float ptr [ESP + 0x6c]","",""
"0073e12a","0073df00",".text","before","0073e122","MOV","8B4C246C","MOV ECX,dword ptr [ESP + 0x6c]","",""
"0073e12a","0073df00",".text","before","0073e126","FADD","D8442458","FADD float ptr [ESP + 0x58]","",""
"0073e12a","0073df00",".text","candidate","0073e12a","MOV","8944245C","MOV dword ptr [ESP + 0x5c],EAX","","0073f459:UNCONDITIONAL_CALL|00429079:UNCONDITIONAL_CALL"
"0073e12a","0073df00",".text","after","0073e12e","MOV","894C2448","MOV dword ptr [ESP + 0x48],ECX","",""
"0073e12a","0073df00",".text","after","0073e132","FSTP","D95C2470","FSTP float ptr [ESP + 0x70]","",""
"0073e12a","0073df00",".text","after","0073e136","FLD","D944245C","FLD float ptr [ESP + 0x5c]","",""
"0073e12a","0073df00",".text","after","0073e13a","MOV","8B542470","MOV EDX,dword ptr [ESP + 0x70]","",""
"00740750","0073fb10",".text","before","00740743","PUSH","55","PUSH EBP","",""
"00740750","0073fb10",".text","before","00740744","FLD","D9842494000000","FLD float ptr [ESP + 0x94]","",""
"00740750","0073fb10",".text","before","0074074b","PUSH","50","PUSH EAX","",""
"00740750","0073fb10",".text","before","0074074c","FSUB","D8642440","FSUB float ptr [ESP + 0x40]","",""
"00740750","0073fb10",".text","candidate","00740750","MOV","894C245C","MOV dword ptr [ESP + 0x5c],ECX","","00742495:UNCONDITIONAL_CALL|007424ec:UNCONDITIONAL_CALL|00742548:UNCONDITIONAL_CALL|006ae96a:UNCONDITIONAL_CALL|0048d476:UNCONDITIONAL_CALL|006d4e85:UNCONDITIONAL_CALL|006d4f77:UNCONDITIONAL_CALL|0056ef5a:UNCONDITIONAL_CALL"
"00740750","0073fb10",".text","after","00740754","FLD","D9C1","FLD ST1","",""
"00740750","0073fb10",".text","after","00740756","FMULP","DECA","FMULP ST2","",""
"00740750","0073fb10",".text","after","00740758","FLD","D9C0","FLD ST0","",""
"00740750","0073fb10",".text","after","0074075a","FMUL","D8C9","FMUL ST1","",""
"00749cf1","00749c50",".text","before","00749ce1","LEA","8D4664","LEA EAX,[ESI + 0x64]","",""
"00749cf1","00749c50",".text","before","00749ce4","PUSH","684C628D00","PUSH 0x8d624c","",""
"00749cf1","00749c50",".text","before","00749ce9","MOV","66895E50","MOV word ptr [ESI + 0x50],BX","",""
"00749cf1","00749c50",".text","before","00749ced","MOV","66895E52","MOV word ptr [ESI + 0x52],BX","",""
"00749cf1","00749c50",".text","candidate","00749cf1","MOV","895E5C","MOV dword ptr [ESI + 0x5c],EBX","","0072e2b8:UNCONDITIONAL_CALL|00749e61:UNCONDITIONAL_CALL|0074b0d9:UNCONDITIONAL_CALL|006ff1fa:UNCONDITIONAL_CALL"
"00749cf1","00749c50",".text","after","00749cf4","MOV","C7464C03000000","MOV dword ptr [ESI + 0x4c],0x3","",""
"00749cf1","00749c50",".text","after","00749cfb","MOV","895E44","MOV dword ptr [ESI + 0x44],EBX","",""
"00749cf1","00749c50",".text","after","00749cfe","MOV","895E40","MOV dword ptr [ESI + 0x40],EBX","",""
"00749cf1","00749c50",".text","after","00749d01","MOV","895E3C","MOV dword ptr [ESI + 0x3c],EBX","",""
"0074c3e4","0074c310",".text","before","0074c3db","ADD","03CF","ADD ECX,EDI","",""
"0074c3e4","0074c310",".text","before","0074c3dd","XOR","33ED","XOR EBP,EBP","",""
"0074c3e4","0074c310",".text","before","0074c3df","MOV","8BD1","MOV EDX,ECX","",""
"0074c3e4","0074c310",".text","before","0074c3e1","MOV","894E18","MOV dword ptr [ESI + 0x18],ECX","",""
"0074c3e4","0074c310",".text","candidate","0074c3e4","MOV","89465C","MOV dword ptr [ESI + 0x5c],EAX","","0074cc23:UNCONDITIONAL_CALL|0074d252:UNCONDITIONAL_CALL"
"0074c3e4","0074c310",".text","after","0074c3e7","LEA","8D0CD500000000","LEA ECX,[EDX*0x8 + 0x0]","",""
"0074c3e4","0074c310",".text","after","0074c3ee","SUB","2BCA","SUB ECX,EDX","",""
"0074c3e4","0074c310",".text","after","0074c3f0","CMP","3BD3","CMP EDX,EBX","",""
"0074c3e4","0074c310",".text","after","0074c3f2","LEA","8D0C88","LEA ECX,[EAX + ECX*0x4]","",""
"0074cb67","0074ca90",".text","before","0074cb59","ADD","83C404","ADD ESP,0x4","",""
"0074cb67","0074ca90",".text","before","0074cb5c","TEST","85C0","TEST EAX,EAX","",""
"0074cb67","0074ca90",".text","before","0074cb5e","JZ","0F8441010000","JZ 0x0074cca5","",""
"0074cb67","0074ca90",".text","before","0074cb64","LEA","8D5634","LEA EDX,[ESI + 0x34]","",""
"0074cb67","0074ca90",".text","candidate","0074cb67","MOV","897E5C","MOV dword ptr [ESI + 0x5c],EDI","","005a6581:UNCONDITIONAL_CALL|0074d234:UNCONDITIONAL_CALL|006feec2:UNCONDITIONAL_CALL|005dd12d:UNCONDITIONAL_CALL"
"0074cb67","0074ca90",".text","after","0074cb6a","MOV","897E18","MOV dword ptr [ESI + 0x18],EDI","",""
"0074cb67","0074ca90",".text","after","0074cb6d","MOV","897E04","MOV dword ptr [ESI + 0x4],EDI","",""
"0074cb67","0074ca90",".text","after","0074cb70","MOV","897E58","MOV dword ptr [ESI + 0x58],EDI","",""
"0074cb67","0074ca90",".text","after","0074cb73","MOV","66897E0C","MOV word ptr [ESI + 0xc],DI","",""
"0074cd2e","0074ccc0",".text","before","0074cd1f","PUSH","50","PUSH EAX","",""
"0074cd2e","0074ccc0",".text","before","0074cd20","MOV","A1247BC900","MOV EAX,[0x00c97b24]","",""
"0074cd2e","0074ccc0",".text","before","0074cd25","CALL","FF9038010000","CALL dword ptr [EAX + 0x138]","",""
"0074cd2e","0074ccc0",".text","before","0074cd2b","ADD","83C404","ADD ESP,0x4","",""
"0074cd2e","0074ccc0",".text","candidate","0074cd2e","MOV","C7465C00000000","MOV dword ptr [ESI + 0x5c],0x0","","0072e37a:UNCONDITIONAL_CALL|00749dec:UNCONDITIONAL_CALL|0074a361:UNCONDITIONAL_CALL|0072e34b:UNCONDITIONAL_CALL|00749d64:UNCONDITIONAL_CALL|00749ecc:UNCONDITIONAL_CALL|0074b87f:UNCONDITIONAL_CALL|0074ba2b:UNCONDITIONAL_CALL|0074ba57:UNCONDITIONAL_CALL|0074bb2e:UNCONDITIONAL_CALL|0074bbc4:UNCONDITIONAL_CALL|0074ae65:UNCONDITIONAL_CALL|0074b147:UNCONDITIONAL_CALL|0074b204:UNCONDITIONAL_CALL|0074b28b:UNCONDITIONAL_CALL|0074b2d7:UNCONDITIONAL_CALL|0074b37a:UNCONDITIONAL_CALL|006ff221:UNCONDITIONAL_CALL|006ff25e:UNCONDITIONAL_CALL|006ff277:UNCONDITIONAL_CALL|00749571:UNCONDITIONAL_CALL|0074bcec:UNCONDITIONAL_CALL|007496cc:UNCONDITIONAL_CALL"
"0074cd2e","0074ccc0",".text","after","0074cd35","LEA","8D4E20","LEA ECX,[ESI + 0x20]","",""
"0074cd2e","0074ccc0",".text","after","0074cd38","PUSH","51","PUSH ECX","",""
"0074cd2e","0074ccc0",".text","after","0074cd39","CALL","E812140000","CALL 0x0074e150","",""
"0074cd2e","0074ccc0",".text","after","0074cd3e","DEC","66FF4E0E","DEC word ptr [ESI + 0xe]","",""
"0074d404","0074d190",".text","before","0074d3f4","MOV","8B0D247BC900","MOV ECX,dword ptr [0x00c97b24]","",""
"0074d404","0074d190",".text","before","0074d3fa","PUSH","50","PUSH EAX","",""
"0074d404","0074d190",".text","before","0074d3fb","CALL","FF9138010000","CALL dword ptr [ECX + 0x138]","",""
"0074d404","0074d190",".text","before","0074d401","ADD","83C404","ADD ESP,0x4","",""
"0074d404","0074d190",".text","candidate","0074d404","MOV","C7465C00000000","MOV dword ptr [ESI + 0x5c],0x0","","0072e247:UNCONDITIONAL_CALL|0072e333:UNCONDITIONAL_CALL|0074b7a3:UNCONDITIONAL_CALL|0074b1cc:UNCONDITIONAL_CALL|0072e107:UNCONDITIONAL_CALL"
"0074d404","0074d190",".text","after","0074d40b","LEA","8D5620","LEA EDX,[ESI + 0x20]","",""
"0074d404","0074d190",".text","after","0074d40e","PUSH","52","PUSH EDX","",""
"0074d404","0074d190",".text","after","0074d40f","CALL","E83C0D0000","CALL 0x0074e150","",""
"0074d404","0074d190",".text","after","0074d414","DEC","66FF4E0E","DEC word ptr [ESI + 0xe]","",""
"0074d579","0074d190",".text","before","0074d56a","PUSH","50","PUSH EAX","",""
"0074d579","0074d190",".text","before","0074d56b","MOV","A1247BC900","MOV EAX,[0x00c97b24]","",""
"0074d579","0074d190",".text","before","0074d570","CALL","FF9038010000","CALL dword ptr [EAX + 0x138]","",""
"0074d579","0074d190",".text","before","0074d576","ADD","83C404","ADD ESP,0x4","",""
"0074d579","0074d190",".text","candidate","0074d579","MOV","C7465C00000000","MOV dword ptr [ESI + 0x5c],0x0","","0072e247:UNCONDITIONAL_CALL|0072e333:UNCONDITIONAL_CALL|0074b7a3:UNCONDITIONAL_CALL|0074b1cc:UNCONDITIONAL_CALL|0072e107:UNCONDITIONAL_CALL"
"0074d579","0074d190",".text","after","0074d580","LEA","8D4E20","LEA ECX,[ESI + 0x20]","",""
"0074d579","0074d190",".text","after","0074d583","PUSH","51","PUSH ECX","",""
"0074d579","0074d190",".text","after","0074d584","CALL","E8C70B0000","CALL 0x0074e150","",""
"0074d579","0074d190",".text","after","0074d589","DEC","66FF4E0E","DEC word ptr [ESI + 0xe]","",""
"0074d654","0074d190",".text","before","0074d644","MOV","8B0D247BC900","MOV ECX,dword ptr [0x00c97b24]","",""
"0074d654","0074d190",".text","before","0074d64a","PUSH","50","PUSH EAX","",""
"0074d654","0074d190",".text","before","0074d64b","CALL","FF9138010000","CALL dword ptr [ECX + 0x138]","",""
"0074d654","0074d190",".text","before","0074d651","ADD","83C404","ADD ESP,0x4","",""
"0074d654","0074d190",".text","candidate","0074d654","MOV","C7465C00000000","MOV dword ptr [ESI + 0x5c],0x0","","0072e247:UNCONDITIONAL_CALL|0072e333:UNCONDITIONAL_CALL|0074b7a3:UNCONDITIONAL_CALL|0074b1cc:UNCONDITIONAL_CALL|0072e107:UNCONDITIONAL_CALL"
"0074d654","0074d190",".text","after","0074d65b","LEA","8D5620","LEA EDX,[ESI + 0x20]","",""
"0074d654","0074d190",".text","after","0074d65e","PUSH","52","PUSH EDX","",""
"0074d654","0074d190",".text","after","0074d65f","CALL","E8EC0A0000","CALL 0x0074e150","",""
"0074d654","0074d190",".text","after","0074d664","DEC","66FF4E0E","DEC word ptr [ESI + 0xe]","",""
"0074d71a","0074d6d0",".text","before","0074d70b","PUSH","50","PUSH EAX","",""
"0074d71a","0074d6d0",".text","before","0074d70c","MOV","A1247BC900","MOV EAX,[0x00c97b24]","",""
"0074d71a","0074d6d0",".text","before","0074d711","CALL","FF9038010000","CALL dword ptr [EAX + 0x138]","",""
"0074d71a","0074d6d0",".text","before","0074d717","ADD","83C404","ADD ESP,0x4","",""
"0074d71a","0074d6d0",".text","candidate","0074d71a","MOV","C7465C00000000","MOV dword ptr [ESI + 0x5c],0x0","","0074d5d5:UNCONDITIONAL_CALL"
"0074d71a","0074d6d0",".text","after","0074d721","LEA","8D4E20","LEA ECX,[ESI + 0x20]","",""
"0074d71a","0074d6d0",".text","after","0074d724","PUSH","51","PUSH ECX","",""
"0074d71a","0074d6d0",".text","after","0074d725","CALL","E8260A0000","CALL 0x0074e150","",""
"0074d71a","0074d6d0",".text","after","0074d72a","DEC","66FF4E0E","DEC word ptr [ESI + 0xe]","",""
"0074f8fb","0074f760",".text","before","0074f8ef","MOV","895E48","MOV dword ptr [ESI + 0x48],EBX","",""
"0074f8fb","0074f760",".text","before","0074f8f2","MOV","895E44","MOV dword ptr [ESI + 0x44],EBX","",""
"0074f8fb","0074f760",".text","before","0074f8f5","MOV","8B480C","MOV ECX,dword ptr [EAX + 0xc]","",""
"0074f8fb","0074f760",".text","before","0074f8f8","LEA","8D565C","LEA EDX,[ESI + 0x5c]","",""
"0074f8fb","0074f760",".text","candidate","0074f8fb","MOV","894E5C","MOV dword ptr [ESI + 0x5c],ECX","","005bd71c:UNCONDITIONAL_CALL"
"0074f8fb","0074f760",".text","after","0074f8fe","MOV","8B4810","MOV ECX,dword ptr [EAX + 0x10]","",""
"0074f8fb","0074f760",".text","after","0074f901","MOV","894A04","MOV dword ptr [EDX + 0x4],ECX","",""
"0074f8fb","0074f760",".text","after","0074f904","MOV","8B4814","MOV ECX,dword ptr [EAX + 0x14]","",""
"0074f8fb","0074f760",".text","after","0074f907","MOV","894A08","MOV dword ptr [EDX + 0x8],ECX","",""
"00757c0b","007578c0",".text","before","00757bfb","PUSH","51","PUSH ECX","",""
"00757c0b","007578c0",".text","before","00757bfc","PUSH","52","PUSH EDX","",""
"00757c0b","007578c0",".text","before","00757bfd","MOV","66C744F458FF00","MOV word ptr [ESP + ESI*0x8 + 0x58],0xff","",""
"00757c0b","007578c0",".text","before","00757c04","MOV","66C744F45A0000","MOV word ptr [ESP + ESI*0x8 + 0x5a],0x0","",""
"00757c0b","007578c0",".text","candidate","00757c0b","MOV","C644F45C11","MOV byte ptr [ESP + ESI*0x8 + 0x5c],0x11","",""
"00757c0b","007578c0",".text","after","00757c10","MOV","C644F45D00","MOV byte ptr [ESP + ESI*0x8 + 0x5d],0x0","",""
"00757c0b","007578c0",".text","after","00757c15","MOV","C644F45E00","MOV byte ptr [ESP + ESI*0x8 + 0x5e],0x0","",""
"00757c0b","007578c0",".text","after","00757c1a","MOV","C644F45F00","MOV byte ptr [ESP + ESI*0x8 + 0x5f],0x0","",""
"00757c0b","007578c0",".text","after","00757c1f","CALL","E80C2E0A00","CALL 0x007faa30","",""
"007597bd","00759790",".text","before","007597ad","MOV","897C2450","MOV dword ptr [ESP + 0x50],EDI","",""
"007597bd","00759790",".text","before","007597b1","MOV","897C2424","MOV dword ptr [ESP + 0x24],EDI","",""
"007597bd","00759790",".text","before","007597b5","MOV","897C2430","MOV dword ptr [ESP + 0x30],EDI","",""
"007597bd","00759790",".text","before","007597b9","MOV","897C2420","MOV dword ptr [ESP + 0x20],EDI","",""
"007597bd","00759790",".text","candidate","007597bd","MOV","897C245C","MOV dword ptr [ESP + 0x5c],EDI","","007593f5:UNCONDITIONAL_CALL"
"007597bd","00759790",".text","after","007597c1","MOV","897C2460","MOV dword ptr [ESP + 0x60],EDI","",""
"007597bd","00759790",".text","after","007597c5","MOV","897C2464","MOV dword ptr [ESP + 0x64],EDI","",""
"007597bd","00759790",".text","after","007597c9","MOV","897C2468","MOV dword ptr [ESP + 0x68],EDI","",""
"007597bd","00759790",".text","after","007597cd","MOV","897C2454","MOV dword ptr [ESP + 0x54],EDI","",""
"0075e399","0075e310",".text","before","0075e384","MOV","A1247BC900","MOV EAX,[0x00c97b24]","",""
"0075e399","0075e310",".text","before","0075e389","MOV","89740258","MOV dword ptr [EDX + EAX*0x1 + 0x58],ESI","",""
"0075e399","0075e310",".text","before","0075e38d","MOV","8B0D247BC900","MOV ECX,dword ptr [0x00c97b24]","",""
"0075e399","0075e310",".text","before","0075e393","MOV","8B1560BCC900","MOV EDX,dword ptr [0x00c9bc60]","",""
"0075e399","0075e310",".text","candidate","0075e399","MOV","89740A5C","MOV dword ptr [EDX + ECX*0x1 + 0x5c],ESI","","0074fee9:UNCONDITIONAL_CALL"
"0075e399","0075e310",".text","after","0075e39d","CALL","E80E07FFFF","CALL 0x0074eab0","",""
"0075e399","0075e310",".text","after","0075e3a2","CMP","3BC6","CMP EAX,ESI","",""
"0075e399","0075e310",".text","after","0075e3a4","JZ","7419","JZ 0x0075e3bf","",""
"0075e399","0075e310",".text","after","0075e3a6","CALL","E8D507FFFF","CALL 0x0074eb80","",""
"0076b58d","0076b567",".text","before","0076b581","MOV","894638","MOV dword ptr [ESI + 0x38],EAX","",""
"0076b58d","0076b567",".text","before","0076b584","MOV","894658","MOV dword ptr [ESI + 0x58],EAX","",""
"0076b58d","0076b567",".text","before","0076b587","MOV","894664","MOV dword ptr [ESI + 0x64],EAX","",""
"0076b58d","0076b567",".text","before","0076b58a","MOV","894668","MOV dword ptr [ESI + 0x68],EAX","",""
"0076b58d","0076b567",".text","candidate","0076b58d","MOV","89465C","MOV dword ptr [ESI + 0x5c],EAX","","0076df14:UNCONDITIONAL_CALL|0076df80:UNCONDITIONAL_CALL|0076dfe2:UNCONDITIONAL_CALL|0076bff7:UNCONDITIONAL_CALL"
"0076b58d","0076b567",".text","after","0076b590","MOV","894660","MOV dword ptr [ESI + 0x60],EAX","",""
"0076b58d","0076b567",".text","after","0076b593","MOV","89466C","MOV dword ptr [ESI + 0x6c],EAX","",""
"0076b58d","0076b567",".text","after","0076b596","MOV","8BC6","MOV EAX,ESI","",""
"0076b58d","0076b567",".text","after","0076b598","POP","5E","POP ESI","",""
"0076b673","0076b60b",".text","before","0076b668","LEA","8D7001","LEA ESI,[EAX + 0x1]","",""
"0076b673","0076b60b",".text","before","0076b66b","PUSH","56","PUSH ESI","",""
"0076b673","0076b60b",".text","before","0076b66c","CALL","E8422D0000","CALL 0x0076e3b3","",""
"0076b673","0076b60b",".text","before","0076b671","CMP","3BC7","CMP EAX,EDI","",""
"0076b673","0076b60b",".text","candidate","0076b673","MOV","89435C","MOV dword ptr [EBX + 0x5c],EAX","","0076df44:UNCONDITIONAL_CALL|0076c022:UNCONDITIONAL_CALL"
"0076b673","0076b60b",".text","after","0076b676","JZ","0F8493000000","JZ 0x0076b70f","",""
"0076b673","0076b60b",".text","after","0076b67c","MOV","8BCE","MOV ECX,ESI","",""
"0076b673","0076b60b",".text","after","0076b67e","MOV","8B7508","MOV ESI,dword ptr [EBP + 0x8]","",""
"0076b673","0076b60b",".text","after","0076b681","MOV","8BF8","MOV EDI,EAX","",""
"0076b70a","0076b60b",".text","before","0076b6fd","PUSH","FF7518","PUSH dword ptr [EBP + 0x18]","",""
"0076b70a","0076b60b",".text","before","0076b700","MOV","8B4D10","MOV ECX,dword ptr [EBP + 0x10]","",""
"0076b70a","0076b60b",".text","before","0076b703","CALL","E8AB2C0000","CALL 0x0076e3b3","",""
"0076b70a","0076b60b",".text","before","0076b708","TEST","85C0","TEST EAX,EAX","",""
"0076b70a","0076b60b",".text","candidate","0076b70a","MOV","89435C","MOV dword ptr [EBX + 0x5c],EAX","","0076df44:UNCONDITIONAL_CALL|0076c022:UNCONDITIONAL_CALL"
"0076b70a","0076b60b",".text","after","0076b70d","JNZ","750A","JNZ 0x0076b719","",""
"0076b70a","0076b60b",".text","after","0076b70f","MOV","B80E000780","MOV EAX,0x8007000e","",""
"0076b70a","0076b60b",".text","after","0076b714","JMP","E992000000","JMP 0x0076b7ab","",""
"0076b70a","0076b60b",".text","after","0076b719","LEA","8D450C","LEA EAX,[EBP + 0xc]","",""
"0076fafd","0076faeb",".text","before","0076faf1","MOV","894804","MOV dword ptr [EAX + 0x4],ECX","",""
"0076fafd","0076faeb",".text","before","0076faf4","MOV","894808","MOV dword ptr [EAX + 0x8],ECX","",""
"0076fafd","0076faeb",".text","before","0076faf7","MOV","894834","MOV dword ptr [EAX + 0x34],ECX","",""
"0076fafd","0076faeb",".text","before","0076fafa","MOV","894858","MOV dword ptr [EAX + 0x58],ECX","",""
"0076fafd","0076faeb",".text","candidate","0076fafd","MOV","89485C","MOV dword ptr [EAX + 0x5c],ECX","","007933ba:UNCONDITIONAL_CALL|007652ed:UNCONDITIONAL_CALL"
"0076fafd","0076faeb",".text","after","0076fb00","MOV","894860","MOV dword ptr [EAX + 0x60],ECX","",""
"0076fafd","0076faeb",".text","after","0076fb03","MOV","894878","MOV dword ptr [EAX + 0x78],ECX","",""
"0076fafd","0076faeb",".text","after","0076fb06","RET","C3","RET","",""
"0076fafd","0076faeb",".text","after","0076fb07","PUSH","55","PUSH EBP","",""
"00770c5f","00770859",".text","before","00770c54","OR","0BD8","OR EBX,EAX","",""
"00770c5f","00770859",".text","before","00770c56","MOV","8B465C","MOV EAX,dword ptr [ESI + 0x5c]","",""
"00770c5f","00770859",".text","before","00770c59","MOV","8B4E58","MOV ECX,dword ptr [ESI + 0x58]","",""
"00770c5f","00770859",".text","before","00770c5c","MOV","891C81","MOV dword ptr [ECX + EAX*0x4],EBX","",""
"00770c5f","00770859",".text","candidate","00770c5f","INC","FF465C","INC dword ptr [ESI + 0x5c]","","0077207e:UNCONDITIONAL_CALL"
"00770c5f","00770859",".text","after","00770c62","CMP","837F301F","CMP dword ptr [EDI + 0x30],0x1f","",""
"00770c5f","00770859",".text","after","00770c66","MOV","8B465C","MOV EAX,dword ptr [ESI + 0x5c]","",""
"00770c5f","00770859",".text","after","00770c69","JNZ","7515","JNZ 0x00770c80","",""
"00770c5f","00770859",".text","after","00770c6b","MOV","8B4F38","MOV ECX,dword ptr [EDI + 0x38]","",""
"00770c7a","00770859",".text","before","00770c6b","MOV","8B4F38","MOV ECX,dword ptr [EDI + 0x38]","",""
"00770c7a","00770859",".text","before","00770c6e","MOV","8B5658","MOV EDX,dword ptr [ESI + 0x58]","",""
"00770c7a","00770859",".text","before","00770c71","OR","81C900000080","OR ECX,0x80000000","",""
"00770c7a","00770859",".text","before","00770c77","MOV","890C82","MOV dword ptr [EDX + EAX*0x4],ECX","",""
"00770c7a","00770859",".text","candidate","00770c7a","INC","FF465C","INC dword ptr [ESI + 0x5c]","","0077207e:UNCONDITIONAL_CALL"
"00770c7a","00770859",".text","after","00770c7d","MOV","8B465C","MOV EAX,dword ptr [ESI + 0x5c]","",""
"00770c7a","00770859",".text","after","00770c80","MOV","8B4F3C","MOV ECX,dword ptr [EDI + 0x3c]","",""
"00770c7a","00770859",".text","after","00770c83","TEST","85C9","TEST ECX,ECX","",""
"00770c7a","00770859",".text","after","00770c85","JZ","0F84CD000000","JZ 0x00770d58","",""
"00770d0b","00770859",".text","before","00770cfd","OR","0D00200000","OR EAX,0x2000","",""
"00770d0b","00770859",".text","before","00770d02","MOV","8B565C","MOV EDX,dword ptr [ESI + 0x5c]","",""
"00770d0b","00770859",".text","before","00770d05","MOV","8B5E58","MOV EBX,dword ptr [ESI + 0x58]","",""
"00770d0b","00770859",".text","before","00770d08","MOV","890493","MOV dword ptr [EBX + EDX*0x4],EAX","",""
"00770d0b","00770859",".text","candidate","00770d0b","INC","FF465C","INC dword ptr [ESI + 0x5c]","","0077207e:UNCONDITIONAL_CALL"
"00770d0b","00770859",".text","after","00770d0e","MOV","8B4928","MOV ECX,dword ptr [ECX + 0x28]","",""
"00770d0b","00770859",".text","after","00770d11","TEST","85C9","TEST ECX,ECX","",""
"00770d0b","00770859",".text","after","00770d13","MOV","8B465C","MOV EAX,dword ptr [ESI + 0x5c]","",""
"00770d0b","00770859",".text","after","00770d16","JZ","7440","JZ 0x00770d58","",""
"00770d52","00770859",".text","before","00770d48","OR","0BDA","OR EBX,EDX","",""
"00770d52","00770859",".text","before","00770d4a","OR","0BD9","OR EBX,ECX","",""
"00770d52","00770859",".text","before","00770d4c","MOV","8B4E58","MOV ECX,dword ptr [ESI + 0x58]","",""
"00770d52","00770859",".text","before","00770d4f","MOV","891C81","MOV dword ptr [ECX + EAX*0x4],EBX","",""
"00770d52","00770859",".text","candidate","00770d52","INC","FF465C","INC dword ptr [ESI + 0x5c]","","0077207e:UNCONDITIONAL_CALL"
"00770d52","00770859",".text","after","00770d55","MOV","8B465C","MOV EAX,dword ptr [ESI + 0x5c]","",""
"00770d52","00770859",".text","after","00770d58","MOV","8B4F40","MOV ECX,dword ptr [EDI + 0x40]","",""
"00770d52","00770859",".text","after","00770d5b","TEST","85C9","TEST ECX,ECX","",""
"00770d52","00770859",".text","after","00770d5d","JZ","7446","JZ 0x00770da5","",""
"00770d9f","00770859",".text","before","00770d95","OR","0BDA","OR EBX,EDX","",""
"00770d9f","00770859",".text","before","00770d97","OR","0BD9","OR EBX,ECX","",""
"00770d9f","00770859",".text","before","00770d99","MOV","8B4E58","MOV ECX,dword ptr [ESI + 0x58]","",""
"00770d9f","00770859",".text","before","00770d9c","MOV","891C81","MOV dword ptr [ECX + EAX*0x4],EBX","",""
"00770d9f","00770859",".text","candidate","00770d9f","INC","FF465C","INC dword ptr [ESI + 0x5c]","","0077207e:UNCONDITIONAL_CALL"
"00770d9f","00770859",".text","after","00770da2","MOV","8B465C","MOV EAX,dword ptr [ESI + 0x5c]","",""
"00770d9f","00770859",".text","after","00770da5","MOV","8B4F30","MOV ECX,dword ptr [EDI + 0x30]","",""
"00770d9f","00770859",".text","after","00770da8","CMP","83F951","CMP ECX,0x51","",""
"00770d9f","00770859",".text","after","00770dab","JNZ","7546","JNZ 0x00770df3","",""
"00770ddc","00770859",".text","before","00770dd0","MOV","8B4E58","MOV ECX,dword ptr [ESI + 0x58]","",""
"00770ddc","00770859",".text","before","00770dd3","FSTP","D95DFC","FSTP float ptr [EBP + -0x4]","",""
"00770ddc","00770859",".text","before","00770dd6","MOV","8B55FC","MOV EDX,dword ptr [EBP + -0x4]","",""
"00770ddc","00770859",".text","before","00770dd9","MOV","891481","MOV dword ptr [ECX + EAX*0x4],EDX","",""
"00770ddc","00770859",".text","candidate","00770ddc","INC","FF465C","INC dword ptr [ESI + 0x5c]","00770dc6:CONDITIONAL_JUMP|00770dcb:CONDITIONAL_JUMP","0077207e:UNCONDITIONAL_CALL"
"00770ddc","00770859",".text","after","00770ddf","INC","FF4508","INC dword ptr [EBP + 0x8]","",""
"00770ddc","00770859",".text","after","00770de2","MOV","8B465C","MOV EAX,dword ptr [ESI + 0x5c]","",""
"00770ddc","00770859",".text","after","00770de5","ADD","83C304","ADD EBX,0x4","",""
"00770ddc","00770859",".text","after","00770de8","CMP","837D0804","CMP dword ptr [EBP + 0x8],0x4","",""
"00770e1f","00770859",".text","before","00770e14","JNZ","7509","JNZ 0x00770e1f","",""
"00770e1f","00770859",".text","before","00770e16","MOV","8B5658","MOV EDX,dword ptr [ESI + 0x58]","",""
"00770e1f","00770859",".text","before","00770e19","MOV","8B4918","MOV ECX,dword ptr [ECX + 0x18]","",""
"00770e1f","00770859",".text","before","00770e1c","MOV","890C82","MOV dword ptr [EDX + EAX*0x4],ECX","",""
"00770e1f","00770859",".text","candidate","00770e1f","INC","FF465C","INC dword ptr [ESI + 0x5c]","00770e14:CONDITIONAL_JUMP","0077207e:UNCONDITIONAL_CALL"
"00770e1f","00770859",".text","after","00770e22","INC","FF4508","INC dword ptr [EBP + 0x8]","",""
"00770e1f","00770859",".text","after","00770e25","MOV","8B465C","MOV EAX,dword ptr [ESI + 0x5c]","",""
"00770e1f","00770859",".text","after","00770e28","ADD","83C304","ADD EBX,0x4","",""
"00770e1f","00770859",".text","after","00770e2b","CMP","837D0804","CMP dword ptr [EBP + 0x8],0x4","",""
"00770e4c","00770859",".text","before","00770e40","CMP","395118","CMP dword ptr [ECX + 0x18],EDX","",""
"00770e4c","00770859",".text","before","00770e43","MOV","8B4E58","MOV ECX,dword ptr [ESI + 0x58]","",""
"00770e4c","00770859",".text","before","00770e46","SETNZ","0F95C2","SETNZ DL","",""
"00770e4c","00770859",".text","before","00770e49","MOV","891481","MOV dword ptr [ECX + EAX*0x4],EDX","",""
"00770e4c","00770859",".text","candidate","00770e4c","INC","FF465C","INC dword ptr [ESI + 0x5c]","","0077207e:UNCONDITIONAL_CALL"
"00770e4c","00770859",".text","after","00770e4f","JMP","E92E010000","JMP 0x00770f82","",""
"00770e4c","00770859",".text","after","00770e54","AND","83650800","AND dword ptr [EBP + 0x8],0x0","",""
"00770e4c","00770859",".text","after","00770e58","LEA","8D4744","LEA EAX,[EDI + 0x44]","",""
"00770e4c","00770859",".text","after","00770e5b","MOV","8945FC","MOV dword ptr [EBP + -0x4],EAX","",""
"00770eeb","00770859",".text","before","00770edc","OR","81C900200000","OR ECX,0x2000","",""
"00770eeb","00770859",".text","before","00770ee2","MOV","8B565C","MOV EDX,dword ptr [ESI + 0x5c]","",""
"00770eeb","00770859",".text","before","00770ee5","MOV","8B5E58","MOV EBX,dword ptr [ESI + 0x58]","",""
"00770eeb","00770859",".text","before","00770ee8","MOV","890C93","MOV dword ptr [EBX + EDX*0x4],ECX","",""
"00770eeb","00770859",".text","candidate","00770eeb","INC","FF465C","INC dword ptr [ESI + 0x5c]","","0077207e:UNCONDITIONAL_CALL"
"00770eeb","00770859",".text","after","00770eee","MOV","8B4028","MOV EAX,dword ptr [EAX + 0x28]","",""
"00770eeb","00770859",".text","after","00770ef1","MOV","8B565C","MOV EDX,dword ptr [ESI + 0x5c]","",""
"00770eeb","00770859",".text","after","00770ef4","XOR","33C9","XOR ECX,ECX","",""
"00770eeb","00770859",".text","after","00770ef6","CMP","3BC1","CMP EAX,ECX","",""
"00770f6e","00770859",".text","before","00770f64","OR","0BD9","OR EBX,ECX","",""
"00770f6e","00770859",".text","before","00770f66","OR","0BD8","OR EBX,EAX","",""
"00770f6e","00770859",".text","before","00770f68","MOV","8B4658","MOV EAX,dword ptr [ESI + 0x58]","",""
"00770f6e","00770859",".text","before","00770f6b","MOV","891C90","MOV dword ptr [EAX + EDX*0x4],EBX","",""
"00770f6e","00770859",".text","candidate","00770f6e","INC","FF465C","INC dword ptr [ESI + 0x5c]","","0077207e:UNCONDITIONAL_CALL"
"00770f6e","00770859",".text","after","00770f71","INC","FF4508","INC dword ptr [EBP + 0x8]","",""
"00770f6e","00770859",".text","after","00770f74","ADD","8345FC04","ADD dword ptr [EBP + -0x4],0x4","",""
"00770f6e","00770859",".text","after","00770f78","CMP","837D0804","CMP dword ptr [EBP + 0x8],0x4","",""
"00770f6e","00770859",".text","after","00770f7c","JC","0F82DCFEFFFF","JC 0x00770e5e","",""
"00771251","0077107f",".text","before","00771246","CALL","E8FB280100","CALL 0x00783b46","",""
"00771251","0077107f",".text","before","0077124b","MOV","8BF8","MOV EDI,EAX","",""
"00771251","0077107f",".text","before","0077124d","TEST","85FF","TEST EDI,EDI","",""
"00771251","0077107f",".text","before","0077124f","JL","7C2D","JL 0x0077127e","",""
"00771251","0077107f",".text","candidate","00771251","ADD","015E5C","ADD dword ptr [ESI + 0x5c],EBX","",""
"00771251","0077107f",".text","after","00771254","MOV","8B465C","MOV EAX,dword ptr [ESI + 0x5c]","",""
"00771251","0077107f",".text","after","00771257","ADD","015E68","ADD dword ptr [ESI + 0x68],EBX","",""
"00771251","0077107f",".text","after","0077125a","MOV","894664","MOV dword ptr [ESI + 0x64],EAX","",""
"00771251","0077107f",".text","after","0077125d","XOR","33FF","XOR EDI,EDI","",""
"00771538","0077129f",".text","before","0077152c","CALL","E815260100","CALL 0x00783b46","",""
"00771538","0077129f",".text","before","00771531","TEST","85C0","TEST EAX,EAX","",""
"00771538","0077129f",".text","before","00771533","MOV","8945FC","MOV dword ptr [EBP + -0x4],EAX","",""
"00771538","0077129f",".text","before","00771536","JL","7C2A","JL 0x00771562","",""
"00771538","0077129f",".text","candidate","00771538","ADD","017E5C","ADD dword ptr [ESI + 0x5c],EDI","",""
"00771538","0077129f",".text","after","0077153b","MOV","8B465C","MOV EAX,dword ptr [ESI + 0x5c]","",""
"00771538","0077129f",".text","after","0077153e","ADD","017E68","ADD dword ptr [ESI + 0x68],EDI","",""
"00771538","0077129f",".text","after","00771541","MOV","894664","MOV dword ptr [ESI + 0x64],EAX","",""
"00771538","0077129f",".text","after","00771544","JMP","EB18","JMP 0x0077155e","",""
"00771834","00771724",".text","before","00771828","PUSH","FF765C","PUSH dword ptr [ESI + 0x5c]","",""
"00771834","00771724",".text","before","0077182b","LEA","8D4E38","LEA ECX,[ESI + 0x38]","",""
"00771834","00771724",".text","before","0077182e","PUSH","57","PUSH EDI","",""
"00771834","00771724",".text","before","0077182f","CALL","E814FEFFFF","CALL 0x00771648","",""
"00771834","00771724",".text","candidate","00771834","INC","FF465C","INC dword ptr [ESI + 0x5c]","","00771e98:UNCONDITIONAL_CALL"
"00771834","00771724",".text","after","00771837","CMP","837D1800","CMP dword ptr [EBP + 0x18],0x0","",""
"00771834","00771724",".text","after","0077183b","JZ","0F8405010000","JZ 0x00771946","",""
"00771834","00771724",".text","after","00771841","PUSH","57","PUSH EDI","",""
"00771834","00771724",".text","after","00771842","PUSH","6848A38700","PUSH 0x87a348","",""
"0077489f","00774678",".text","before","00774895","MOV","8BD1","MOV EDX,ECX","",""
"0077489f","00774678",".text","before","00774897","MOV","8B4D70","MOV ECX,dword ptr [EBP + 0x70]","",""
"0077489f","00774678",".text","before","0077489a","SUB","2BCA","SUB ECX,EDX","",""
"0077489f","00774678",".text","before","0077489c","MOV","8B5574","MOV EDX,dword ptr [EBP + 0x74]","",""
"0077489f","00774678",".text","candidate","0077489f","MOV","894D5C","MOV dword ptr [EBP + 0x5c],ECX","","0077aab1:UNCONDITIONAL_CALL|0077b0d2:UNCONDITIONAL_CALL"
"0077489f","00774678",".text","after","007748a2","MOV","8B4D78","MOV ECX,dword ptr [EBP + 0x78]","",""
"0077489f","00774678",".text","after","007748a5","SUB","2B4D70","SUB ECX,dword ptr [EBP + 0x70]","",""
"0077489f","00774678",".text","after","007748a8","MOV","894D8C","MOV dword ptr [EBP + -0x74],ECX","",""
"0077489f","00774678",".text","after","007748ab","MOV","8BC8","MOV ECX,EAX","",""
"007749a4","00774678",".text","before","00774999","MOV","8B4D5C","MOV ECX,dword ptr [EBP + 0x5c]","",""
"007749a4","00774678",".text","before","0077499c","MOV","8B09","MOV ECX,dword ptr [ECX]","",""
"007749a4","00774678",".text","before","0077499e","MOV","8B559C","MOV EDX,dword ptr [EBP + -0x64]","",""
"007749a4","00774678",".text","before","007749a1","INC","FF457C","INC dword ptr [EBP + 0x7c]","",""
"007749a4","00774678",".text","candidate","007749a4","ADD","83455C04","ADD dword ptr [EBP + 0x5c],0x4","","0077aab1:UNCONDITIONAL_CALL|0077b0d2:UNCONDITIONAL_CALL"
"007749a4","00774678",".text","after","007749a8","MOV","890C10","MOV dword ptr [EAX + EDX*0x1],ECX","",""
"007749a4","00774678",".text","after","007749ab","MOV","8B4D7C","MOV ECX,dword ptr [EBP + 0x7c]","",""
"007749a4","00774678",".text","after","007749ae","ADD","83C004","ADD EAX,0x4","",""
"007749a4","00774678",".text","after","007749b1","CMP","3B4D60","CMP ECX,dword ptr [EBP + 0x60]","",""
"007749db","00774678",".text","before","007749cf","OR","804D7325","OR byte ptr [EBP + 0x73],0x25","",""
"007749db","00774678",".text","before","007749d3","PUSH","FF7570","PUSH dword ptr [EBP + 0x70]","",""
"007749db","00774678",".text","before","007749d6","MOV","8BCE","MOV ECX,ESI","",""
"007749db","00774678",".text","before","007749d8","PUSH","FF756C","PUSH dword ptr [EBP + 0x6c]","",""
"007749db","00774678",".text","candidate","007749db","MOV","89455C","MOV dword ptr [EBP + 0x5c],EAX","","0077aab1:UNCONDITIONAL_CALL|0077b0d2:UNCONDITIONAL_CALL"
"007749db","00774678",".text","after","007749de","CALL","E858F4FFFF","CALL 0x00773e3b","",""
"007749db","00774678",".text","after","007749e3","CMP","3BC3","CMP EAX,EBX","",""
"007749db","00774678",".text","after","007749e5","MOV","89457C","MOV dword ptr [EBP + 0x7c],EAX","",""
"007749db","00774678",".text","after","007749e8","JL","0F8C2F020000","JL 0x00774c1d","",""
"00774d05","00774c33",".text","before","00774cfd","FSTP","DD1C24","FSTP double ptr [ESP]","",""
"00774d05","00774c33",".text","before","00774d00","PUSH","57","PUSH EDI","",""
"00774d05","00774c33",".text","before","00774d01","PUSH","57","PUSH EDI","",""
"00774d05","00774c33",".text","before","00774d02","PUSH","FF7150","PUSH dword ptr [ECX + 0x50]","",""
"00774d05","00774c33",".text","candidate","00774d05","MOV","89455C","MOV dword ptr [EBP + 0x5c],EAX","","00776e77:UNCONDITIONAL_CALL"
"00774d05","00774c33",".text","after","00774d08","CALL","E819020100","CALL 0x00784f26","",""
"00774d05","00774c33",".text","after","00774d0d","FLD","DD05B0A88700","FLD double ptr [0x0087a8b0]","",""
"00774d05","00774c33",".text","after","00774d13","MOV","8B4E08","MOV ECX,dword ptr [ESI + 0x8]","",""
"00774d05","00774c33",".text","after","00774d16","PUSH","51","PUSH ECX","",""
"00774eec","00774c33",".text","before","00774edf","OR","0D00000024","OR EAX,0x24000000","",""
"00774eec","00774c33",".text","before","00774ee4","PUSH","FF75F0","PUSH dword ptr [EBP + -0x10]","",""
"00774eec","00774c33",".text","before","00774ee7","MOV","8BCE","MOV ECX,ESI","",""
"00774eec","00774c33",".text","before","00774ee9","PUSH","FF75F4","PUSH dword ptr [EBP + -0xc]","",""
"00774eec","00774c33",".text","candidate","00774eec","MOV","89455C","MOV dword ptr [EBP + 0x5c],EAX","","00776e77:UNCONDITIONAL_CALL"
"00774eec","00774c33",".text","after","00774eef","PUSH","50","PUSH EAX","",""
"00774eec","00774c33",".text","after","00774ef0","PUSH","FF756C","PUSH dword ptr [EBP + 0x6c]","",""
"00774eec","00774c33",".text","after","00774ef3","CALL","E843EFFFFF","CALL 0x00773e3b","",""
"00774eec","00774c33",".text","after","00774ef8","MOV","8BD8","MOV EBX,EAX","",""
"00777ec5","00776904",".text","before","00777eb9","MOV","8B4D24","MOV ECX,dword ptr [EBP + 0x24]","",""
"00777ec5","00776904",".text","before","00777ebc","MOV","894550","MOV dword ptr [EBP + 0x50],EAX","",""
"00777ec5","00776904",".text","before","00777ebf","MOV","894554","MOV dword ptr [EBP + 0x54],EAX","",""
"00777ec5","00776904",".text","before","00777ec2","MOV","8B5104","MOV EDX,dword ptr [ECX + 0x4]","",""
"00777ec5","00776904",".text","candidate","00777ec5","MOV","89455C","MOV dword ptr [EBP + 0x5c],EAX","","0077e2ec:UNCONDITIONAL_CALL"
"00777ec5","00776904",".text","after","00777ec8","MOV","895558","MOV dword ptr [EBP + 0x58],EDX","",""
"00777ec5","00776904",".text","after","00777ecb","MOV","8B410C","MOV EAX,dword ptr [ECX + 0xc]","",""
"00777ec5","00776904",".text","after","00777ece","MOV","8BCB","MOV ECX,EBX","",""
"00777ec5","00776904",".text","after","00777ed0","MOV","894560","MOV dword ptr [EBP + 0x60],EAX","",""
"00778edb","00776904",".text","before","00778ed1","MOV","8B00","MOV EAX,dword ptr [EAX]","",""
"00778edb","00776904",".text","before","00778ed3","MOV","894558","MOV dword ptr [EBP + 0x58],EAX","",""
"00778edb","00776904",".text","before","00778ed6","MOV","8B4528","MOV EAX,dword ptr [EBP + 0x28]","",""
"00778edb","00776904",".text","before","00778ed9","MOV","8B08","MOV ECX,dword ptr [EAX]","",""
"00778edb","00776904",".text","candidate","00778edb","MOV","894D5C","MOV dword ptr [EBP + 0x5c],ECX","","0077e2ec:UNCONDITIONAL_CALL"
"00778edb","00776904",".text","after","00778ede","MOV","8B00","MOV EAX,dword ptr [EAX]","",""
"00778edb","00776904",".text","after","00778ee0","MOV","894560","MOV dword ptr [EBP + 0x60],EAX","",""
"00778edb","00776904",".text","after","00778ee3","OR","83C8FF","OR EAX,0xffffffff","",""
"00778edb","00776904",".text","after","00778ee6","STOSD","AB","STOSD ES:EDI","",""
"0077b3fb","00776904",".text","before","0077b3f0","MOV","8B5520","MOV EDX,dword ptr [EBP + 0x20]","",""
"0077b3fb","00776904",".text","before","0077b3f3","MOV","8B12","MOV EDX,dword ptr [EDX]","",""
"0077b3fb","00776904",".text","before","0077b3f5","MOV","89548D54","MOV dword ptr [EBP + ECX*0x4 + 0x54],EDX","",""
"0077b3fb","00776904",".text","before","0077b3f9","MOV","8B10","MOV EDX,dword ptr [EAX]","",""
"0077b3fb","00776904",".text","candidate","0077b3fb","MOV","89548D5C","MOV dword ptr [EBP + ECX*0x4 + 0x5c],EDX","","0077e2ec:UNCONDITIONAL_CALL"
"0077b3fb","00776904",".text","after","0077b3ff","INC","41","INC ECX","",""
"0077b3fb","00776904",".text","after","0077b400","CMP","83F902","CMP ECX,0x2","",""
"0077b3fb","00776904",".text","after","0077b403","JC","72EB","JC 0x0077b3f0","",""
"0077b3fb","00776904",".text","after","0077b405","MOV","8B00","MOV EAX,dword ptr [EAX]","",""
"0077b526","00776904",".text","before","0077b51d","MOV","8B552C","MOV EDX,dword ptr [EBP + 0x2c]","",""
"0077b526","00776904",".text","before","0077b520","MOV","8B12","MOV EDX,dword ptr [EDX]","",""
"0077b526","00776904",".text","before","0077b522","INC","41","INC ECX","",""
"0077b526","00776904",".text","before","0077b523","CMP","83F902","CMP ECX,0x2","",""
"0077b526","00776904",".text","candidate","0077b526","MOV","8954055C","MOV dword ptr [EBP + EAX*0x1 + 0x5c],EDX","","0077e2ec:UNCONDITIONAL_CALL"
"0077b526","00776904",".text","after","0077b52a","JC","72D1","JC 0x0077b4fd","",""
"0077b526","00776904",".text","after","0077b52c","PUSH","FF756C","PUSH dword ptr [EBP + 0x6c]","",""
"0077b526","00776904",".text","after","0077b52f","MOV","8BCB","MOV ECX,EBX","",""
"0077b526","00776904",".text","after","0077b531","PUSH","FF757C","PUSH dword ptr [EBP + 0x7c]","",""
"0077bc3c","00776904",".text","before","0077bc31","MOV","894DC4","MOV dword ptr [EBP + -0x3c],ECX","",""
"0077bc3c","00776904",".text","before","0077bc34","MOV","8BCB","MOV ECX,EBX","",""
"0077bc3c","00776904",".text","before","0077bc36","MOV","894554","MOV dword ptr [EBP + 0x54],EAX","",""
"0077bc3c","00776904",".text","before","0077bc39","MOV","894558","MOV dword ptr [EBP + 0x58],EAX","",""
"0077bc3c","00776904",".text","candidate","0077bc3c","MOV","89455C","MOV dword ptr [EBP + 0x5c],EAX","","0077e2ec:UNCONDITIONAL_CALL"
"0077bc3c","00776904",".text","after","0077bc3f","MOV","894560","MOV dword ptr [EBP + 0x60],EAX","",""
"0077bc3c","00776904",".text","after","0077bc42","CALL","E81C74FFFF","CALL 0x00773063","",""
"0077bc3c","00776904",".text","after","0077bc47","MOV","8BF0","MOV ESI,EAX","",""
"0077bc3c","00776904",".text","after","0077bc49","TEST","85F6","TEST ESI,ESI","",""
"0077d831","0077c8d2",".text","before","0077d828","XOR","33C0","XOR EAX,EAX","",""
"0077d831","0077c8d2",".text","before","0077d82a","INC","40","INC EAX","",""
"0077d831","0077c8d2",".text","before","0077d82b","CMP","397D68","CMP dword ptr [EBP + 0x68],EDI","",""
"0077d831","0077c8d2",".text","before","0077d82e","MOV","8945EC","MOV dword ptr [EBP + -0x14],EAX","",""
"0077d831","0077c8d2",".text","candidate","0077d831","MOV","897D5C","MOV dword ptr [EBP + 0x5c],EDI","","00773dd4:UNCONDITIONAL_CALL|007766c7:UNCONDITIONAL_CALL|00776820:UNCONDITIONAL_CALL|00775f30:UNCONDITIONAL_CALL|00775f7a:UNCONDITIONAL_CALL|007760fd:UNCONDITIONAL_CALL|007761bb:UNCONDITIONAL_CALL|0077c9af:UNCONDITIONAL_CALL|0077c9db:UNCONDITIONAL_CALL|0077c9fa:UNCONDITIONAL_CALL|0077eaa5:UNCONDITIONAL_CALL|0077e9bb:UNCONDITIONAL_CALL|0077ea2e:UNCONDITIONAL_CALL|0077bf54:UNCONDITIONAL_CALL|0077c705:UNCONDITIONAL_CALL|007769bf:UNCONDITIONAL_CALL|00777562:UNCONDITIONAL_CALL"
"0077d831","0077c8d2",".text","after","0077d834","JBE","7631","JBE 0x0077d867","",""
"0077d831","0077c8d2",".text","after","0077d836","MOV","8B455C","MOV EAX,dword ptr [EBP + 0x5c]","",""
"0077d831","0077c8d2",".text","after","0077d839","PUSH","FF3486","PUSH dword ptr [ESI + EAX*0x4]","",""
"0077d831","0077c8d2",".text","after","0077d83c","MOV","8B4B08","MOV ECX,dword ptr [EBX + 0x8]","",""
"0077d854","0077c8d2",".text","before","0077d846","MOV","8B4B08","MOV ECX,dword ptr [EBX + 0x8]","",""
"0077d854","0077c8d2",".text","before","0077d849","CALL","E86A780000","CALL 0x007850b8","",""
"0077d854","0077c8d2",".text","before","0077d84e","TEST","F6400420","TEST byte ptr [EAX + 0x4],0x20","",""
"0077d854","0077c8d2",".text","before","0077d852","JZ","740D","JZ 0x0077d861","",""
"0077d854","0077c8d2",".text","candidate","0077d854","INC","FF455C","INC dword ptr [EBP + 0x5c]","","00773dd4:UNCONDITIONAL_CALL|007766c7:UNCONDITIONAL_CALL|00776820:UNCONDITIONAL_CALL|00775f30:UNCONDITIONAL_CALL|00775f7a:UNCONDITIONAL_CALL|007760fd:UNCONDITIONAL_CALL|007761bb:UNCONDITIONAL_CALL|0077c9af:UNCONDITIONAL_CALL|0077c9db:UNCONDITIONAL_CALL|0077c9fa:UNCONDITIONAL_CALL|0077eaa5:UNCONDITIONAL_CALL|0077e9bb:UNCONDITIONAL_CALL|0077ea2e:UNCONDITIONAL_CALL|0077bf54:UNCONDITIONAL_CALL|0077c705:UNCONDITIONAL_CALL|007769bf:UNCONDITIONAL_CALL|00777562:UNCONDITIONAL_CALL"
"0077d854","0077c8d2",".text","after","0077d857","MOV","8B455C","MOV EAX,dword ptr [EBP + 0x5c]","",""
"0077d854","0077c8d2",".text","after","0077d85a","CMP","3B4568","CMP EAX,dword ptr [EBP + 0x68]","",""
"0077d854","0077c8d2",".text","after","0077d85d","JC","72D7","JC 0x0077d836","",""
"0077d854","0077c8d2",".text","after","0077d85f","JMP","EB03","JMP 0x0077d864","",""
"0077d890","0077c8d2",".text","before","0077d883","PUSH","FF30","PUSH dword ptr [EAX]","",""
"0077d890","0077c8d2",".text","before","0077d885","MOV","8B4B08","MOV ECX,dword ptr [EBX + 0x8]","",""
"0077d890","0077c8d2",".text","before","0077d888","CALL","E841780000","CALL 0x007850ce","",""
"0077d890","0077c8d2",".text","before","0077d88d","MOV","8B4B08","MOV ECX,dword ptr [EBX + 0x8]","",""
"0077d890","0077c8d2",".text","candidate","0077d890","MOV","89455C","MOV dword ptr [EBP + 0x5c],EAX","","00773dd4:UNCONDITIONAL_CALL|007766c7:UNCONDITIONAL_CALL|00776820:UNCONDITIONAL_CALL|00775f30:UNCONDITIONAL_CALL|00775f7a:UNCONDITIONAL_CALL|007760fd:UNCONDITIONAL_CALL|007761bb:UNCONDITIONAL_CALL|0077c9af:UNCONDITIONAL_CALL|0077c9db:UNCONDITIONAL_CALL|0077c9fa:UNCONDITIONAL_CALL|0077eaa5:UNCONDITIONAL_CALL|0077e9bb:UNCONDITIONAL_CALL|0077ea2e:UNCONDITIONAL_CALL|0077bf54:UNCONDITIONAL_CALL|0077c705:UNCONDITIONAL_CALL|007769bf:UNCONDITIONAL_CALL|00777562:UNCONDITIONAL_CALL"
"0077d890","0077c8d2",".text","after","0077d893","MOV","8B453C","MOV EAX,dword ptr [EBP + 0x3c]","",""
"0077d890","0077c8d2",".text","after","0077d896","PUSH","FF3486","PUSH dword ptr [ESI + EAX*0x4]","",""
"0077d890","0077c8d2",".text","after","0077d899","CALL","E830780000","CALL 0x007850ce","",""
"0077d890","0077c8d2",".text","after","0077d89e","MOV","8B4D5C","MOV ECX,dword ptr [EBP + 0x5c]","",""
"0077d93b","0077c8d2",".text","before","0077d92f","MOV","8B4008","MOV EAX,dword ptr [EAX + 0x8]","",""
"0077d93b","0077c8d2",".text","before","0077d932","SUB","2B4108","SUB EAX,dword ptr [ECX + 0x8]","",""
"0077d93b","0077c8d2",".text","before","0077d935","CMP","397D68","CMP dword ptr [EBP + 0x68],EDI","",""
"0077d93b","0077c8d2",".text","before","0077d938","MOV","894554","MOV dword ptr [EBP + 0x54],EAX","",""
"0077d93b","0077c8d2",".text","candidate","0077d93b","MOV","897D5C","MOV dword ptr [EBP + 0x5c],EDI","","00773dd4:UNCONDITIONAL_CALL|007766c7:UNCONDITIONAL_CALL|00776820:UNCONDITIONAL_CALL|00775f30:UNCONDITIONAL_CALL|00775f7a:UNCONDITIONAL_CALL|007760fd:UNCONDITIONAL_CALL|007761bb:UNCONDITIONAL_CALL|0077c9af:UNCONDITIONAL_CALL|0077c9db:UNCONDITIONAL_CALL|0077c9fa:UNCONDITIONAL_CALL|0077eaa5:UNCONDITIONAL_CALL|0077e9bb:UNCONDITIONAL_CALL|0077ea2e:UNCONDITIONAL_CALL|0077bf54:UNCONDITIONAL_CALL|0077c705:UNCONDITIONAL_CALL|007769bf:UNCONDITIONAL_CALL|00777562:UNCONDITIONAL_CALL"
"0077d93b","0077c8d2",".text","after","0077d93e","JBE","763A","JBE 0x0077d97a","",""
"0077d93b","0077c8d2",".text","after","0077d940","MOV","8B455C","MOV EAX,dword ptr [EBP + 0x5c]","",""
"0077d93b","0077c8d2",".text","after","0077d943","PUSH","FF3486","PUSH dword ptr [ESI + EAX*0x4]","",""
"0077d93b","0077c8d2",".text","after","0077d946","MOV","8B4B08","MOV ECX,dword ptr [EBX + 0x8]","",""
"0077d96f","0077c8d2",".text","before","0077d95f","MOV","8B4910","MOV ECX,dword ptr [ECX + 0x10]","",""
"0077d96f","0077c8d2",".text","before","0077d962","MOV","8B0481","MOV EAX,dword ptr [ECX + EAX*0x4]","",""
"0077d96f","0077c8d2",".text","before","0077d965","TEST","F6400502","TEST byte ptr [EAX + 0x5],0x2","",""
"0077d96f","0077c8d2",".text","before","0077d969","JZ","0F84E0000000","JZ 0x0077da4f","",""
"0077d96f","0077c8d2",".text","candidate","0077d96f","INC","FF455C","INC dword ptr [EBP + 0x5c]","","00773dd4:UNCONDITIONAL_CALL|007766c7:UNCONDITIONAL_CALL|00776820:UNCONDITIONAL_CALL|00775f30:UNCONDITIONAL_CALL|00775f7a:UNCONDITIONAL_CALL|007760fd:UNCONDITIONAL_CALL|007761bb:UNCONDITIONAL_CALL|0077c9af:UNCONDITIONAL_CALL|0077c9db:UNCONDITIONAL_CALL|0077c9fa:UNCONDITIONAL_CALL|0077eaa5:UNCONDITIONAL_CALL|0077e9bb:UNCONDITIONAL_CALL|0077ea2e:UNCONDITIONAL_CALL|0077bf54:UNCONDITIONAL_CALL|0077c705:UNCONDITIONAL_CALL|007769bf:UNCONDITIONAL_CALL|00777562:UNCONDITIONAL_CALL"
"0077d96f","0077c8d2",".text","after","0077d972","MOV","8B455C","MOV EAX,dword ptr [EBP + 0x5c]","",""
"0077d96f","0077c8d2",".text","after","0077d975","CMP","3B4568","CMP EAX,dword ptr [EBP + 0x68]","",""
"0077d96f","0077c8d2",".text","after","0077d978","JC","72C6","JC 0x0077d940","",""
"0077d96f","0077c8d2",".text","after","0077d97a","MOV","8B4D6C","MOV ECX,dword ptr [EBP + 0x6c]","",""
"0077d983","0077c8d2",".text","before","0077d978","JC","72C6","JC 0x0077d940","",""
"0077d983","0077c8d2",".text","before","0077d97a","MOV","8B4D6C","MOV ECX,dword ptr [EBP + 0x6c]","",""
"0077d983","0077c8d2",".text","before","0077d97d","LEA","8D0409","LEA EAX,[ECX + ECX*0x1]","",""
"0077d983","0077c8d2",".text","before","0077d980","CMP","3B4568","CMP EAX,dword ptr [EBP + 0x68]","",""
"0077d983","0077c8d2",".text","candidate","0077d983","MOV","89455C","MOV dword ptr [EBP + 0x5c],EAX","","00773dd4:UNCONDITIONAL_CALL|007766c7:UNCONDITIONAL_CALL|00776820:UNCONDITIONAL_CALL|00775f30:UNCONDITIONAL_CALL|00775f7a:UNCONDITIONAL_CALL|007760fd:UNCONDITIONAL_CALL|007761bb:UNCONDITIONAL_CALL|0077c9af:UNCONDITIONAL_CALL|0077c9db:UNCONDITIONAL_CALL|0077c9fa:UNCONDITIONAL_CALL|0077eaa5:UNCONDITIONAL_CALL|0077e9bb:UNCONDITIONAL_CALL|0077ea2e:UNCONDITIONAL_CALL|0077bf54:UNCONDITIONAL_CALL|0077c705:UNCONDITIONAL_CALL|007769bf:UNCONDITIONAL_CALL|00777562:UNCONDITIONAL_CALL"
"0077d983","0077c8d2",".text","after","0077d986","JNC","7375","JNC 0x0077d9fd","",""
"0077d983","0077c8d2",".text","after","0077d988","MOV","8BD0","MOV EDX,EAX","",""
"0077d983","0077c8d2",".text","after","0077d98a","SUB","2BD1","SUB EDX,ECX","",""
"0077d983","0077c8d2",".text","after","0077d98c","LEA","8D0C96","LEA ECX,[ESI + EDX*0x4]","",""
"0077d9e7","0077c8d2",".text","before","0077d9de","MOV","8B5208","MOV EDX,dword ptr [EDX + 0x8]","",""
"0077d9e7","0077c8d2",".text","before","0077d9e1","SUB","2BD1","SUB EDX,ECX","",""
"0077d9e7","0077c8d2",".text","before","0077d9e3","CMP","3BC2","CMP EAX,EDX","",""
"0077d9e7","0077c8d2",".text","before","0077d9e5","JNZ","756F","JNZ 0x0077da56","",""
"0077d9e7","0077c8d2",".text","candidate","0077d9e7","INC","FF455C","INC dword ptr [EBP + 0x5c]","","00773dd4:UNCONDITIONAL_CALL|007766c7:UNCONDITIONAL_CALL|00776820:UNCONDITIONAL_CALL|00775f30:UNCONDITIONAL_CALL|00775f7a:UNCONDITIONAL_CALL|007760fd:UNCONDITIONAL_CALL|007761bb:UNCONDITIONAL_CALL|0077c9af:UNCONDITIONAL_CALL|0077c9db:UNCONDITIONAL_CALL|0077c9fa:UNCONDITIONAL_CALL|0077eaa5:UNCONDITIONAL_CALL|0077e9bb:UNCONDITIONAL_CALL|0077ea2e:UNCONDITIONAL_CALL|0077bf54:UNCONDITIONAL_CALL|0077c705:UNCONDITIONAL_CALL|007769bf:UNCONDITIONAL_CALL|00777562:UNCONDITIONAL_CALL"
"0077d9e7","0077c8d2",".text","after","0077d9ea","MOV","8B455C","MOV EAX,dword ptr [EBP + 0x5c]","",""
"0077d9e7","0077c8d2",".text","after","0077d9ed","ADD","83455004","ADD dword ptr [EBP + 0x50],0x4","",""
"0077d9e7","0077c8d2",".text","after","0077d9f1","ADD","83453C04","ADD dword ptr [EBP + 0x3c],0x4","",""
"0077d9e7","0077c8d2",".text","after","0077d9f5","CMP","3B4568","CMP EAX,dword ptr [EBP + 0x68]","",""
"0077da02","0077c8d2",".text","before","0077d9fa","MOV","8B4D6C","MOV ECX,dword ptr [EBP + 0x6c]","",""
"0077da02","0077c8d2",".text","before","0077d9fd","XOR","33C0","XOR EAX,EAX","",""
"0077da02","0077c8d2",".text","before","0077d9ff","INC","40","INC EAX","",""
"0077da02","0077c8d2",".text","before","0077da00","CMP","3BC8","CMP ECX,EAX","",""
"0077da02","0077c8d2",".text","candidate","0077da02","MOV","89455C","MOV dword ptr [EBP + 0x5c],EAX","","00773dd4:UNCONDITIONAL_CALL|007766c7:UNCONDITIONAL_CALL|00776820:UNCONDITIONAL_CALL|00775f30:UNCONDITIONAL_CALL|00775f7a:UNCONDITIONAL_CALL|007760fd:UNCONDITIONAL_CALL|007761bb:UNCONDITIONAL_CALL|0077c9af:UNCONDITIONAL_CALL|0077c9db:UNCONDITIONAL_CALL|0077c9fa:UNCONDITIONAL_CALL|0077eaa5:UNCONDITIONAL_CALL|0077e9bb:UNCONDITIONAL_CALL|0077ea2e:UNCONDITIONAL_CALL|0077bf54:UNCONDITIONAL_CALL|0077c705:UNCONDITIONAL_CALL|007769bf:UNCONDITIONAL_CALL|00777562:UNCONDITIONAL_CALL"
"0077da02","0077c8d2",".text","after","0077da05","JBE","0F8681000000","JBE 0x0077da8c","",""
"0077da02","0077c8d2",".text","after","0077da0b","LEA","8D448E04","LEA EAX,[ESI + ECX*0x4 + 0x4]","",""
"0077da02","0077c8d2",".text","after","0077da0f","MOV","894550","MOV dword ptr [EBP + 0x50],EAX","",""
"0077da02","0077c8d2",".text","after","0077da12","MOV","8B455C","MOV EAX,dword ptr [EBP + 0x5c]","",""
"0077da3e","0077c8d2",".text","before","0077da33","MOV","8B4D58","MOV ECX,dword ptr [EBP + 0x58]","",""
"0077da3e","0077c8d2",".text","before","0077da36","SUB","2B4108","SUB EAX,dword ptr [ECX + 0x8]","",""
"0077da3e","0077c8d2",".text","before","0077da39","CMP","394554","CMP dword ptr [EBP + 0x54],EAX","",""
"0077da3e","0077c8d2",".text","before","0077da3c","JNZ","7518","JNZ 0x0077da56","",""
"0077da3e","0077c8d2",".text","candidate","0077da3e","INC","FF455C","INC dword ptr [EBP + 0x5c]","","00773dd4:UNCONDITIONAL_CALL|007766c7:UNCONDITIONAL_CALL|00776820:UNCONDITIONAL_CALL|00775f30:UNCONDITIONAL_CALL|00775f7a:UNCONDITIONAL_CALL|007760fd:UNCONDITIONAL_CALL|007761bb:UNCONDITIONAL_CALL|0077c9af:UNCONDITIONAL_CALL|0077c9db:UNCONDITIONAL_CALL|0077c9fa:UNCONDITIONAL_CALL|0077eaa5:UNCONDITIONAL_CALL|0077e9bb:UNCONDITIONAL_CALL|0077ea2e:UNCONDITIONAL_CALL|0077bf54:UNCONDITIONAL_CALL|0077c705:UNCONDITIONAL_CALL|007769bf:UNCONDITIONAL_CALL|00777562:UNCONDITIONAL_CALL"
"0077da3e","0077c8d2",".text","after","0077da41","MOV","8B455C","MOV EAX,dword ptr [EBP + 0x5c]","",""
"0077da3e","0077c8d2",".text","after","0077da44","ADD","83455004","ADD dword ptr [EBP + 0x50],0x4","",""
"0077da3e","0077c8d2",".text","after","0077da48","CMP","3B456C","CMP EAX,dword ptr [EBP + 0x6c]","",""
"0077da3e","0077c8d2",".text","after","0077da4b","JC","72C5","JC 0x0077da12","",""
"0077dcaf","0077c8d2",".text","before","0077dca0","CMP","397D40","CMP dword ptr [EBP + 0x40],EDI","",""
"0077dcaf","0077c8d2",".text","before","0077dca3","MOV","894554","MOV dword ptr [EBP + 0x54],EAX","",""
"0077dcaf","0077c8d2",".text","before","0077dca6","JNZ","0F85C2000000","JNZ 0x0077dd6e","",""
"0077dcaf","0077c8d2",".text","before","0077dcac","CMP","397D6C","CMP dword ptr [EBP + 0x6c],EDI","",""
"0077dcaf","0077c8d2",".text","candidate","0077dcaf","MOV","897D5C","MOV dword ptr [EBP + 0x5c],EDI","","00773dd4:UNCONDITIONAL_CALL|007766c7:UNCONDITIONAL_CALL|00776820:UNCONDITIONAL_CALL|00775f30:UNCONDITIONAL_CALL|00775f7a:UNCONDITIONAL_CALL|007760fd:UNCONDITIONAL_CALL|007761bb:UNCONDITIONAL_CALL|0077c9af:UNCONDITIONAL_CALL|0077c9db:UNCONDITIONAL_CALL|0077c9fa:UNCONDITIONAL_CALL|0077eaa5:UNCONDITIONAL_CALL|0077e9bb:UNCONDITIONAL_CALL|0077ea2e:UNCONDITIONAL_CALL|0077bf54:UNCONDITIONAL_CALL|0077c705:UNCONDITIONAL_CALL|007769bf:UNCONDITIONAL_CALL|00777562:UNCONDITIONAL_CALL"
"0077dcaf","0077c8d2",".text","after","0077dcb2","JBE","0F86A2EDFFFF","JBE 0x0077ca5a","",""
"0077dcaf","0077c8d2",".text","after","0077dcb8","MOV","8B4D60","MOV ECX,dword ptr [EBP + 0x60]","",""
"0077dcaf","0077c8d2",".text","after","0077dcbb","MOV","8B457C","MOV EAX,dword ptr [EBP + 0x7c]","",""
"0077dcaf","0077c8d2",".text","after","0077dcbe","SUB","2BC1","SUB EAX,ECX","",""
"0077dd56","0077c8d2",".text","before","0077dd4b","SHL","C1E002","SHL EAX,0x2","",""
"0077dd56","0077c8d2",".text","before","0077dd4e","ADD","014550","ADD dword ptr [EBP + 0x50],EAX","",""
"0077dd56","0077c8d2",".text","before","0077dd51","DEC","FF4D48","DEC dword ptr [EBP + 0x48]","",""
"0077dd56","0077c8d2",".text","before","0077dd54","JNZ","75DF","JNZ 0x0077dd35","",""
"0077dd56","0077c8d2",".text","candidate","0077dd56","INC","FF455C","INC dword ptr [EBP + 0x5c]","0077dd27:CONDITIONAL_JUMP","00773dd4:UNCONDITIONAL_CALL|007766c7:UNCONDITIONAL_CALL|00776820:UNCONDITIONAL_CALL|00775f30:UNCONDITIONAL_CALL|00775f7a:UNCONDITIONAL_CALL|007760fd:UNCONDITIONAL_CALL|007761bb:UNCONDITIONAL_CALL|0077c9af:UNCONDITIONAL_CALL|0077c9db:UNCONDITIONAL_CALL|0077c9fa:UNCONDITIONAL_CALL|0077eaa5:UNCONDITIONAL_CALL|0077e9bb:UNCONDITIONAL_CALL|0077ea2e:UNCONDITIONAL_CALL|0077bf54:UNCONDITIONAL_CALL|0077c705:UNCONDITIONAL_CALL|007769bf:UNCONDITIONAL_CALL|00777562:UNCONDITIONAL_CALL"
"0077dd56","0077c8d2",".text","after","0077dd59","MOV","8B455C","MOV EAX,dword ptr [EBP + 0x5c]","",""
"0077dd56","0077c8d2",".text","after","0077dd5c","ADD","83454004","ADD dword ptr [EBP + 0x40],0x4","",""
"0077dd56","0077c8d2",".text","after","0077dd60","CMP","3B456C","CMP EAX,dword ptr [EBP + 0x6c]","",""
"0077dd56","0077c8d2",".text","after","0077dd63","JC","0F825DFFFFFF","JC 0x0077dcc6","",""
"0077ddc2","0077c8d2",".text","before","0077ddb7","SUB","2BC1","SUB EAX,ECX","",""
"0077ddc2","0077c8d2",".text","before","0077ddb9","MOV","894D40","MOV dword ptr [EBP + 0x40],ECX","",""
"0077ddc2","0077c8d2",".text","before","0077ddbc","MOV","8945FC","MOV dword ptr [EBP + -0x4],EAX","",""
"0077ddc2","0077c8d2",".text","before","0077ddbf","CMP","397DEC","CMP dword ptr [EBP + -0x14],EDI","",""
"0077ddc2","0077c8d2",".text","candidate","0077ddc2","MOV","C7455C1F000000","MOV dword ptr [EBP + 0x5c],0x1f","","00773dd4:UNCONDITIONAL_CALL|007766c7:UNCONDITIONAL_CALL|00776820:UNCONDITIONAL_CALL|00775f30:UNCONDITIONAL_CALL|00775f7a:UNCONDITIONAL_CALL|007760fd:UNCONDITIONAL_CALL|007761bb:UNCONDITIONAL_CALL|0077c9af:UNCONDITIONAL_CALL|0077c9db:UNCONDITIONAL_CALL|0077c9fa:UNCONDITIONAL_CALL|0077eaa5:UNCONDITIONAL_CALL|0077e9bb:UNCONDITIONAL_CALL|0077ea2e:UNCONDITIONAL_CALL|0077bf54:UNCONDITIONAL_CALL|0077c705:UNCONDITIONAL_CALL|007769bf:UNCONDITIONAL_CALL|00777562:UNCONDITIONAL_CALL"
"0077ddc2","0077c8d2",".text","after","0077ddc9","JZ","0F848D000000","JZ 0x0077de5c","",""
"0077ddc2","0077c8d2",".text","after","0077ddcf","XOR","33C0","XOR EAX,EAX","",""
"0077ddc2","0077c8d2",".text","after","0077ddd1","LEA","8D7D2C","LEA EDI,[EBP + 0x2c]","",""
"0077ddc2","0077c8d2",".text","after","0077ddd4","STOSD","AB","STOSD ES:EDI","",""
"0077ddfb","0077c8d2",".text","before","0077ddee","PUSH","FF37","PUSH dword ptr [EDI]","",""
"0077ddfb","0077c8d2",".text","before","0077ddf0","MOV","8B4B08","MOV ECX,dword ptr [EBX + 0x8]","",""
"0077ddfb","0077c8d2",".text","before","0077ddf3","CALL","E8D6720000","CALL 0x007850ce","",""
"0077ddfb","0077c8d2",".text","before","0077ddf8","MOV","8B4818","MOV ECX,dword ptr [EAX + 0x18]","",""
"0077ddfb","0077c8d2",".text","candidate","0077ddfb","AND","214D5C","AND dword ptr [EBP + 0x5c],ECX","","00773dd4:UNCONDITIONAL_CALL|007766c7:UNCONDITIONAL_CALL|00776820:UNCONDITIONAL_CALL|00775f30:UNCONDITIONAL_CALL|00775f7a:UNCONDITIONAL_CALL|007760fd:UNCONDITIONAL_CALL|007761bb:UNCONDITIONAL_CALL|0077c9af:UNCONDITIONAL_CALL|0077c9db:UNCONDITIONAL_CALL|0077c9fa:UNCONDITIONAL_CALL|0077eaa5:UNCONDITIONAL_CALL|0077e9bb:UNCONDITIONAL_CALL|0077ea2e:UNCONDITIONAL_CALL|0077bf54:UNCONDITIONAL_CALL|0077c705:UNCONDITIONAL_CALL|007769bf:UNCONDITIONAL_CALL|00777562:UNCONDITIONAL_CALL"
"0077ddfb","0077c8d2",".text","after","0077ddfe","MOV","8B480C","MOV ECX,dword ptr [EAX + 0xc]","",""
"0077ddfb","0077c8d2",".text","after","0077de01","MOV","8B17","MOV EDX,dword ptr [EDI]","",""
"0077ddfb","0077c8d2",".text","after","0077de03","MOV","8B7544","MOV ESI,dword ptr [EBP + 0x44]","",""
"0077ddfb","0077c8d2",".text","after","0077de06","ADD","037D68","ADD EDI,dword ptr [EBP + 0x68]","",""
"0077de7c","0077c8d2",".text","before","0077de6f","PUSH","FF30","PUSH dword ptr [EAX]","",""
"0077de7c","0077c8d2",".text","before","0077de71","MOV","8B4B08","MOV ECX,dword ptr [EBX + 0x8]","",""
"0077de7c","0077c8d2",".text","before","0077de74","CALL","E855720000","CALL 0x007850ce","",""
"0077de7c","0077c8d2",".text","before","0077de79","MOV","8B4018","MOV EAX,dword ptr [EAX + 0x18]","",""
"0077de7c","0077c8d2",".text","candidate","0077de7c","AND","21455C","AND dword ptr [EBP + 0x5c],EAX","","00773dd4:UNCONDITIONAL_CALL|007766c7:UNCONDITIONAL_CALL|00776820:UNCONDITIONAL_CALL|00775f30:UNCONDITIONAL_CALL|00775f7a:UNCONDITIONAL_CALL|007760fd:UNCONDITIONAL_CALL|007761bb:UNCONDITIONAL_CALL|0077c9af:UNCONDITIONAL_CALL|0077c9db:UNCONDITIONAL_CALL|0077c9fa:UNCONDITIONAL_CALL|0077eaa5:UNCONDITIONAL_CALL|0077e9bb:UNCONDITIONAL_CALL|0077ea2e:UNCONDITIONAL_CALL|0077bf54:UNCONDITIONAL_CALL|0077c705:UNCONDITIONAL_CALL|007769bf:UNCONDITIONAL_CALL|00777562:UNCONDITIONAL_CALL"
"0077de7c","0077c8d2",".text","after","0077de7f","MOV","8B4564","MOV EAX,dword ptr [EBP + 0x64]","",""
"0077de7c","0077c8d2",".text","after","0077de82","MOV","8B08","MOV ECX,dword ptr [EAX]","",""
"0077de7c","0077c8d2",".text","after","0077de84","MOV","8B4514","MOV EAX,dword ptr [EBP + 0x14]","",""
"0077de7c","0077c8d2",".text","after","0077de87","MOV","8B5544","MOV EDX,dword ptr [EBP + 0x44]","",""
"0077e3c4","0077c8d2",".text","before","0077e3b9","MOV","8B757C","MOV ESI,dword ptr [EBP + 0x7c]","",""
"0077e3c4","0077c8d2",".text","before","0077e3bc","MOV","894548","MOV dword ptr [EBP + 0x48],EAX","",""
"0077e3c4","0077c8d2",".text","before","0077e3bf","MOV","8B45E4","MOV EAX,dword ptr [EBP + -0x1c]","",""
"0077e3c4","0077c8d2",".text","before","0077e3c2","SUB","2BC6","SUB EAX,ESI","",""
"0077e3c4","0077c8d2",".text","candidate","0077e3c4","MOV","89455C","MOV dword ptr [EBP + 0x5c],EAX","","00773dd4:UNCONDITIONAL_CALL|007766c7:UNCONDITIONAL_CALL|00776820:UNCONDITIONAL_CALL|00775f30:UNCONDITIONAL_CALL|00775f7a:UNCONDITIONAL_CALL|007760fd:UNCONDITIONAL_CALL|007761bb:UNCONDITIONAL_CALL|0077c9af:UNCONDITIONAL_CALL|0077c9db:UNCONDITIONAL_CALL|0077c9fa:UNCONDITIONAL_CALL|0077eaa5:UNCONDITIONAL_CALL|0077e9bb:UNCONDITIONAL_CALL|0077ea2e:UNCONDITIONAL_CALL|0077bf54:UNCONDITIONAL_CALL|0077c705:UNCONDITIONAL_CALL|007769bf:UNCONDITIONAL_CALL|00777562:UNCONDITIONAL_CALL"
"0077e3c4","0077c8d2",".text","after","0077e3c7","MOV","8B456C","MOV EAX,dword ptr [EBP + 0x6c]","",""
"0077e3c4","0077c8d2",".text","after","0077e3ca","MOV","894558","MOV dword ptr [EBP + 0x58],EAX","",""
"0077e3c4","0077c8d2",".text","after","0077e3cd","PUSH","FF36","PUSH dword ptr [ESI]","",""
"0077e3c4","0077c8d2",".text","after","0077e3cf","MOV","8B4B08","MOV ECX,dword ptr [EBX + 0x8]","",""
"0077e542","0077c8d2",".text","before","0077e537","MOV","8B757C","MOV ESI,dword ptr [EBP + 0x7c]","",""
"0077e542","0077c8d2",".text","before","0077e53a","MOV","894548","MOV dword ptr [EBP + 0x48],EAX","",""
"0077e542","0077c8d2",".text","before","0077e53d","MOV","8B45E4","MOV EAX,dword ptr [EBP + -0x1c]","",""
"0077e542","0077c8d2",".text","before","0077e540","SUB","2BC6","SUB EAX,ESI","",""
"0077e542","0077c8d2",".text","candidate","0077e542","MOV","89455C","MOV dword ptr [EBP + 0x5c],EAX","","00773dd4:UNCONDITIONAL_CALL|007766c7:UNCONDITIONAL_CALL|00776820:UNCONDITIONAL_CALL|00775f30:UNCONDITIONAL_CALL|00775f7a:UNCONDITIONAL_CALL|007760fd:UNCONDITIONAL_CALL|007761bb:UNCONDITIONAL_CALL|0077c9af:UNCONDITIONAL_CALL|0077c9db:UNCONDITIONAL_CALL|0077c9fa:UNCONDITIONAL_CALL|0077eaa5:UNCONDITIONAL_CALL|0077e9bb:UNCONDITIONAL_CALL|0077ea2e:UNCONDITIONAL_CALL|0077bf54:UNCONDITIONAL_CALL|0077c705:UNCONDITIONAL_CALL|007769bf:UNCONDITIONAL_CALL|00777562:UNCONDITIONAL_CALL"
"0077e542","0077c8d2",".text","after","0077e545","MOV","8B456C","MOV EAX,dword ptr [EBP + 0x6c]","",""
"0077e542","0077c8d2",".text","after","0077e548","MOV","894558","MOV dword ptr [EBP + 0x58],EAX","",""
"0077e542","0077c8d2",".text","after","0077e54b","PUSH","FF36","PUSH dword ptr [ESI]","",""
"0077e542","0077c8d2",".text","after","0077e54d","MOV","8B4B08","MOV ECX,dword ptr [EBX + 0x8]","",""
"00785a2c","007859fe",".text","before","00785a20","MOV","89464C","MOV dword ptr [ESI + 0x4c],EAX","",""
"00785a2c","007859fe",".text","before","00785a23","MOV","894650","MOV dword ptr [ESI + 0x50],EAX","",""
"00785a2c","007859fe",".text","before","00785a26","MOV","894654","MOV dword ptr [ESI + 0x54],EAX","",""
"00785a2c","007859fe",".text","before","00785a29","MOV","894658","MOV dword ptr [ESI + 0x58],EAX","",""
"00785a2c","007859fe",".text","candidate","00785a2c","MOV","89465C","MOV dword ptr [ESI + 0x5c],EAX","","007ad0b3:UNCONDITIONAL_CALL"
"00785a2c","007859fe",".text","after","00785a2f","MOV","894660","MOV dword ptr [ESI + 0x60],EAX","",""
"00785a2c","007859fe",".text","after","00785a32","MOV","894664","MOV dword ptr [ESI + 0x64],EAX","",""
"00785a2c","007859fe",".text","after","00785a35","MOV","C70600B18700","MOV dword ptr [ESI],0x87b100","",""
"00785a2c","007859fe",".text","after","00785a3b","MOV","8BC6","MOV EAX,ESI","",""
"00789b3e","00789a92",".text","before","00789b34","PUSH","57","PUSH EDI","",""
"00789b3e","00789a92",".text","before","00789b35","PUSH","6A03","PUSH 0x3","",""
"00789b3e","00789a92",".text","before","00789b37","PUSH","683CA58500","PUSH 0x85a53c","",""
"00789b3e","00789a92",".text","before","00789b3c","MOV","8BCE","MOV ECX,ESI","",""
"00789b3e","00789a92",".text","candidate","00789b3e","MOV","89465C","MOV dword ptr [ESI + 0x5c],EAX","","0077c813:UNCONDITIONAL_CALL"
"00789b3e","00789a92",".text","after","00789b41","CALL","E889B3FFFF","CALL 0x00784ecf","",""
"00789b3e","00789a92",".text","after","00789b46","PUSH","53","PUSH EBX","",""
"00789b3e","00789a92",".text","after","00789b47","PUSH","57","PUSH EDI","",""
"00789b3e","00789a92",".text","after","00789b48","PUSH","6A06","PUSH 0x6","",""
"00789c04","00789ba9",".text","before","00789bf8","MOV","894654","MOV dword ptr [ESI + 0x54],EAX","",""
"00789c04","00789ba9",".text","before","00789bfb","MOV","8B4358","MOV EAX,dword ptr [EBX + 0x58]","",""
"00789c04","00789ba9",".text","before","00789bfe","MOV","894658","MOV dword ptr [ESI + 0x58],EAX","",""
"00789c04","00789ba9",".text","before","00789c01","MOV","8B435C","MOV EAX,dword ptr [EBX + 0x5c]","",""
"00789c04","00789ba9",".text","candidate","00789c04","MOV","89465C","MOV dword ptr [ESI + 0x5c],EAX","",""
"00789c04","00789ba9",".text","after","00789c07","MOV","8B4360","MOV EAX,dword ptr [EBX + 0x60]","",""
"00789c04","00789ba9",".text","after","00789c0a","MOV","894660","MOV dword ptr [ESI + 0x60],EAX","",""
"00789c04","00789ba9",".text","after","00789c0d","MOV","8B4364","MOV EAX,dword ptr [EBX + 0x64]","",""
"00789c04","00789ba9",".text","after","00789c10","MOV","894664","MOV dword ptr [ESI + 0x64],EAX","",""
"0078d9be","0078d961",".text","before","0078d9b4","MOV","8B4B0C","MOV ECX,dword ptr [EBX + 0xc]","",""
"0078d9be","0078d961",".text","before","0078d9b7","XOR","33C0","XOR EAX,EAX","",""
"0078d9be","0078d961",".text","before","0078d9b9","TEST","85C9","TEST ECX,ECX","",""
"0078d9be","0078d961",".text","before","0078d9bb","MOV","894D50","MOV dword ptr [EBP + 0x50],ECX","",""
"0078d9be","0078d961",".text","candidate","0078d9be","MOV","89455C","MOV dword ptr [EBP + 0x5c],EAX","","00791ff9:UNCONDITIONAL_CALL"
"0078d9be","0078d961",".text","after","0078d9c1","JBE","0F8631010000","JBE 0x0078daf8","",""
"0078d9be","0078d961",".text","after","0078d9c7","MOV","8B4B18","MOV ECX,dword ptr [EBX + 0x18]","",""
"0078d9be","0078d961",".text","after","0078d9ca","MOV","8B3481","MOV ESI,dword ptr [ECX + EAX*0x4]","",""
"0078d9be","0078d961",".text","after","0078d9cd","MOV","8BCE","MOV ECX,ESI","",""
"0078daef","0078d961",".text","before","0078dae1","MOV","C7457401000000","MOV dword ptr [EBP + 0x74],0x1","",""
"0078daef","0078d961",".text","before","0078dae8","MOV","8B455C","MOV EAX,dword ptr [EBP + 0x5c]","",""
"0078daef","0078d961",".text","before","0078daeb","INC","40","INC EAX","",""
"0078daef","0078d961",".text","before","0078daec","CMP","3B4550","CMP EAX,dword ptr [EBP + 0x50]","",""
"0078daef","0078d961",".text","candidate","0078daef","MOV","89455C","MOV dword ptr [EBP + 0x5c],EAX","","00791ff9:UNCONDITIONAL_CALL"
"0078daef","0078d961",".text","after","0078daf2","JC","0F82CFFEFFFF","JC 0x0078d9c7","",""
"0078daef","0078d961",".text","after","0078daf8","TEST","F6839300000002","TEST byte ptr [EBX + 0x93],0x2","",""
"0078daef","0078d961",".text","after","0078daff","JZ","0F845C010000","JZ 0x0078dc61","",""
"0078daef","0078d961",".text","after","0078db05","AND","83657000","AND dword ptr [EBP + 0x70],0x0","",""
"0078db1e","0078d961",".text","before","0078db13","MOV","8B4318","MOV EAX,dword ptr [EBX + 0x18]","",""
"0078db1e","0078d961",".text","before","0078db16","MOV","8B4D70","MOV ECX,dword ptr [EBP + 0x70]","",""
"0078db1e","0078d961",".text","before","0078db19","MOV","8B3488","MOV ESI,dword ptr [EAX + ECX*0x4]","",""
"0078db1e","0078d961",".text","before","0078db1c","MOV","8BCE","MOV ECX,ESI","",""
"0078db1e","0078d961",".text","candidate","0078db1e","MOV","89755C","MOV dword ptr [EBP + 0x5c],ESI","","00791ff9:UNCONDITIONAL_CALL"
"0078db1e","0078d961",".text","after","0078db21","CALL","E8C17AFFFF","CALL 0x007855e7","",""
"0078db1e","0078d961",".text","after","0078db26","TEST","85C0","TEST EAX,EAX","",""
"0078db1e","0078d961",".text","after","0078db28","JZ","0F8424010000","JZ 0x0078dc52","",""
"0078db1e","0078d961",".text","after","0078db2e","LEA","8D4D60","LEA ECX,[EBP + 0x60]","",""
"0078dc84","0078d961",".text","before","0078dc75","MOV","8B3C88","MOV EDI,dword ptr [EAX + ECX*0x4]","",""
"0078dc84","0078d961",".text","before","0078dc78","MOV","8B07","MOV EAX,dword ptr [EDI]","",""
"0078dc84","0078d961",".text","before","0078dc7a","AND","25000000FF","AND EAX,0xff000000","",""
"0078dc84","0078d961",".text","before","0078dc7f","CMP","3D00000034","CMP EAX,0x34000000","",""
"0078dc84","0078d961",".text","candidate","0078dc84","MOV","897D5C","MOV dword ptr [EBP + 0x5c],EDI","","00791ff9:UNCONDITIONAL_CALL"
"0078dc84","0078d961",".text","after","0078dc87","JNZ","0F8567010000","JNZ 0x0078ddf4","",""
"0078dc84","0078d961",".text","after","0078dc8d","CMP","837F0404","CMP dword ptr [EDI + 0x4],0x4","",""
"0078dc84","0078d961",".text","after","0078dc91","JNZ","754D","JNZ 0x0078dce0","",""
"0078dc84","0078d961",".text","after","0078dc93","MOV","8B4708","MOV EAX,dword ptr [EDI + 0x8]","",""
"0078dedc","0078d961",".text","before","0078ded1","CMP","394574","CMP dword ptr [EBP + 0x74],EAX","",""
"0078dedc","0078d961",".text","before","0078ded4","JNC","7328","JNC 0x0078defe","",""
"0078dedc","0078d961",".text","before","0078ded6","SUB","2B4574","SUB EAX,dword ptr [EBP + 0x74]","",""
"0078dedc","0078d961",".text","before","0078ded9","MOV","897D68","MOV dword ptr [EBP + 0x68],EDI","",""
"0078dedc","0078d961",".text","candidate","0078dedc","MOV","89455C","MOV dword ptr [EBP + 0x5c],EAX","","00791ff9:UNCONDITIONAL_CALL"
"0078dedc","0078d961",".text","after","0078dedf","MOV","8B4568","MOV EAX,dword ptr [EBP + 0x68]","",""
"0078dedc","0078d961",".text","after","0078dee2","MOV","8B00","MOV EAX,dword ptr [EAX]","",""
"0078dedc","0078d961",".text","after","0078dee4","CMP","83F8FF","CMP EAX,-0x1","",""
"0078dedc","0078d961",".text","after","0078dee7","JZ","740C","JZ 0x0078def5","",""
"0078def9","0078d961",".text","before","0078deef","CMP","3B782C","CMP EDI,dword ptr [EAX + 0x2c]","",""
"0078def9","0078d961",".text","before","0078def2","JNZ","7501","JNZ 0x0078def5","",""
"0078def9","0078d961",".text","before","0078def4","INC","42","INC EDX","",""
"0078def9","0078d961",".text","before","0078def5","ADD","83456804","ADD dword ptr [EBP + 0x68],0x4","",""
"0078def9","0078d961",".text","candidate","0078def9","DEC","FF4D5C","DEC dword ptr [EBP + 0x5c]","","00791ff9:UNCONDITIONAL_CALL"
"0078def9","0078d961",".text","after","0078defc","JNZ","75E1","JNZ 0x0078dedf","",""
"0078def9","0078d961",".text","after","0078defe","PUSH","6AFF","PUSH -0x1","",""
"0078def9","0078d961",".text","after","0078df00","AND","81E2FFFFFF00","AND EDX,0xffffff","",""
"0078def9","0078d961",".text","after","0078df06","PUSH","6AFF","PUSH -0x1","",""
"0078df3e","0078d961",".text","before","0078df33","INC","FF4570","INC dword ptr [EBP + 0x70]","",""
"0078df3e","0078d961",".text","before","0078df36","CMP","3B4604","CMP EAX,dword ptr [ESI + 0x4]","",""
"0078df3e","0078d961",".text","before","0078df39","MOV","89456C","MOV dword ptr [EBP + 0x6c],EAX","",""
"0078df3e","0078d961",".text","before","0078df3c","JNC","735C","JNC 0x0078df9a","",""
"0078df3e","0078d961",".text","candidate","0078df3e","AND","83655C00","AND dword ptr [EBP + 0x5c],0x0","","00791ff9:UNCONDITIONAL_CALL"
"0078df3e","0078d961",".text","after","0078df42","MOV","8B456C","MOV EAX,dword ptr [EBP + 0x6c]","",""
"0078df3e","0078d961",".text","after","0078df45","MOV","8B4E08","MOV ECX,dword ptr [ESI + 0x8]","",""
"0078df3e","0078d961",".text","after","0078df48","SHL","C1E002","SHL EAX,0x2","",""
"0078df3e","0078d961",".text","after","0078df4b","MOV","8B0C08","MOV ECX,dword ptr [EAX + ECX*0x1]","",""
"0078df8c","0078d961",".text","before","0078df7f","MOV","8B5608","MOV EDX,dword ptr [ESI + 0x8]","",""
"0078df8c","0078d961",".text","before","0078df82","OR","830C10FF","OR dword ptr [EAX + EDX*0x1],0xffffffff","",""
"0078df8c","0078d961",".text","before","0078df86","MOV","8B7D4C","MOV EDI,dword ptr [EBP + 0x4c]","",""
"0078df8c","0078d961",".text","before","0078df89","ADD","83C104","ADD ECX,0x4","",""
"0078df8c","0078d961",".text","candidate","0078df8c","MOV","894D5C","MOV dword ptr [EBP + 0x5c],ECX","","00791ff9:UNCONDITIONAL_CALL"
"0078df8c","0078d961",".text","after","0078df8f","INC","FF456C","INC dword ptr [EBP + 0x6c]","",""
"0078df8c","0078d961",".text","after","0078df92","MOV","8B456C","MOV EAX,dword ptr [EBP + 0x6c]","",""
"0078df8c","0078d961",".text","after","0078df95","CMP","3B4604","CMP EAX,dword ptr [ESI + 0x4]","",""
"0078df8c","0078d961",".text","after","0078df98","JC","72A8","JC 0x0078df42","",""
"0078e0a2","0078d961",".text","before","0078e097","MOV","8B5548","MOV EDX,dword ptr [EBP + 0x48]","",""
"0078e0a2","0078d961",".text","before","0078e09a","MOV","8B32","MOV ESI,dword ptr [EDX]","",""
"0078e0a2","0078d961",".text","before","0078e09c","MOV","8B34B0","MOV ESI,dword ptr [EAX + ESI*0x4]","",""
"0078e0a2","0078d961",".text","before","0078e09f","MOV","8B760C","MOV ESI,dword ptr [ESI + 0xc]","",""
"0078e0a2","0078d961",".text","candidate","0078e0a2","MOV","89755C","MOV dword ptr [EBP + 0x5c],ESI","","00791ff9:UNCONDITIONAL_CALL"
"0078e0a2","0078d961",".text","after","0078e0a5","MOV","8B7568","MOV ESI,dword ptr [EBP + 0x68]","",""
"0078e0a2","0078d961",".text","after","0078e0a8","MOV","8B1416","MOV EDX,dword ptr [ESI + EDX*0x1]","",""
"0078e0a2","0078d961",".text","after","0078e0ab","MOV","8B1490","MOV EDX,dword ptr [EAX + EDX*0x4]","",""
"0078e0a2","0078d961",".text","after","0078e0ae","MOV","8B520C","MOV EDX,dword ptr [EDX + 0xc]","",""
"0078e154","0078d961",".text","before","0078e14b","MOV","8B4B18","MOV ECX,dword ptr [EBX + 0x18]","",""
"0078e154","0078d961",".text","before","0078e14e","MOV","8B0481","MOV EAX,dword ptr [ECX + EAX*0x4]","",""
"0078e154","0078d961",".text","before","0078e151","PUSH","57","PUSH EDI","",""
"0078e154","0078d961",".text","before","0078e152","MOV","8BC8","MOV ECX,EAX","",""
"0078e154","0078d961",".text","candidate","0078e154","MOV","89455C","MOV dword ptr [EBP + 0x5c],EAX","","00791ff9:UNCONDITIONAL_CALL"
"0078e154","0078d961",".text","after","0078e157","CALL","E88873FFFF","CALL 0x007854e4","",""
"0078e154","0078d961",".text","after","0078e15c","XOR","33C0","XOR EAX,EAX","",""
"0078e154","0078d961",".text","after","0078e15e","CMP","39470C","CMP dword ptr [EDI + 0xc],EAX","",""
"0078e154","0078d961",".text","after","0078e161","MOV","C7457001000000","MOV dword ptr [EBP + 0x70],0x1","",""
"0078e202","0078d961",".text","before","0078e1f7","CMP","394574","CMP dword ptr [EBP + 0x74],EAX","",""
"0078e202","0078d961",".text","before","0078e1fa","JNC","7328","JNC 0x0078e224","",""
"0078e202","0078d961",".text","before","0078e1fc","SUB","2B4574","SUB EAX,dword ptr [EBP + 0x74]","",""
"0078e202","0078d961",".text","before","0078e1ff","MOV","897548","MOV dword ptr [EBP + 0x48],ESI","",""
"0078e202","0078d961",".text","candidate","0078e202","MOV","89455C","MOV dword ptr [EBP + 0x5c],EAX","","00791ff9:UNCONDITIONAL_CALL"
"0078e202","0078d961",".text","after","0078e205","MOV","8B4548","MOV EAX,dword ptr [EBP + 0x48]","",""
"0078e202","0078d961",".text","after","0078e208","MOV","8B00","MOV EAX,dword ptr [EAX]","",""
"0078e202","0078d961",".text","after","0078e20a","CMP","83F8FF","CMP EAX,-0x1","",""
"0078e202","0078d961",".text","after","0078e20d","JZ","740C","JZ 0x0078e21b","",""
"0078e21f","0078d961",".text","before","0078e215","CMP","3B700C","CMP ESI,dword ptr [EAX + 0xc]","",""
"0078e21f","0078d961",".text","before","0078e218","JNZ","7501","JNZ 0x0078e21b","",""
"0078e21f","0078d961",".text","before","0078e21a","INC","42","INC EDX","",""
"0078e21f","0078d961",".text","before","0078e21b","ADD","83454804","ADD dword ptr [EBP + 0x48],0x4","",""
"0078e21f","0078d961",".text","candidate","0078e21f","DEC","FF4D5C","DEC dword ptr [EBP + 0x5c]","","00791ff9:UNCONDITIONAL_CALL"
"0078e21f","0078d961",".text","after","0078e222","JNZ","75E1","JNZ 0x0078e205","",""
"0078e21f","0078d961",".text","after","0078e224","PUSH","6AFF","PUSH -0x1","",""
"0078e21f","0078d961",".text","after","0078e226","AND","81E2FFFFFF00","AND EDX,0xffffff","",""
"0078e21f","0078d961",".text","after","0078e22c","PUSH","6AFF","PUSH -0x1","",""
"0078e264","0078d961",".text","before","0078e259","INC","FF4570","INC dword ptr [EBP + 0x70]","",""
"0078e264","0078d961",".text","before","0078e25c","CMP","3B4704","CMP EAX,dword ptr [EDI + 0x4]","",""
"0078e264","0078d961",".text","before","0078e25f","MOV","89456C","MOV dword ptr [EBP + 0x6c],EAX","",""
"0078e264","0078d961",".text","before","0078e262","JNC","735C","JNC 0x0078e2c0","",""
"0078e264","0078d961",".text","candidate","0078e264","AND","83655C00","AND dword ptr [EBP + 0x5c],0x0","","00791ff9:UNCONDITIONAL_CALL"
"0078e264","0078d961",".text","after","0078e268","MOV","8B456C","MOV EAX,dword ptr [EBP + 0x6c]","",""
"0078e264","0078d961",".text","after","0078e26b","MOV","8B4F08","MOV ECX,dword ptr [EDI + 0x8]","",""
"0078e264","0078d961",".text","after","0078e26e","SHL","C1E002","SHL EAX,0x2","",""
"0078e264","0078d961",".text","after","0078e271","MOV","8B0C08","MOV ECX,dword ptr [EAX + ECX*0x1]","",""
"0078e2b2","0078d961",".text","before","0078e2a5","MOV","8B5708","MOV EDX,dword ptr [EDI + 0x8]","",""
"0078e2b2","0078d961",".text","before","0078e2a8","OR","830C10FF","OR dword ptr [EAX + EDX*0x1],0xffffffff","",""
"0078e2b2","0078d961",".text","before","0078e2ac","MOV","8B754C","MOV ESI,dword ptr [EBP + 0x4c]","",""
"0078e2b2","0078d961",".text","before","0078e2af","ADD","83C104","ADD ECX,0x4","",""
"0078e2b2","0078d961",".text","candidate","0078e2b2","MOV","894D5C","MOV dword ptr [EBP + 0x5c],ECX","","00791ff9:UNCONDITIONAL_CALL"
"0078e2b2","0078d961",".text","after","0078e2b5","INC","FF456C","INC dword ptr [EBP + 0x6c]","",""
"0078e2b2","0078d961",".text","after","0078e2b8","MOV","8B456C","MOV EAX,dword ptr [EBP + 0x6c]","",""
"0078e2b2","0078d961",".text","after","0078e2bb","CMP","3B4704","CMP EAX,dword ptr [EDI + 0x4]","",""
"0078e2b2","0078d961",".text","after","0078e2be","JC","72A8","JC 0x0078e268","",""
"0078e3f0","0078d961",".text","before","0078e3e7","MOV","8B4B18","MOV ECX,dword ptr [EBX + 0x18]","",""
"0078e3f0","0078d961",".text","before","0078e3ea","DEC","48","DEC EAX","",""
"0078e3f0","0078d961",".text","before","0078e3eb","MOV","8B3481","MOV ESI,dword ptr [ECX + EAX*0x4]","",""
"0078e3f0","0078d961",".text","before","0078e3ee","MOV","8BCE","MOV ECX,ESI","",""
"0078e3f0","0078d961",".text","candidate","0078e3f0","MOV","89455C","MOV dword ptr [EBP + 0x5c],EAX","","00791ff9:UNCONDITIONAL_CALL"
"0078e3f0","0078d961",".text","after","0078e3f3","CALL","E84071FFFF","CALL 0x00785538","",""
"0078e3f0","0078d961",".text","after","0078e3f8","TEST","85C0","TEST EAX,EAX","",""
"0078e3f0","0078d961",".text","after","0078e3fa","JNZ","0F8509090000","JNZ 0x0078ed09","",""
"0078e3f0","0078d961",".text","after","0078e400","MOV","8B3E","MOV EDI,dword ptr [ESI]","",""
"0078ef71","0078ed33",".text","before","0078ef62","JNZ","0F8548020000","JNZ 0x0078f1b0","",""
"0078ef71","0078ed33",".text","before","0078ef68","MOV","8B4D50","MOV ECX,dword ptr [EBP + 0x50]","",""
"0078ef71","0078ed33",".text","before","0078ef6b","MOV","8B7108","MOV ESI,dword ptr [ECX + 0x8]","",""
"0078ef71","0078ed33",".text","before","0078ef6e","SHL","C1E002","SHL EAX,0x2","",""
"0078ef71","0078ed33",".text","candidate","0078ef71","MOV","89755C","MOV dword ptr [EBP + 0x5c],ESI","","00792004:UNCONDITIONAL_CALL"
"0078ef71","0078ed33",".text","after","0078ef74","MOV","8BC8","MOV ECX,EAX","",""
"0078ef71","0078ed33",".text","after","0078ef76","MOV","8BD1","MOV EDX,ECX","",""
"0078ef71","0078ed33",".text","after","0078ef78","SHR","C1E902","SHR ECX,0x2","",""
"0078ef71","0078ed33",".text","after","0078ef7b","LEA","8D7D0C","LEA EDI,[EBP + 0xc]","",""
"0078f25d","0078ed33",".text","before","0078f252","JBE","764F","JBE 0x0078f2a3","",""
"0078f25d","0078ed33",".text","before","0078f254","MOV","8B4708","MOV EAX,dword ptr [EDI + 0x8]","",""
"0078f25d","0078ed33",".text","before","0078f257","MOV","894550","MOV dword ptr [EBP + 0x50],EAX","",""
"0078f25d","0078ed33",".text","before","0078f25a","MOV","8B4704","MOV EAX,dword ptr [EDI + 0x4]","",""
"0078f25d","0078ed33",".text","candidate","0078f25d","MOV","89455C","MOV dword ptr [EBP + 0x5c],EAX","","00792004:UNCONDITIONAL_CALL"
"0078f25d","0078ed33",".text","after","0078f260","MOV","8B4550","MOV EAX,dword ptr [EBP + 0x50]","",""
"0078f25d","0078ed33",".text","after","0078f263","MOV","8B00","MOV EAX,dword ptr [EAX]","",""
"0078f25d","0078ed33",".text","after","0078f265","JMP","EB2E","JMP 0x0078f295","",""
"0078f25d","0078ed33",".text","after","0078f267","MOV","8BCF","MOV ECX,EDI","",""
"0078f29e","0078ed33",".text","before","0078f292","MOV","8B4004","MOV EAX,dword ptr [EAX + 0x4]","",""
"0078f29e","0078ed33",".text","before","0078f295","CMP","83F8FF","CMP EAX,-0x1","",""
"0078f29e","0078ed33",".text","before","0078f298","JNZ","75DB","JNZ 0x0078f275","",""
"0078f29e","0078ed33",".text","before","0078f29a","ADD","83455004","ADD dword ptr [EBP + 0x50],0x4","",""
"0078f29e","0078ed33",".text","candidate","0078f29e","DEC","FF4D5C","DEC dword ptr [EBP + 0x5c]","","00792004:UNCONDITIONAL_CALL"
"0078f29e","0078ed33",".text","after","0078f2a1","JNZ","75BD","JNZ 0x0078f260","",""
"0078f29e","0078ed33",".text","after","0078f2a3","CMP","837F0C00","CMP dword ptr [EDI + 0xc],0x0","",""
"0078f29e","0078ed33",".text","after","0078f2a7","JBE","7648","JBE 0x0078f2f1","",""
"0078f29e","0078ed33",".text","after","0078f2a9","MOV","8B470C","MOV EAX,dword ptr [EDI + 0xc]","",""
"0078f2af","0078ed33",".text","before","0078f2a3","CMP","837F0C00","CMP dword ptr [EDI + 0xc],0x0","",""
"0078f2af","0078ed33",".text","before","0078f2a7","JBE","7648","JBE 0x0078f2f1","",""
"0078f2af","0078ed33",".text","before","0078f2a9","MOV","8B470C","MOV EAX,dword ptr [EDI + 0xc]","",""
"0078f2af","0078ed33",".text","before","0078f2ac","MOV","8B7710","MOV ESI,dword ptr [EDI + 0x10]","",""
"0078f2af","0078ed33",".text","candidate","0078f2af","MOV","89455C","MOV dword ptr [EBP + 0x5c],EAX","","00792004:UNCONDITIONAL_CALL"
"0078f2af","0078ed33",".text","after","0078f2b2","MOV","8B06","MOV EAX,dword ptr [ESI]","",""
"0078f2af","0078ed33",".text","after","0078f2b4","MOV","8B0481","MOV EAX,dword ptr [ECX + EAX*0x4]","",""
"0078f2af","0078ed33",".text","after","0078f2b7","MOV","8B5038","MOV EDX,dword ptr [EAX + 0x38]","",""
"0078f2af","0078ed33",".text","after","0078f2ba","CMP","395538","CMP dword ptr [EBP + 0x38],EDX","",""
"0078f2ec","0078ed33",".text","before","0078f2e1","MOV","8B4004","MOV EAX,dword ptr [EAX + 0x4]","",""
"0078f2ec","0078ed33",".text","before","0078f2e4","CMP","83F8FF","CMP EAX,-0x1","",""
"0078f2ec","0078ed33",".text","before","0078f2e7","JNZ","75DB","JNZ 0x0078f2c4","",""
"0078f2ec","0078ed33",".text","before","0078f2e9","ADD","83C604","ADD ESI,0x4","",""
"0078f2ec","0078ed33",".text","candidate","0078f2ec","DEC","FF4D5C","DEC dword ptr [EBP + 0x5c]","","00792004:UNCONDITIONAL_CALL"
"0078f2ec","0078ed33",".text","after","0078f2ef","JNZ","75C1","JNZ 0x0078f2b2","",""
"0078f2ec","0078ed33",".text","after","0078f2f1","MOV","8B4544","MOV EAX,dword ptr [EBP + 0x44]","",""
"0078f2ec","0078ed33",".text","after","0078f2f4","MOV","894568","MOV dword ptr [EBP + 0x68],EAX","",""
"0078f2ec","0078ed33",".text","after","0078f2f7","JMP","E9BF040000","JMP 0x0078f7bb","",""
"0078f3a4","0078ed33",".text","before","0078f399","MOV","8B4008","MOV EAX,dword ptr [EAX + 0x8]","",""
"0078f3a4","0078ed33",".text","before","0078f39c","MOV","8B5208","MOV EDX,dword ptr [EDX + 0x8]","",""
"0078f3a4","0078ed33",".text","before","0078f39f","CMP","3BC2","CMP EAX,EDX","",""
"0078f3a4","0078ed33",".text","before","0078f3a1","MOV","894550","MOV dword ptr [EBP + 0x50],EAX","",""
"0078f3a4","0078ed33",".text","candidate","0078f3a4","MOV","89555C","MOV dword ptr [EBP + 0x5c],EDX","","00792004:UNCONDITIONAL_CALL"
"0078f3a4","0078ed33",".text","after","0078f3a7","JZ","7437","JZ 0x0078f3e0","",""
"0078f3a4","0078ed33",".text","after","0078f3a9","TEST","F6839000000006","TEST byte ptr [EBX + 0x90],0x6","",""
"0078f3a4","0078ed33",".text","after","0078f3b0","JNZ","0F85FF030000","JNZ 0x0078f7b5","",""
"0078f3a4","0078ed33",".text","after","0078f3b6","MOV","8B4310","MOV EAX,dword ptr [EBX + 0x10]","",""
"0078f9c4","0078ed33",".text","before","0078f9ba","SUB","2B4548","SUB EAX,dword ptr [EBP + 0x48]","",""
"0078f9c4","0078ed33",".text","before","0078f9bd","MOV","894520","MOV dword ptr [EBP + 0x20],EAX","",""
"0078f9c4","0078ed33",".text","before","0078f9c0","SHL","C1E002","SHL EAX,0x2","",""
"0078f9c4","0078ed33",".text","before","0078f9c3","PUSH","50","PUSH EAX","",""
"0078f9c4","0078ed33",".text","candidate","0078f9c4","MOV","89455C","MOV dword ptr [EBP + 0x5c],EAX","","00792004:UNCONDITIONAL_CALL"
"0078f9c4","0078ed33",".text","after","0078f9c7","CALL","E8CE170900","CALL 0x0082119a","",""
"0078f9c4","0078ed33",".text","after","0078f9cc","CMP","3BC6","CMP EAX,ESI","",""
"0078f9c4","0078ed33",".text","after","0078f9ce","POP","59","POP ECX","",""
"0078f9c4","0078ed33",".text","after","0078f9cf","MOV","89453C","MOV dword ptr [EBP + 0x3c],EAX","",""
"007935d1","00793567",".text","before","007935c1","JMP","E9F3050000","JMP 0x00793bb9","",""
"007935d1","00793567",".text","before","007935c6","PUSH","53","PUSH EBX","",""
"007935d1","00793567",".text","before","007935c7","MOV","897554","MOV dword ptr [EBP + 0x54],ESI","",""
"007935d1","00793567",".text","before","007935ca","MOV","C745605CB48700","MOV dword ptr [EBP + 0x60],0x87b45c","",""
"007935d1","00793567",".text","candidate","007935d1","MOV","89755C","MOV dword ptr [EBP + 0x5c],ESI","","0079a460:UNCONDITIONAL_CALL|0079a4bb:UNCONDITIONAL_CALL"
"007935d1","00793567",".text","after","007935d4","PUSH","57","PUSH EDI","",""
"007935d1","00793567",".text","after","007935d5","MOV","8B4560","MOV EAX,dword ptr [EBP + 0x60]","",""
"007935d1","00793567",".text","after","007935d8","MOV","8B70D8","MOV ESI,dword ptr [EAX + -0x28]","",""
"007935d1","00793567",".text","after","007935db","MOV","8B4570","MOV EAX,dword ptr [EBP + 0x70]","",""
"00793893","00793567",".text","before","00793883","LEA","8D4DF0","LEA ECX,[EBP + -0x10]","",""
"00793893","00793567",".text","before","00793886","CALL","E8EDEFFEFF","CALL 0x00782878","",""
"00793893","00793567",".text","before","0079388b","INC","FF4554","INC dword ptr [EBP + 0x54]","",""
"00793893","00793567",".text","before","0079388e","MOV","B8A4000000","MOV EAX,0xa4","",""
"00793893","00793567",".text","candidate","00793893","ADD","01455C","ADD dword ptr [EBP + 0x5c],EAX","","0079a460:UNCONDITIONAL_CALL|0079a4bb:UNCONDITIONAL_CALL"
"00793893","00793567",".text","after","00793896","ADD","014560","ADD dword ptr [EBP + 0x60],EAX","",""
"00793893","00793567",".text","after","00793899","CMP","817D5CF8310000","CMP dword ptr [EBP + 0x5c],0x31f8","",""
"00793893","00793567",".text","after","007938a0","JC","0F822FFDFFFF","JC 0x007935d5","",""
"00793893","00793567",".text","after","007938a6","JMP","EB27","JMP 0x007938cf","",""
"00793a1e","00793567",".text","before","00793a0c","MOV","894574","MOV dword ptr [EBP + 0x74],EAX","",""
"00793a1e","00793567",".text","before","00793a0f","LEA","8D8354B48700","LEA EAX,[EBX + 0x87b454]","",""
"00793a1e","00793567",".text","before","00793a15","CMP","833800","CMP dword ptr [EAX],0x0","",""
"00793a1e","00793567",".text","before","00793a18","JZ","0F8413010000","JZ 0x00793b31","",""
"00793a1e","00793567",".text","candidate","00793a1e","MOV","89455C","MOV dword ptr [EBP + 0x5c],EAX","","0079a460:UNCONDITIONAL_CALL|0079a4bb:UNCONDITIONAL_CALL"
"00793a1e","00793567",".text","after","00793a21","LEA","8D9D40FFFFFF","LEA EBX,[EBP + 0xffffff40]","",""
"00793a1e","00793567",".text","after","00793a27","MOV","894558","MOV dword ptr [EBP + 0x58],EAX","",""
"00793a1e","00793567",".text","after","00793a2a","PUSH","6A14","PUSH 0x14","",""
"00793a1e","00793567",".text","after","00793a2c","CALL","E869D70800","CALL 0x0082119a","",""
"00793b28","00793567",".text","before","00793b1c","ADD","83C020","ADD EAX,0x20","",""
"00793b28","00793567",".text","before","00793b1f","ADD","83C324","ADD EBX,0x24","",""
"00793b28","00793567",".text","before","00793b22","CMP","833800","CMP dword ptr [EAX],0x0","",""
"00793b28","00793567",".text","before","00793b25","MOV","894558","MOV dword ptr [EBP + 0x58],EAX","",""
"00793b28","00793567",".text","candidate","00793b28","MOV","89455C","MOV dword ptr [EBP + 0x5c],EAX","","0079a460:UNCONDITIONAL_CALL|0079a4bb:UNCONDITIONAL_CALL"
"00793b28","00793567",".text","after","00793b2b","JNZ","0F85F9FEFFFF","JNZ 0x00793a2a","",""
"00793b28","00793567",".text","after","00793b31","MOV","8B4578","MOV EAX,dword ptr [EBP + 0x78]","",""
"00793b28","00793567",".text","after","00793b34","PUSH","6878287800","PUSH 0x782878","",""
"00793b28","00793567",".text","after","00793b39","PUSH","6A05","PUSH 0x5","",""
"0079e081","0079e025",".text","before","0079e076","MOV","89456C","MOV dword ptr [EBP + 0x6c],EAX","",""
"0079e081","0079e025",".text","before","0079e079","MOV","8B4604","MOV EAX,dword ptr [ESI + 0x4]","",""
"0079e081","0079e025",".text","before","0079e07c","XOR","33D2","XOR EDX,EDX","",""
"0079e081","0079e025",".text","before","0079e07e","DIV","F7756C","DIV dword ptr [EBP + 0x6c]","",""
"0079e081","0079e025",".text","candidate","0079e081","AND","83655C00","AND dword ptr [EBP + 0x5c],0x0","","007a5de1:UNCONDITIONAL_CALL"
"0079e081","0079e025",".text","after","0079e085","TEST","85C0","TEST EAX,EAX","",""
"0079e081","0079e025",".text","after","0079e087","MOV","894540","MOV dword ptr [EBP + 0x40],EAX","",""
"0079e081","0079e025",".text","after","0079e08a","JBE","0F8698020000","JBE 0x0079e328","",""
"0079e081","0079e025",".text","after","0079e090","AND","83656400","AND dword ptr [EBP + 0x64],0x0","",""
"0079e30f","0079e025",".text","before","0079e2ff","MOV","891481","MOV dword ptr [ECX + EAX*0x4],EDX","",""
"0079e30f","0079e025",".text","before","0079e302","INC","FF8338010000","INC dword ptr [EBX + 0x138]","",""
"0079e30f","0079e025",".text","before","0079e308","AND","83657400","AND dword ptr [EBP + 0x74],0x0","",""
"0079e30f","0079e025",".text","before","0079e30c","MOV","8B456C","MOV EAX,dword ptr [EBP + 0x6c]","",""
"0079e30f","0079e025",".text","candidate","0079e30f","INC","FF455C","INC dword ptr [EBP + 0x5c]","","007a5de1:UNCONDITIONAL_CALL"
"0079e30f","0079e025",".text","after","0079e312","ADD","83456010","ADD dword ptr [EBP + 0x60],0x10","",""
"0079e30f","0079e025",".text","after","0079e316","SHL","C1E002","SHL EAX,0x2","",""
"0079e30f","0079e025",".text","after","0079e319","ADD","014564","ADD dword ptr [EBP + 0x64],EAX","",""
"0079e30f","0079e025",".text","after","0079e31c","MOV","8B455C","MOV EAX,dword ptr [EBP + 0x5c]","",""
"0079e3e0","0079e3be",".text","before","0079e3d5","PUSH","57","PUSH EDI","",""
"0079e3e0","0079e3be",".text","before","0079e3d6","MOV","8BF9","MOV EDI,ECX","",""
"0079e3e0","0079e3be",".text","before","0079e3d8","AND","81E7FFFFFF00","AND EDI,0xffffff","",""
"0079e3e0","0079e3be",".text","before","0079e3de","TEST","85F6","TEST ESI,ESI","",""
"0079e3e0","0079e3be",".text","candidate","0079e3e0","MOV","895D5C","MOV dword ptr [EBP + 0x5c],EBX","","007a5d44:UNCONDITIONAL_CALL"
"0079e3e0","0079e3be",".text","after","0079e3e3","MOV","897D60","MOV dword ptr [EBP + 0x60],EDI","",""
"0079e3e0","0079e3be",".text","after","0079e3e6","JZ","0F8474050000","JZ 0x0079e960","",""
"0079e3e0","0079e3be",".text","after","0079e3ec","TEST","85C9","TEST ECX,ECX","",""
"0079e3e0","0079e3be",".text","after","0079e3ee","JZ","0F846C050000","JZ 0x0079e960","",""
"0079e54e","0079e3be",".text","before","0079e53e","CMP","397564","CMP dword ptr [EBP + 0x64],ESI","",""
"0079e54e","0079e3be",".text","before","0079e541","JZ","0F84E7030000","JZ 0x0079e92e","",""
"0079e54e","0079e3be",".text","before","0079e547","CMP","837D6004","CMP dword ptr [EBP + 0x60],0x4","",""
"0079e54e","0079e3be",".text","before","0079e54b","MOV","897568","MOV dword ptr [EBP + 0x68],ESI","",""
"0079e54e","0079e3be",".text","candidate","0079e54e","MOV","89755C","MOV dword ptr [EBP + 0x5c],ESI","","007a5d44:UNCONDITIONAL_CALL"
"0079e54e","0079e3be",".text","after","0079e551","JNZ","0F854E020000","JNZ 0x0079e7a5","",""
"0079e54e","0079e3be",".text","after","0079e557","MOV","C7457401000000","MOV dword ptr [EBP + 0x74],0x1","",""
"0079e54e","0079e3be",".text","after","0079e55e","XOR","33C9","XOR ECX,ECX","",""
"0079e54e","0079e3be",".text","after","0079e560","CMP","394D74","CMP dword ptr [EBP + 0x74],ECX","",""
"0079e709","0079e3be",".text","before","0079e6f9","MOV","8B456C","MOV EAX,dword ptr [EBP + 0x6c]","",""
"0079e709","0079e3be",".text","before","0079e6fc","AND","8364853000","AND dword ptr [EBP + EAX*0x4 + 0x30],0x0","",""
"0079e709","0079e3be",".text","before","0079e701","MOV","8B4564","MOV EAX,dword ptr [EBP + 0x64]","",""
"0079e709","0079e3be",".text","before","0079e704","AND","8364854000","AND dword ptr [EBP + EAX*0x4 + 0x40],0x0","",""
"0079e709","0079e3be",".text","candidate","0079e709","MOV","C7455C01000000","MOV dword ptr [EBP + 0x5c],0x1","","007a5d44:UNCONDITIONAL_CALL"
"0079e709","0079e3be",".text","after","0079e710","MOV","8BF0","MOV ESI,EAX","",""
"0079e709","0079e3be",".text","after","0079e712","INC","46","INC ESI","",""
"0079e709","0079e3be",".text","after","0079e713","CMP","83FE04","CMP ESI,0x4","",""
"0079e709","0079e3be",".text","after","0079e716","MOV","897564","MOV dword ptr [EBP + 0x64],ESI","",""
"0079e7af","0079e3be",".text","before","0079e79d","LEA","8D4540","LEA EAX,[EBP + 0x40]","",""
"0079e7af","0079e3be",".text","before","0079e7a0","JMP","E928010000","JMP 0x0079e8cd","",""
"0079e7af","0079e3be",".text","before","0079e7a5","CMP","837D6003","CMP dword ptr [EBP + 0x60],0x3","",""
"0079e7af","0079e3be",".text","before","0079e7a9","JNZ","0F8537010000","JNZ 0x0079e8e6","",""
"0079e7af","0079e3be",".text","candidate","0079e7af","OR","834D5CFF","OR dword ptr [EBP + 0x5c],0xffffffff","","007a5d44:UNCONDITIONAL_CALL"
"0079e7af","0079e3be",".text","after","0079e7b3","XOR","33C0","XOR EAX,EAX","",""
"0079e7af","0079e3be",".text","after","0079e7b5","CMP","837C85CCFF","CMP dword ptr [EBP + EAX*0x4 + -0x34],-0x1","",""
"0079e7af","0079e3be",".text","after","0079e7ba","JNZ","7503","JNZ 0x0079e7bf","",""
"0079e7af","0079e3be",".text","after","0079e7bc","MOV","89455C","MOV dword ptr [EBP + 0x5c],EAX","",""
"0079e7bc","0079e3be",".text","before","0079e7af","OR","834D5CFF","OR dword ptr [EBP + 0x5c],0xffffffff","",""
"0079e7bc","0079e3be",".text","before","0079e7b3","XOR","33C0","XOR EAX,EAX","",""
"0079e7bc","0079e3be",".text","before","0079e7b5","CMP","837C85CCFF","CMP dword ptr [EBP + EAX*0x4 + -0x34],-0x1","",""
"0079e7bc","0079e3be",".text","before","0079e7ba","JNZ","7503","JNZ 0x0079e7bf","",""
"0079e7bc","0079e3be",".text","candidate","0079e7bc","MOV","89455C","MOV dword ptr [EBP + 0x5c],EAX","","007a5d44:UNCONDITIONAL_CALL"
"0079e7bc","0079e3be",".text","after","0079e7bf","INC","40","INC EAX","",""
"0079e7bc","0079e3be",".text","after","0079e7c0","CMP","83F804","CMP EAX,0x4","",""
"0079e7bc","0079e3be",".text","after","0079e7c3","JC","72F0","JC 0x0079e7b5","",""
"0079e7bc","0079e3be",".text","after","0079e7c5","MOV","89756C","MOV dword ptr [EBP + 0x6c],ESI","",""
"0079e9a2","0079e96a",".text","before","0079e99c","XOR","33F6","XOR ESI,ESI","",""
"0079e9a2","0079e96a",".text","before","0079e99e","PUSH","6A03","PUSH 0x3","",""
"0079e9a2","0079e96a",".text","before","0079e9a0","INC","41","INC ECX","",""
"0079e9a2","0079e96a",".text","before","0079e9a1","POP","5B","POP EBX","",""
"0079e9a2","0079e96a",".text","candidate","0079e9a2","MOV","89755C","MOV dword ptr [EBP + 0x5c],ESI","","007a5c5d:UNCONDITIONAL_CALL|007a5c6d:UNCONDITIONAL_CALL"
"0079e9a2","0079e96a",".text","after","0079e9a5","MOV","897530","MOV dword ptr [EBP + 0x30],ESI","",""
"0079e9a2","0079e96a",".text","after","0079e9a8","MOV","894D34","MOV dword ptr [EBP + 0x34],ECX","",""
"0079e9a2","0079e96a",".text","after","0079e9ab","MOV","C7453802000000","MOV dword ptr [EBP + 0x38],0x2","",""
"0079e9a2","0079e96a",".text","after","0079e9b2","MOV","895D3C","MOV dword ptr [EBP + 0x3c],EBX","",""
"0079f1c3","0079f184",".text","before","0079f1b8","MOV","8B4B14","MOV ECX,dword ptr [EBX + 0x14]","",""
"0079f1c3","0079f184",".text","before","0079f1bb","MOV","8B1491","MOV EDX,dword ptr [ECX + EDX*0x4]","",""
"0079f1c3","0079f184",".text","before","0079f1be","MOV","8B37","MOV ESI,dword ptr [EDI]","",""
"0079f1c3","0079f184",".text","before","0079f1c0","MOV","8B0CB1","MOV ECX,dword ptr [ECX + ESI*0x4]","",""
"0079f1c3","0079f184",".text","candidate","0079f1c3","MOV","894D5C","MOV dword ptr [EBP + 0x5c],ECX","","007a5c1b:UNCONDITIONAL_CALL"
"0079f1c3","0079f184",".text","after","0079f1c6","MOV","8B0A","MOV ECX,dword ptr [EDX]","",""
"0079f1c3","0079f184",".text","after","0079f1c8","CMP","3B4B60","CMP ECX,dword ptr [EBX + 0x60]","",""
"0079f1c3","0079f184",".text","after","0079f1cb","MOV","895554","MOV dword ptr [EBP + 0x54],EDX","",""
"0079f1c3","0079f184",".text","after","0079f1ce","MOV","8B5310","MOV EDX,dword ptr [EBX + 0x10]","",""
"007a0c75","007a0c35",".text","before","007a0c67","PUSH","6889010000","PUSH 0x189","",""
"007a0c75","007a0c35",".text","before","007a0c6c","STOSD.REP","F3AB","STOSD.REP ES:EDI","",""
"007a0c75","007a0c35",".text","before","007a0c6e","PUSH","68949A8700","PUSH 0x879a94","",""
"007a0c75","007a0c35",".text","before","007a0c73","MOV","8BCE","MOV ECX,ESI","",""
"007a0c75","007a0c35",".text","candidate","007a0c75","MOV","895D5C","MOV dword ptr [EBP + 0x5c],EBX","","007a5e02:UNCONDITIONAL_CALL"
"007a0c75","007a0c35",".text","after","007a0c78","CALL","E85242FEFF","CALL 0x00784ecf","",""
"007a0c75","007a0c35",".text","after","007a0c7d","AND","83656400","AND dword ptr [EBP + 0x64],0x0","",""
"007a0c75","007a0c35",".text","after","007a0c81","XOR","33D2","XOR EDX,EDX","",""
"007a0c75","007a0c35",".text","after","007a0c83","INC","42","INC EDX","",""
"007a18b0","007a17e5",".text","before","007a18a0","AND","81E6FFFFFF00","AND ESI,0xffffff","",""
"007a18b0","007a17e5",".text","before","007a18a6","MOV","8B04B0","MOV EAX,dword ptr [EAX + ESI*0x4]","",""
"007a18b0","007a17e5",".text","before","007a18a9","MOV","8B0481","MOV EAX,dword ptr [ECX + EAX*0x4]","",""
"007a18b0","007a17e5",".text","before","007a18ac","TEST","F640220F","TEST byte ptr [EAX + 0x22],0xf","",""
"007a18b0","007a17e5",".text","candidate","007a18b0","MOV","89755C","MOV dword ptr [EBP + 0x5c],ESI","","007a5df7:UNCONDITIONAL_CALL"
"007a18b0","007a17e5",".text","after","007a18b3","JZ","0F84EF000000","JZ 0x007a19a8","",""
"007a18b0","007a17e5",".text","after","007a18b9","MOV","8B00","MOV EAX,dword ptr [EAX]","",""
"007a18b0","007a17e5",".text","after","007a18bb","CMP","3B4360","CMP EAX,dword ptr [EBX + 0x60]","",""
"007a18b0","007a17e5",".text","after","007a18be","JNZ","0F85E4000000","JNZ 0x007a19a8","",""
"007a1cee","007a17e5",".text","before","007a1ce1","IMUL","0FAF5548","IMUL EDX,dword ptr [EBP + 0x48]","",""
"007a1cee","007a17e5",".text","before","007a1ce5","SHL","C1E202","SHL EDX,0x2","",""
"007a1cee","007a17e5",".text","before","007a1ce8","SUB","2B4548","SUB EAX,dword ptr [EBP + 0x48]","",""
"007a1cee","007a17e5",".text","before","007a1ceb","MOV","895574","MOV dword ptr [EBP + 0x74],EDX","",""
"007a1cee","007a17e5",".text","candidate","007a1cee","MOV","89455C","MOV dword ptr [EBP + 0x5c],EAX","","007a5df7:UNCONDITIONAL_CALL"
"007a1cee","007a17e5",".text","after","007a1cf1","TEST","85FF","TEST EDI,EDI","",""
"007a1cee","007a17e5",".text","after","007a1cf3","JBE","0F8698000000","JBE 0x007a1d91","",""
"007a1cee","007a17e5",".text","after","007a1cf9","MOV","8B4544","MOV EAX,dword ptr [EBP + 0x44]","",""
"007a1cee","007a17e5",".text","after","007a1cfc","MOV","8B4D70","MOV ECX,dword ptr [EBP + 0x70]","",""
"007a1d98","007a17e5",".text","before","007a1d8e","MOV","8B5574","MOV EDX,dword ptr [EBP + 0x74]","",""
"007a1d98","007a17e5",".text","before","007a1d91","MOV","8BC7","MOV EAX,EDI","",""
"007a1d98","007a17e5",".text","before","007a1d93","SHL","C1E002","SHL EAX,0x2","",""
"007a1d98","007a17e5",".text","before","007a1d96","ADD","03D0","ADD EDX,EAX","",""
"007a1d98","007a17e5",".text","candidate","007a1d98","DEC","FF4D5C","DEC dword ptr [EBP + 0x5c]","","007a5df7:UNCONDITIONAL_CALL"
"007a1d98","007a17e5",".text","after","007a1d9b","MOV","895574","MOV dword ptr [EBP + 0x74],EDX","",""
"007a1d98","007a17e5",".text","after","007a1d9e","JNZ","0F854DFFFFFF","JNZ 0x007a1cf1","",""
"007a1d98","007a17e5",".text","after","007a1da4","INC","FF4570","INC dword ptr [EBP + 0x70]","",""
"007a1d98","007a17e5",".text","after","007a1da7","MOV","8B4570","MOV EAX,dword ptr [EBP + 0x70]","",""
"007a1e98","007a17e5",".text","before","007a1e8c","PUSH","50","PUSH EAX","",""
"007a1e98","007a17e5",".text","before","007a1e8d","PUSH","FF7360","PUSH dword ptr [EBX + 0x60]","",""
"007a1e98","007a17e5",".text","before","007a1e90","CALL","E89130FEFF","CALL 0x00784f26","",""
"007a1e98","007a17e5",".text","before","007a1e95","CMP","83F8FF","CMP EAX,-0x1","",""
"007a1e98","007a17e5",".text","candidate","007a1e98","MOV","89455C","MOV dword ptr [EBP + 0x5c],EAX","","007a5df7:UNCONDITIONAL_CALL"
"007a1e98","007a17e5",".text","after","007a1e9b","JZ","0F84A80B0000","JZ 0x007a2a49","",""
"007a1e98","007a17e5",".text","after","007a1ea1","MOV","8B4E08","MOV ECX,dword ptr [ESI + 0x8]","",""
"007a1e98","007a17e5",".text","after","007a1ea4","MOV","8B556C","MOV EDX,dword ptr [EBP + 0x6c]","",""
"007a1e98","007a17e5",".text","after","007a1ea7","MOV","890491","MOV dword ptr [ECX + EDX*0x4],EAX","",""
"007a2156","007a17e5",".text","before","007a214a","MOV","8B5108","MOV EDX,dword ptr [ECX + 0x8]","",""
"007a2156","007a17e5",".text","before","007a214d","MOV","8B4314","MOV EAX,dword ptr [EBX + 0x14]","",""
"007a2156","007a17e5",".text","before","007a2150","SHL","C1E702","SHL EDI,0x2","",""
"007a2156","007a17e5",".text","before","007a2153","MOV","897D60","MOV dword ptr [EBP + 0x60],EDI","",""
"007a2156","007a17e5",".text","candidate","007a2156","MOV","89555C","MOV dword ptr [EBP + 0x5c],EDX","","007a5df7:UNCONDITIONAL_CALL"
"007a2156","007a17e5",".text","after","007a2159","MOV","8B12","MOV EDX,dword ptr [EDX]","",""
"007a2156","007a17e5",".text","after","007a215b","AND","83656800","AND dword ptr [EBP + 0x68],0x0","",""
"007a2156","007a17e5",".text","after","007a215f","TEST","85F6","TEST ESI,ESI","",""
"007a2156","007a17e5",".text","after","007a2161","MOV","8B1490","MOV EDX,dword ptr [EAX + EDX*0x4]","",""
"007a21c0","007a17e5",".text","before","007a21b6","ADD","035560","ADD EDX,dword ptr [EBP + 0x60]","",""
"007a21c0","007a17e5",".text","before","007a21b9","INC","46","INC ESI","",""
"007a21c0","007a17e5",".text","before","007a21ba","CMP","3B7538","CMP ESI,dword ptr [EBP + 0x38]","",""
"007a21c0","007a17e5",".text","before","007a21bd","MOV","897544","MOV dword ptr [EBP + 0x44],ESI","",""
"007a21c0","007a17e5",".text","candidate","007a21c0","MOV","89555C","MOV dword ptr [EBP + 0x5c],EDX","","007a5df7:UNCONDITIONAL_CALL"
"007a21c0","007a17e5",".text","after","007a21c3","JC","7294","JC 0x007a2159","",""
"007a21c0","007a17e5",".text","after","007a21c5","CMP","837D3C02","CMP dword ptr [EBP + 0x3c],0x2","",""
"007a21c0","007a17e5",".text","after","007a21c9","JA","0F876D070000","JA 0x007a293c","",""
"007a21c0","007a17e5",".text","after","007a21cf","MOV","8B7D64","MOV EDI,dword ptr [EBP + 0x64]","",""
"007a21da","007a17e5",".text","before","007a21cf","MOV","8B7D64","MOV EDI,dword ptr [EBP + 0x64]","",""
"007a21da","007a17e5",".text","before","007a21d2","XOR","33C0","XOR EAX,EAX","",""
"007a21da","007a17e5",".text","before","007a21d4","CMP","39410C","CMP dword ptr [ECX + 0xc],EAX","",""
"007a21da","007a17e5",".text","before","007a21d7","MOV","894558","MOV dword ptr [EBP + 0x58],EAX","",""
"007a21da","007a17e5",".text","candidate","007a21da","MOV","89455C","MOV dword ptr [EBP + 0x5c],EAX","","007a5df7:UNCONDITIONAL_CALL"
"007a21da","007a17e5",".text","after","007a21dd","JBE","7673","JBE 0x007a2252","",""
"007a21da","007a17e5",".text","after","007a21df","MOV","8BB344010000","MOV ESI,dword ptr [EBX + 0x144]","",""
"007a21da","007a17e5",".text","after","007a21e5","MOV","8B34BE","MOV ESI,dword ptr [ESI + EDI*0x4]","",""
"007a21da","007a17e5",".text","after","007a21e8","MOV","8B760C","MOV ESI,dword ptr [ESI + 0xc]","",""
"007a2213","007a17e5",".text","before","007a21ff","MOV","C7455801000000","MOV dword ptr [EBP + 0x58],0x1","",""
"007a2213","007a17e5",".text","before","007a2206","JMP","EB12","JMP 0x007a221a","",""
"007a2213","007a17e5",".text","before","007a2208","MOV","8B8340010000","MOV EAX,dword ptr [EBX + 0x140]","",""
"007a2213","007a17e5",".text","before","007a220e","JMP","E92F070000","JMP 0x007a2942","",""
"007a2213","007a17e5",".text","candidate","007a2213","MOV","C7455C01000000","MOV dword ptr [EBP + 0x5c],0x1","007a21fd:CONDITIONAL_JUMP","007a5df7:UNCONDITIONAL_CALL"
"007a2213","007a17e5",".text","after","007a221a","ADD","83C004","ADD EAX,0x4","",""
"007a2213","007a17e5",".text","after","007a221d","DEC","FF4D60","DEC dword ptr [EBP + 0x60]","",""
"007a2213","007a17e5",".text","after","007a2220","JNZ","75D2","JNZ 0x007a21f4","",""
"007a2213","007a17e5",".text","after","007a2222","XOR","33C0","XOR EAX,EAX","",""
"007a2284","007a17e5",".text","before","007a2272","PUSH","FFB344010000","PUSH dword ptr [EBX + 0x144]","",""
"007a2284","007a17e5",".text","before","007a2278","CALL","E835E6FFFF","CALL 0x007a08b2","",""
"007a2284","007a17e5",".text","before","007a227d","MOV","8B4330","MOV EAX,dword ptr [EBX + 0x30]","",""
"007a2284","007a17e5",".text","before","007a2280","OR","834D60FF","OR dword ptr [EBP + 0x60],0xffffffff","",""
"007a2284","007a17e5",".text","candidate","007a2284","OR","834D5CFF","OR dword ptr [EBP + 0x5c],0xffffffff","","007a5df7:UNCONDITIONAL_CALL"
"007a2284","007a17e5",".text","after","007a2288","AND","25FFFF0000","AND EAX,0xffff","",""
"007a2284","007a17e5",".text","after","007a228d","CMP","3D02010000","CMP EAX,0x102","",""
"007a2284","007a17e5",".text","after","007a2292","MOV","894538","MOV dword ptr [EBP + 0x38],EAX","",""
"007a2284","007a17e5",".text","after","007a2295","JZ","7407","JZ 0x007a229e","",""
"007a22d4","007a17e5",".text","before","007a22ca","MOV","8B0C81","MOV ECX,dword ptr [ECX + EAX*0x4]","",""
"007a22d4","007a17e5",".text","before","007a22cd","CMP","3911","CMP dword ptr [ECX],EDX","",""
"007a22d4","007a17e5",".text","before","007a22cf","JNZ","7506","JNZ 0x007a22d7","",""
"007a22d4","007a17e5",".text","before","007a22d1","MOV","8B4108","MOV EAX,dword ptr [ECX + 0x8]","",""
"007a22d4","007a17e5",".text","candidate","007a22d4","MOV","89455C","MOV dword ptr [EBP + 0x5c],EAX","","007a5df7:UNCONDITIONAL_CALL"
"007a22d4","007a17e5",".text","after","007a22d7","MOV","8B8344010000","MOV EAX,dword ptr [EBX + 0x144]","",""
"007a22d4","007a17e5",".text","after","007a22dd","MOV","8B0CB8","MOV ECX,dword ptr [EAX + EDI*0x4]","",""
"007a22d4","007a17e5",".text","after","007a22e0","MOV","8B01","MOV EAX,dword ptr [ECX]","",""
"007a22d4","007a17e5",".text","after","007a22e2","MOV","8BD0","MOV EDX,EAX","",""
"007a2364","007a17e5",".text","before","007a2356","MOV","897554","MOV dword ptr [EBP + 0x54],ESI","",""
"007a2364","007a17e5",".text","before","007a2359","JC","72E7","JC 0x007a2342","",""
"007a2364","007a17e5",".text","before","007a235b","CMP","83FE06","CMP ESI,0x6","",""
"007a2364","007a17e5",".text","before","007a235e","JZ","0F84E6050000","JZ 0x007a294a","",""
"007a2364","007a17e5",".text","candidate","007a2364","AND","83655C00","AND dword ptr [EBP + 0x5c],0x0","007a233b:CONDITIONAL_JUMP","007a5df7:UNCONDITIONAL_CALL"
"007a2364","007a17e5",".text","after","007a2368","AND","25000000FF","AND EAX,0xff000000","",""
"007a2364","007a17e5",".text","after","007a236d","CMP","3D00000030","CMP EAX,0x30000000","",""
"007a2364","007a17e5",".text","after","007a2372","JNZ","0F8550030000","JNZ 0x007a26c8","",""
"007a2364","007a17e5",".text","after","007a2378","CMP","817D3804010000","CMP dword ptr [EBP + 0x38],0x104","",""
"007a2652","007a17e5",".text","before","007a2640","CMP","3BBB38010000","CMP EDI,dword ptr [EBX + 0x138]","",""
"007a2652","007a17e5",".text","before","007a2646","MOV","897D40","MOV dword ptr [EBP + 0x40],EDI","",""
"007a2652","007a17e5",".text","before","007a2649","JC","0F82F8FEFFFF","JC 0x007a2547","",""
"007a2652","007a17e5",".text","before","007a264f","MOV","8B4D74","MOV ECX,dword ptr [EBP + 0x74]","",""
"007a2652","007a17e5",".text","candidate","007a2652","MOV","C7455C01000000","MOV dword ptr [EBP + 0x5c],0x1","","007a5df7:UNCONDITIONAL_CALL"
"007a2652","007a17e5",".text","after","007a2659","INC","FF456C","INC dword ptr [EBP + 0x6c]","",""
"007a2652","007a17e5",".text","after","007a265c","MOV","8B456C","MOV EAX,dword ptr [EBP + 0x6c]","",""
"007a2652","007a17e5",".text","after","007a265f","CMP","3B4308","CMP EAX,dword ptr [EBX + 0x8]","",""
"007a2652","007a17e5",".text","after","007a2662","JC","0F825CFEFFFF","JC 0x007a24c4","",""
"007a2866","007a17e5",".text","before","007a2853","MOV","894574","MOV dword ptr [EBP + 0x74],EAX","",""
"007a2866","007a17e5",".text","before","007a2856","JL","0F8CE2010000","JL 0x007a2a3e","",""
"007a2866","007a17e5",".text","before","007a285c","MOV","8B8338010000","MOV EAX,dword ptr [EBX + 0x138]","",""
"007a2866","007a17e5",".text","before","007a2862","AND","83656800","AND dword ptr [EBP + 0x68],0x0","",""
"007a2866","007a17e5",".text","candidate","007a2866","MOV","89455C","MOV dword ptr [EBP + 0x5c],EAX","","007a5df7:UNCONDITIONAL_CALL"
"007a2866","007a17e5",".text","after","007a2869","LEA","8D4510","LEA EAX,[EBP + 0x10]","",""
"007a2866","007a17e5",".text","after","007a286c","MOV","894558","MOV dword ptr [EBP + 0x58],EAX","",""
"007a2866","007a17e5",".text","after","007a286f","MOV","BE00020000","MOV ESI,0x200","",""
"007a2866","007a17e5",".text","after","007a2874","MOV","8B4568","MOV EAX,dword ptr [EBP + 0x68]","",""
"007a31db","007a316c",".text","before","007a31ca","CMP","81FA00000034","CMP EDX,0x34000000","",""
"007a31db","007a316c",".text","before","007a31d0","JZ","0F84EF040000","JZ 0x007a36c5","",""
"007a31db","007a316c",".text","before","007a31d6","XOR","33C0","XOR EAX,EAX","",""
"007a31db","007a316c",".text","before","007a31d8","CMP","39457C","CMP dword ptr [EBP + 0x7c],EAX","",""
"007a31db","007a316c",".text","candidate","007a31db","MOV","89455C","MOV dword ptr [EBP + 0x5c],EAX","","007a5452:UNCONDITIONAL_CALL|007a5470:UNCONDITIONAL_CALL|007a548e:UNCONDITIONAL_CALL"
"007a31db","007a316c",".text","after","007a31de","MOV","894564","MOV dword ptr [EBP + 0x64],EAX","",""
"007a31db","007a316c",".text","after","007a31e1","JBE","0F86C9000000","JBE 0x007a32b0","",""
"007a31db","007a316c",".text","after","007a31e7","MOV","8B4108","MOV EAX,dword ptr [ECX + 0x8]","",""
"007a31db","007a316c",".text","after","007a31ea","LEA","8D04B0","LEA EAX,[EAX + ESI*0x4]","",""
"007a3287","007a316c",".text","before","007a327c","CMP","3B4514","CMP EAX,dword ptr [EBP + 0x14]","",""
"007a3287","007a316c",".text","before","007a327f","JNZ","7506","JNZ 0x007a3287","",""
"007a3287","007a316c",".text","before","007a3281","CMP","837D3C00","CMP dword ptr [EBP + 0x3c],0x0","",""
"007a3287","007a316c",".text","before","007a3285","JNZ","750C","JNZ 0x007a3293","",""
"007a3287","007a316c",".text","candidate","007a3287","MOV","C7455C01000000","MOV dword ptr [EBP + 0x5c],0x1","007a3275:CONDITIONAL_JUMP|007a327f:CONDITIONAL_JUMP","007a5452:UNCONDITIONAL_CALL|007a5470:UNCONDITIONAL_CALL|007a548e:UNCONDITIONAL_CALL"
"007a3287","007a316c",".text","after","007a328e","JMP","EB03","JMP 0x007a3293","",""
"007a3287","007a316c",".text","after","007a3290","MOV","897D5C","MOV dword ptr [EBP + 0x5c],EDI","",""
"007a3287","007a316c",".text","after","007a3293","INC","FF4564","INC dword ptr [EBP + 0x64]","",""
"007a3287","007a316c",".text","after","007a3296","MOV","8B4564","MOV EAX,dword ptr [EBP + 0x64]","",""
"007a3290","007a316c",".text","before","007a3281","CMP","837D3C00","CMP dword ptr [EBP + 0x3c],0x0","",""
"007a3290","007a316c",".text","before","007a3285","JNZ","750C","JNZ 0x007a3293","",""
"007a3290","007a316c",".text","before","007a3287","MOV","C7455C01000000","MOV dword ptr [EBP + 0x5c],0x1","",""
"007a3290","007a316c",".text","before","007a328e","JMP","EB03","JMP 0x007a3293","",""
"007a3290","007a316c",".text","candidate","007a3290","MOV","897D5C","MOV dword ptr [EBP + 0x5c],EDI","007a321b:CONDITIONAL_JUMP|007a3223:CONDITIONAL_JUMP","007a5452:UNCONDITIONAL_CALL|007a5470:UNCONDITIONAL_CALL|007a548e:UNCONDITIONAL_CALL"
"007a3290","007a316c",".text","after","007a3293","INC","FF4564","INC dword ptr [EBP + 0x64]","",""
"007a3290","007a316c",".text","after","007a3296","MOV","8B4564","MOV EAX,dword ptr [EBP + 0x64]","",""
"007a3290","007a316c",".text","after","007a3299","ADD","83456004","ADD dword ptr [EBP + 0x60],0x4","",""
"007a3290","007a316c",".text","after","007a329d","CMP","3B457C","CMP EAX,dword ptr [EBP + 0x7c]","",""
"007a331e","007a316c",".text","before","007a330f","MOV","897D4C","MOV dword ptr [EBP + 0x4c],EDI","",""
"007a331e","007a316c",".text","before","007a3312","JNZ","7507","JNZ 0x007a331b","",""
"007a331e","007a316c",".text","before","007a3314","MOV","C7454C06000000","MOV dword ptr [EBP + 0x4c],0x6","",""
"007a331e","007a316c",".text","before","007a331b","CMP","3B454C","CMP EAX,dword ptr [EBP + 0x4c]","",""
"007a331e","007a316c",".text","candidate","007a331e","MOV","89455C","MOV dword ptr [EBP + 0x5c],EAX","","007a5452:UNCONDITIONAL_CALL|007a5470:UNCONDITIONAL_CALL|007a548e:UNCONDITIONAL_CALL"
"007a331e","007a316c",".text","after","007a3321","JNC","734C","JNC 0x007a336f","",""
"007a331e","007a316c",".text","after","007a3323","MOV","8B7E04","MOV EDI,dword ptr [ESI + 0x4]","",""
"007a331e","007a316c",".text","after","007a3326","AND","83654800","AND dword ptr [EBP + 0x48],0x0","",""
"007a331e","007a316c",".text","after","007a332a","TEST","85FF","TEST EDI,EDI","",""
"007a3364","007a316c",".text","before","007a3359","MOV","8B7E04","MOV EDI,dword ptr [ESI + 0x4]","",""
"007a3364","007a316c",".text","before","007a335c","ADD","83C004","ADD EAX,0x4","",""
"007a3364","007a316c",".text","before","007a335f","CMP","397D48","CMP dword ptr [EBP + 0x48],EDI","",""
"007a3364","007a316c",".text","before","007a3362","JC","72D6","JC 0x007a333a","",""
"007a3364","007a316c",".text","candidate","007a3364","INC","FF455C","INC dword ptr [EBP + 0x5c]","007a332c:CONDITIONAL_JUMP","007a5452:UNCONDITIONAL_CALL|007a5470:UNCONDITIONAL_CALL|007a548e:UNCONDITIONAL_CALL"
"007a3364","007a316c",".text","after","007a3367","MOV","8B455C","MOV EAX,dword ptr [EBP + 0x5c]","",""
"007a3364","007a316c",".text","after","007a336a","CMP","3B454C","CMP EAX,dword ptr [EBP + 0x4c]","",""
"007a3364","007a316c",".text","after","007a336d","JC","72B7","JC 0x007a3326","",""
"007a3364","007a316c",".text","after","007a336f","MOV","8B4554","MOV EAX,dword ptr [EBP + 0x54]","",""
"007a34da","007a316c",".text","before","007a34cb","MOV","8B4C05F0","MOV ECX,dword ptr [EBP + EAX*0x1 + -0x10]","",""
"007a34da","007a316c",".text","before","007a34cf","MOV","8B7C0520","MOV EDI,dword ptr [EBP + EAX*0x1 + 0x20]","",""
"007a34da","007a316c",".text","before","007a34d3","MOV","894D48","MOV dword ptr [EBP + 0x48],ECX","",""
"007a34da","007a316c",".text","before","007a34d6","MOV","8B4C05E4","MOV ECX,dword ptr [EBP + EAX*0x1 + -0x1c]","",""
"007a34da","007a316c",".text","candidate","007a34da","MOV","894D5C","MOV dword ptr [EBP + 0x5c],ECX","","007a5452:UNCONDITIONAL_CALL|007a5470:UNCONDITIONAL_CALL|007a548e:UNCONDITIONAL_CALL"
"007a34da","007a316c",".text","after","007a34dd","MOV","8B4C0508","MOV ECX,dword ptr [EBP + EAX*0x1 + 0x8]","",""
"007a34da","007a316c",".text","after","007a34e1","MOV","8B4405FC","MOV EAX,dword ptr [EBP + EAX*0x1 + -0x4]","",""
"007a34da","007a316c",".text","after","007a34e5","SHL","C1E102","SHL ECX,0x2","",""
"007a34da","007a316c",".text","after","007a34e8","PUSH","6A0C","PUSH 0xc","",""
"007a4c7c","007a4be2",".text","before","007a4c6c","JMP","E942060000","JMP 0x007a52b3","",""
"007a4c7c","007a4be2",".text","before","007a4c71","MOV","8B8E44010000","MOV ECX,dword ptr [ESI + 0x144]","",""
"007a4c7c","007a4be2",".text","before","007a4c77","MOV","8B0481","MOV EAX,dword ptr [ECX + EAX*0x4]","",""
"007a4c7c","007a4be2",".text","before","007a4c7a","CMP","3BC7","CMP EAX,EDI","",""
"007a4c7c","007a4be2",".text","candidate","007a4c7c","MOV","89455C","MOV dword ptr [EBP + 0x5c],EAX","","007a5dec:UNCONDITIONAL_CALL"
"007a4c7c","007a4be2",".text","after","007a4c7f","JZ","0F8427060000","JZ 0x007a52ac","",""
"007a4c7c","007a4be2",".text","after","007a4c85","CMP","3938","CMP dword ptr [EAX],EDI","",""
"007a4c7c","007a4be2",".text","after","007a4c87","JZ","0F841F060000","JZ 0x007a52ac","",""
"007a4c7c","007a4be2",".text","after","007a4c8d","PUSH","6A38","PUSH 0x38","",""
"007a71f2","007a71cb",".text","before","007a71e2","MOV","8BB398000000","MOV ESI,dword ptr [EBX + 0x98]","",""
"007a71f2","007a71cb",".text","before","007a71e8","MOV","8B06","MOV EAX,dword ptr [ESI]","",""
"007a71f2","007a71cb",".text","before","007a71ea","MOV","8BC8","MOV ECX,EAX","",""
"007a71f2","007a71cb",".text","before","007a71ec","AND","81E1000000FF","AND ECX,0xff000000","",""
"007a71f2","007a71cb",".text","candidate","007a71f2","MOV","894D5C","MOV dword ptr [EBP + 0x5c],ECX","","007a8718:UNCONDITIONAL_CALL"
"007a71f2","007a71cb",".text","after","007a71f5","JNZ","7507","JNZ 0x007a71fe","",""
"007a71f2","007a71cb",".text","after","007a71f7","XOR","33C0","XOR EAX,EAX","",""
"007a71f2","007a71cb",".text","after","007a71f9","JMP","E9EC090000","JMP 0x007a7bea","",""
"007a71f2","007a71cb",".text","after","007a71fe","AND","25FFFFFF00","AND EAX,0xffffff","",""
"007a7326","007a71cb",".text","before","007a7319","JMP","E9F7050000","JMP 0x007a7915","",""
"007a7326","007a71cb",".text","before","007a731e","MOV","8B4E08","MOV ECX,dword ptr [ESI + 0x8]","",""
"007a7326","007a71cb",".text","before","007a7321","MOV","8B09","MOV ECX,dword ptr [ECX]","",""
"007a7326","007a71cb",".text","before","007a7323","MOV","8B0488","MOV EAX,dword ptr [EAX + ECX*0x4]","",""
"007a7326","007a71cb",".text","candidate","007a7326","MOV","89455C","MOV dword ptr [EBP + 0x5c],EAX","","007a8718:UNCONDITIONAL_CALL"
"007a7326","007a71cb",".text","after","007a7329","MOV","8B4250","MOV EAX,dword ptr [EDX + 0x50]","",""
"007a7326","007a71cb",".text","after","007a732c","AND","25FF000000","AND EAX,0xff","",""
"007a7326","007a71cb",".text","after","007a7331","CMP","83F801","CMP EAX,0x1","",""
"007a7326","007a71cb",".text","after","007a7334","MOV","89454C","MOV dword ptr [EBP + 0x4c],EAX","",""
"007a74dc","007a71cb",".text","before","007a74cc","JL","0F8CF7060000","JL 0x007a7bc9","",""
"007a74dc","007a71cb",".text","before","007a74d2","MOV","897D54","MOV dword ptr [EBP + 0x54],EDI","",""
"007a74dc","007a71cb",".text","before","007a74d5","CMP","837D6404","CMP dword ptr [EBP + 0x64],0x4","",""
"007a74dc","007a71cb",".text","before","007a74d9","MOV","897D60","MOV dword ptr [EBP + 0x60],EDI","",""
"007a74dc","007a71cb",".text","candidate","007a74dc","MOV","897D5C","MOV dword ptr [EBP + 0x5c],EDI","","007a8718:UNCONDITIONAL_CALL"
"007a74dc","007a71cb",".text","after","007a74df","JNZ","0F8561020000","JNZ 0x007a7746","",""
"007a74dc","007a71cb",".text","after","007a74e5","MOV","C7456801000000","MOV dword ptr [EBP + 0x68],0x1","",""
"007a74dc","007a71cb",".text","after","007a74ec","XOR","33F6","XOR ESI,ESI","",""
"007a74dc","007a71cb",".text","after","007a74ee","CMP","837D6800","CMP dword ptr [EBP + 0x68],0x0","",""
"007a76a6","007a71cb",".text","before","007a7696","MOV","8B4574","MOV EAX,dword ptr [EBP + 0x74]","",""
"007a76a6","007a71cb",".text","before","007a7699","AND","8364852800","AND dword ptr [EBP + EAX*0x4 + 0x28],0x0","",""
"007a76a6","007a71cb",".text","before","007a769e","MOV","8B4570","MOV EAX,dword ptr [EBP + 0x70]","",""
"007a76a6","007a71cb",".text","before","007a76a1","AND","8364853800","AND dword ptr [EBP + EAX*0x4 + 0x38],0x0","",""
"007a76a6","007a71cb",".text","candidate","007a76a6","MOV","C7455C01000000","MOV dword ptr [EBP + 0x5c],0x1","","007a8718:UNCONDITIONAL_CALL"
"007a76a6","007a71cb",".text","after","007a76ad","INC","FF4570","INC dword ptr [EBP + 0x70]","",""
"007a76a6","007a71cb",".text","after","007a76b0","CMP","837D7004","CMP dword ptr [EBP + 0x70],0x4","",""
"007a76a6","007a71cb",".text","after","007a76b4","JC","0F82BFFEFFFF","JC 0x007a7579","",""
"007a76a6","007a71cb",".text","after","007a76ba","JMP","EB07","JMP 0x007a76c3","",""
"007a7750","007a71cb",".text","before","007a773e","LEA","8D4538","LEA EAX,[EBP + 0x38]","",""
"007a7750","007a71cb",".text","before","007a7741","JMP","E909010000","JMP 0x007a784f","",""
"007a7750","007a71cb",".text","before","007a7746","CMP","837D6403","CMP dword ptr [EBP + 0x64],0x3","",""
"007a7750","007a71cb",".text","before","007a774a","JNZ","0F8519010000","JNZ 0x007a7869","",""
"007a7750","007a71cb",".text","candidate","007a7750","OR","834D5CFF","OR dword ptr [EBP + 0x5c],0xffffffff","","007a8718:UNCONDITIONAL_CALL"
"007a7750","007a71cb",".text","after","007a7754","XOR","33C0","XOR EAX,EAX","",""
"007a7750","007a71cb",".text","after","007a7756","CMP","837C85C8FF","CMP dword ptr [EBP + EAX*0x4 + -0x38],-0x1","",""
"007a7750","007a71cb",".text","after","007a775b","JNZ","7503","JNZ 0x007a7760","",""
"007a7750","007a71cb",".text","after","007a775d","MOV","89455C","MOV dword ptr [EBP + 0x5c],EAX","",""
"007a775d","007a71cb",".text","before","007a7750","OR","834D5CFF","OR dword ptr [EBP + 0x5c],0xffffffff","",""
"007a775d","007a71cb",".text","before","007a7754","XOR","33C0","XOR EAX,EAX","",""
"007a775d","007a71cb",".text","before","007a7756","CMP","837C85C8FF","CMP dword ptr [EBP + EAX*0x4 + -0x38],-0x1","",""
"007a775d","007a71cb",".text","before","007a775b","JNZ","7503","JNZ 0x007a7760","",""
"007a775d","007a71cb",".text","candidate","007a775d","MOV","89455C","MOV dword ptr [EBP + 0x5c],EAX","","007a8718:UNCONDITIONAL_CALL"
"007a775d","007a71cb",".text","after","007a7760","INC","40","INC EAX","",""
"007a775d","007a71cb",".text","after","007a7761","CMP","83F804","CMP EAX,0x4","",""
"007a775d","007a71cb",".text","after","007a7764","JC","72F0","JC 0x007a7756","",""
"007a775d","007a71cb",".text","after","007a7766","MOV","897D74","MOV dword ptr [EBP + 0x74],EDI","",""
"007a795b","007a71cb",".text","before","007a7952","STOSD","AB","STOSD ES:EDI","",""
"007a795b","007a71cb",".text","before","007a7953","JBE","7621","JBE 0x007a7976","",""
"007a795b","007a71cb",".text","before","007a7955","MOV","8B4608","MOV EAX,dword ptr [ESI + 0x8]","",""
"007a795b","007a71cb",".text","before","007a7958","ADD","034568","ADD EAX,dword ptr [EBP + 0x68]","",""
"007a795b","007a71cb",".text","candidate","007a795b","MOV","894D5C","MOV dword ptr [EBP + 0x5c],ECX","","007a8718:UNCONDITIONAL_CALL"
"007a795b","007a71cb",".text","after","007a795e","MOV","8B38","MOV EDI,dword ptr [EAX]","",""
"007a795b","007a71cb",".text","after","007a7960","MOV","8B4B14","MOV ECX,dword ptr [EBX + 0x14]","",""
"007a795b","007a71cb",".text","after","007a7963","MOV","8B0CB9","MOV ECX,dword ptr [ECX + EDI*0x4]","",""
"007a795b","007a71cb",".text","after","007a7966","MOV","8B490C","MOV ECX,dword ptr [ECX + 0xc]","",""
"007a7971","007a71cb",".text","before","007a7966","MOV","8B490C","MOV ECX,dword ptr [ECX + 0xc]","",""
"007a7971","007a71cb",".text","before","007a7969","MOV","890A","MOV dword ptr [EDX],ECX","",""
"007a7971","007a71cb",".text","before","007a796b","ADD","83C004","ADD EAX,0x4","",""
"007a7971","007a71cb",".text","before","007a796e","ADD","83C204","ADD EDX,0x4","",""
"007a7971","007a71cb",".text","candidate","007a7971","DEC","FF4D5C","DEC dword ptr [EBP + 0x5c]","","007a8718:UNCONDITIONAL_CALL"
"007a7971","007a71cb",".text","after","007a7974","JNZ","75E8","JNZ 0x007a795e","",""
"007a7971","007a71cb",".text","after","007a7976","AND","83656000","AND dword ptr [EBP + 0x60],0x0","",""
"007a7971","007a71cb",".text","after","007a797a","MOV","BF10D08D00","MOV EDI,0x8dd010","",""
"007a7971","007a71cb",".text","after","007a797f","PUSH","57","PUSH EDI","",""
"007ac8df","007ac82a",".text","before","007ac8c3","MOV","C7414C7CB77B00","MOV dword ptr [ECX + 0x4c],0x7bb77c","",""
"007ac8df","007ac82a",".text","before","007ac8ca","MOV","C7415015B87B00","MOV dword ptr [ECX + 0x50],0x7bb815","",""
"007ac8df","007ac82a",".text","before","007ac8d1","MOV","C741540B297C00","MOV dword ptr [ECX + 0x54],0x7c290b","",""
"007ac8df","007ac82a",".text","before","007ac8d8","MOV","C741584D287C00","MOV dword ptr [ECX + 0x58],0x7c284d","",""
"007ac8df","007ac82a",".text","candidate","007ac8df","MOV","C7415C72B87B00","MOV dword ptr [ECX + 0x5c],0x7bb872","","00781b32:UNCONDITIONAL_CALL"
"007ac8df","007ac82a",".text","after","007ac8e6","MOV","C74160B6B87B00","MOV dword ptr [ECX + 0x60],0x7bb8b6","",""
"007ac8df","007ac82a",".text","after","007ac8ed","MOV","C74164E7BC7B00","MOV dword ptr [ECX + 0x64],0x7bbce7","",""
"007ac8df","007ac82a",".text","after","007ac8f4","MOV","C74168FACF7B00","MOV dword ptr [ECX + 0x68],0x7bcffa","",""
"007ac8df","007ac82a",".text","after","007ac8fb","MOV","C7416C4AD07B00","MOV dword ptr [ECX + 0x6c],0x7bd04a","",""
"007bc65d","007bc2c0",".text","before","007bc64a","PFMUL","0F0FD8B4","PFMUL MM3,MM0","",""
"007bc65d","007bc2c0",".text","before","007bc64e","PFMUL","0F0FCBB4","PFMUL MM1,MM3","",""
"007bc65d","007bc2c0",".text","before","007bc652","PFMUL","0F0FD3B4","PFMUL MM2,MM3","",""
"007bc65d","007bc2c0",".text","before","007bc656","PAND","0FDB15901C8800","PAND MM2,qword ptr [0x00881c90]","",""
"007bc65d","007bc2c0",".text","candidate","007bc65d","MOVQ","0F7F4C245C","MOVQ qword ptr [ESP + 0x5c],MM1","","007aca15:DATA"
"007bc65d","007bc2c0",".text","after","007bc662","MOVQ","0F7F542464","MOVQ qword ptr [ESP + 0x64],MM2","",""
"007bc65d","007bc2c0",".text","after","007bc667","ADD","83C40C","ADD ESP,0xc","",""
"007bc65d","007bc2c0",".text","after","007bc66a","SUB","83EC0C","SUB ESP,0xc","",""
"007bc65d","007bc2c0",".text","after","007bc66d","MOVQ","0F6F8C249C000000","MOVQ MM1,qword ptr [ESP + 0x9c]","",""
"007bcab5","007bc2c0",".text","before","007bcaa2","PFMUL","0F0FD8B4","PFMUL MM3,MM0","",""
"007bcab5","007bc2c0",".text","before","007bcaa6","PFMUL","0F0FCBB4","PFMUL MM1,MM3","",""
"007bcab5","007bc2c0",".text","before","007bcaaa","PFMUL","0F0FD3B4","PFMUL MM2,MM3","",""
"007bcab5","007bc2c0",".text","before","007bcaae","PAND","0FDB15901C8800","PAND MM2,qword ptr [0x00881c90]","",""
"007bcab5","007bc2c0",".text","candidate","007bcab5","MOVQ","0F7F4C245C","MOVQ qword ptr [ESP + 0x5c],MM1","","007aca15:DATA"
"007bcab5","007bc2c0",".text","after","007bcaba","MOVQ","0F7F542464","MOVQ qword ptr [ESP + 0x64],MM2","",""
"007bcab5","007bc2c0",".text","after","007bcabf","ADD","83C40C","ADD ESP,0xc","",""
"007bcab5","007bc2c0",".text","after","007bcac2","SUB","83EC0C","SUB ESP,0xc","",""
"007bcab5","007bc2c0",".text","after","007bcac5","MOVQ","0F6F8C249C000000","MOVQ MM1,qword ptr [ESP + 0x9c]","",""
"007cc214","007cc110",".text","before","007cc1ff","LEA","8D4C2438","LEA ECX,[ESP + 0x38]","",""
"007cc214","007cc110",".text","before","007cc203","MOV","C744244000000000","MOV dword ptr [ESP + 0x40],0x0","",""
"007cc214","007cc110",".text","before","007cc20b","PUSH","51","PUSH ECX","",""
"007cc214","007cc110",".text","before","007cc20c","MOV","C744245400000000","MOV dword ptr [ESP + 0x54],0x0","",""
"007cc214","007cc110",".text","candidate","007cc214","MOV","C744245C00000000","MOV dword ptr [ESP + 0x5c],0x0","","00532d99:UNCONDITIONAL_CALL"
"007cc214","007cc110",".text","after","007cc21c","MOV","C744246000000000","MOV dword ptr [ESP + 0x60],0x0","",""
"007cc214","007cc110",".text","after","007cc224","MOV","C744246400000000","MOV dword ptr [ESP + 0x64],0x0","",""
"007cc214","007cc110",".text","after","007cc22c","MOV","8954246C","MOV dword ptr [ESP + 0x6c],EDX","",""
"007cc214","007cc110",".text","after","007cc230","MOV","89442470","MOV dword ptr [ESP + 0x70],EAX","",""
"007cc2a3","007cc110",".text","before","007cc283","MOV","C74424380000803F","MOV dword ptr [ESP + 0x38],0x3f800000","",""
"007cc2a3","007cc110",".text","before","007cc28b","MOV","C744244400000000","MOV dword ptr [ESP + 0x44],0x0","",""
"007cc2a3","007cc110",".text","before","007cc293","MOV","C744244C00000000","MOV dword ptr [ESP + 0x4c],0x0","",""
"007cc2a3","007cc110",".text","before","007cc29b","MOV","C744245400000000","MOV dword ptr [ESP + 0x54],0x0","",""
"007cc2a3","007cc110",".text","candidate","007cc2a3","MOV","C744245C00000000","MOV dword ptr [ESP + 0x5c],0x0","","00532d99:UNCONDITIONAL_CALL"
"007cc2a3","007cc110",".text","after","007cc2ab","MOV","C744246000000000","MOV dword ptr [ESP + 0x60],0x0","",""
"007cc2a3","007cc110",".text","after","007cc2b3","MOV","C744246400000000","MOV dword ptr [ESP + 0x64],0x0","",""
"007cc2a3","007cc110",".text","after","007cc2bb","MOV","8954246C","MOV dword ptr [ESP + 0x6c],EDX","",""
"007cc2a3","007cc110",".text","after","007cc2bf","MOV","89442470","MOV dword ptr [ESP + 0x70],EAX","",""
"007eaad6","007eaab0",".text","before","007eaac9","PUSH","57","PUSH EDI","",""
"007eaad6","007eaab0",".text","before","007eaaca","MOV","896C2450","MOV dword ptr [ESP + 0x50],EBP","",""
"007eaad6","007eaab0",".text","before","007eaace","MOV","896C2454","MOV dword ptr [ESP + 0x54],EBP","",""
"007eaad6","007eaab0",".text","before","007eaad2","MOV","896C2458","MOV dword ptr [ESP + 0x58],EBP","",""
"007eaad6","007eaab0",".text","candidate","007eaad6","MOV","896C245C","MOV dword ptr [ESP + 0x5c],EBP","","007eaa50:UNCONDITIONAL_CALL|007eafc1:UNCONDITIONAL_CALL|007eb00d:UNCONDITIONAL_CALL"
"007eaad6","007eaab0",".text","after","007eaada","MOV","896C2460","MOV dword ptr [ESP + 0x60],EBP","",""
"007eaad6","007eaab0",".text","after","007eaade","MOV","896C2464","MOV dword ptr [ESP + 0x64],EBP","",""
"007eaad6","007eaab0",".text","after","007eaae2","MOV","896C2468","MOV dword ptr [ESP + 0x68],EBP","",""
"007eaad6","007eaab0",".text","after","007eaae6","MOV","896C246C","MOV dword ptr [ESP + 0x6c],EBP","",""
"007f03e5","007f0360",".text","before","007f03d0","MOV","894868","MOV dword ptr [EAX + 0x68],ECX","",""
"007f03e5","007f0360",".text","before","007f03d3","MOV","898888000000","MOV dword ptr [EAX + 0x88],ECX","",""
"007f03e5","007f0360",".text","before","007f03d9","MOV","898884000000","MOV dword ptr [EAX + 0x84],ECX","",""
"007f03e5","007f0360",".text","before","007f03df","MOV","898880000000","MOV dword ptr [EAX + 0x80],ECX","",""
"007f03e5","007f0360",".text","candidate","007f03e5","MOV","C7405C03000200","MOV dword ptr [EAX + 0x5c],0x20003","","007f0437:UNCONDITIONAL_CALL"
"007f03e5","007f0360",".text","after","007f03ec","MOV","898898000000","MOV dword ptr [EAX + 0x98],ECX","",""
"007f03e5","007f0360",".text","after","007f03f2","MOV","89889C000000","MOV dword ptr [EAX + 0x9c],ECX","",""
"007f03e5","007f0360",".text","after","007f03f8","MOV","8980A0000000","MOV dword ptr [EAX + 0xa0],EAX","",""
"007f03e5","007f0360",".text","after","007f03fe","CALL","E8DD820100","CALL 0x008086e0","",""
"007f3346","007f3170",".text","before","007f3335","PUSH","6870B37F00","PUSH 0x7fb370","",""
"007f3346","007f3170",".text","before","007f333a","PUSH","6807040000","PUSH 0x407","",""
"007f3346","007f3170",".text","before","007f333f","PUSH","6A64","PUSH 0x64","",""
"007f3346","007f3170",".text","before","007f3341","PUSH","6898228E00","PUSH 0x8e2298","",""
"007f3346","007f3170",".text","candidate","007f3346","MOV","8944245C","MOV dword ptr [ESP + 0x5c],EAX","","00619c9e:UNCONDITIONAL_CALL"
"007f3346","007f3170",".text","after","007f334a","CALL","E851510100","CALL 0x008084a0","",""
"007f3346","007f3170",".text","after","007f334f","ADD","83C448","ADD ESP,0x48","",""
"007f3346","007f3170",".text","after","007f3352","MOV","89442410","MOV dword ptr [ESP + 0x10],EAX","",""
"007f3346","007f3170",".text","after","007f3356","PUSH","6A00","PUSH 0x0","",""
"007f338b","007f3170",".text","before","007f337a","PUSH","68407C8000","PUSH 0x807c40","",""
"007f338b","007f3170",".text","before","007f337f","PUSH","6809040000","PUSH 0x409","",""
"007f338b","007f3170",".text","before","007f3384","PUSH","6A60","PUSH 0x60","",""
"007f338b","007f3170",".text","before","007f3386","PUSH","6898228E00","PUSH 0x8e2298","",""
"007f338b","007f3170",".text","candidate","007f338b","MOV","8944245C","MOV dword ptr [ESP + 0x5c],EAX","","00619c9e:UNCONDITIONAL_CALL"
"007f338b","007f3170",".text","after","007f338f","CALL","E80C510100","CALL 0x008084a0","",""
"007f338b","007f3170",".text","after","007f3394","PUSH","6A00","PUSH 0x0","",""
"007f338b","007f3170",".text","after","007f3396","PUSH","68E0A78000","PUSH 0x80a7e0","",""
"007f338b","007f3170",".text","after","007f339b","PUSH","6880A78000","PUSH 0x80a780","",""
"007f73a5","007f72e0",".text","before","007f7385","MOV","C744244C00BB4C00","MOV dword ptr [ESP + 0x4c],0x4cbb00","",""
"007f73a5","007f72e0",".text","before","007f738d","MOV","C744245004000000","MOV dword ptr [ESP + 0x50],0x4","",""
"007f73a5","007f72e0",".text","before","007f7395","MOV","C744245460CE4C00","MOV dword ptr [ESP + 0x54],0x4cce60","",""
"007f73a5","007f72e0",".text","before","007f739d","MOV","C744245809000000","MOV dword ptr [ESP + 0x58],0x9","",""
"007f73a5","007f72e0",".text","candidate","007f73a5","MOV","C744245C00FF7F00","MOV dword ptr [ESP + 0x5c],0x7fff00","","007f68b3:UNCONDITIONAL_CALL"
"007f73a5","007f72e0",".text","after","007f73ad","MOV","C744246008000000","MOV dword ptr [ESP + 0x60],0x8","",""
"007f73a5","007f72e0",".text","after","007f73b5","MOV","C744246440BD4C00","MOV dword ptr [ESP + 0x64],0x4cbd40","",""
"007f73a5","007f72e0",".text","after","007f73bd","MOV","C74424680F000000","MOV dword ptr [ESP + 0x68],0xf","",""
"007f73a5","007f72e0",".text","after","007f73c5","MOV","C744246C909F4C00","MOV dword ptr [ESP + 0x6c],0x4c9f90","",""
"007f96db","",".text","before","007f96c6","MOV","89442454","MOV dword ptr [ESP + 0x54],EAX","",""
"007f96db","",".text","before","007f96ca","MOV","A1287CC900","MOV EAX,[0x00c97c28]","",""
"007f96db","",".text","before","007f96cf","LEA","8D542448","LEA EDX,[ESP + 0x48]","",""
"007f96db","",".text","before","007f96d3","MOV","C744245800000000","MOV dword ptr [ESP + 0x58],0x0","",""
"007f96db","",".text","candidate","007f96db","MOV","C744245C0000803F","MOV dword ptr [ESP + 0x5c],0x3f800000","",""
"007f96db","",".text","after","007f96e3","MOV","8B08","MOV ECX,dword ptr [EAX]","",""
"007f96db","",".text","after","007f96e5","PUSH","52","PUSH EDX","",""
"007f96db","",".text","after","007f96e6","PUSH","50","PUSH EAX","",""
"007f96db","",".text","after","007f96e7","CALL","FF91BC000000","CALL dword ptr [ECX + 0xbc]","",""
"0080c721","0080c600",".text","before","0080c71d","PUSH","50","PUSH EAX","",""
"0080c721","0080c600",".text","before","0080c71e","PUSH","55","PUSH EBP","",""
"0080c721","0080c600",".text","before","0080c71f","PUSH","53","PUSH EBX","",""
"0080c721","0080c600",".text","before","0080c720","PUSH","57","PUSH EDI","",""
"0080c721","0080c600",".text","candidate","0080c721","MOV","8954245C","MOV dword ptr [ESP + 0x5c],EDX","","0080cda8:UNCONDITIONAL_CALL|0080cdeb:UNCONDITIONAL_CALL|007f495b:UNCONDITIONAL_CALL|00810913:UNCONDITIONAL_CALL"
"0080c721","0080c600",".text","after","0080c725","PUSH","51","PUSH ECX","",""
"0080c721","0080c600",".text","after","0080c726","JNZ","7539","JNZ 0x0080c761","",""
"0080c721","0080c600",".text","after","0080c728","CALL","E8F3020000","CALL 0x0080ca20","",""
"0080c721","0080c600",".text","after","0080c72d","MOV","8B542440","MOV EDX,dword ptr [ESP + 0x40]","",""
"0081433e","00814270",".text","before","0081431e","MOV","C744246400000000","MOV dword ptr [ESP + 0x64],0x0","",""
"0081433e","00814270",".text","before","00814326","MOV","C744246800000000","MOV dword ptr [ESP + 0x68],0x0","",""
"0081433e","00814270",".text","before","0081432e","MOV","C744243C00000000","MOV dword ptr [ESP + 0x3c],0x0","",""
"0081433e","00814270",".text","before","00814336","MOV","C744244C00000000","MOV dword ptr [ESP + 0x4c],0x0","",""
"0081433e","00814270",".text","candidate","0081433e","MOV","C744245C00000000","MOV dword ptr [ESP + 0x5c],0x0","","008145f5:UNCONDITIONAL_CALL|00813cbb:UNCONDITIONAL_CALL|00813d71:UNCONDITIONAL_CALL|00813e3c:UNCONDITIONAL_CALL|00813ed3:UNCONDITIONAL_CALL|0081400e:UNCONDITIONAL_CALL"
"0081433e","00814270",".text","after","00814346","MOV","C744246C0000803F","MOV dword ptr [ESP + 0x6c],0x3f800000","",""
"0081433e","00814270",".text","after","0081434e","CALL","E83D60FEFF","CALL 0x007fa390","",""
"0081433e","00814270",".text","after","00814353","ADD","83C424","ADD ESP,0x24","",""
"0081433e","00814270",".text","after","00814356","MOV","B801000000","MOV EAX,0x1","",""
"00814c28","008149e0",".text","before","00814c18","MOV","8BBC84DC000000","MOV EDI,dword ptr [ESP + EAX*0x4 + 0xdc]","",""
"00814c28","008149e0",".text","before","00814c1f","MOV","8954247C","MOV dword ptr [ESP + 0x7c],EDX","",""
"00814c28","008149e0",".text","before","00814c23","ADD","03CF","ADD ECX,EDI","",""
"00814c28","008149e0",".text","before","00814c25","SHL","C1E004","SHL EAX,0x4","",""
"00814c28","008149e0",".text","candidate","00814c28","MOV","894C245C","MOV dword ptr [ESP + 0x5c],ECX","","008144c0:UNCONDITIONAL_CALL"
"00814c28","008149e0",".text","after","00814c2c","MOV","8B4C2818","MOV ECX,dword ptr [EAX + EBP*0x1 + 0x18]","",""
"00814c28","008149e0",".text","after","00814c30","MOV","894C2474","MOV dword ptr [ESP + 0x74],ECX","",""
"00814c28","008149e0",".text","after","00814c34","JMP","EB08","JMP 0x00814c3e","",""
"00814c28","008149e0",".text","after","00814c36","MOV","C744245C00000000","MOV dword ptr [ESP + 0x5c],0x0","",""
"00814c36","008149e0",".text","before","00814c28","MOV","894C245C","MOV dword ptr [ESP + 0x5c],ECX","",""
"00814c36","008149e0",".text","before","00814c2c","MOV","8B4C2818","MOV ECX,dword ptr [EAX + EBP*0x1 + 0x18]","",""
"00814c36","008149e0",".text","before","00814c30","MOV","894C2474","MOV dword ptr [ESP + 0x74],ECX","",""
"00814c36","008149e0",".text","before","00814c34","JMP","EB08","JMP 0x00814c3e","",""
"00814c36","008149e0",".text","candidate","00814c36","MOV","C744245C00000000","MOV dword ptr [ESP + 0x5c],0x0","00814bfa:CONDITIONAL_JUMP","008144c0:UNCONDITIONAL_CALL"
"00814c36","008149e0",".text","after","00814c3e","XOR","33C9","XOR ECX,ECX","",""
"00814c36","008149e0",".text","after","00814c40","MOV","B00A","MOV AL,0xa","",""
"00814c36","008149e0",".text","after","00814c42","CMP","3884CCF6000000","CMP byte ptr [ESP + ECX*0x8 + 0xf6],AL","",""
"00814c36","008149e0",".text","after","00814c49","JNZ","750B","JNZ 0x00814c56","",""
"0081ebb6","0081ea70",".text","before","0081eba8","MOV","8B5C2442","MOV EBX,dword ptr [ESP + 0x42]","",""
"0081ebb6","0081ea70",".text","before","0081ebac","SHR","C1E81F","SHR EAX,0x1f","",""
"0081ebb6","0081ea70",".text","before","0081ebaf","ADD","03D0","ADD EDX,EAX","",""
"0081ebb6","0081ea70",".text","before","0081ebb1","MOV","B856555555","MOV EAX,0x55555556","",""
"0081ebb6","0081ea70",".text","candidate","0081ebb6","MOV","8854245C","MOV byte ptr [ESP + 0x5c],DL","","00820235:UNCONDITIONAL_CALL"
"0081ebb6","0081ea70",".text","after","0081ebba","LEA","8D547D00","LEA EDX,[EBP + EDI*0x2]","",""
"0081ebb6","0081ea70",".text","after","0081ebbe","IMUL","F7EA","IMUL EDX","",""
"0081ebb6","0081ea70",".text","after","0081ebc0","MOV","8BC2","MOV EAX,EDX","",""
"0081ebb6","0081ea70",".text","after","0081ebc2","AND","81E3FF000000","AND EBX,0xff","",""
"0081ec63","0081ea70",".text","before","0081ec5a","CDQ","99","CDQ","",""
"0081ec63","0081ea70",".text","before","0081ec5b","SUB","2BC2","SUB EAX,EDX","",""
"0081ec63","0081ea70",".text","before","0081ec5d","MOV","8B542441","MOV EDX,dword ptr [ESP + 0x41]","",""
"0081ec63","0081ea70",".text","before","0081ec61","SAR","D1F8","SAR EAX,0x1","",""
"0081ec63","0081ea70",".text","candidate","0081ec63","MOV","8844245C","MOV byte ptr [ESP + 0x5c],AL","","00820235:UNCONDITIONAL_CALL"
"0081ec63","0081ea70",".text","after","0081ec67","MOV","8B442449","MOV EAX,dword ptr [ESP + 0x49]","",""
"0081ec63","0081ea70",".text","after","0081ec6b","AND","25FF000000","AND EAX,0xff","",""
"0081ec63","0081ea70",".text","after","0081ec70","AND","81E2FF000000","AND EDX,0xff","",""
"0081ec63","0081ea70",".text","after","0081ec76","ADD","03C2","ADD EAX,EDX","",""
"0081ee4e","0081edc0",".text","before","0081ee3b","MOV","8B442410","MOV EAX,dword ptr [ESP + 0x10]","",""
"0081ee4e","0081edc0",".text","before","0081ee3f","MOV","C644243FFF","MOV byte ptr [ESP + 0x3f],0xff","",""
"0081ee4e","0081edc0",".text","before","0081ee44","MOV","C6442447FF","MOV byte ptr [ESP + 0x47],0xff","",""
"0081ee4e","0081edc0",".text","before","0081ee49","MOV","C644245BFF","MOV byte ptr [ESP + 0x5b],0xff","",""
"0081ee4e","0081edc0",".text","candidate","0081ee4e","MOV","8944245C","MOV dword ptr [ESP + 0x5c],EAX","","00820345:UNCONDITIONAL_CALL"
"0081ee4e","0081edc0",".text","after","0081ee52","MOV","894C2414","MOV dword ptr [ESP + 0x14],ECX","",""
"0081ee4e","0081edc0",".text","after","0081ee56","MOV","8B4608","MOV EAX,dword ptr [ESI + 0x8]","",""
"0081ee4e","0081edc0",".text","after","0081ee59","MOV","8974242C","MOV dword ptr [ESP + 0x2c],ESI","",""
"0081ee4e","0081edc0",".text","after","0081ee5d","ADD","83C608","ADD ESI,0x8","",""
"0081f065","0081edc0",".text","before","0081f05b","ADD","83C410","ADD ESP,0x10","",""
"0081f065","0081edc0",".text","before","0081f05e","ADD","83C710","ADD EDI,0x10","",""
"0081f065","0081edc0",".text","before","0081f061","ADD","83C608","ADD ESI,0x8","",""
"0081f065","0081edc0",".text","before","0081f064","DEC","48","DEC EAX","",""
"0081f065","0081edc0",".text","candidate","0081f065","MOV","897C245C","MOV dword ptr [ESP + 0x5c],EDI","","00820345:UNCONDITIONAL_CALL"
"0081f065","0081edc0",".text","after","0081f069","MOV","89442414","MOV dword ptr [ESP + 0x14],EAX","",""
"0081f065","0081edc0",".text","after","0081f06d","JNZ","0F85E3FDFFFF","JNZ 0x0081ee56","",""
"0081f065","0081edc0",".text","after","0081f073","MOV","8B7C2430","MOV EDI,dword ptr [ESP + 0x30]","",""
"0081f065","0081edc0",".text","after","0081f077","MOV","8B542434","MOV EDX,dword ptr [ESP + 0x34]","",""
"00825726","0082567c",".text","before","00825718","LEA","8D4538","LEA EAX,[EBP + 0x38]","",""
"00825726","0082567c",".text","before","0082571b","PUSH","50","PUSH EAX","",""
"00825726","0082567c",".text","before","0082571c","CALL","E8CF0F0000","CALL 0x008266f0","",""
"00825726","0082567c",".text","before","00825721","MOV","A140AFC900","MOV EAX,[0x00c9af40]","",""
"00825726","0082567c",".text","candidate","00825726","MOV","89455C","MOV dword ptr [EBP + 0x5c],EAX","","008258c2:UNCONDITIONAL_CALL|008259a7:UNCONDITIONAL_CALL|00825a26:UNCONDITIONAL_CALL"
"00825726","0082567c",".text","after","00825729","LEA","8D45B4","LEA EAX,[EBP + -0x4c]","",""
"00825726","0082567c",".text","after","0082572c","PUSH","50","PUSH EAX","",""
"00825726","0082567c",".text","after","0082572d","PUSH","FF7560","PUSH dword ptr [EBP + 0x60]","",""
"00825726","0082567c",".text","after","00825730","CALL","E85B0E0000","CALL 0x00826590","",""
"0082d7ef","0082d726",".text","before","0082d7e2","MOV","8B09","MOV ECX,dword ptr [ECX]","",""
"0082d7ef","0082d726",".text","before","0082d7e4","CMP","81F98E0000C0","CMP ECX,0xc000008e","",""
"0082d7ef","0082d726",".text","before","0082d7ea","MOV","8B7E5C","MOV EDI,dword ptr [ESI + 0x5c]","",""
"0082d7ef","0082d726",".text","before","0082d7ed","JNZ","7509","JNZ 0x0082d7f8","",""
"0082d7ef","0082d726",".text","candidate","0082d7ef","MOV","C7465C83000000","MOV dword ptr [ESI + 0x5c],0x83","",""
"0082d7ef","0082d726",".text","after","0082d7f6","JMP","EB64","JMP 0x0082d85c","",""
"0082d7ef","0082d726",".text","after","0082d7f8","CMP","81F9900000C0","CMP ECX,0xc0000090","",""
"0082d7ef","0082d726",".text","after","0082d7fe","JNZ","7509","JNZ 0x0082d809","",""
"0082d7ef","0082d726",".text","after","0082d800","MOV","C7465C81000000","MOV dword ptr [ESI + 0x5c],0x81","",""
"0082d800","0082d726",".text","before","0082d7ef","MOV","C7465C83000000","MOV dword ptr [ESI + 0x5c],0x83","",""
"0082d800","0082d726",".text","before","0082d7f6","JMP","EB64","JMP 0x0082d85c","",""
"0082d800","0082d726",".text","before","0082d7f8","CMP","81F9900000C0","CMP ECX,0xc0000090","",""
"0082d800","0082d726",".text","before","0082d7fe","JNZ","7509","JNZ 0x0082d809","",""
"0082d800","0082d726",".text","candidate","0082d800","MOV","C7465C81000000","MOV dword ptr [ESI + 0x5c],0x81","",""
"0082d800","0082d726",".text","after","0082d807","JMP","EB53","JMP 0x0082d85c","",""
"0082d800","0082d726",".text","after","0082d809","CMP","81F9910000C0","CMP ECX,0xc0000091","",""
"0082d800","0082d726",".text","after","0082d80f","JNZ","7509","JNZ 0x0082d81a","",""
"0082d800","0082d726",".text","after","0082d811","MOV","C7465C84000000","MOV dword ptr [ESI + 0x5c],0x84","",""
"0082d811","0082d726",".text","before","0082d800","MOV","C7465C81000000","MOV dword ptr [ESI + 0x5c],0x81","",""
"0082d811","0082d726",".text","before","0082d807","JMP","EB53","JMP 0x0082d85c","",""
"0082d811","0082d726",".text","before","0082d809","CMP","81F9910000C0","CMP ECX,0xc0000091","",""
"0082d811","0082d726",".text","before","0082d80f","JNZ","7509","JNZ 0x0082d81a","",""
"0082d811","0082d726",".text","candidate","0082d811","MOV","C7465C84000000","MOV dword ptr [ESI + 0x5c],0x84","",""
"0082d811","0082d726",".text","after","0082d818","JMP","EB42","JMP 0x0082d85c","",""
"0082d811","0082d726",".text","after","0082d81a","CMP","81F9930000C0","CMP ECX,0xc0000093","",""
"0082d811","0082d726",".text","after","0082d820","JNZ","7509","JNZ 0x0082d82b","",""
"0082d811","0082d726",".text","after","0082d822","MOV","C7465C85000000","MOV dword ptr [ESI + 0x5c],0x85","",""
"0082d822","0082d726",".text","before","0082d811","MOV","C7465C84000000","MOV dword ptr [ESI + 0x5c],0x84","",""
"0082d822","0082d726",".text","before","0082d818","JMP","EB42","JMP 0x0082d85c","",""
"0082d822","0082d726",".text","before","0082d81a","CMP","81F9930000C0","CMP ECX,0xc0000093","",""
"0082d822","0082d726",".text","before","0082d820","JNZ","7509","JNZ 0x0082d82b","",""
"0082d822","0082d726",".text","candidate","0082d822","MOV","C7465C85000000","MOV dword ptr [ESI + 0x5c],0x85","",""
"0082d822","0082d726",".text","after","0082d829","JMP","EB31","JMP 0x0082d85c","",""
"0082d822","0082d726",".text","after","0082d82b","CMP","81F98D0000C0","CMP ECX,0xc000008d","",""
"0082d822","0082d726",".text","after","0082d831","JNZ","7509","JNZ 0x0082d83c","",""
"0082d822","0082d726",".text","after","0082d833","MOV","C7465C82000000","MOV dword ptr [ESI + 0x5c],0x82","",""
"0082d833","0082d726",".text","before","0082d822","MOV","C7465C85000000","MOV dword ptr [ESI + 0x5c],0x85","",""
"0082d833","0082d726",".text","before","0082d829","JMP","EB31","JMP 0x0082d85c","",""
"0082d833","0082d726",".text","before","0082d82b","CMP","81F98D0000C0","CMP ECX,0xc000008d","",""
"0082d833","0082d726",".text","before","0082d831","JNZ","7509","JNZ 0x0082d83c","",""
"0082d833","0082d726",".text","candidate","0082d833","MOV","C7465C82000000","MOV dword ptr [ESI + 0x5c],0x82","",""
"0082d833","0082d726",".text","after","0082d83a","JMP","EB20","JMP 0x0082d85c","",""
"0082d833","0082d726",".text","after","0082d83c","CMP","81F98F0000C0","CMP ECX,0xc000008f","",""
"0082d833","0082d726",".text","after","0082d842","JNZ","7509","JNZ 0x0082d84d","",""
"0082d833","0082d726",".text","after","0082d844","MOV","C7465C86000000","MOV dword ptr [ESI + 0x5c],0x86","",""
"0082d844","0082d726",".text","before","0082d833","MOV","C7465C82000000","MOV dword ptr [ESI + 0x5c],0x82","",""
"0082d844","0082d726",".text","before","0082d83a","JMP","EB20","JMP 0x0082d85c","",""
"0082d844","0082d726",".text","before","0082d83c","CMP","81F98F0000C0","CMP ECX,0xc000008f","",""
"0082d844","0082d726",".text","before","0082d842","JNZ","7509","JNZ 0x0082d84d","",""
"0082d844","0082d726",".text","candidate","0082d844","MOV","C7465C86000000","MOV dword ptr [ESI + 0x5c],0x86","",""
"0082d844","0082d726",".text","after","0082d84b","JMP","EB0F","JMP 0x0082d85c","",""
"0082d844","0082d726",".text","after","0082d84d","CMP","81F9920000C0","CMP ECX,0xc0000092","",""
"0082d844","0082d726",".text","after","0082d853","JNZ","7507","JNZ 0x0082d85c","",""
"0082d844","0082d726",".text","after","0082d855","MOV","C7465C8A000000","MOV dword ptr [ESI + 0x5c],0x8a","",""
"0082d855","0082d726",".text","before","0082d844","MOV","C7465C86000000","MOV dword ptr [ESI + 0x5c],0x86","",""
"0082d855","0082d726",".text","before","0082d84b","JMP","EB0F","JMP 0x0082d85c","",""
"0082d855","0082d726",".text","before","0082d84d","CMP","81F9920000C0","CMP ECX,0xc0000092","",""
"0082d855","0082d726",".text","before","0082d853","JNZ","7507","JNZ 0x0082d85c","",""
"0082d855","0082d726",".text","candidate","0082d855","MOV","C7465C8A000000","MOV dword ptr [ESI + 0x5c],0x8a","",""
"0082d855","0082d726",".text","after","0082d85c","PUSH","FF765C","PUSH dword ptr [ESI + 0x5c]","",""
"0082d855","0082d726",".text","after","0082d85f","PUSH","6A08","PUSH 0x8","",""
"0082d855","0082d726",".text","after","0082d861","CALL","FFD3","CALL EBX","",""
"0082d855","0082d726",".text","after","0082d863","POP","59","POP ECX","",""
"0082d864","0082d726",".text","before","0082d85c","PUSH","FF765C","PUSH dword ptr [ESI + 0x5c]","",""
"0082d864","0082d726",".text","before","0082d85f","PUSH","6A08","PUSH 0x8","",""
"0082d864","0082d726",".text","before","0082d861","CALL","FFD3","CALL EBX","",""
"0082d864","0082d726",".text","before","0082d863","POP","59","POP ECX","",""
"0082d864","0082d726",".text","candidate","0082d864","MOV","897E5C","MOV dword ptr [ESI + 0x5c],EDI","",""
"0082d864","0082d726",".text","after","0082d867","JMP","EB07","JMP 0x0082d870","",""
"0082d864","0082d726",".text","after","0082d869","AND","83610800","AND dword ptr [ECX + 0x8],0x0","",""
"0082d864","0082d726",".text","after","0082d86d","PUSH","50","PUSH EAX","",""
"0082d864","0082d726",".text","after","0082d86e","CALL","FFD3","CALL EBX","",""
"0082ec81","0082eb9c",".text","before","0082ec76","CMP","83F808","CMP EAX,0x8","",""
"0082ec81","0082eb9c",".text","before","0082ec79","JNZ","7539","JNZ 0x0082ecb4","",""
"0082ec81","0082eb9c",".text","before","0082ec7b","MOV","8B535C","MOV EDX,dword ptr [EBX + 0x5c]","",""
"0082ec81","0082eb9c",".text","before","0082ec7e","MOV","8955D4","MOV dword ptr [EBP + -0x2c],EDX","",""
"0082ec81","0082eb9c",".text","candidate","0082ec81","MOV","C7435C8C000000","MOV dword ptr [EBX + 0x5c],0x8c","","00832ef0:UNCONDITIONAL_CALL"
"0082ec81","0082eb9c",".text","after","0082ec88","CMP","83F808","CMP EAX,0x8","",""
"0082ec81","0082eb9c",".text","after","0082ec8b","JNZ","7527","JNZ 0x0082ecb4","",""
"0082ec81","0082eb9c",".text","after","0082ec8d","MOV","A188358E00","MOV EAX,[0x008e3588]","",""
"0082ec81","0082eb9c",".text","after","0082ec92","MOV","8945D0","MOV dword ptr [EBP + -0x30],EAX","",""
"0082ed0a","0082eb9c",".text","before","0082ecff","MOV","894B58","MOV dword ptr [EBX + 0x58],ECX","",""
"0082ed0a","0082eb9c",".text","before","0082ed02","CMP","83F808","CMP EAX,0x8","",""
"0082ed0a","0082eb9c",".text","before","0082ed05","JNZ","7506","JNZ 0x0082ed0d","",""
"0082ed0a","0082eb9c",".text","before","0082ed07","MOV","8B45D4","MOV EAX,dword ptr [EBP + -0x2c]","",""
"0082ed0a","0082eb9c",".text","candidate","0082ed0a","MOV","89435C","MOV dword ptr [EBX + 0x5c],EAX","","00832ef0:UNCONDITIONAL_CALL"
"0082ed0a","0082eb9c",".text","after","0082ed0d","XOR","33C0","XOR EAX,EAX","",""
"0082ed0a","0082eb9c",".text","after","0082ed0f","CALL","E8079AFFFF","CALL 0x0082871b","",""
"0082ed0a","0082eb9c",".text","after","0082ed14","RET","C3","RET","",""
"0082ed0a","0082eb9c",".text","after","0082ed15","PUSH","53","PUSH EBX","",""
"010207b9","01020520",".text","before","010207a8","SUB","83EC04","SUB ESP,0x4","",""
"010207b9","01020520",".text","before","010207ab","MOV","890424","MOV dword ptr [ESP],EAX","",""
"010207b9","01020520",".text","before","010207ae","CALL","E80A000000","CALL 0x010207bd","",""
"010207b9","01020520",".text","before","010207b3","TEST","84890DECAA15","TEST byte ptr [ECX + 0x15aaec0d],CL","",""
"010207b9","01020520",".text","candidate","010207b9","ADD","014C6A5C","ADD dword ptr [EDX + EBP*0x2 + 0x5c],ECX","","010161bf:UNCONDITIONAL_CALL|010162e6:UNCONDITIONAL_CALL"
"010207b9","01020520",".text","after","010207bd","ADD","81042436000000","ADD dword ptr [ESP],0x36","",""
"010207b9","01020520",".text","after","010207c4","PUSH","FF3424","PUSH dword ptr [ESP]","",""
"010207b9","01020520",".text","after","010207c7","SUB","812C2433000000","SUB dword ptr [ESP],0x33","",""
"010207b9","01020520",".text","after","010207ce","PUSH","FF3424","PUSH dword ptr [ESP]","",""
"01159753","011594a0",".text","before","0115974b","PUSH","6A00","PUSH 0x0","",""
"01159753","011594a0",".text","before","0115974d","LEA","8D542478","LEA EDX,[ESP + 0x78]","",""
"01159753","011594a0",".text","before","01159751","PUSH","52","PUSH EDX","",""
"01159753","011594a0",".text","before","01159752","PUSH","50","PUSH EAX","",""
"01159753","011594a0",".text","candidate","01159753","MOV","C744245C03000000","MOV dword ptr [ESP + 0x5c],0x3","","01157ee0:UNCONDITIONAL_CALL"
"01159753","011594a0",".text","after","0115975b","MOV","C744245400080000","MOV dword ptr [ESP + 0x54],0x800","",""
"01159753","011594a0",".text","after","01159763","CALL","FF1552795501","CALL dword ptr [0x01557952]","",""
"01159753","011594a0",".text","after","01159769","TEST","85C0","TEST EAX,EAX","",""
"01159753","011594a0",".text","after","0115976b","JNZ","0F85CE010000","JNZ 0x0115993f","",""
"0115a360","0115a0c0",".text","before","0115a353","PUSH","56","PUSH ESI","",""
"0115a360","0115a0c0",".text","before","0115a354","MOV","896C2454","MOV dword ptr [ESP + 0x54],EBP","",""
"0115a360","0115a0c0",".text","before","0115a358","MOV","894C2460","MOV dword ptr [ESP + 0x60],ECX","",""
"0115a360","0115a0c0",".text","before","0115a35c","MOV","896C2458","MOV dword ptr [ESP + 0x58],EBP","",""
"0115a360","0115a0c0",".text","candidate","0115a360","MOV","896C245C","MOV dword ptr [ESP + 0x5c],EBP","","0115abce:UNCONDITIONAL_CALL"
"0115a360","0115a0c0",".text","after","0115a364","CALL","FF153A785501","CALL dword ptr [0x0155783a]","",""
"0115a360","0115a0c0",".text","after","0115a36a","TEST","85C0","TEST EAX,EAX","",""
"0115a360","0115a0c0",".text","after","0115a36c","JNZ","7506","JNZ 0x0115a374","",""
"0115a360","0115a0c0",".text","after","0115a36e","PUSH","56","PUSH ESI","",""
"012a6060","012a5fc0",".text","before","012a6046","MOV","C74154FFFF0000","MOV dword ptr [ECX + 0x54],0xffff","",""
"012a6060","012a5fc0",".text","before","012a604d","MOV","8B95DCFCFFFF","MOV EDX,dword ptr [EBP + 0xfffffcdc]","",""
"012a6060","012a5fc0",".text","before","012a6053","MOV","C74258FFFF0000","MOV dword ptr [EDX + 0x58],0xffff","",""
"012a6060","012a5fc0",".text","before","012a605a","MOV","8B85DCFCFFFF","MOV EAX,dword ptr [EBP + 0xfffffcdc]","",""
"012a6060","012a5fc0",".text","candidate","012a6060","MOV","C7405CFFFF0000","MOV dword ptr [EAX + 0x5c],0xffff","","012a72b0:UNCONDITIONAL_CALL"
"012a6060","012a5fc0",".text","after","012a6067","MOV","8B4D08","MOV ECX,dword ptr [EBP + 0x8]","",""
"012a6060","012a5fc0",".text","after","012a606a","AND","83E101","AND ECX,0x1","",""
"012a6060","012a5fc0",".text","after","012a606d","JZ","743A","JZ 0x012a60a9","",""
"012a6060","012a5fc0",".text","after","012a606f","PUSH","6A02","PUSH 0x2","",""
"012a612a","012a5fc0",".text","before","012a6119","ADD","83C13C","ADD ECX,0x3c","",""
"012a612a","012a5fc0",".text","before","012a611c","CALL","E84F150000","CALL 0x012a7670","",""
"012a612a","012a5fc0",".text","before","012a6121","SUB","83E801","SUB EAX,0x1","",""
"012a612a","012a5fc0",".text","before","012a6124","MOV","8B8DDCFCFFFF","MOV ECX,dword ptr [EBP + 0xfffffcdc]","",""
"012a612a","012a5fc0",".text","candidate","012a612a","MOV","89415C","MOV dword ptr [ECX + 0x5c],EAX","","012a72b0:UNCONDITIONAL_CALL"
"012a612a","012a5fc0",".text","after","012a612d","MOV","C745FCFFFFFFFF","MOV dword ptr [EBP + -0x4],0xffffffff","",""
"012a612a","012a5fc0",".text","after","012a6134","MOV","8B85DCFCFFFF","MOV EAX,dword ptr [EBP + 0xfffffcdc]","",""
"012a612a","012a5fc0",".text","after","012a613a","MOV","8B4DF4","MOV ECX,dword ptr [EBP + -0xc]","",""
"012a612a","012a5fc0",".text","after","012a613d","MOV","64890D00000000","MOV dword ptr FS:[0x0],ECX","",""
"01561ddf","01561cf0",".HOODLUM","before","01561dd3","MOV","895054","MOV dword ptr [EAX + 0x54],EDX","",""
"01561ddf","01561cf0",".HOODLUM","before","01561dd6","MOV","8B5158","MOV EDX,dword ptr [ECX + 0x58]","",""
"01561ddf","01561cf0",".HOODLUM","before","01561dd9","MOV","895058","MOV dword ptr [EAX + 0x58],EDX","",""
"01561ddf","01561cf0",".HOODLUM","before","01561ddc","MOV","8B515C","MOV EDX,dword ptr [ECX + 0x5c]","",""
"01561ddf","01561cf0",".HOODLUM","candidate","01561ddf","MOV","89505C","MOV dword ptr [EAX + 0x5c],EDX","","0045c4b0:UNCONDITIONAL_JUMP"
"01561ddf","01561cf0",".HOODLUM","after","01561de2","MOV","8B5160","MOV EDX,dword ptr [ECX + 0x60]","",""
"01561ddf","01561cf0",".HOODLUM","after","01561de5","MOV","895060","MOV dword ptr [EAX + 0x60],EDX","",""
"01561ddf","01561cf0",".HOODLUM","after","01561de8","MOV","8B5164","MOV EDX,dword ptr [ECX + 0x64]","",""
"01561ddf","01561cf0",".HOODLUM","after","01561deb","MOV","895064","MOV dword ptr [EAX + 0x64],EDX","",""
"015696c7","01569460",".HOODLUM","before","015696bb","JNZ","7530","JNZ 0x015696ed","",""
"015696c7","01569460",".HOODLUM","before","015696bd","PUSH","6A14","PUSH 0x14","",""
"015696c7","01569460",".HOODLUM","before","015696bf","CALL","E8DC0E0BFF","CALL 0x0061a5a0","",""
"015696c7","01569460",".HOODLUM","before","015696c4","ADD","83C404","ADD ESP,0x4","",""
"015696c7","01569460",".HOODLUM","candidate","015696c7","MOV","8944245C","MOV dword ptr [ESP + 0x5c],EAX","","00470150:UNCONDITIONAL_JUMP"
"015696c7","01569460",".HOODLUM","after","015696cb","TEST","85C0","TEST EAX,EAX","",""
"015696c7","01569460",".HOODLUM","after","015696cd","MOV","C744245402000000","MOV dword ptr [ESP + 0x54],0x2","",""
"015696c7","01569460",".HOODLUM","after","015696d5","JZ","740E","JZ 0x015696e5","",""
"015696c7","01569460",".HOODLUM","after","015696d7","PUSH","57","PUSH EDI","",""
