candidate_owner,candidate_addresses,candidate_owner_has_root_xref,callsite,reference_type,caller_owner,caller_has_root_xref,caller_root_xref_count,callsite_context
"00414d70","0x00414DBB",0,"0042ef42","UNCONDITIONAL_CALL","0042ec90",false,0,"PUSH EAX | FADD float ptr [ESP + 0x68] | MOV dword ptr [ESP + 0x3c],EAX | PUSH EDX | FST float ptr [ESP + 0x64] | FSTP float ptr [ESP + 0x40] | CALL 0x00414d70"
"00414d70","0x00414DBB",0,"0042f085","UNCONDITIONAL_CALL","0042ec90",false,0,"FADD float ptr [ESP + 0x64] | PUSH EAX | LEA EAX,[ESP + 0x34] | PUSH EAX | FST float ptr [ESP + 0x64] | FSTP float ptr [ESP + 0x40] | CALL 0x00414d70"
"00426350","0x0042655D",0,"0042d7bd","UNCONDITIONAL_CALL","0042d680",false,0,"MOV EDX,dword ptr [ESP + 0x40] | MOV EAX,dword ptr [ESP + 0x3c] | PUSH EDX | PUSH EAX | PUSH EBP | PUSH ESI | CALL 0x00426350"
"00429a70","0x00429E42|0x00429F9E",0,"0042a707","UNCONDITIONAL_CALL","0042a630",false,0,"FMULP | FADDP | FSQRT | FSTP float ptr [ESP] | PUSH EDX | PUSH ESI | CALL 0x00429a70"
"00429a70","0x00429E42|0x00429F9E",0,"0042f56c","UNCONDITIONAL_CALL","0042f3c0",false,0,"MOV ECX,dword ptr [ESP + 0x54] | MOV EDX,dword ptr [ESP + 0x10] | PUSH 0x0 | PUSH ECX | PUSH EDX | PUSH ESI | CALL 0x00429a70"
"00429a70","0x00429E42|0x00429F9E",0,"0156dda3","UNCONDITIONAL_CALL","0156dd90",false,0,"MOV EAX,dword ptr [ESP + 0x4] | MOV ECX,dword ptr [EAX + 0x9b4] | PUSH 0x0 | PUSH 0x447a0000 | PUSH ECX | PUSH EAX | CALL 0x00429a70"
"00429a70","0x00429E42|0x00429F9E",0,"0042a9ab","UNCONDITIONAL_CALL","0042a750",false,0,"MOV EAX,dword ptr [ESP + 0x30] | MOV ECX,dword ptr [ESP + 0x1c] | PUSH 0x1 | PUSH EAX | PUSH ECX | PUSH ESI | CALL 0x00429a70"
"00429a70","0x00429E42|0x00429F9E",0,"0042ac81","UNCONDITIONAL_CALL","0042aad0",false,0,"MOV dword ptr [ECX + 0x8],EAX | MOV ECX,dword ptr [ESP + 0x24] | PUSH 0x1 | PUSH ECX | PUSH EDX | PUSH EDI | CALL 0x00429a70"
"00429a70","0x00429E42|0x00429F9E",0,"0042ad15","UNCONDITIONAL_CALL","0042acb0",false,0,"PUSH 0x0 | PUSH 0x447a0000 | FSTP float ptr [ESP + 0x3c] | MOV EDX,dword ptr [ESP + 0x3c] | PUSH EDX | PUSH EBX | CALL 0x00429a70"
"00429a70","0x00429E42|0x00429F9E",0,"0042add5","UNCONDITIONAL_CALL","0042ad30",false,0,"FSQRT | FSTP float ptr [ESP + 0x18] | MOV EAX,dword ptr [ESP + 0x18] | PUSH EAX | PUSH ECX | PUSH ESI | CALL 0x00429a70"
"0042bd20","0x0042C045",0,"0042fcb7","UNCONDITIONAL_CALL","0042fc40",false,0,"LEA EAX,[ESP + 0x18] | PUSH EAX | MOV EDI,0xffff | PUSH ESI | MOV word ptr [ESP + 0x20],DI | MOV word ptr [ESP + 0x1c],DI | CALL 0x0042bd20"
"00430056","0x004309D4",0,"00403af4","UNCONDITIONAL_CALL","00403aee",false,0,"JMP 0x005d2d00 | LEA EAX,[EAX*0x8 + 0xb4ea40] | JMP 0x004d4318 | MOV AX,word ptr [ESI + 0x3a4] | JMP 0x0049d641 | SUB ESP,0x12c | JMP 0x00430056"
"00435830","0x00435CFA",0,"0043750c","UNCONDITIONAL_CALL","00436a90",false,0,"PUSH ECX | MOV ECX,dword ptr [ESP + 0x100] | PUSH EDX | PUSH EAX | PUSH ECX | PUSH ESI | CALL 0x00435830"
"004453d0","0x004459E4",0,"00446ca1","UNCONDITIONAL_CALL","00446610",false,0,"FSTP ST0 | FCOMP float ptr [0x00858ce0] | FNSTSW AX | TEST AH,0x5 | JP 0x00446cca | PUSH EBX | CALL 0x004453d0"
"0044e790","0x0044EAF3",0,"00614b1c","UNCONDITIONAL_CALL","00614720",false,0,"MOV ECX,dword ptr [ESP + 0x94] | PUSH EDX | PUSH EAX | PUSH ECX | PUSH EBP | MOV ECX,0x96f050 | CALL 0x0044e790"
"0044fb60","0x0044FBA8|0x0044FBB7",0,"","NO_INCOMING_REFERENCE","",false,0,""
"0045d760","0x0045DC11",0,"0156208e","UNCONDITIONAL_CALL","01562050",false,0,"XOR ECX,ECX | MOV CL,byte ptr [0x00ba6798] | PUSH ECX | MOV ECX,0xb6bc90 | CALL 0x00506de0 | RET | CALL 0x0045d760"
"004619c7","0x00461AE5|0x0046202E|0x00462837",0,"00407477","UNCONDITIONAL_CALL","00407465",false,0,"PUSH ESI | PUSHFD | MOV ESI,dword ptr [0x00448906] | XOR ESI,dword ptr [0x01560868] | POPFD | XCHG dword ptr [ESP],ESI | JMP 0x004619c7"
"00462aab","0x0046305B",0,"00402046","UNCONDITIONAL_CALL","00402033",false,0,"PUSH ECX | MOV ECX,dword ptr [0x00407ad0] | ROL EAX,CL | POP ECX | MOV EAX,dword ptr [EAX] | POPFD | JMP 0x00462aab"
"0046b460","0x0046C0C9",0,"008a61b4","DATA","",false,0,""
"00486840","0x004868B1",0,"00487f4f","UNCONDITIONAL_CALL","00487d10",false,0,"FADD float ptr [ESP + 0x20] | FSTP float ptr [ESP + 0x4] | FLD float ptr [ESP + 0x18] | FSUB float ptr [ESP + 0x44] | FSTP float ptr [ESP] | PUSH EDI | CALL 0x00486840"
"00486840","0x004868B1",0,"00489399","UNCONDITIONAL_CALL","00489150",false,0,"JNZ 0x004893a1 | MOV EAX,dword ptr [ESP + 0x10] | PUSH EAX | PUSH EBX | PUSH EBP | PUSH EDI | CALL 0x00486840"
"00486840","0x004868B1",0,"00488e87","UNCONDITIONAL_CALL","00488b50",false,0,"TEST AL,AL | JNZ 0x00488e8f | PUSH EBX | PUSH EBP | PUSH EDI | PUSH ESI | CALL 0x00486840"
"00486840","0x004868B1",0,"00489132","UNCONDITIONAL_CALL","00488ec0",false,0,"JNZ 0x0048913a | MOV EAX,dword ptr [ESP + 0x10] | PUSH EAX | PUSH EBX | PUSH EBP | PUSH EDI | CALL 0x00486840"
"00486840","0x004868B1",0,"00487cf7","UNCONDITIONAL_CALL","00487a20",false,0,"FLD float ptr [ESP + 0x18] | FSUB float ptr [ESP + 0x10] | FSTP float ptr [ESP + 0x4] | FLD float ptr [ESP + 0x1c] | FSUB float ptr [ESP + 0x14] | FSTP float ptr [ESP] | CALL 0x00486840"
"00486840","0x004868B1",0,"004876f2","UNCONDITIONAL_CALL","00487420",false,0,"FADD float ptr [ESP + 0x20] | FSTP float ptr [ESP + 0x4] | FLD float ptr [ESP + 0x34] | FSUB float ptr [ESP + 0x1c] | FSTP float ptr [ESP] | PUSH ESI | CALL 0x00486840"
"00486840","0x004868B1",0,"0048709a","UNCONDITIONAL_CALL","00486d80",false,0,"FLD float ptr [ESP + 0x18] | FSUB float ptr [ESP + 0x10] | FSTP float ptr [ESP + 0x4] | FLD float ptr [ESP + 0x1c] | FSUB float ptr [ESP + 0x14] | FSTP float ptr [ESP] | CALL 0x00486840"
"00486840","0x004868B1",0,"004873e4","UNCONDITIONAL_CALL","004870f0",false,0,"FADD float ptr [ESP + 0x20] | FSTP float ptr [ESP + 0x4] | FLD float ptr [ESP + 0x34] | FSUB float ptr [ESP + 0x1c] | FSTP float ptr [ESP] | PUSH ESI | CALL 0x00486840"
"00486840","0x004868B1",0,"00480206","UNCONDITIONAL_CALL","",false,0,"MOV EDX,dword ptr [0x00a43c80] | PUSH EAX | MOV EAX,[0x00a43c7c] | PUSH ECX | PUSH EDX | PUSH EAX | CALL 0x00486840"
"00486840","0x004868B1",0,"004879f2","UNCONDITIONAL_CALL","00487720",false,0,"FADD float ptr [ESP + 0x20] | FSTP float ptr [ESP + 0x4] | FLD float ptr [ESP + 0x34] | FSUB float ptr [ESP + 0x1c] | FSTP float ptr [ESP] | PUSH ESI | CALL 0x00486840"
"004939f0","0x00493CFE",0,"0046a062","UNCONDITIONAL_CALL","0046a000",false,0,"CALL 0x004655e0 | MOV ECX,0xa90ab0 | CALL 0x00465680 | MOV ECX,0xa90850 | CALL 0x004652d0 | CALL 0x004810e0 | CALL 0x004939f0"
"0049dab0","0x0049E2A9|0x0049E433",0,"00536987","UNCONDITIONAL_CALL","00536982",false,0,"NOP | NOP | JMP 0x0040a0bf | CMP EAX,ECX | JNZ 0x005369b8 | PUSH ESI | CALL 0x0049dab0"
"0049dab0","0x0049E2A9|0x0049E433",0,"005369d3","UNCONDITIONAL_CALL","00536982",false,0,"CMP EAX,EDX | JZ 0x00536a67 | MOVZX ECX,word ptr [0x008cd4fc] | CMP EAX,ECX | JNZ 0x00536a01 | PUSH ESI | CALL 0x0049dab0"
"0049dab0","0x0049E2A9|0x0049E433",0,"00536a0d","UNCONDITIONAL_CALL","00536982",false,0,"ADD ESP,0x9c | RET | MOVZX EDX,word ptr [0x008cd504] | CMP EAX,EDX | JNZ 0x00536a3b | PUSH ESI | CALL 0x0049dab0"
"0049dab0","0x0049E2A9|0x0049E433",0,"00536a68","UNCONDITIONAL_CALL","00536982",false,0,"CMP EAX,ECX | JZ 0x00536a67 | MOVZX EDX,word ptr [0x008cd510] | CMP EAX,EDX | JNZ 0x00536a7b | PUSH ESI | CALL 0x0049dab0"
"0049dab0","0x0049E2A9|0x0049E433",0,"00536b5a","UNCONDITIONAL_CALL","00536982",false,0,"ADD ESP,0x9c | RET | MOVZX ECX,word ptr [0x008cd500] | CMP EAX,ECX | JNZ 0x00536baa | PUSH ESI | CALL 0x0049dab0"
"0049eb00","0x0049EC6B",0,"004c08e0","UNCONDITIONAL_CALL","004c0170",false,0,"PUSH EDX | PUSH 0xa | PUSH EAX | LEA ECX,[ESP + 0x38] | PUSH ECX | MOV ECX,0xa9ae00 | CALL 0x0049eb00"
"0049eb00","0x0049EC6B",0,"0073bade","UNCONDITIONAL_CALL","0073b550",false,0,"PUSH EDX | PUSH EAX | LEA ECX,[EDI + 0x10] | PUSH ECX | PUSH EDI | MOV ECX,0xa9ae00 | CALL 0x0049eb00"
"0049eb00","0x0049EC6B",0,"0061d068","UNCONDITIONAL_CALL","0061cba0",false,0,"PUSH ESI | LEA ECX,[ESP + 0x18] | PUSH ECX | LEA EDX,[ESP + 0x34] | PUSH EDX | MOV ECX,0xa9ae00 | CALL 0x0049eb00"
"0049eb00","0x0049EC6B",0,"005e7228","UNCONDITIONAL_CALL","005e65a0",false,0,"PUSH 0x10 | LEA ECX,[ESP + 0x60] | PUSH ECX | LEA EDX,[ESP + 0x58] | PUSH EDX | MOV ECX,0xa9ae00 | CALL 0x0049eb00"
"0049eb00","0x0049EC6B",0,"006db402","UNCONDITIONAL_CALL","006daf07",false,0,"PUSH 0x10 | LEA ECX,[ESP + 0x108] | PUSH ECX | LEA EDX,[ESP + 0x28] | PUSH EDX | MOV ECX,0xa9ae00 | CALL 0x0049eb00"
"0049eb00","0x0049EC6B",0,"00736374","UNCONDITIONAL_CALL","007360d0",false,0,"PUSH 0x8 | LEA EDX,[ESP + 0x3c] | PUSH EDX | LEA EAX,[ESP + 0x30] | PUSH EAX | MOV ECX,0xa9ae00 | CALL 0x0049eb00"
"004a258e","0x004A280D",0,"0040606c","UNCONDITIONAL_CALL","00406067",false,0,"JMP 0x0055600b | MOV EAX,dword ptr [ESI + 0x60074] | JMP 0x004f23fa | MOV EAX,FS:[0x0] | JMP 0x006a8588 | MOV ECX,0xa9ae80 | JMP 0x004a258e"
"004a4960","0x004A49C4",0,"004a3ec8","UNCONDITIONAL_CALL","",false,0,"PUSH EDX | PUSH ECX | MOV ECX,dword ptr [EBP + 0x4] | PUSH ESI | PUSH ESI | ADD ECX,0x2c | CALL 0x004a4960"
"004a4960","0x004A49C4",0,"004a4078","UNCONDITIONAL_CALL","",false,0,"PUSH EDX | PUSH ECX | MOV ECX,dword ptr [EBP + 0x4] | PUSH ESI | PUSH ESI | ADD ECX,0x2c | CALL 0x004a4960"
"004a4960","0x004A49C4",0,"004a4214","UNCONDITIONAL_CALL","",false,0,"MOV EDX,dword ptr [ESP + 0xa0] | PUSH ECX | MOV ECX,dword ptr [EBX + 0x4] | PUSH EDX | PUSH EAX | ADD ECX,0x2c | CALL 0x004a4960"
"004aa6c0","0x004AA6D9",0,"0073e796","UNCONDITIONAL_CALL","0073e690",false,0,"MOV ECX,dword ptr [ESI + 0x18] | PUSH 0x1 | CALL 0x004aac70 | MOV ECX,dword ptr [ESI + 0x18] | PUSH 0x3f800000 | PUSH 0x1 | CALL 0x004aa6c0"
"004aa6c0","0x004AA6D9",0,"006a3d3d","UNCONDITIONAL_CALL","006a3bd0",false,0,"JZ 0x006a3d81 | FLD float ptr [ESP + 0x3c] | PUSH ECX | FABS | FSTP float ptr [ESP] | PUSH 0x1 | CALL 0x004aa6c0"
"004aa6c0","0x004AA6D9",0,"006a3dfa","UNCONDITIONAL_CALL","006a3bd0",false,0,"JZ 0x006a3e4d | FLD float ptr [ESP + 0x3c] | PUSH ECX | FABS | FSTP float ptr [ESP] | PUSH 0x1 | CALL 0x004aa6c0"
"004aa6c0","0x004AA6D9",0,"0053add5","UNCONDITIONAL_CALL","0053a570",false,0,"FSTP ST0 | MOV dword ptr [ESP + 0x10],EDX | MOV EAX,dword ptr [ESP + 0x10] | PUSH EAX | PUSH 0x1 | MOV ECX,EDI | CALL 0x004aa6c0"
"004aa6c0","0x004AA6D9",0,"006d2b85","UNCONDITIONAL_CALL","006d2a80",false,0,"PUSH ECX | FSUB float ptr [0x00859f80] | FMUL float ptr [0x0086c340] | FSUBR float ptr [0x00858624] | FSTP float ptr [ESP] | PUSH 0x1 | CALL 0x004aa6c0"
"004aa6c0","0x004AA6D9",0,"006b09aa","UNCONDITIONAL_CALL","006b0690",false,0,"FSTP ST0 | FLD float ptr [ESP + 0x10] | FSTP float ptr [ESI + 0x984] | MOV EDX,dword ptr [ESI + 0x984] | PUSH EDX | PUSH 0x1 | CALL 0x004aa6c0"
"004aa6c0","0x004AA6D9",0,"006ca0d6","UNCONDITIONAL_CALL","006c94a0",false,0,"PUSH EAX | CALL 0x004aa660 | MOV ECX,dword ptr [ESP + 0x18] | PUSH ECX | MOV ECX,dword ptr [EBP] | PUSH 0x1 | CALL 0x004aa6c0"
"004aa6c0","0x004AA6D9",0,"006ca162","UNCONDITIONAL_CALL","006c94a0",false,0,"MOV ECX,dword ptr [ESI + 0x9ec] | CALL 0x004aa660 | MOV EDX,dword ptr [ESP + 0x18] | MOV ECX,dword ptr [ESI + 0x9ec] | PUSH EDX | PUSH 0x1 | CALL 0x004aa6c0"
"004aa6c0","0x004AA6D9",0,"006ca1f2","UNCONDITIONAL_CALL","006c94a0",false,0,"MOV ECX,dword ptr [ESI + 0x9f0] | CALL 0x004aa660 | MOV EDX,dword ptr [ESP + 0x18] | MOV ECX,dword ptr [ESI + 0x9f0] | PUSH EDX | PUSH 0x1 | CALL 0x004aa6c0"
"004aa6c0","0x004AA6D9",0,"006ca282","UNCONDITIONAL_CALL","006c94a0",false,0,"MOV ECX,dword ptr [ESI + 0x9f4] | CALL 0x004aa660 | MOV EDX,dword ptr [ESP + 0x18] | MOV ECX,dword ptr [ESI + 0x9f4] | PUSH EDX | PUSH 0x1 | CALL 0x004aa6c0"
"004aa6c0","0x004AA6D9",0,"006f16f1","UNCONDITIONAL_CALL","006f1180",false,0,"JMP 0x006f16e7 | FSTP float ptr [ESP + 0x18] | MOV EAX,dword ptr [ESP + 0x18] | MOV ECX,dword ptr [EBP] | PUSH EAX | PUSH 0x1 | CALL 0x004aa6c0"
"004aa6c0","0x004AA6D9",0,"0067b9f2","UNCONDITIONAL_CALL","0067b7f0",false,0,"MOV ECX,dword ptr [ESI + 0x64] | TEST ECX,ECX | JZ 0x0067b9f7 | MOV EAX,dword ptr [ESI + 0x6c] | PUSH EAX | PUSH 0x1 | CALL 0x004aa6c0"
"004aa6c0","0x004AA6D9",0,"0067ba04","UNCONDITIONAL_CALL","0067b7f0",false,0,"MOV ECX,dword ptr [ESI + 0x68] | TEST ECX,ECX | JZ 0x0067ba09 | MOV EDX,dword ptr [ESI + 0x6c] | PUSH EDX | PUSH 0x1 | CALL 0x004aa6c0"
"004aa750","0x004AA791",0,"004a9794","UNCONDITIONAL_CALL","004a96b6",false,0,"MOV EAX,dword ptr [ESP + 0x28] | PUSH EAX | PUSH ESI | PUSH EBP | MOV ECX,EDI | MOV dword ptr [ESP + 0x24],0xffffffff | CALL 0x004aa750"
"004aa750","0x004AA791",0,"004a963a","UNCONDITIONAL_CALL","004a95c0",false,0,"MOV EDX,dword ptr [ESP + 0x24] | PUSH EBP | PUSH EDX | PUSH EBX | MOV ECX,ESI | MOV dword ptr [ESP + 0x24],0xffffffff | CALL 0x004aa750"
"004aac90","0x004AAD2E",0,"004ab0bb","UNCONDITIONAL_CALL","004aaf70",false,0,"MOV dword ptr [EAX],ECX | MOV EDX,dword ptr [EDI + 0x4] | MOV dword ptr [EAX + 0x4],EDX | MOV ECX,dword ptr [EDI + 0x8] | MOV dword ptr [EAX + 0x8],ECX | MOV ECX,EBP | CALL 0x004aac90"
"004b2ee0","0x004B3000|0x004B302F",0,"0085ac3c","DATA","",false,0,""
"004b5ac0","0x004B5BF5",0,"004ba0a8","UNCONDITIONAL_CALL","004b9ff7",false,0,"PUSH 0x1 | LEA EDX,[ESP + 0xcc] | PUSH EDX | PUSH EAX | LEA ECX,[ESP + 0x40] | MOV byte ptr [ESP + 0xe8],0x2 | CALL 0x004b5ac0"
"004b5ac0","0x004B5BF5",0,"005f0d2a","UNCONDITIONAL_CALL","005f0360",false,0,"FSTP float ptr [ESP + 0x70] | PUSH 0x1 | LEA EAX,[ESP + 0xbc] | PUSH EAX | PUSH ESI | LEA ECX,[ESP + 0xd0] | CALL 0x004b5ac0"
"004b5ac0","0x004B5BF5",0,"005f0f44","UNCONDITIONAL_CALL","005f0360",false,0,"JZ 0x005f1001 | PUSH 0x1 | LEA EAX,[ESP + 0xbc] | PUSH EAX | PUSH ESI | LEA ECX,[ESP + 0xd0] | CALL 0x004b5ac0"
"004b5ac0","0x004B5BF5",0,"005680d3","UNCONDITIONAL_CALL","00567750",false,0,"JZ 0x005680da | PUSH 0x1 | LEA EDX,[ESP + 0x1a0] | PUSH EDX | PUSH ESI | LEA ECX,[ESP + 0xf0] | CALL 0x004b5ac0"
"004b5ac0","0x004B5BF5",0,"0056828c","UNCONDITIONAL_CALL","00567750",false,0,"JZ 0x00568293 | PUSH 0x1 | LEA EAX,[ESP + 0x15c] | PUSH EAX | PUSH ESI | LEA ECX,[ESP + 0x104] | CALL 0x004b5ac0"
"004b5ac0","0x004B5BF5",0,"0073a6e9","UNCONDITIONAL_CALL","0073a530",false,0,"ADD ESP,0xc | PUSH 0x1 | LEA ECX,[ESP + 0x64] | PUSH ECX | PUSH ESI | LEA ECX,[ESP + 0x20] | CALL 0x004b5ac0"
"004b5ac0","0x004B5BF5",0,"00439074","UNCONDITIONAL_CALL","00438ff0",false,0,"PUSH ECX | PUSH -0x1 | CALL 0x0056e210 | ADD ESP,0x4 | PUSH EAX | LEA ECX,[ESP + 0xc] | CALL 0x004b5ac0"
"004b5ac0","0x004B5BF5",0,"005e2f8f","UNCONDITIONAL_CALL","005e2530",false,0,"PUSH EDI | LEA ECX,[ESP + 0xf8] | PUSH ECX | PUSH ESI | LEA ECX,[ESP + 0x34] | MOV byte ptr [ESP + 0x114],0x1 | CALL 0x004b5ac0"
"004b5ac0","0x004B5BF5",0,"005e3054","UNCONDITIONAL_CALL","005e2530",false,0,"PUSH EDI | LEA ECX,[ESP + 0xf8] | PUSH ECX | PUSH ESI | LEA ECX,[ESP + 0x34] | MOV byte ptr [ESP + 0x114],0x3 | CALL 0x004b5ac0"
"004b5ac0","0x004B5BF5",0,"00654034","UNCONDITIONAL_CALL","00653f90",false,0,"JZ 0x00654039 | PUSH 0x1 | LEA EAX,[ESP + 0x74] | PUSH EAX | PUSH ESI | LEA ECX,[ESP + 0x30] | CALL 0x004b5ac0"
"004b5ac0","0x004B5BF5",0,"0067c911","UNCONDITIONAL_CALL","0067c770",false,0,"JZ 0x0067c939 | PUSH 0x1 | LEA EAX,[ESP + 0x60] | PUSH EAX | PUSH ESI | LEA ECX,[ESP + 0x1c] | CALL 0x004b5ac0"
"004b5ac0","0x004B5BF5",0,"0068604b","UNCONDITIONAL_CALL","006859a0",false,0,"JZ 0x00686081 | PUSH 0x0 | LEA EAX,[ESP + 0x90] | PUSH EAX | PUSH EDI | LEA ECX,[ESP + 0x3c] | CALL 0x004b5ac0"
"004b5ac0","0x004B5BF5",0,"006b6396","UNCONDITIONAL_CALL","006b5fb0",false,0,"MOV EAX,dword ptr [ESI + 0x460] | PUSH 0x1 | LEA EDX,[ESP + 0x80] | PUSH EDX | PUSH EAX | LEA ECX,[ESP + 0x3c] | CALL 0x004b5ac0"
"004b5ac0","0x004B5BF5",0,"006b6580","UNCONDITIONAL_CALL","006b5fb0",false,0,"MOV EAX,dword ptr [EDI] | PUSH 0x1 | LEA EDX,[ESP + 0x80] | PUSH EDX | PUSH EAX | LEA ECX,[ESP + 0x3c] | CALL 0x004b5ac0"
"004b5ac0","0x004B5BF5",0,"006a92bb","UNCONDITIONAL_CALL","006a8c00",false,0,"MOV EAX,dword ptr [ESI + 0x460] | PUSH 0x1 | LEA EDX,[ESP + 0x9c] | PUSH EDX | PUSH EAX | LEA ECX,[ESP + 0x40] | CALL 0x004b5ac0"
"004b5ac0","0x004B5BF5",0,"006a94fa","UNCONDITIONAL_CALL","006a8c00",false,0,"MOV ECX,dword ptr [EBP] | PUSH 0x1 | LEA EAX,[ESP + 0xec] | PUSH EAX | PUSH ECX | LEA ECX,[ESP + 0x40] | CALL 0x004b5ac0"
"004b5ac0","0x004B5BF5",0,"006dbe9c","UNCONDITIONAL_CALL","006dbce0",false,0,"MOV EDX,dword ptr [ESI + 0x460] | PUSH 0x1 | LEA ECX,[ESP + 0xe0] | PUSH ECX | PUSH EDX | LEA ECX,[ESP + 0x78] | CALL 0x004b5ac0"
"004b5ac0","0x004B5BF5",0,"006d840a","UNCONDITIONAL_CALL","006d82f0",false,0,"JZ 0x006d8411 | PUSH 0x1 | LEA EDX,[ESP + 0x6c] | PUSH EDX | PUSH ESI | LEA ECX,[ESP + 0x28] | CALL 0x004b5ac0"
"004b5ac0","0x004B5BF5",0,"006049c9","UNCONDITIONAL_CALL","00604500",false,0,"JZ 0x006049ce | PUSH 0x1 | LEA EAX,[ESP + 0xc0] | PUSH EAX | PUSH ESI | LEA ECX,[ESP + 0x5c] | CALL 0x004b5ac0"
"004b5ac0","0x004B5BF5",0,"00604ab8","UNCONDITIONAL_CALL","00604500",false,0,"JZ 0x00604abd | PUSH 0x1 | LEA EDX,[ESP + 0xc0] | PUSH EDX | PUSH ESI | LEA ECX,[ESP + 0x5c] | CALL 0x004b5ac0"
"004b5ac0","0x004B5BF5",0,"00629810","UNCONDITIONAL_CALL","006296d0",false,0,"JZ 0x00629854 | PUSH 0x1 | LEA EDX,[ESP + 0x58] | PUSH EDX | PUSH EDI | LEA ECX,[ESP + 0x14] | CALL 0x004b5ac0"
"004b5ac0","0x004B5BF5",0,"0063344a","UNCONDITIONAL_CALL","006333d0",false,0,"MOV ECX,dword ptr [ESP + 0x2c] | PUSH 0x0 | PUSH ECX | PUSH ESI | LEA ECX,[ESP + 0x10] | MOV dword ptr [ESP + 0x2c],0x0 | CALL 0x004b5ac0"
"004b5ac0","0x004B5BF5",0,"0065698c","UNCONDITIONAL_CALL","",false,0,"JZ 0x00656993 | PUSH 0x1 | LEA EDX,[ESP + 0xbc] | PUSH EDX | PUSH ESI | LEA ECX,[ESP + 0x64] | CALL 0x004b5ac0"
"004b5ac0","0x004B5BF5",0,"0068b462","UNCONDITIONAL_CALL","",false,0,"JZ 0x0068b469 | PUSH EBX | LEA ECX,[ESP + 0x64] | PUSH ECX | PUSH ESI | LEA ECX,[ESP + 0x20] | CALL 0x004b5ac0"
"004b5ac0","0x004B5BF5",0,"006db326","UNCONDITIONAL_CALL","006daf07",false,0,"JZ 0x006db32d | PUSH 0x1 | LEA EAX,[ESP + 0x168] | PUSH EAX | PUSH EDI | LEA ECX,[ESP + 0x124] | CALL 0x004b5ac0"
"004b5ac0","0x004B5BF5",0,"004813e5","UNCONDITIONAL_CALL","",false,0,"JZ 0x004813ec | PUSH 0x1 | LEA ECX,[ESP + 0x194] | PUSH ECX | PUSH ESI | LEA ECX,[ESP + 0x6c] | CALL 0x004b5ac0"
"004bdb80","0x004BDEEC",0,"004c3902","UNCONDITIONAL_CALL","004c3876",false,0,"CALL 0x004bd6a0 | JMP 0x004c3cb4 | PUSH EBP | PUSH EBX | PUSH EDI | MOV ECX,ESI | CALL 0x004bdb80"
"004be7d0","0x004BEC37|0x004BEFBB|0x004BF1BB",0,"004c3911","UNCONDITIONAL_CALL","004c3876",false,0,"CALL 0x004bdb80 | JMP 0x004c3cb4 | PUSH EBP | PUSH EBX | PUSH EDI | MOV ECX,ESI | CALL 0x004be7d0"
"004c2610","0x004C2815",0,"004c3a24","UNCONDITIONAL_CALL","004c3876",false,0,"CALL 0x004b9be0 | JMP 0x004c3cb4 | PUSH EBP | PUSH EBX | PUSH EDI | MOV ECX,ESI | CALL 0x004c2610"
"004c4576","0x004C45C5",0,"00402234","UNCONDITIONAL_CALL","0040222e",false,0,"MOV ECX,dword ptr [ECX] | POPFD | JMP 0x005b2ac6 | CMP EAX,0xff | JMP 0x005cc11e | SUB ESP,0xbc | JMP 0x004c4576"
"004c75e0","0x004C75EB",0,"004c5f56","DATA","004c5f50",false,0,"MOV dword ptr [ESI],0x0 | MOV EAX,ESI | POP ESI | RET | PUSH ESI | PUSH 0x4c5920 | PUSH 0x4c75e0"
"004c95c0","0x004C95FF",0,"0085c608","DATA","",false,0,""
"004c9890","0x004C98D2",0,"0085c5e8","DATA","",false,0,""
"004c9f90","0x004C9FE7|0x004CA17E|0x004CA18C",0,"004cb06b","UNCONDITIONAL_CALL","004caea0",false,0,"MOV EDX,dword ptr [0x00b4e9e4] | PUSH 0x1 | PUSH EDX | LEA EAX,[ESP + 0x30] | PUSH EAX | XOR EDI,EDI | CALL 0x004c9f90"
"004c9f90","0x004C9FE7|0x004CA17E|0x004CA18C",0,"007f73c5","DATA","007f72e0",false,0,"MOV dword ptr [ESP + 0x54],0x4cce60 | MOV dword ptr [ESP + 0x58],0x9 | MOV dword ptr [ESP + 0x5c],0x7fff00 | MOV dword ptr [ESP + 0x60],0x8 | MOV dword ptr [ESP + 0x64],0x4cbd40 | MOV dword ptr [ESP + 0x68],0xf | MOV dword ptr [ESP + 0x6c],0x4c9f90"
"004ca5a0","0x004CA605",0,"004cade8","UNCONDITIONAL_CALL","004cad9d",false,0,"RET | MOV ECX,dword ptr [ESP + 0x8] | PUSH ESI | PUSH ECX | PUSH EDX | MOV ESI,EAX | CALL 0x004ca5a0"
"004cc978","0x004CCC35",0,"004059c8","UNCONDITIONAL_CALL","004059b5",false,0,"PUSH ECX | MOV ECX,dword ptr [0x006c19ff] | ROL EAX,CL | POP ECX | MOV EAX,dword ptr [EAX] | POPFD | JMP 0x004cc978"
"004d1680","0x004D16EA",0,"004d2bc2","UNCONDITIONAL_CALL","",false,0,"JZ 0x004d2bc2 | CALL 0x004d1a50 | ADD ESP,0x4 | POP EBP | ADD ESP,0x3c | RET | CALL 0x004d1680"
"004d1680","0x004D16EA",0,"004d2e2b","UNCONDITIONAL_CALL","",false,0,"MOV ECX,dword ptr [0x00b4ea0c] | MOV EDX,dword ptr [ECX + 0xc] | TEST EDX,EDX | JZ 0x004d2e31 | PUSH EAX | MOV EAX,dword ptr [ESP + 0xc] | CALL 0x004d1680"
"004d1a50","0x004D1ADE",0,"004d2bb5","UNCONDITIONAL_CALL","",false,0,"TEST EDX,EDX | JZ 0x004d2bcf | TEST AL,0x10 | MOV EAX,dword ptr [ESP + 0x48] | PUSH EBP | JZ 0x004d2bc2 | CALL 0x004d1a50"
"004d1db0","0x004D1E3E",0,"004d2e5f","UNCONDITIONAL_CALL","",false,0,"MOV EAX,[0x00b4ea0c] | MOV ECX,dword ptr [EAX + 0xc] | TEST ECX,ECX | JZ 0x004d2e6c | MOV EAX,dword ptr [ESP + 0x48] | PUSH EBP | CALL 0x004d1db0"
"004d2100","0x004D2178",0,"004d30d3","UNCONDITIONAL_CALL","",false,0,"CALL 0x004d2450 | ADD ESP,0x4 | POP EBP | POP EBX | ADD ESP,0x3c | RET | CALL 0x004d2100"
"004d47f0","0x004D486C",0,"0040ca7c","UNCONDITIONAL_CALL","0040c6b0",false,0,"POP EBX | ADD ESP,0x20 | RET | PUSH 0x0 | PUSH 0x1 | PUSH EDI | CALL 0x004d47f0"
"004d47f0","0x004D486C",0,"004d5667","UNCONDITIONAL_CALL","004d5620",false,0,"CALL 0x007ecef0 | XOR EDI,EDI | PUSH EDI | MOV ESI,EAX | PUSH 0x1 | PUSH ESI | CALL 0x004d47f0"
"004d47f0","0x004D486C",0,"005afc53","UNCONDITIONAL_CALL","005afbc0",false,0,"PUSH EAX | PUSH ESI | CALL 0x007ecd00 | PUSH 0xbc2cc0 | PUSH 0x1 | PUSH ESI | CALL 0x004d47f0"
"004d7890","0x004D78C7",0,"004f0b29","UNCONDITIONAL_CALL","004f0b10",false,0,"MOV ESI,ECX | MOV ECX,dword ptr [ESP + 0x18] | PUSH ECX | PUSH EDX | PUSH EAX | MOV ECX,ESI | CALL 0x004d7890"
"004d7890","0x004D78C7",0,"004f1816","UNCONDITIONAL_CALL","004f1800",false,0,"PUSH 0xbb80 | MOV ESI,ECX | MOV ECX,dword ptr [ESP + 0x10] | PUSH EAX | PUSH ECX | MOV ECX,ESI | CALL 0x004d7890"
"004dd4a0","0x004DDE6F|0x004DE1B5",0,"00507d29","UNCONDITIONAL_CALL","00507cb0",false,0,"CALL 0x004e7f80 | PUSH 0x3f800000 | PUSH 0x0 | LEA EDI,[ESI + 0xb4] | PUSH 0x24 | MOV ECX,EDI | CALL 0x004dd4a0"
"004dd4a0","0x004DDE6F|0x004DE1B5",0,"00507d39","UNCONDITIONAL_CALL","00507cb0",false,0,"MOV ECX,EDI | CALL 0x004dd4a0 | PUSH 0x3f800000 | PUSH 0x0 | PUSH 0x23 | MOV ECX,EDI | CALL 0x004dd4a0"
"004dd4a0","0x004DDE6F|0x004DE1B5",0,"00507c5a","UNCONDITIONAL_CALL","00507c30",false,0,"CALL 0x004da320 | PUSH 0x3f800000 | PUSH 0x0 | LEA EDI,[ESI + 0xb4] | PUSH 0x24 | MOV ECX,EDI | CALL 0x004dd4a0"
"004dd4a0","0x004DDE6F|0x004DE1B5",0,"00507c6a","UNCONDITIONAL_CALL","00507c30",false,0,"MOV ECX,EDI | CALL 0x004dd4a0 | PUSH 0x3f800000 | PUSH 0x0 | PUSH 0x23 | MOV ECX,EDI | CALL 0x004dd4a0"
"004dd4a0","0x004DDE6F|0x004DE1B5",0,"00507bae","UNCONDITIONAL_CALL","00507a90",false,0,"CALL 0x004d6ca0 | PUSH 0x3f800000 | PUSH 0x0 | LEA EDI,[ESI + 0xb4] | PUSH 0x24 | MOV ECX,EDI | CALL 0x004dd4a0"
"004dd4a0","0x004DDE6F|0x004DE1B5",0,"00507bbe","UNCONDITIONAL_CALL","00507a90",false,0,"MOV ECX,EDI | CALL 0x004dd4a0 | PUSH 0x3f800000 | PUSH 0x0 | PUSH 0x23 | MOV ECX,EDI | CALL 0x004dd4a0"
"004dd4a0","0x004DDE6F|0x004DE1B5",0,"00506ea6","UNCONDITIONAL_CALL","00506ea0",false,0,"JMP 0x004d9560 | MOV ECX,0xb5f8b8 | JMP 0x004d8e50 | MOV ECX,0xb5f8b8 | JMP 0x004d8e40 | ADD ECX,0xb4 | JMP 0x004dd4a0"
"004dd4a0","0x004DDE6F|0x004DE1B5",0,"0050741f","UNCONDITIONAL_CALL","00507410",false,0,"POP ECX | RET 0x4 | PUSH 0x3f800000 | PUSH 0x0 | PUSH 0x32 | ADD ECX,0xb4 | CALL 0x004dd4a0"
"004dd4a0","0x004DDE6F|0x004DE1B5",0,"00507918","UNCONDITIONAL_CALL","005078f0",false,0,"PUSH ESI | PUSH 0x3f800000 | MOV ESI,ECX | PUSH 0x0 | PUSH 0x33 | LEA ECX,[ESI + 0xb4] | CALL 0x004dd4a0"
"004dd4a0","0x004DDE6F|0x004DE1B5",0,"00507765","UNCONDITIONAL_CALL","00507759",false,0,"MOV ESI,ECX | JMP 0x0040139b | PUSH 0x0 | LEA EDI,[ESI + 0xb4] | PUSH 0x1f | MOV ECX,EDI | CALL 0x004dd4a0"
"004dd4a0","0x004DDE6F|0x004DE1B5",0,"00507787","UNCONDITIONAL_CALL","00507759",false,0,"TEST AL,AL | JNZ 0x0050778c | PUSH 0x3f800000 | PUSH 0x0 | PUSH 0x24 | MOV ECX,EDI | CALL 0x004dd4a0"
"004dd4a0","0x004DDE6F|0x004DE1B5",0,"00507e6f","UNCONDITIONAL_CALL","00507e30",false,0,"MOV ECX,0x8cb6f8 | CALL 0x004e9820 | PUSH 0x3f800000 | PUSH 0x0 | PUSH 0x23 | LEA ECX,[ESI + 0xb4] | CALL 0x004dd4a0"
"004dd4a0","0x004DDE6F|0x004DE1B5",0,"00507f7f","UNCONDITIONAL_CALL","00507f40",false,0,"MOV ECX,0x8cb6f8 | CALL 0x004e9820 | PUSH 0x3f800000 | PUSH 0x0 | PUSH 0x23 | LEA ECX,[ESI + 0xb4] | CALL 0x004dd4a0"
"004e7f80","0x004E80FE",0,"00507d13","UNCONDITIONAL_CALL","00507cb0",false,0,"MOV ECX,0x8ae554 | CALL 0x004dbe80 | PUSH EDI | LEA ECX,[ESI + 0x4bc] | CALL 0x004da320 | MOV ECX,0x8cb6f8 | CALL 0x004e7f80"
"004e7f80","0x004E80FE",0,"00507b8e","UNCONDITIONAL_CALL","00507a90",false,0,"TEST AL,AL | JNZ 0x00507b50 | PUSH EDI | LEA ECX,[ESI + 0x4bc] | CALL 0x004da320 | MOV ECX,0x8cb6f8 | CALL 0x004e7f80"
"004e8290","0x004E82CC",0,"00507e23","UNCONDITIONAL_CALL","00507e10",false,0,"RET 0x4 | MOV ECX,0x8ae554 | CALL 0x004dbec0 | TEST AL,AL | JNZ 0x00507e28 | MOV ECX,0x8cb6f8 | JMP 0x004e8290"
"004e9cab","0x004E9CC3",0,"00406ab2","UNCONDITIONAL_CALL","00406aad",false,0,"MOV ECX,dword ptr [0x01560838] | XOR ECX,dword ptr [0x00572363] | POPFD | XCHG dword ptr [ESP],ECX | JMP 0x004acdd7 | MOV AL,[0x00b7cb49] | JMP 0x004e9cab"
"004ef2e0","0x004EF2FC|0x004EF32A|0x004EF345",0,"","NO_INCOMING_REFERENCE","",false,0,""
"004ef680","0x004EF749",0,"004efb46","UNCONDITIONAL_CALL","004efb20",false,0,"MOV EBX,dword ptr [ESP + 0x10] | PUSH EBP | LEA EBP,[EDX + ECX*0x1] | LEA EDI,[EBP + 0x4] | PUSH EBX | MOV ECX,EDI | CALL 0x004ef680"
"004efe50","0x004EFF30",0,"004f2d7a","UNCONDITIONAL_CALL","004f2cb7",false,0,"XOR EDX,EDX | MOV DX,word ptr [ESI + 0x7c] | PUSH ESI | PUSH ECX | LEA ECX,[ESP + 0x48] | PUSH EDX | CALL 0x004efe50"
"004efe50","0x004EFF30",0,"004f2e0b","UNCONDITIONAL_CALL","004f2cb7",false,0,"XOR EAX,EAX | MOV AX,word ptr [ESI + 0x7c] | PUSH ESI | LEA ECX,[ESP + 0x44] | PUSH EDX | PUSH EAX | CALL 0x004efe50"
"004efe50","0x004EFF30",0,"004dd629","UNCONDITIONAL_CALL","004dd4a0",false,0,"PUSH ESI | MOV dword ptr [ECX + 0x4],EAX | PUSH 0x19 | MOV dword ptr [ECX + 0x8],EDX | PUSH EBX | LEA ECX,[ESP + 0x70] | CALL 0x004efe50"
"004efe50","0x004EFF30",0,"004de927","UNCONDITIONAL_CALL","004dd4a0",false,0,"MOV ECX,dword ptr [ESP + 0x5c] | MOV dword ptr [EDX],EAX | MOV EAX,dword ptr [ESP + 0x60] | MOV dword ptr [EDX + 0x4],ECX | LEA ECX,[ESP + 0x70] | MOV dword ptr [EDX + 0x8],EAX | CALL 0x004efe50"
"004efe50","0x004EFF30",0,"004dd6c4","UNCONDITIONAL_CALL","004dd4a0",false,0,"PUSH ESI | MOV dword ptr [EAX + 0x4],EDX | PUSH 0xe | MOV dword ptr [EAX + 0x8],ECX | PUSH EBX | LEA ECX,[ESP + 0x70] | CALL 0x004efe50"
"004efe50","0x004EFF30",0,"004dd940","UNCONDITIONAL_CALL","004dd4a0",false,0,"MOV EAX,dword ptr [ESP + 0x5c] | MOV dword ptr [ECX],EDX | MOV EDX,dword ptr [ESP + 0x60] | MOV dword ptr [ECX + 0x4],EAX | MOV dword ptr [ECX + 0x8],EDX | LEA ECX,[ESP + 0x70] | CALL 0x004efe50"
"004efe50","0x004EFF30",0,"004dd762","UNCONDITIONAL_CALL","004dd4a0",false,0,"PUSH ESI | MOV dword ptr [EDX + 0x4],ECX | PUSH 0x6 | PUSH 0x1 | LEA ECX,[ESP + 0x70] | MOV dword ptr [EDX + 0x8],EAX | CALL 0x004efe50"
"004efe50","0x004EFF30",0,"004dd7c4","UNCONDITIONAL_CALL","004dd4a0",false,0,"PUSH ESI | MOV dword ptr [EAX + 0x4],EDX | PUSH 0x7 | MOV dword ptr [EAX + 0x8],ECX | PUSH 0x1 | LEA ECX,[ESP + 0x70] | CALL 0x004efe50"
"004efe50","0x004EFF30",0,"004dd83f","UNCONDITIONAL_CALL","004dd4a0",false,0,"PUSH ESI | MOV dword ptr [ECX + 0x4],EAX | PUSH EBX | MOV dword ptr [ECX + 0x8],EDX | PUSH 0x1 | LEA ECX,[ESP + 0x70] | CALL 0x004efe50"
"004efe50","0x004EFF30",0,"004dd8de","UNCONDITIONAL_CALL","004dd4a0",false,0,"PUSH ESI | MOV dword ptr [EAX + 0x4],EDX | PUSH 0x4 | MOV dword ptr [EAX + 0x8],ECX | PUSH 0x1 | LEA ECX,[ESP + 0x70] | CALL 0x004efe50"
"004efe50","0x004EFF30",0,"004dd9bc","UNCONDITIONAL_CALL","004dd4a0",false,0,"PUSH ESI | MOV dword ptr [EAX + 0x4],EDX | PUSH 0x8 | MOV dword ptr [EAX + 0x8],ECX | PUSH 0x1 | LEA ECX,[ESP + 0x70] | CALL 0x004efe50"
"004efe50","0x004EFF30",0,"004dda3a","UNCONDITIONAL_CALL","004dd4a0",false,0,"PUSH ESI | MOV dword ptr [ECX + 0x4],EAX | PUSH 0x2 | MOV dword ptr [ECX + 0x8],EDX | PUSH 0x1 | LEA ECX,[ESP + 0x70] | CALL 0x004efe50"
"004efe50","0x004EFF30",0,"004ddaf3","UNCONDITIONAL_CALL","004dd4a0",false,0,"PUSH ESI | MOV dword ptr [EDX + 0x4],ECX | PUSH 0x1b | PUSH EBX | LEA ECX,[ESP + 0x70] | MOV dword ptr [EDX + 0x8],EAX | CALL 0x004efe50"
"004efe50","0x004EFF30",0,"004de84c","UNCONDITIONAL_CALL","004dd4a0",false,0,"MOV dword ptr [EAX],ECX | MOV ECX,dword ptr [ESP + 0x5c] | MOV dword ptr [EAX + 0x4],EDX | MOV dword ptr [EAX + 0x8],ECX | PUSH EBX | LEA ECX,[ESP + 0x70] | CALL 0x004efe50"
"004efe50","0x004EFF30",0,"004ddbaa","UNCONDITIONAL_CALL","004dd4a0",false,0,"PUSH ESI | MOV dword ptr [EDX + 0x4],ECX | PUSH 0x10 | PUSH EBX | LEA ECX,[ESP + 0x70] | MOV dword ptr [EDX + 0x8],EAX | CALL 0x004efe50"
"004efe50","0x004EFF30",0,"004ddc90","UNCONDITIONAL_CALL","004dd4a0",false,0,"PUSH ESI | MOV dword ptr [EDX + 0x4],ECX | PUSH 0x1c | PUSH 0x5 | LEA ECX,[ESP + 0x70] | MOV dword ptr [EDX + 0x8],EAX | CALL 0x004efe50"
"004efe50","0x004EFF30",0,"004ddcf7","UNCONDITIONAL_CALL","004dd4a0",false,0,"PUSH ESI | MOV dword ptr [EAX + 0x4],EDX | PUSH 0x1c | MOV dword ptr [EAX + 0x8],ECX | PUSH 0x5 | LEA ECX,[ESP + 0x70] | CALL 0x004efe50"
"004efe50","0x004EFF30",0,"004ddd91","UNCONDITIONAL_CALL","004dd4a0",false,0,"PUSH ESI | MOV dword ptr [EDX + 0x4],ECX | PUSH 0x1b | PUSH EBX | LEA ECX,[ESP + 0x70] | MOV dword ptr [EDX + 0x8],EAX | CALL 0x004efe50"
"004efe50","0x004EFF30",0,"004ddde7","UNCONDITIONAL_CALL","004dd4a0",false,0,"PUSH ESI | MOV dword ptr [EDX + 0x4],ECX | PUSH 0x1c | PUSH EBX | LEA ECX,[ESP + 0x70] | MOV dword ptr [EDX + 0x8],EAX | CALL 0x004efe50"
"004efe50","0x004EFF30",0,"004dde56","UNCONDITIONAL_CALL","004dd4a0",false,0,"PUSH ESI | MOV dword ptr [EAX + 0x4],EDX | PUSH 0x9 | MOV dword ptr [EAX + 0x8],ECX | PUSH EBX | LEA ECX,[ESP + 0x70] | CALL 0x004efe50"
"004efe50","0x004EFF30",0,"004ddf52","UNCONDITIONAL_CALL","004dd4a0",false,0,"MOV dword ptr [ECX + 0x8],EDX | CALL 0x004d9c10 | ADD ESP,0x8 | PUSH EAX | PUSH 0x2a | LEA ECX,[ESP + 0x70] | CALL 0x004efe50"
"004efe50","0x004EFF30",0,"004ddffe","UNCONDITIONAL_CALL","004dd4a0",false,0,"MOV dword ptr [EDX + 0x8],EAX | CALL 0x004d9c10 | ADD ESP,0x8 | PUSH EAX | PUSH 0x2a | LEA ECX,[ESP + 0x70] | CALL 0x004efe50"
"004efe50","0x004EFF30",0,"004de0a5","UNCONDITIONAL_CALL","004dd4a0",false,0,"MOV dword ptr [ECX + 0x8],EDX | CALL 0x004d9c10 | ADD ESP,0x8 | PUSH EAX | PUSH 0x2a | LEA ECX,[ESP + 0x70] | CALL 0x004efe50"
"004efe50","0x004EFF30",0,"004de19e","UNCONDITIONAL_CALL","004dd4a0",false,0,"MOV dword ptr [EDX + 0x8],EAX | CALL 0x004d9c10 | ADD ESP,0x8 | PUSH EAX | PUSH 0x2a | LEA ECX,[ESP + 0x70] | CALL 0x004efe50"
"004efe50","0x004EFF30",0,"004de231","UNCONDITIONAL_CALL","004dd4a0",false,0,"PUSH ESI | MOV dword ptr [EAX + 0x4],EDX | PUSH 0x8 | MOV dword ptr [EAX + 0x8],ECX | PUSH EBX | LEA ECX,[ESP + 0x70] | CALL 0x004efe50"
"004efe50","0x004EFF30",0,"004de2db","UNCONDITIONAL_CALL","004dd4a0",false,0,"PUSH ESI | MOV dword ptr [EDX + 0x4],ECX | PUSH 0x4 | PUSH 0x0 | LEA ECX,[ESP + 0x70] | MOV dword ptr [EDX + 0x8],EAX | CALL 0x004efe50"
"004efe50","0x004EFF30",0,"004de345","UNCONDITIONAL_CALL","004dd4a0",false,0,"PUSH ESI | MOV dword ptr [EAX + 0x4],EDX | PUSH 0x5 | MOV dword ptr [EAX + 0x8],ECX | PUSH 0x0 | LEA ECX,[ESP + 0x70] | CALL 0x004efe50"
"004efe50","0x004EFF30",0,"004de51a","UNCONDITIONAL_CALL","004dd4a0",false,0,"PUSH ESI | MOV dword ptr [EAX + 0x4],EDX | PUSH 0x17 | MOV dword ptr [EAX + 0x8],ECX | PUSH EBX | LEA ECX,[ESP + 0x70] | CALL 0x004efe50"
"004efe50","0x004EFF30",0,"004de58b","UNCONDITIONAL_CALL","004dd4a0",false,0,"PUSH ESI | MOV dword ptr [ECX + 0x4],EAX | PUSH 0x17 | MOV dword ptr [ECX + 0x8],EDX | PUSH EBX | LEA ECX,[ESP + 0x70] | CALL 0x004efe50"
"004efe50","0x004EFF30",0,"004de5fc","UNCONDITIONAL_CALL","004dd4a0",false,0,"PUSH ESI | MOV dword ptr [EDX + 0x4],ECX | PUSH 0xa | PUSH EBX | LEA ECX,[ESP + 0x70] | MOV dword ptr [EDX + 0x8],EAX | CALL 0x004efe50"
"004efe50","0x004EFF30",0,"004de678","UNCONDITIONAL_CALL","004dd4a0",false,0,"PUSH ESI | MOV dword ptr [ECX + 0x4],EAX | PUSH 0xb | MOV dword ptr [ECX + 0x8],EDX | PUSH EBX | LEA ECX,[ESP + 0x70] | CALL 0x004efe50"
"004efe50","0x004EFF30",0,"004de710","UNCONDITIONAL_CALL","004dd4a0",false,0,"PUSH ESI | MOV dword ptr [EAX + 0x4],EDX | PUSH 0x12 | MOV dword ptr [EAX + 0x8],ECX | PUSH EBX | LEA ECX,[ESP + 0x70] | CALL 0x004efe50"
"004efe50","0x004EFF30",0,"004de771","UNCONDITIONAL_CALL","004dd4a0",false,0,"PUSH ESI | MOV dword ptr [ECX + 0x4],EAX | PUSH 0x13 | MOV dword ptr [ECX + 0x8],EDX | PUSH EBX | LEA ECX,[ESP + 0x70] | CALL 0x004efe50"
"004efe50","0x004EFF30",0,"004de7eb","UNCONDITIONAL_CALL","004dd4a0",false,0,"PUSH ESI | MOV dword ptr [EDX + 0x4],ECX | PUSH 0x6 | PUSH EBX | LEA ECX,[ESP + 0x70] | MOV dword ptr [EDX + 0x8],EAX | CALL 0x004efe50"
"004efe50","0x004EFF30",0,"004de8c6","UNCONDITIONAL_CALL","004dd4a0",false,0,"PUSH ESI | MOV dword ptr [ECX + 0x4],EAX | PUSH 0xc | MOV dword ptr [ECX + 0x8],EDX | PUSH EBX | LEA ECX,[ESP + 0x70] | CALL 0x004efe50"
"004efe50","0x004EFF30",0,"004de9b7","UNCONDITIONAL_CALL","004dd4a0",false,0,"PUSH ESI | MOV dword ptr [ECX + 0x4],EAX | PUSH 0xd | MOV dword ptr [ECX + 0x8],EDX | PUSH EBX | LEA ECX,[ESP + 0x70] | CALL 0x004efe50"
"004efe50","0x004EFF30",0,"004dea51","UNCONDITIONAL_CALL","004dd4a0",false,0,"PUSH ESI | MOV dword ptr [EAX + 0x4],EDX | PUSH 0x3 | MOV dword ptr [EAX + 0x8],ECX | PUSH EBX | LEA ECX,[ESP + 0x70] | CALL 0x004efe50"
"004efe50","0x004EFF30",0,"004deaf3","UNCONDITIONAL_CALL","004dd4a0",false,0,"PUSH ESI | MOV dword ptr [EDX + 0x4],ECX | PUSH 0x18 | PUSH EBX | LEA ECX,[ESP + 0x70] | MOV dword ptr [EDX + 0x8],EAX | CALL 0x004efe50"
"004efe50","0x004EFF30",0,"004debc5","UNCONDITIONAL_CALL","004dd4a0",false,0,"PUSH ESI | MOV dword ptr [EAX + 0x8],ECX | LEA ECX,[ESP + 0x68] | SHL EDX,0x1 | PUSH EDX | PUSH 0x2 | CALL 0x004efe50"
"004efe50","0x004EFF30",0,"004dec37","UNCONDITIONAL_CALL","004dd4a0",false,0,"MOV dword ptr [EDX + 0x8],EAX | PUSH ESI | LEA EDX,[ECX + ECX*0x1 + 0x1] | PUSH EDX | PUSH 0x5 | LEA ECX,[ESP + 0x70] | CALL 0x004efe50"
"004efe50","0x004EFF30",0,"004ec667","UNCONDITIONAL_CALL","004ec550",false,0,"PUSH EDI | PUSH EAX | LEA ESI,[EDI + 0x8] | PUSH ECX | MOV ECX,ESI | MOV dword ptr [EDX + 0x8],EBP | CALL 0x004efe50"
"004efe50","0x004EFF30",0,"004db3cc","UNCONDITIONAL_CALL","004db150",false,0,"PUSH EBX | MOV dword ptr [EDX + 0x4],EAX | PUSH EDI | MOV dword ptr [EDX + 0x8],ECX | PUSH EBP | LEA ECX,[ESP + 0x64] | CALL 0x004efe50"
"004efe50","0x004EFF30",0,"004db74f","UNCONDITIONAL_CALL","004db450",false,0,"MOV EBX,dword ptr [ESP + 0x44] | PUSH EBX | PUSH EAX | MOV dword ptr [EDX + 0x8],ECX | PUSH 0x2 | LEA ECX,[ESP + 0x60] | CALL 0x004efe50"
"004efe50","0x004EFF30",0,"004ec8ad","UNCONDITIONAL_CALL","004ec6d0",false,0,"PUSH EBP | PUSH EAX | LEA ESI,[EBP + 0x8] | PUSH ECX | MOV ECX,ESI | MOV dword ptr [EDX + 0x8],EDI | CALL 0x004efe50"
"004efe50","0x004EFF30",0,"004dabef","UNCONDITIONAL_CALL","004dab60",false,0,"PUSH ESI | MOV dword ptr [EDX + 0x4],ECX | PUSH 0x38 | PUSH 0x2 | MOV ECX,EDI | MOV dword ptr [EDX + 0x8],EAX | CALL 0x004efe50"
"004efe50","0x004EFF30",0,"004dac65","UNCONDITIONAL_CALL","004dab60",false,0,"MOV EDX,dword ptr [EBX + 0x8] | PUSH ESI | PUSH EAX | MOV dword ptr [ECX + 0x8],EDX | PUSH 0x2 | MOV ECX,EDI | CALL 0x004efe50"
"004efe50","0x004EFF30",0,"004f7635","UNCONDITIONAL_CALL","004f7580",false,0,"MOV dword ptr [EDX + 0x4],ECX | PUSH 0xc | LEA EDI,[ESI + 0x8] | PUSH 0x13 | MOV ECX,EDI | MOV dword ptr [EDX + 0x8],EAX | CALL 0x004efe50"
"004efe50","0x004EFF30",0,"004e70fb","UNCONDITIONAL_CALL","004e6f60",false,0,"MOV DX,word ptr [ECX + ESI*0x4 + 0x2] | ADD EAX,0x21 | LEA ECX,[ESP + 0x4c] | MOV dword ptr [ESP + 0x3c],ESI | PUSH EDX | PUSH EAX | CALL 0x004efe50"
"004efe50","0x004EFF30",0,"00503bdf","UNCONDITIONAL_CALL","00503b20",false,0,"MOV dword ptr [ECX + 0x4],EDX | PUSH 0x51 | LEA ESI,[EDI + 0x8] | MOV dword ptr [ECX + 0x8],EAX | PUSH 0x5 | MOV ECX,ESI | CALL 0x004efe50"
"004efe50","0x004EFF30",0,"00503c96","UNCONDITIONAL_CALL","00503b20",false,0,"PUSH EDI | MOV dword ptr [ECX + 0x4],EDX | PUSH 0x2f | MOV dword ptr [ECX + 0x8],EAX | PUSH 0x2 | MOV ECX,ESI | CALL 0x004efe50"
"004efe50","0x004EFF30",0,"00503a36","UNCONDITIONAL_CALL","00503910",false,0,"MOV dword ptr [EDX + 0x4],ECX | PUSH 0x0 | LEA EDI,[ESI + 0x8] | PUSH 0x28 | MOV ECX,EDI | MOV dword ptr [EDX + 0x8],EAX | CALL 0x004efe50"
"004efe50","0x004EFF30",0,"00503ae0","UNCONDITIONAL_CALL","00503910",false,0,"MOV dword ptr [ECX + 0x4],EDX | PUSH 0x1 | LEA EDI,[ESI + 0x8] | MOV dword ptr [ECX + 0x8],EAX | PUSH 0x28 | MOV ECX,EDI | CALL 0x004efe50"
"004efe50","0x004EFF30",0,"004dad8a","UNCONDITIONAL_CALL","004dab60",false,0,"MOV dword ptr [EDX + 0x4],EBX | PUSH EAX | LEA EDI,[ESI + 0x8] | MOV dword ptr [EDX + 0x8],ECX | PUSH 0x2 | MOV ECX,EDI | CALL 0x004efe50"
"004efe50","0x004EFF30",0,"004da128","UNCONDITIONAL_CALL","004da070",false,0,"PUSH ESI | MOV dword ptr [ECX + 0x4],EBP | PUSH EAX | MOV dword ptr [ECX + 0x8],EDX | PUSH 0x2 | MOV ECX,EDI | CALL 0x004efe50"
"004efe50","0x004EFF30",0,"004db9bf","UNCONDITIONAL_CALL","004db98b",false,0,"PUSH EDI | MOV dword ptr [EAX + 0x4],ECX | PUSH ESI | PUSH 0x3 | LEA ECX,[ESP + 0x48] | MOV dword ptr [EAX + 0x8],EDX | CALL 0x004efe50"
"004efe50","0x004EFF30",0,"004dcced","UNCONDITIONAL_CALL","004dcbe7",false,0,"PUSH ESI | MOV dword ptr [ECX + 0x4],EDX | PUSH 0x4 | MOV dword ptr [ECX + 0x8],EAX | PUSH 0x4 | LEA ECX,[ESP + 0x78] | CALL 0x004efe50"
"004efe50","0x004EFF30",0,"004dcd3f","UNCONDITIONAL_CALL","004dcbe7",false,0,"PUSH ESI | MOV dword ptr [ECX + 0x4],EDX | PUSH 0x3 | MOV dword ptr [ECX + 0x8],EAX | PUSH 0x4 | LEA ECX,[ESP + 0x78] | CALL 0x004efe50"
"004efe50","0x004EFF30",0,"004dcd91","UNCONDITIONAL_CALL","004dcbe7",false,0,"PUSH ESI | MOV dword ptr [ECX + 0x4],EDX | PUSH 0x2 | MOV dword ptr [ECX + 0x8],EAX | PUSH 0x4 | LEA ECX,[ESP + 0x78] | CALL 0x004efe50"
"004efe50","0x004EFF30",0,"004dce79","UNCONDITIONAL_CALL","004dcbe7",false,0,"PUSH ESI | MOV dword ptr [EDX + 0x4],ECX | PUSH 0x1 | PUSH 0x4 | LEA ECX,[ESP + 0x78] | MOV dword ptr [EDX + 0x8],EAX | CALL 0x004efe50"
"004efe50","0x004EFF30",0,"004dceca","UNCONDITIONAL_CALL","004dcbe7",false,0,"PUSH ESI | MOV dword ptr [EAX + 0x4],EDX | PUSH 0x1 | MOV dword ptr [EAX + 0x8],ECX | PUSH 0x4 | LEA ECX,[ESP + 0x78] | CALL 0x004efe50"
"004efe50","0x004EFF30",0,"004df52d","UNCONDITIONAL_CALL","004df210",false,0,"PUSH ESI | MOV dword ptr [EAX + 0x4],EDX | PUSH 0xd | MOV dword ptr [EAX + 0x8],ECX | PUSH 0x11 | LEA ECX,[ESP + 0x58] | CALL 0x004efe50"
"004efe50","0x004EFF30",0,"004df634","UNCONDITIONAL_CALL","004df210",false,0,"PUSH ESI | MOV dword ptr [EDX + 0x4],ECX | PUSH 0x3 | PUSH 0x2 | LEA ECX,[ESP + 0x58] | MOV dword ptr [EDX + 0x8],EAX | CALL 0x004efe50"
"004efe50","0x004EFF30",0,"004df6a6","UNCONDITIONAL_CALL","004df210",false,0,"PUSH ESI | MOV dword ptr [EDX + 0x4],ECX | PUSH 0x3 | PUSH 0x2 | LEA ECX,[ESP + 0x58] | MOV dword ptr [EDX + 0x8],EAX | CALL 0x004efe50"
"004efe50","0x004EFF30",0,"004df71e","UNCONDITIONAL_CALL","004df210",false,0,"MOV dword ptr [ECX + 0x4],EAX | PUSH ESI | PUSH 0x3 | MOV dword ptr [ECX + 0x8],EDX | PUSH 0x2 | LEA ECX,[ESP + 0x58] | CALL 0x004efe50"
"004efe50","0x004EFF30",0,"004df938","UNCONDITIONAL_CALL","004df210",false,0,"PUSH ESI | MOV dword ptr [EDX + 0x4],ECX | PUSH 0xd | PUSH 0x11 | LEA ECX,[ESP + 0x58] | MOV dword ptr [EDX + 0x8],EAX | CALL 0x004efe50"
"004efe50","0x004EFF30",0,"004db0a2","UNCONDITIONAL_CALL","004dae40",false,0,"MOV dword ptr [ECX + 0x4],EDX | PUSH 0x43 | LEA ESI,[EDI + 0x8] | MOV dword ptr [ECX + 0x8],EAX | PUSH 0x2 | MOV ECX,ESI | CALL 0x004efe50"
"004efe50","0x004EFF30",0,"004db104","UNCONDITIONAL_CALL","004dae40",false,0,"PUSH EDI | MOV dword ptr [ECX + 0x4],EDX | PUSH 0x42 | MOV dword ptr [ECX + 0x8],EAX | PUSH 0x2 | MOV ECX,ESI | CALL 0x004efe50"
"004efe50","0x004EFF30",0,"004da229","UNCONDITIONAL_CALL","004da190",false,0,"PUSH ESI | MOV dword ptr [EDX + 0x4],EAX | PUSH 0x43 | MOV dword ptr [EDX + 0x8],ECX | PUSH 0x2 | MOV ECX,EDI | CALL 0x004efe50"
"004efe50","0x004EFF30",0,"004da271","UNCONDITIONAL_CALL","004da190",false,0,"PUSH ESI | MOV dword ptr [EDX + 0x4],EAX | PUSH 0x42 | MOV dword ptr [EDX + 0x8],ECX | PUSH 0x2 | MOV ECX,EDI | CALL 0x004efe50"
"004efe50","0x004EFF30",0,"004f6536","UNCONDITIONAL_CALL","004f6427",false,0,"PUSH ESI | MOV dword ptr [ECX + 0x4],EDI | PUSH EDX | MOV dword ptr [ECX + 0x8],EAX | PUSH 0x13 | LEA ECX,[ESP + 0x4c] | CALL 0x004efe50"
"004efe50","0x004EFF30",0,"004f66a2","UNCONDITIONAL_CALL","004f6427",false,0,"MOV dword ptr [EDX],ECX | MOV ECX,dword ptr [EAX + 0x4] | MOV EAX,dword ptr [EAX + 0x8] | MOV dword ptr [EDX + 0x4],ECX | LEA ECX,[ESP + 0x4c] | MOV dword ptr [EDX + 0x8],EAX | CALL 0x004efe50"
"004efe50","0x004EFF30",0,"004f67dd","UNCONDITIONAL_CALL","004f6427",false,0,"PUSH ESI | MOV dword ptr [EDX + 0x4],ECX | PUSH 0x42 | PUSH 0x2 | LEA ECX,[ESP + 0x4c] | MOV dword ptr [EDX + 0x8],EAX | CALL 0x004efe50"
"004efe50","0x004EFF30",0,"004f68a3","UNCONDITIONAL_CALL","004f6427",false,0,"XOR EDX,EDX | MOV DX,word ptr [ESI + 0xe0] | PUSH ESI | PUSH EAX | LEA ECX,[ESP + 0x48] | PUSH EDX | CALL 0x004efe50"
"004efe50","0x004EFF30",0,"004f6990","UNCONDITIONAL_CALL","004f6427",false,0,"PUSH ESI | MOV dword ptr [EDX + 0x4],ECX | PUSH 0x1d | PUSH 0x2 | LEA ECX,[ESP + 0x4c] | MOV dword ptr [EDX + 0x8],EAX | CALL 0x004efe50"
"004efe50","0x004EFF30",0,"004f6a69","UNCONDITIONAL_CALL","004f6427",false,0,"PUSH ESI | MOV dword ptr [EDX + 0x4],ECX | PUSH 0x21 | PUSH 0x2 | LEA ECX,[ESP + 0x4c] | MOV dword ptr [EDX + 0x8],EAX | CALL 0x004efe50"
"004efe50","0x004EFF30",0,"004f6aff","UNCONDITIONAL_CALL","004f6427",false,0,"PUSH ESI | MOV dword ptr [EDX + 0x4],EBP | PUSH EAX | MOV dword ptr [EDX + 0x8],ECX | PUSH 0x2 | LEA ECX,[ESP + 0x4c] | CALL 0x004efe50"
"004efe50","0x004EFF30",0,"004f6bda","UNCONDITIONAL_CALL","004f6427",false,0,"PUSH ESI | MOV dword ptr [EDX + 0x4],EDI | PUSH EAX | MOV dword ptr [EDX + 0x8],ECX | PUSH 0x2 | LEA ECX,[ESP + 0x4c] | CALL 0x004efe50"
"004efe50","0x004EFF30",0,"004f6cb3","UNCONDITIONAL_CALL","004f6427",false,0,"PUSH ESI | MOV dword ptr [EDX + 0x4],ECX | PUSH 0x1f | PUSH 0x2 | LEA ECX,[ESP + 0x4c] | MOV dword ptr [EDX + 0x8],EAX | CALL 0x004efe50"
"004efe50","0x004EFF30",0,"004f6d49","UNCONDITIONAL_CALL","004f6427",false,0,"PUSH ESI | MOV dword ptr [EDX + 0x4],EBP | PUSH EAX | MOV dword ptr [EDX + 0x8],ECX | PUSH 0x2 | LEA ECX,[ESP + 0x4c] | CALL 0x004efe50"
"004efe50","0x004EFF30",0,"004f6e0b","UNCONDITIONAL_CALL","004f6427",false,0,"PUSH ESI | MOV dword ptr [ECX + 0x4],EDX | PUSH 0x53 | MOV dword ptr [ECX + 0x8],EAX | PUSH 0x5 | LEA ECX,[ESP + 0x4c] | CALL 0x004efe50"
"004efe50","0x004EFF30",0,"004f6ea6","UNCONDITIONAL_CALL","004f6427",false,0,"PUSH ESI | MOV dword ptr [ECX + 0x4],EDX | PUSH 0x25 | MOV dword ptr [ECX + 0x8],EAX | PUSH 0x13 | LEA ECX,[ESP + 0x4c] | CALL 0x004efe50"
"004efe50","0x004EFF30",0,"004f6f47","UNCONDITIONAL_CALL","004f6427",false,0,"PUSH ESI | MOV dword ptr [EDX + 0x4],ECX | PUSH 0x1f | PUSH 0x13 | LEA ECX,[ESP + 0x4c] | MOV dword ptr [EDX + 0x8],EAX | CALL 0x004efe50"
"004efe50","0x004EFF30",0,"004f6fe8","UNCONDITIONAL_CALL","004f6427",false,0,"PUSH ESI | MOV dword ptr [EDX + 0x4],ECX | PUSH 0x2c | PUSH 0x13 | LEA ECX,[ESP + 0x4c] | MOV dword ptr [EDX + 0x8],EAX | CALL 0x004efe50"
"004efe50","0x004EFF30",0,"004f7095","UNCONDITIONAL_CALL","004f6427",false,0,"PUSH ESI | MOV dword ptr [EDX + 0x4],ECX | PUSH 0x2c | PUSH 0x13 | LEA ECX,[ESP + 0x4c] | MOV dword ptr [EDX + 0x8],EAX | CALL 0x004efe50"
"004efe50","0x004EFF30",0,"004f7142","UNCONDITIONAL_CALL","004f6427",false,0,"PUSH ESI | MOV dword ptr [EDX + 0x4],ECX | PUSH 0x26 | PUSH 0x13 | LEA ECX,[ESP + 0x4c] | MOV dword ptr [EDX + 0x8],EAX | CALL 0x004efe50"
"004efe50","0x004EFF30",0,"004f71e3","UNCONDITIONAL_CALL","004f6427",false,0,"PUSH ESI | MOV dword ptr [EDX + 0x4],ECX | PUSH 0x26 | PUSH 0x13 | LEA ECX,[ESP + 0x4c] | MOV dword ptr [EDX + 0x8],EAX | CALL 0x004efe50"
"004efe50","0x004EFF30",0,"004f7294","UNCONDITIONAL_CALL","004f6427",false,0,"PUSH ESI | MOV dword ptr [EDX + 0x4],ECX | PUSH 0x4 | PUSH 0x28 | LEA ECX,[ESP + 0x4c] | MOV dword ptr [EDX + 0x8],EAX | CALL 0x004efe50"
"004efe50","0x004EFF30",0,"004f736c","UNCONDITIONAL_CALL","004f6427",false,0,"PUSH ESI | MOV dword ptr [ECX + 0x4],EDX | PUSH 0x46 | MOV dword ptr [ECX + 0x8],EAX | PUSH 0x5 | LEA ECX,[ESP + 0x4c] | CALL 0x004efe50"
"004efe50","0x004EFF30",0,"004f744c","UNCONDITIONAL_CALL","004f6427",false,0,"PUSH ESI | MOV dword ptr [ECX + 0x4],EDX | PUSH 0x46 | MOV dword ptr [ECX + 0x8],EAX | PUSH 0x5 | LEA ECX,[ESP + 0x4c] | CALL 0x004efe50"
"004efe50","0x004EFF30",0,"004dc7fe","UNCONDITIONAL_CALL","004dc6d0",false,0,"MOV EDX,dword ptr [ESP + 0xd0] | PUSH EBP | PUSH EDX | MOV dword ptr [ECX + 0x8],ESI | PUSH 0x1f | LEA ECX,[ESP + 0x58] | CALL 0x004efe50"
"004efe50","0x004EFF30",0,"00503e58","UNCONDITIONAL_CALL","00503cf0",false,0,"PUSH ESI | PUSH ECX | LEA EBX,[ESI + 0x8] | PUSH 0x5 | MOV ECX,EBX | MOV dword ptr [EDX + 0x8],EAX | CALL 0x004efe50"
"004efe50","0x004EFF30",0,"00503eec","UNCONDITIONAL_CALL","00503cf0",false,0,"PUSH ESI | PUSH ECX | LEA EBX,[ESI + 0x8] | PUSH 0x5 | MOV ECX,EBX | MOV dword ptr [EDX + 0x8],EAX | CALL 0x004efe50"
"004efe50","0x004EFF30",0,"005040dc","UNCONDITIONAL_CALL","00503cf0",false,0,"PUSH ESI | PUSH EAX | LEA EBX,[ESI + 0x8] | MOV dword ptr [ECX + 0x8],EDX | PUSH 0x5 | MOV ECX,EBX | CALL 0x004efe50"
"004efe50","0x004EFF30",0,"00504153","UNCONDITIONAL_CALL","00503cf0",false,0,"PUSH ESI | PUSH EAX | LEA EBX,[ESI + 0x8] | MOV dword ptr [EDX + 0x8],ECX | PUSH 0x5 | MOV ECX,EBX | CALL 0x004efe50"
"004efe50","0x004EFF30",0,"005041df","UNCONDITIONAL_CALL","00503cf0",false,0,"MOV ECX,dword ptr [ESP + 0x74] | PUSH ESI | PUSH ECX | LEA EBX,[ESI + 0x8] | PUSH 0x5 | MOV ECX,EBX | CALL 0x004efe50"
"004efe50","0x004EFF30",0,"00504277","UNCONDITIONAL_CALL","00503cf0",false,0,"PUSH ESI | PUSH ECX | LEA EBX,[ESI + 0x8] | PUSH 0x5 | MOV ECX,EBX | MOV dword ptr [EDX + 0x8],EAX | CALL 0x004efe50"
"004efe50","0x004EFF30",0,"005043b5","UNCONDITIONAL_CALL","00503cf0",false,0,"PUSH ESI | PUSH ECX | LEA EBX,[ESI + 0x8] | PUSH 0x5 | MOV ECX,EBX | MOV dword ptr [EDX + 0x8],EAX | CALL 0x004efe50"
"004efe50","0x004EFF30",0,"0050443e","UNCONDITIONAL_CALL","00503cf0",false,0,"MOV ECX,dword ptr [ESP + 0x7c] | PUSH ESI | PUSH ECX | PUSH 0x5 | MOV ECX,EBX | MOV dword ptr [EDX + 0x8],EAX | CALL 0x004efe50"
"004efe50","0x004EFF30",0,"00503818","UNCONDITIONAL_CALL","00503690",false,0,"PUSH ECX | LEA ESI,[EBX + 0x8] | MOV dword ptr [EDX + 0x4],EBP | PUSH 0x5 | MOV ECX,ESI | MOV dword ptr [EDX + 0x8],EAX | CALL 0x004efe50"
"004efe50","0x004EFF30",0,"004df150","UNCONDITIONAL_CALL","004df060",false,0,"PUSH EDI | MOV dword ptr [ECX + 0x4],EDX | PUSH 0x44 | MOV dword ptr [ECX + 0x8],EAX | PUSH 0x5 | MOV ECX,ESI | CALL 0x004efe50"
"004efe50","0x004EFF30",0,"004df1ee","UNCONDITIONAL_CALL","004df060",false,0,"PUSH EDI | MOV dword ptr [EDX + 0x4],ECX | PUSH 0x1a | PUSH 0x13 | MOV ECX,ESI | MOV dword ptr [EDX + 0x8],EAX | CALL 0x004efe50"
"004efe50","0x004EFF30",0,"00504539","UNCONDITIONAL_CALL","00504470",false,0,"PUSH ECX | LEA EDI,[ESI + 0x8] | MOV dword ptr [EDX + 0x4],EBP | PUSH 0x5 | MOV ECX,EDI | MOV dword ptr [EDX + 0x8],EAX | CALL 0x004efe50"
"004efe50","0x004EFF30",0,"005045e6","UNCONDITIONAL_CALL","00504470",false,0,"PUSH ESI | PUSH ECX | MOV dword ptr [EDX + 0x4],EBP | PUSH 0x13 | MOV ECX,EDI | MOV dword ptr [EDX + 0x8],EAX | CALL 0x004efe50"
"004efe50","0x004EFF30",0,"005046c5","UNCONDITIONAL_CALL","00504610",false,0,"MOV ECX,dword ptr [ESP + 0x40] | PUSH EDI | PUSH ECX | LEA ESI,[EDI + 0x8] | PUSH 0x5 | MOV ECX,ESI | CALL 0x004efe50"
"004efe50","0x004EFF30",0,"005047a2","UNCONDITIONAL_CALL","005046f0",false,0,"MOV dword ptr [EDX + 0x4],ECX | PUSH 0x2d | LEA ESI,[EDI + 0x8] | PUSH 0x5 | MOV ECX,ESI | MOV dword ptr [EDX + 0x8],EAX | CALL 0x004efe50"
"004efe50","0x004EFF30",0,"004e17b5","UNCONDITIONAL_CALL","004e1681",false,0,"MOV dword ptr [EDX + 0x4],EBP | PUSH EAX | LEA EDI,[EBX + 0x8] | MOV dword ptr [EDX + 0x8],ECX | PUSH ESI | MOV ECX,EDI | CALL 0x004efe50"
"004efe50","0x004EFF30",0,"005048d9","UNCONDITIONAL_CALL","005047c0",false,0,"MOV dword ptr [EDX + 0x4],ECX | PUSH 0xe | LEA EDI,[ESI + 0x8] | PUSH 0x5 | MOV ECX,EDI | MOV dword ptr [EDX + 0x8],EAX | CALL 0x004efe50"
"004efe50","0x004EFF30",0,"004e18ba","UNCONDITIONAL_CALL","004e17e0",false,0,"MOV dword ptr [ECX + 0x4],EBX | PUSH EDX | LEA ESI,[EDI + 0x8] | MOV dword ptr [ECX + 0x8],EAX | PUSH 0x29 | MOV ECX,ESI | CALL 0x004efe50"
"004efe50","0x004EFF30",0,"0050361e","UNCONDITIONAL_CALL","00503500",false,0,"MOV dword ptr [ECX + 0x4],EAX | PUSH EBP | LEA EDI,[ESI + 0x8] | MOV dword ptr [ECX + 0x8],EDX | PUSH 0x5 | MOV ECX,EDI | CALL 0x004efe50"
"004efe50","0x004EFF30",0,"0050366b","UNCONDITIONAL_CALL","00503500",false,0,"PUSH ESI | MOV dword ptr [ECX + 0x4],EAX | PUSH EBP | MOV dword ptr [ECX + 0x8],EDX | PUSH 0x5 | MOV ECX,EDI | CALL 0x004efe50"
"004efe50","0x004EFF30",0,"004e1a13","UNCONDITIONAL_CALL","004e18e0",false,0,"PUSH ECX | LEA ESI,[EDI + 0x8] | MOV dword ptr [EDX + 0x4],EBP | PUSH EBX | MOV ECX,ESI | MOV dword ptr [EDX + 0x8],EAX | CALL 0x004efe50"
"004efe50","0x004EFF30",0,"004e1bee","UNCONDITIONAL_CALL","004e1a40",false,0,"MOV dword ptr [ECX + 0x4],EDX | PUSH EBX | LEA EDI,[ESI + 0x8] | MOV dword ptr [ECX + 0x8],EAX | PUSH 0x5 | MOV ECX,EDI | CALL 0x004efe50"
"004efe50","0x004EFF30",0,"004e2109","UNCONDITIONAL_CALL","004e1eba",false,0,"PUSH ESI | PUSH ECX | LEA EDI,[ESI + 0x8] | PUSH 0x5 | MOV ECX,EDI | MOV dword ptr [EDX + 0x8],EAX | CALL 0x004efe50"
"004efe50","0x004EFF30",0,"004e21cc","UNCONDITIONAL_CALL","004e1eba",false,0,"MOV dword ptr [ECX + 0x8],EAX | MOV ECX,dword ptr [ESP + 0x48] | PUSH EBX | LEA EDI,[ESI + 0x8] | PUSH ECX | MOV ECX,EDI | CALL 0x004efe50"
"004efe50","0x004EFF30",0,"004e2626","UNCONDITIONAL_CALL","004e2350",false,0,"MOV dword ptr [EDX + 0x4],ECX | PUSH 0x0 | LEA EDI,[ESI + 0x8] | PUSH 0x29 | MOV ECX,EDI | MOV dword ptr [EDX + 0x8],EAX | CALL 0x004efe50"
"004efe50","0x004EFF30",0,"004e274c","UNCONDITIONAL_CALL","004e26a0",false,0,"PUSH ECX | LEA EDI,[ESI + 0x8] | MOV dword ptr [EDX + 0x4],EBX | PUSH 0x20 | MOV ECX,EDI | MOV dword ptr [EDX + 0x8],EAX | CALL 0x004efe50"
"004efe50","0x004EFF30",0,"004e2859","UNCONDITIONAL_CALL","004e2790",false,0,"MOV dword ptr [EDX + 0x4],ECX | PUSH 0x3 | LEA EDI,[ESI + 0x8] | PUSH 0x2 | MOV ECX,EDI | MOV dword ptr [EDX + 0x8],EAX | CALL 0x004efe50"
"004efe50","0x004EFF30",0,"004e2d72","UNCONDITIONAL_CALL","004e2bb7",false,0,"PUSH ESI | MOV dword ptr [EDX + 0x4],ECX | PUSH 0x1d | PUSH 0x2 | LEA ECX,[ESP + 0x48] | MOV dword ptr [EDX + 0x8],EAX | CALL 0x004efe50"
"004efe50","0x004EFF30",0,"004e2e0f","UNCONDITIONAL_CALL","004e2bb7",false,0,"PUSH ESI | MOV dword ptr [EDX + 0x4],EDI | PUSH EAX | MOV dword ptr [EDX + 0x8],ECX | PUSH 0x2 | LEA ECX,[ESP + 0x48] | CALL 0x004efe50"
"004efe50","0x004EFF30",0,"004e24f5","UNCONDITIONAL_CALL","004e2350",false,0,"MOV ECX,dword ptr [ESP + 0x40] | PUSH ESI | PUSH ECX | LEA EBX,[ESI + 0x8] | PUSH 0x5 | MOV ECX,EBX | CALL 0x004efe50"
"004efe50","0x004EFF30",0,"004e258a","UNCONDITIONAL_CALL","004e2350",false,0,"PUSH ESI | PUSH ECX | LEA EBX,[ESI + 0x8] | PUSH 0x5 | MOV ECX,EBX | MOV dword ptr [EDX + 0x8],EAX | CALL 0x004efe50"
"004efe50","0x004EFF30",0,"004dd17c","UNCONDITIONAL_CALL","004dd0d0",false,0,"PUSH ESI | MOV dword ptr [ECX + 0x4],EDX | PUSH 0x0 | MOV dword ptr [ECX + 0x8],EAX | PUSH 0x4 | LEA ECX,[ESP + 0x48] | CALL 0x004efe50"
"004efe50","0x004EFF30",0,"004dd1f7","UNCONDITIONAL_CALL","004dd0d0",false,0,"PUSH ESI | MOV dword ptr [EDX + 0x4],ECX | PUSH 0x1a | PUSH 0x13 | LEA ECX,[ESP + 0x48] | MOV dword ptr [EDX + 0x8],EAX | CALL 0x004efe50"
"004efe50","0x004EFF30",0,"004dd2ff","UNCONDITIONAL_CALL","004dd270",false,0,"PUSH ESI | MOV dword ptr [EDX + 0x4],EAX | PUSH 0x3 | MOV dword ptr [EDX + 0x8],ECX | PUSH 0x2 | LEA ECX,[ESP + 0x44] | CALL 0x004efe50"
"004efe50","0x004EFF30",0,"004dd369","UNCONDITIONAL_CALL","004dd270",false,0,"PUSH ESI | MOV dword ptr [EAX + 0x4],EDX | PUSH 0x0 | MOV dword ptr [EAX + 0x8],ECX | PUSH 0x0 | LEA ECX,[ESP + 0x44] | CALL 0x004efe50"
"004efe50","0x004EFF30",0,"004e2969","UNCONDITIONAL_CALL","004e28a0",false,0,"MOV dword ptr [ECX + 0x4],EDX | PUSH 0x1a | LEA EDI,[ESI + 0x8] | MOV dword ptr [ECX + 0x8],EAX | PUSH 0x13 | MOV ECX,EDI | CALL 0x004efe50"
"004efe50","0x004EFF30",0,"004e29d9","UNCONDITIONAL_CALL","004e28a0",false,0,"PUSH ESI | MOV dword ptr [ECX + 0x4],EDX | PUSH 0xa | MOV dword ptr [ECX + 0x8],EAX | PUSH 0x5 | MOV ECX,EDI | CALL 0x004efe50"
"004efe50","0x004EFF30",0,"004e2a49","UNCONDITIONAL_CALL","004e28a0",false,0,"PUSH ESI | MOV dword ptr [ECX + 0x4],EDX | PUSH 0x0 | MOV dword ptr [ECX + 0x8],EAX | PUSH 0x0 | MOV ECX,EDI | CALL 0x004efe50"
"004efe50","0x004EFF30",0,"005038e8","UNCONDITIONAL_CALL","00503870",false,0,"PUSH EDI | MOV dword ptr [ECX + 0x4],EDX | PUSH 0xa | MOV dword ptr [ECX + 0x8],EAX | PUSH 0x5 | MOV ECX,ESI | CALL 0x004efe50"
"004efe50","0x004EFF30",0,"004ec42c","UNCONDITIONAL_CALL","004ec270",false,0,"PUSH EDI | MOV dword ptr [EDX + 0x8],ESI | PUSH EAX | ADD ECX,0x1a | PUSH ECX | LEA ECX,[ESP + 0x60] | CALL 0x004efe50"
"004efe50","0x004EFF30",0,"004f85e4","UNCONDITIONAL_CALL","004f84d0",false,0,"PUSH ESI | MOV dword ptr [ECX + 0x4],EDX | PUSH EDI | MOV dword ptr [ECX + 0x8],EAX | PUSH 0x13 | LEA ECX,[ESP + 0x48] | CALL 0x004efe50"
"004efe50","0x004EFF30",0,"004f8764","UNCONDITIONAL_CALL","004f8650",false,0,"PUSH ESI | MOV dword ptr [ECX + 0x4],EDX | PUSH EDI | MOV dword ptr [ECX + 0x8],EAX | PUSH 0x13 | LEA ECX,[ESP + 0x48] | CALL 0x004efe50"
"004efe50","0x004EFF30",0,"004f88e0","UNCONDITIONAL_CALL","004f87d0",false,0,"PUSH ESI | MOV dword ptr [ECX + 0x4],EDX | PUSH EDI | MOV dword ptr [ECX + 0x8],EAX | PUSH 0x13 | LEA ECX,[ESP + 0x48] | CALL 0x004efe50"
"004efe50","0x004EFF30",0,"004f982f","UNCONDITIONAL_CALL","004f9710",false,0,"PUSH ESI | MOV dword ptr [ECX + 0x4],EBX | PUSH EDX | MOV dword ptr [ECX + 0x8],EAX | PUSH 0x2 | LEA ECX,[ESP + 0x44] | CALL 0x004efe50"
"004efe50","0x004EFF30",0,"004f98e0","UNCONDITIONAL_CALL","004f9710",false,0,"MOV dword ptr [ECX + 0x8],EAX | MOV ECX,dword ptr [ESP + 0xc4] | PUSH ESI | PUSH ECX | PUSH EDX | LEA ECX,[ESP + 0x44] | CALL 0x004efe50"
"004efe50","0x004EFF30",0,"004f9944","UNCONDITIONAL_CALL","004f9710",false,0,"MOV dword ptr [ECX + 0x8],EAX | MOV ECX,dword ptr [ESP + 0xc4] | PUSH ESI | PUSH ECX | PUSH EDX | LEA ECX,[ESP + 0x44] | CALL 0x004efe50"
"004efe50","0x004EFF30",0,"004f9f5b","UNCONDITIONAL_CALL","004f9e9b",false,0,"MOV dword ptr [EDX + 0x8],EAX | MOV EDX,dword ptr [ESP + 0x44] | PUSH ECX | LEA EDI,[ESI + 0x8] | PUSH EDX | MOV ECX,EDI | CALL 0x004efe50"
"004efe50","0x004EFF30",0,"004f9fd6","UNCONDITIONAL_CALL","004f9e9b",false,0,"MOV dword ptr [EDX + 0x8],EAX | MOV EDX,dword ptr [ESP + 0x44] | PUSH ECX | LEA EDI,[ESI + 0x8] | PUSH EDX | MOV ECX,EDI | CALL 0x004efe50"
"004efe50","0x004EFF30",0,"004fa05e","UNCONDITIONAL_CALL","004f9e9b",false,0,"MOV dword ptr [EDX + 0x8],EAX | MOV EDX,dword ptr [ESP + 0x44] | PUSH ECX | LEA EDI,[ESI + 0x8] | PUSH EDX | MOV ECX,EDI | CALL 0x004efe50"
"004efe50","0x004EFF30",0,"004fa25e","UNCONDITIONAL_CALL","004fa1c0",false,0,"MOV dword ptr [EDX + 0x8],EAX | MOV EDX,dword ptr [ESP + 0x44] | PUSH ECX | LEA EDI,[ESI + 0x8] | PUSH EDX | MOV ECX,EDI | CALL 0x004efe50"
"004efe50","0x004EFF30",0,"004fa2e0","UNCONDITIONAL_CALL","004fa1c0",false,0,"MOV ECX,dword ptr [ESP + 0x44] | PUSH ESI | PUSH ECX | LEA EDI,[ESI + 0x8] | PUSH EDX | MOV ECX,EDI | CALL 0x004efe50"
"004efe50","0x004EFF30",0,"004fa378","UNCONDITIONAL_CALL","004fa1c0",false,0,"MOV dword ptr [EDX + 0x8],EAX | MOV EDX,dword ptr [ESP + 0x44] | PUSH ECX | LEA EDI,[ESI + 0x8] | PUSH EDX | MOV ECX,EDI | CALL 0x004efe50"
"004efe50","0x004EFF30",0,"004f7ff6","UNCONDITIONAL_CALL","004f7f20",false,0,"XOR ECX,ECX | MOV CX,word ptr [ESI + 0xe0] | PUSH ESI | PUSH EDX | PUSH ECX | LEA ECX,[ESP + 0x48] | CALL 0x004efe50"
"004efe50","0x004EFF30",0,"00502fe4","UNCONDITIONAL_CALL","00502f8d",false,0,"MOV dword ptr [EDX + 0x8],EAX | MOV EDX,dword ptr [ESP + 0x48] | PUSH ECX | LEA EBX,[ESI + 0x8] | PUSH EDX | MOV ECX,EBX | CALL 0x004efe50"
"004efe50","0x004EFF30",0,"005053fb","UNCONDITIONAL_CALL","005052f0",false,0,"PUSH ESI | PUSH 0x0 | MOV dword ptr [EAX + 0x4],EBX | PUSH 0x0 | LEA ECX,[ESP + 0x7c] | MOV dword ptr [EAX + 0x8],EBP | CALL 0x004efe50"
"004efe50","0x004EFF30",0,"00505454","UNCONDITIONAL_CALL","005052f0",false,0,"PUSH ESI | MOV dword ptr [EAX + 0x4],EDX | PUSH 0x0 | MOV dword ptr [EAX + 0x8],ECX | PUSH 0x0 | LEA ECX,[ESP + 0x7c] | CALL 0x004efe50"
"004efe50","0x004EFF30",0,"005054d7","UNCONDITIONAL_CALL","005052f0",false,0,"PUSH ESI | PUSH 0x1d | MOV dword ptr [EAX + 0x4],EBX | PUSH 0x0 | LEA ECX,[ESP + 0x7c] | MOV dword ptr [EAX + 0x8],EBP | CALL 0x004efe50"
"004efe50","0x004EFF30",0,"00505566","UNCONDITIONAL_CALL","005052f0",false,0,"PUSH ESI | MOV dword ptr [EAX + 0x4],EDX | PUSH 0x1e | MOV dword ptr [EAX + 0x8],ECX | PUSH 0x0 | LEA ECX,[ESP + 0x7c] | CALL 0x004efe50"
"004efe50","0x004EFF30",0,"00505826","UNCONDITIONAL_CALL","005052f0",false,0,"MOV dword ptr [EBX],EAX | MOV dword ptr [EBX + 0x4],ECX | PUSH EDI | PUSH 0x6 | LEA ECX,[ESP + 0x7c] | MOV dword ptr [EBX + 0x8],EDX | CALL 0x004efe50"
"004efe50","0x004EFF30",0,"005059a8","UNCONDITIONAL_CALL","005052f0",false,0,"MOV dword ptr [EBX],EAX | MOV dword ptr [EBX + 0x4],ECX | PUSH EDI | PUSH 0x6 | LEA ECX,[ESP + 0x7c] | MOV dword ptr [EBX + 0x8],EDX | CALL 0x004efe50"
"004efe50","0x004EFF30",0,"0050695e","UNCONDITIONAL_CALL","00506800",false,0,"PUSH ESI | MOV dword ptr [EDX],EBX | PUSH 0x4 | MOV dword ptr [EDX + 0x4],EBP | PUSH 0x4 | MOV dword ptr [EDX + 0x8],EAX | CALL 0x004efe50"
"004efe50","0x004EFF30",0,"005069c4","UNCONDITIONAL_CALL","00506800",false,0,"PUSH ESI | MOV dword ptr [EDX + 0x4],ECX | PUSH 0x4 | PUSH 0x4 | LEA ECX,[ESP + 0x68] | MOV dword ptr [EDX + 0x8],EAX | CALL 0x004efe50"
"004efe50","0x004EFF30",0,"00506a48","UNCONDITIONAL_CALL","00506800",false,0,"PUSH ESI | MOV dword ptr [ECX + 0x4],EBP | PUSH 0x1 | MOV dword ptr [ECX + 0x8],EDX | PUSH 0x4 | LEA ECX,[ESP + 0x68] | CALL 0x004efe50"
"004efe50","0x004EFF30",0,"00506ad5","UNCONDITIONAL_CALL","00506800",false,0,"PUSH ESI | MOV dword ptr [EAX + 0x4],EDX | PUSH 0x1 | MOV dword ptr [EAX + 0x8],ECX | PUSH 0x4 | LEA ECX,[ESP + 0x68] | CALL 0x004efe50"
"004efe50","0x004EFF30",0,"004f9476","UNCONDITIONAL_CALL","004f93c0",false,0,"MOV dword ptr [ECX + 0x8],EAX | MOV ECX,dword ptr [ESP + 0xcc] | PUSH ESI | PUSH ECX | PUSH EDX | LEA ECX,[ESP + 0x4c] | CALL 0x004efe50"
"004efe50","0x004EFF30",0,"004f94d8","UNCONDITIONAL_CALL","004f93c0",false,0,"MOV dword ptr [ECX + 0x8],EAX | MOV ECX,dword ptr [ESP + 0xcc] | PUSH ESI | PUSH ECX | PUSH EDX | LEA ECX,[ESP + 0x4c] | CALL 0x004efe50"
"004efe50","0x004EFF30",0,"004f9542","UNCONDITIONAL_CALL","004f93c0",false,0,"MOV dword ptr [ECX + 0x8],EAX | MOV ECX,dword ptr [ESP + 0xcc] | PUSH ESI | PUSH ECX | PUSH EDX | LEA ECX,[ESP + 0x4c] | CALL 0x004efe50"
"004efe50","0x004EFF30",0,"004f95a4","UNCONDITIONAL_CALL","004f93c0",false,0,"MOV dword ptr [ECX + 0x8],EAX | MOV ECX,dword ptr [ESP + 0xcc] | PUSH ESI | PUSH ECX | PUSH EDX | LEA ECX,[ESP + 0x4c] | CALL 0x004efe50"
"004efe50","0x004EFF30",0,"004f95f5","UNCONDITIONAL_CALL","004f93c0",false,0,"PUSH ESI | MOV dword ptr [EAX + 0x8],ECX | MOV EAX,dword ptr [ESP + 0xcc] | PUSH EDX | PUSH EAX | LEA ECX,[ESP + 0x4c] | CALL 0x004efe50"
"004efe50","0x004EFF30",0,"004f937d","UNCONDITIONAL_CALL","004f92cf",false,0,"MOV dword ptr [EDX + 0x4],EBX | PUSH EAX | LEA EDI,[ESI + 0x8] | MOV dword ptr [EDX + 0x8],ECX | PUSH 0x6 | MOV ECX,EDI | CALL 0x004efe50"
"004efe50","0x004EFF30",0,"004fadd5","UNCONDITIONAL_CALL","004fad45",false,0,"MOV ECX,dword ptr [ESP + 0x4c] | PUSH ESI | PUSH ECX | LEA EDI,[ESI + 0x8] | PUSH EBP | MOV ECX,EDI | CALL 0x004efe50"
"004efe50","0x004EFF30",0,"004f9ad0","UNCONDITIONAL_CALL","004f99d0",false,0,"MOVSX CX,byte ptr [ESI + 0x90] | PUSH ESI | LEA EDI,[ESI + 0x8] | PUSH ECX | PUSH 0x11 | MOV ECX,EDI | CALL 0x004efe50"
"004efe50","0x004EFF30",0,"004f9c23","UNCONDITIONAL_CALL","004f99d0",false,0,"PUSH ESI | LEA EDI,[ESI + 0x8] | MOV dword ptr [EDX + 0x8],EAX | PUSH ECX | PUSH 0x11 | MOV ECX,EDI | CALL 0x004efe50"
"004efe50","0x004EFF30",0,"004f9d61","UNCONDITIONAL_CALL","004f99d0",false,0,"MOV dword ptr [ECX + 0x4],EDX | PUSH 0xa | MOV dword ptr [ECX + 0x8],EAX | PUSH 0x11 | LEA EDI,[ESI + 0x8] | MOV ECX,EDI | CALL 0x004efe50"
"004efe50","0x004EFF30",0,"004f9e2e","UNCONDITIONAL_CALL","004f99d0",false,0,"MOV dword ptr [EDX + 0x4],ECX | PUSH 0xb | LEA EDI,[ESI + 0x8] | PUSH 0x11 | MOV ECX,EDI | MOV dword ptr [EDX + 0x8],EAX | CALL 0x004efe50"
"004efe50","0x004EFF30",0,"004f7b80","UNCONDITIONAL_CALL","004f7a50",false,0,"MOV CX,word ptr [ESI + 0xe0] | PUSH ESI | PUSH 0x0 | MOV dword ptr [EDX + 0x8],EAX | PUSH ECX | LEA ECX,[ESP + 0x50] | CALL 0x004efe50"
"004efe50","0x004EFF30",0,"004f7bf8","UNCONDITIONAL_CALL","004f7a50",false,0,"MOV CX,word ptr [ESI + 0xe0] | PUSH ESI | PUSH 0x1 | MOV dword ptr [EDX + 0x8],EAX | PUSH ECX | LEA ECX,[ESP + 0x50] | CALL 0x004efe50"
"004efe50","0x004EFF30",0,"004f7c68","UNCONDITIONAL_CALL","004f7a50",false,0,"PUSH ESI | MOV dword ptr [EDX + 0x4],ECX | PUSH 0x1 | PUSH 0x28 | LEA ECX,[ESP + 0x50] | MOV dword ptr [EDX + 0x8],EAX | CALL 0x004efe50"
"004efe50","0x004EFF30",0,"004f7cc0","UNCONDITIONAL_CALL","004f7a50",false,0,"PUSH ESI | MOV dword ptr [ECX + 0x4],EDX | PUSH 0x0 | MOV dword ptr [ECX + 0x8],EAX | PUSH 0x28 | LEA ECX,[ESP + 0x50] | CALL 0x004efe50"
"004efe50","0x004EFF30",0,"004f7e82","UNCONDITIONAL_CALL","004f7a50",false,0,"PUSH ESI | MOV dword ptr [ECX + 0x4],EDX | PUSH 0x2 | MOV dword ptr [ECX + 0x8],EAX | PUSH 0x28 | LEA ECX,[ESP + 0x50] | CALL 0x004efe50"
"004efe50","0x004EFF30",0,"004e5d86","UNCONDITIONAL_CALL","",false,0,"MOV AX,word ptr [ESI + 0xa4] | ADD CX,0x14 | PUSH ESI | PUSH EAX | PUSH ECX | LEA ECX,[ESP + 0x50] | CALL 0x004efe50"
"004efe50","0x004EFF30",0,"004e5dcd","UNCONDITIONAL_CALL","",false,0,"MOV DX,word ptr [ESI + 0xa8] | ADD DX,0x14 | PUSH ESI | PUSH ECX | LEA ECX,[ESP + 0x4c] | PUSH EDX | CALL 0x004efe50"
"004efe50","0x004EFF30",0,"004e641e","UNCONDITIONAL_CALL","",false,0,"MOV AX,word ptr [ESI + 0xa4] | ADD CX,0x14 | PUSH ESI | PUSH EAX | PUSH ECX | MOV ECX,EDI | CALL 0x004efe50"
"004efe50","0x004EFF30",0,"004e6462","UNCONDITIONAL_CALL","",false,0,"MOV DX,word ptr [ESI + 0xa8] | ADD DX,0x14 | PUSH ESI | PUSH ECX | MOV ECX,EDI | PUSH EDX | CALL 0x004efe50"
"004efe50","0x004EFF30",0,"00504a6a","UNCONDITIONAL_CALL","00504960",false,0,"MOV dword ptr [ECX + 0x4],EDX | PUSH 0x3f | LEA ESI,[EDI + 0x8] | MOV dword ptr [ECX + 0x8],EAX | PUSH 0x5 | MOV ECX,ESI | CALL 0x004efe50"
"004efe50","0x004EFF30",0,"00504b3e","UNCONDITIONAL_CALL","00504aa0",false,0,"MOV dword ptr [ECX + 0x4],EDX | PUSH 0x2 | LEA ESI,[EDI + 0x8] | MOV dword ptr [ECX + 0x8],EAX | PUSH 0x28 | MOV ECX,ESI | CALL 0x004efe50"
"004effd0","0x004EFFF9",0,"","NO_INCOMING_REFERENCE","",false,0,""
"004f0000","0x004F03BB",0,"00507c39","UNCONDITIONAL_CALL","00507c30",false,0,"POP ESI | RET | PUSH ESI | MOV ESI,ECX | PUSH EDI | MOV ECX,0xb62cb0 | CALL 0x004f0000"
"004f0000","0x004F03BB",0,"00507c9a","UNCONDITIONAL_CALL","00507c30",false,0,"CALL 0x004ec150 | CALL 0x005052b0 | CALL 0x004e37b0 | MOV ECX,0xb62cb0 | CALL 0x004ef4d0 | MOV ECX,0xb62cb0 | CALL 0x004f0000"
"004f0000","0x004F03BB",0,"00507a98","UNCONDITIONAL_CALL","00507a90",false,0,"MOV dword ptr FS:[0x0],ECX | ADD ESP,0x10 | RET | PUSH ESI | MOV ESI,ECX | MOV ECX,0xb62cb0 | CALL 0x004f0000"
"004f0000","0x004F03BB",0,"00507c03","UNCONDITIONAL_CALL","00507a90",false,0,"CALL 0x005052b0 | CALL 0x004e37b0 | CALL 0x004e6e90 | MOV ECX,0xb62cb0 | CALL 0x004ef4d0 | MOV ECX,0xb62cb0 | CALL 0x004f0000"
"004f0000","0x004F03BB",0,"005078e4","UNCONDITIONAL_CALL","005078a0",false,0,"FSTP ST0 | MOV EAX,dword ptr [ESP + 0x4] | PUSH EAX | MOV ECX,0xb5f8b8 | CALL 0x004d9560 | MOV ECX,0xb62cb0 | CALL 0x004f0000"
"004f0000","0x004F03BB",0,"00507894","UNCONDITIONAL_CALL","00507759",false,0,"PUSH 0x3f800000 | CALL 0x004d95b0 | LEA ECX,[ESI + 0x2a0] | CALL 0x004ec900 | CALL 0x004e3710 | MOV ECX,0xb62cb0 | CALL 0x004f0000"
"004f0000","0x004F03BB",0,"00507429","UNCONDITIONAL_CALL","00507410",false,0,"PUSH 0x3f800000 | PUSH 0x0 | PUSH 0x32 | ADD ECX,0xb4 | CALL 0x004dd4a0 | MOV ECX,0xb62cb0 | JMP 0x004f0000"
"004fdfd0","0x004FDFF3",0,"00501d46","UNCONDITIONAL_CALL","00501c5a",false,0,"CALL 0x004fd8f0 | POP EBX | POP ESI | RET 0x4 | PUSH ECX | MOV ECX,ESI | CALL 0x004fdfd0"
"004ff7c0","0x004FF7F5|0x004FF8B2",0,"00501cd5","UNCONDITIONAL_CALL","00501c5a",false,0,"MOV ECX,ESI | JZ 0x00501cd5 | CALL 0x004ff320 | POP EBX | POP ESI | RET 0x4 | CALL 0x004ff7c0"
"00503cf0","0x005043F2|0x005043F8",0,"00405b91","UNCONDITIONAL_CALL","00405b7e",false,0,"PUSHFD | STC | MOV ESI,dword ptr [0x015607f4] | ADC ESI,dword ptr [0x015700da] | POPFD | XCHG dword ptr [ESP],ESI | JMP 0x00503cf0"
"0050a160","0x0050A18C",0,"0050e4a4","UNCONDITIONAL_CALL","0050e49e",false,0,"PUSH ESI | PUSH EDI | MOV ESI,ECX | JMP 0x0040808c | PUSH EBX | MOV ECX,0xb6fda0 | CALL 0x0050a160"
"0050a160","0x0050A18C",0,"00522cf0","UNCONDITIONAL_CALL","00522c80",false,0,"JNC 0x00522d12 | MOV DL,byte ptr [0x00c0b184] | OR DL,0x1 | PUSH 0x0 | MOV ECX,ESI | MOV byte ptr [0x00c0b184],DL | CALL 0x0050a160"
"0050a160","0x0050A18C",0,"0050e74b","UNCONDITIONAL_CALL","0050e6d0",false,0,"MOV dword ptr [ECX + 0x50],0xe | MOV dword ptr [ECX + 0x7c],0x463b8000 | MOV dword ptr [ECX + 0x38],0x459c4000 | MOV dword ptr [ECX + 0x84],0x40000000 | MOV dword ptr [ECX + 0x90],EAX | MOV dword ptr [ECX + 0x94],EAX | CALL 0x0050a160"
"0050a970","0x0050A9E4",0,"0051a40e","UNCONDITIONAL_CALL","00519810",false,0,"MOV dword ptr [ESP + 0xc4],EAX | MOV byte ptr [ESP + 0xa8],BL | CALL 0x00627cc0 | MOV EDX,dword ptr [0x008ccd18] | PUSH EDX | PUSH 0xb6f028 | CALL 0x0050a970"
"0050a970","0x0050A9E4",0,"0073ace2","UNCONDITIONAL_CALL","0073aac0",false,0,"CALL 0x0053fb70 | ADD ESP,0x4 | MOV ECX,EAX | CALL 0x0053f9a0 | PUSH 0x3e4ccccd | PUSH 0xb6f028 | CALL 0x0050a970"
"0050a970","0x0050A9E4",0,"00465f09","UNCONDITIONAL_CALL","",false,0,"CALL 0x00464080 | FILD dword ptr [0x00a43c78] | PUSH ECX | FMUL float ptr [0x00858cdc] | FSTP float ptr [ESP] | PUSH 0xb6f028 | CALL 0x0050a970"
"0050a970","0x0050A9E4",0,"0056ed8f","UNCONDITIONAL_CALL","0056ec80",false,0,"MOV ECX,EDI | CALL 0x0053ff90 | TEST AX,AX | JZ 0x0056ef80 | PUSH 0x3e4ccccd | PUSH 0xb6f028 | CALL 0x0050a970"
"0050a9f0","0x0050AB06",0,"0073751f","UNCONDITIONAL_CALL","00736a76",false,0,"PUSH ECX | MOV ECX,dword ptr [ESP + 0x54] | PUSH EDX | PUSH EAX | PUSH ECX | MOV ECX,0xb6f028 | CALL 0x0050a9f0"
"0050a9f0","0x0050AB06",0,"00737554","UNCONDITIONAL_CALL","00736a76",false,0,"PUSH EDX | MOV EDX,dword ptr [ESP + 0x54] | PUSH EAX | PUSH ECX | PUSH EDX | MOV ECX,0xb6f028 | CALL 0x0050a9f0"
"0050a9f0","0x0050AB06",0,"006b3d65","UNCONDITIONAL_CALL","006b3bb0",false,0,"PUSH EDX | MOV EDX,dword ptr [EAX] | PUSH ECX | PUSH EDX | PUSH 0x3ecccccd | MOV ECX,0xb6f028 | CALL 0x0050a9f0"
"0050a9f0","0x0050AB06",0,"006bea9c","UNCONDITIONAL_CALL","006bea10",false,0,"PUSH EDX | MOV EDX,dword ptr [EAX] | PUSH ECX | PUSH EDX | PUSH 0x3ecccccd | MOV ECX,0xb6f028 | CALL 0x0050a9f0"
"0050a9f0","0x0050AB06",0,"006c6f3d","UNCONDITIONAL_CALL","006c6d30",false,0,"PUSH EDX | MOV EDX,dword ptr [EAX] | PUSH ECX | PUSH EDX | PUSH 0x3ecccccd | MOV ECX,0xb6f028 | CALL 0x0050a9f0"
"0050a9f0","0x0050AB06",0,"006ccf7c","UNCONDITIONAL_CALL","006cccf0",false,0,"PUSH EDX | MOV EDX,dword ptr [EAX] | PUSH ECX | PUSH EDX | PUSH 0x3ecccccd | MOV ECX,0xb6f028 | CALL 0x0050a9f0"
"0050a9f0","0x0050AB06",0,"006b3949","UNCONDITIONAL_CALL","",false,0,"PUSH EDX | MOV EDX,dword ptr [EAX] | PUSH ECX | PUSH EDX | PUSH 0x3ecccccd | MOV ECX,0xb6f028 | CALL 0x0050a9f0"
"0050a9f0","0x0050AB06",0,"006f2253","UNCONDITIONAL_CALL","",false,0,"PUSH EDX | MOV EDX,dword ptr [EAX] | PUSH ECX | PUSH EDX | PUSH 0x3ecccccd | MOV ECX,0xb6f028 | CALL 0x0050a9f0"
"0050a9f0","0x0050AB06",0,"006f8cc7","UNCONDITIONAL_CALL","",false,0,"PUSH EDX | MOV EDX,dword ptr [EAX] | PUSH ECX | PUSH EDX | PUSH 0x3dcccccd | MOV ECX,0xb6f028 | CALL 0x0050a9f0"
"0050b510","0x0050B597",0,"007270a8","UNCONDITIONAL_CALL","00726df0",false,0,"MOV ECX,dword ptr [0x00c803e0] | MOV dword ptr [EAX + 0x4],EDX | MOV EDX,dword ptr [ESP + 0x20] | MOV dword ptr [EAX + 0x8],ECX | PUSH EDX | MOV ECX,0xb6f028 | CALL 0x0050b510"
"0050b510","0x0050B597",0,"0072710d","UNCONDITIONAL_CALL","00726df0",false,0,"MOV ECX,dword ptr [0x00c803e0] | MOV dword ptr [EAX + 0x4],EDX | MOV EDX,dword ptr [ESP + 0x20] | MOV dword ptr [EAX + 0x8],ECX | PUSH EDX | MOV ECX,0xb6f028 | CALL 0x0050b510"
"0050e180","0x0050E211",0,"0051a841","UNCONDITIONAL_CALL","0051a746",false,0,"ADD EDX,EDI | MOV ECX,ESI | MOV byte ptr [0x00b6ec70],0x0 | MOV [0x008cc488],EAX | MOV dword ptr [0x008ccba0],EDI | MOV dword ptr [0x008ccba4],EDX | CALL 0x0050e180"
"0050e180","0x0050E211",0,"005173f0","UNCONDITIONAL_CALL","",false,0,"MOV dword ptr [ECX + 0x84],0x3e99999a | MOV dword ptr [ECX + 0x88],0x3f800000 | MOV dword ptr [ECX + 0x8c],0x14 | MOV dword ptr [ECX + 0x90],0x3a83126f | ADD ESP,0xc | JMP 0x0050d860 | CALL 0x0050e180"
"0050e49e","0x0050E5C2",0,"00408091","UNCONDITIONAL_CALL","0040808c",false,0,"JMP 0x006836f7 | MOV byte ptr [ESP + 0x7],0x0 | JMP 0x006e1793 | MOVSX EDX,byte ptr [ESI + 0x790] | JMP 0x00599bd5 | MOV EBX,0x1 | JMP 0x0050e49e"
"00517bf0","0x00517D90|0x00517DBF",0,"0051d44f","UNCONDITIONAL_CALL","0051d3e0",false,0,"CALL 0x005179e0 | FST float ptr [ESP + 0x8] | MOV EAX,dword ptr [ESP + 0x8] | FSTP float ptr [ESI + 0x24] | PUSH EAX | MOV ECX,ESI | CALL 0x00517bf0"
"00518500","0x00519141",0,"00527bd9","UNCONDITIONAL_CALL","00526fc0",false,0,"LEA EAX,[ESP + 0x2c] | PUSH EAX | MOV ECX,ESI | CALL 0x0050eb70 | JMP 0x00527cf3 | MOV ECX,ESI | CALL 0x00518500"
"00519250","0x00519368|0x005194E4|0x005196DB|0x005197CC",0,"00527b4b","UNCONDITIONAL_CALL","00526fc0",false,0,"LEA ECX,[ESP + 0x2c] | PUSH ECX | MOV ECX,ESI | CALL 0x005b25f0 | JMP 0x00527cf3 | MOV ECX,ESI | CALL 0x00519250"
"0051a746","0x0051A85E|0x0051AB1F|0x0051AE51",0,"00409b51","UNCONDITIONAL_CALL","00409b4b",false,0,"MOV ESI,dword ptr [0x015608e8] | SBB ESI,dword ptr [0x0156b63f] | POPFD | XCHG dword ptr [ESP],ESI | JMP 0x0057b246 | SUB ESP,0xec | JMP 0x0051a746"
"0051b126","0x0051B1A8",0,"0040127f","UNCONDITIONAL_CALL","00401279",false,0,"POPFD | XCHG dword ptr [ESP],ECX | JMP 0x0069c3f7 | MOV EDI,0xc6a8ef | JMP 0x00712e54 | SUB ESP,0xfc | JMP 0x0051b126"
"0051b850","0x0051BE2A",0,"00520012","UNCONDITIONAL_CALL","0051e566",false,0,"PUSH 0x39 | JMP 0x0051ffad | MOVZX EDX,byte ptr [EDI + 0x59] | IMUL EDX,EDX,0x238 | PUSH 0x1 | LEA ECX,[EDX + EDI*0x1 + 0x174] | CALL 0x0051b850"
"0051b850","0x0051BE2A",0,"0051e3dc","UNCONDITIONAL_CALL","0051d776",false,0,"ADD ESP,0x158 | RET 0x8 | MOVZX EAX,byte ptr [ESI + 0x59] | IMUL EAX,EAX,0x238 | PUSH 0x1 | LEA ECX,[EAX + ESI*0x1 + 0x174] | CALL 0x0051b850"
"0051b850","0x0051BE2A",0,"00527c0f","UNCONDITIONAL_CALL","00526fc0",false,0,"PUSH 0x0 | MOV ECX,ESI | CALL 0x0051b120 | JMP 0x00527cf3 | PUSH 0x0 | MOV ECX,ESI | CALL 0x0051b850"
"0051cc36","0x0051CCBE",0,"00408023","UNCONDITIONAL_CALL","0040801d",false,0,"JMP 0x015662f0 | CMP dword ptr [ESI + 0xb0],0x1 | JMP 0x0050c7d5 | MOV ECX,dword ptr [ESP + 0xa4] | JMP 0x00673b88 | SUB ESP,0xec | JMP 0x0051cc36"
"0051e566","0x0051E576|0x0051E85E|0x0051EAD8",0,"004014e8","UNCONDITIONAL_CALL","004014e2",false,0,"POPFD | XCHG dword ptr [ESP],ECX | JMP 0x004bfec9 | MOV EBX,0x4 | JMP 0x005f1461 | SUB ESP,0x290 | JMP 0x0051e566"
"00522d4c","0x00522DA4|0x00522DB2|0x00523161",0,"00406b02","UNCONDITIONAL_CALL","00406afc",false,0,"POPFD | XCHG dword ptr [ESP],EDI | JMP 0x00444817 | CMP word ptr [ESI + 0x22],0x208 | JMP 0x006cb4f9 | MOV ECX,dword ptr [EDI + 0x21c] | JMP 0x00522d4c"
"00527fa0","0x00528497",0,"0052b840","UNCONDITIONAL_CALL","0052b730",false,0,"IMUL EAX,EAX,0x238 | MOV ECX,dword ptr [EAX + ESI*0x1 + 0x390] | LEA EAX,[EAX + ESI*0x1 + 0x390] | PUSH EAX | CALL 0x00571b70 | MOV ECX,ESI | CALL 0x00527fa0"
"0052913d","0x005292F5|0x005296FD",0,"004038fd","UNCONDITIONAL_CALL","004038eb",false,0,"PUSH EBP | PUSHFD | MOV EBP,dword ptr [0x01560774] | ADD EBP,dword ptr [0x006fba21] | POPFD | XCHG dword ptr [ESP],EBP | JMP 0x0052913d"
"0052b730","0x0052BFCD|0x0052C2F6",0,"0053be97","UNCONDITIONAL_CALL","0053bcf0",false,0,"CMP byte ptr [0x00ba67a8],BL | JNZ 0x0053bea1 | CALL 0x006f3fc0 | CALL 0x00464d40 | CALL 0x0046a000 | MOV ECX,0xb6f028 | CALL 0x0052b730"
"0052b730","0x0052BFCD|0x0052C2F6",0,"0053bcd3","UNCONDITIONAL_CALL","0053bc80",false,0,"PUSH 0x863a6c | CALL 0x0053ded0 | ADD ESP,0x1c | CALL 0x00464d40 | CALL 0x0046a000 | MOV ECX,0xb6f028 | CALL 0x0052b730"
"0052b730","0x0052BFCD|0x0052C2F6",0,"0053c104","UNCONDITIONAL_CALL","0053bee0",false,0,"MOV ECX,0xc0b058 | CALL 0x00605a30 | CALL 0x0045c440 | TEST AL,AL | MOV ECX,0xb6f028 | JZ 0x0053c10b | CALL 0x0052b730"
"0052b730","0x0052BFCD|0x0052C2F6",0,"00570b5d","UNCONDITIONAL_CALL","00570aab",false,0,"CALL 0x0050bf00 | PUSH 0x1 | PUSH 0x3f800000 | MOV ECX,0xb6f028 | CALL 0x0050ac20 | MOV ECX,0xb6f028 | CALL 0x0052b730"
"00535fa0","0x00536949",0,"00403f0a","UNCONDITIONAL_CALL","00403f00",false,0,"RET 0x4 | PUSH ESI | MOV ESI,ECX | MOV EAX,dword ptr [ESI + 0x18] | TEST EAX,EAX | JZ 0x00403f1e | CALL 0x00535fa0"
"00535fa0","0x00536949",0,"00863904","DATA","",false,0,""
"00535fa0","0x00536949",0,"0086396c","DATA","",false,0,""
"00535fa0","0x00536949",0,"00863be4","DATA","",false,0,""
"00535fa0","0x00536949",0,"00866ebc","DATA","",false,0,""
"00535fa0","0x00536949",0,"0086c1dc","DATA","",false,0,""
"00535fa0","0x00536949",0,"0085860c","DATA","",false,0,""
"00535fa0","0x00536949",0,"0059fe09","UNCONDITIONAL_CALL","",false,0,"MOV ECX,dword ptr [ESI + 0x18] | PUSH EAX | PUSH ECX | CALL 0x00732b00 | ADD ESP,0x8 | MOV ECX,ESI | CALL 0x00535fa0"
"00538bc0","0x00538CD8",0,"0053be3f","UNCONDITIONAL_CALL","0053bcf0",false,0,"CALL 0x007268f0 | CALL 0x00555dc0 | CALL 0x00728c80 | CALL 0x00607d00 | CALL 0x00459390 | MOV ECX,0xb71f80 | CALL 0x00538bc0"
"00538bc0","0x00538CD8",0,"00539db9","UNCONDITIONAL_CALL","00539da0",false,0,"PUSH 0x3c | MOV ESI,ECX | PUSH 0x28 | PUSH ESI | CALL 0x00821d30 | MOV ECX,ESI | CALL 0x00538bc0"
"0053af00","0x0053B23A",0,"0053c00a","UNCONDITIONAL_CALL","0053bee0",false,0,"CALL 0x007205c0 | CALL 0x0071b0d0 | CALL 0x00562360 | CALL 0x00539ce0 | CALL 0x0049aa00 | MOV ECX,0xb71f80 | CALL 0x0053af00"
"0053d0b0","0x0053D3D8",0,"0053c09f","UNCONDITIONAL_CALL","0053bee0",false,0,"CALL 0x007185b0 | CALL 0x0072a3c0 | CALL 0x005720a0 | CALL 0x00460500 | CALL 0x005684a0 | MOV ECX,0xb72978 | CALL 0x0053d0b0"
"00547b80","0x00548072",0,"0054836b","UNCONDITIONAL_CALL","00548320",false,0,"FLD float ptr [ESI + 0x54] | FMUL float ptr [0x00858c1c] | FSTP float ptr [ESI + 0x54] | FLD float ptr [ESI + 0x58] | FMUL float ptr [0x00858c1c] | FSTP float ptr [ESI + 0x58] | CALL 0x00547b80"
"00547b80","0x00548072",0,"0054b97a","UNCONDITIONAL_CALL","0054a2c6",false,0,"PUSH 0xbf800000 | CALL 0x0040fef0 | LEA ECX,[EBP + 0x50] | PUSH 0xbf800000 | CALL 0x0040fef0 | MOV ECX,EBP | CALL 0x00547b80"
"00547b80","0x00548072",0,"0054dbe2","UNCONDITIONAL_CALL","0054db10",false,0,"MOV EAX,dword ptr [ESI + 0x14] | PUSH EAX | LEA ECX,[ESP + 0x3c] | CALL 0x0059bcf0 | MOV ECX,ESI | MOV dword ptr [ESP + 0x8c],EDI | CALL 0x00547b80"
"00547b80","0x00548072",0,"0054df3d","UNCONDITIONAL_CALL","0054dec0",false,0,"MOV byte ptr [ESP + 0xb],0x1 | MOV dword ptr [ESI + 0x474],EAX | MOV AL,byte ptr [ESP + 0x64] | TEST AL,AL | JZ 0x0054df42 | MOV ECX,ESI | CALL 0x00547b80"
"00547b80","0x00548072",0,"0054e377","UNCONDITIONAL_CALL","",false,0,"PUSH ESI | CALL 0x00422370 | FADD float ptr [ESP + 0x1c] | ADD ESP,0x4 | MOV ECX,ESI | FSTP float ptr [EDI + 0x38] | CALL 0x00547b80"
"00547b80","0x00548072",0,"0054e413","UNCONDITIONAL_CALL","",false,0,"TEST AL,AL | FILD dword ptr [ESP + 0x18] | FDIVR float ptr [ESP + 0x10] | FSTP float ptr [ESP + 0x30] | JZ 0x0054e4b0 | MOV ECX,ESI | CALL 0x00547b80"
"00547b80","0x00548072",0,"0054e4f0","UNCONDITIONAL_CALL","",false,0,"TEST AH,0x41 | JP 0x0054e4e8 | FSTP ST0 | FLD float ptr [0x00858c14] | MOV ECX,ESI | FSTP float ptr [0x00b7cb5c] | CALL 0x00547b80"
"00547b80","0x00548072",0,"0054e6b4","UNCONDITIONAL_CALL","",false,0,"MOV dword ptr [ESI + 0x7d8],EAX | MOV dword ptr [ESI + 0x7dc],EAX | INC EDI | CMP DI,BX | JC 0x0054e4c4 | MOV ECX,ESI | CALL 0x00547b80"
"005483d0","0x00548522",0,"0054864a","UNCONDITIONAL_CALL","005485f8",false,0,"MOV dword ptr [ESI + 0xd8],0x0 | JZ 0x00548642 | PUSH EDI | CALL 0x00571a00 | MOV ECX,ESI | MOV dword ptr [EDI],0x0 | CALL 0x005483d0"
"00548680","0x00548BB0|0x00548BDE|0x0054957B|0x00549758|0x00549B7B|0x00549BD2|0x00549F1F",0,"0054bdb2","UNCONDITIONAL_CALL","0054ba60",false,0,"LEA ECX,[ESP + 0x18] | PUSH ECX | LEA EBX,[EBP + -0x24] | PUSH EBX | PUSH EDI | MOV ECX,ESI | CALL 0x00548680"
"00548680","0x00548BB0|0x00548BDE|0x0054957B|0x00549758|0x00549B7B|0x00549BD2|0x00549F1F",0,"0054bf78","UNCONDITIONAL_CALL","0054ba60",false,0,"PUSH EDX | LEA EAX,[ESP + 0x18] | PUSH EAX | PUSH EBP | PUSH EDI | MOV ECX,ESI | CALL 0x00548680"
"00548680","0x00548BB0|0x00548BDE|0x0054957B|0x00549758|0x00549B7B|0x00549BD2|0x00549F1F",0,"0054c23a","UNCONDITIONAL_CALL","0054ba60",false,0,"PUSH EDX | LEA EAX,[ESP + 0x18] | PUSH EAX | PUSH EBP | PUSH EDI | MOV ECX,ESI | CALL 0x00548680"
"00548680","0x00548BB0|0x00548BDE|0x0054957B|0x00549758|0x00549B7B|0x00549BD2|0x00549F1F",0,"0054c435","UNCONDITIONAL_CALL","0054ba60",false,0,"PUSH EDX | LEA EAX,[ESP + 0x18] | PUSH EAX | PUSH EBP | PUSH EDI | MOV ECX,ESI | CALL 0x00548680"
"00548680","0x00548BB0|0x00548BDE|0x0054957B|0x00549758|0x00549B7B|0x00549BD2|0x00549F1F",0,"0054d17e","UNCONDITIONAL_CALL","0054cff0",false,0,"PUSH EAX | LEA ECX,[ESP + 0x14] | PUSH ECX | PUSH EBX | PUSH ESI | MOV ECX,EDI | CALL 0x00548680"
"00548680","0x00548BB0|0x00548BDE|0x0054957B|0x00549758|0x00549B7B|0x00549BD2|0x00549F1F",0,"0054d27e","UNCONDITIONAL_CALL","0054cff0",false,0,"PUSH EAX | LEA ECX,[ESP + 0x14] | PUSH ECX | PUSH EBP | PUSH ESI | MOV ECX,EDI | CALL 0x00548680"
"00548680","0x00548BB0|0x00548BDE|0x0054957B|0x00549758|0x00549B7B|0x00549BD2|0x00549F1F",0,"0054d3fe","UNCONDITIONAL_CALL","0054cff0",false,0,"PUSH EAX | LEA ECX,[ESP + 0x14] | PUSH ECX | PUSH EBP | PUSH ESI | MOV ECX,EDI | CALL 0x00548680"
"00548680","0x00548BB0|0x00548BDE|0x0054957B|0x00549758|0x00549B7B|0x00549BD2|0x00549F1F",0,"0054d4d2","UNCONDITIONAL_CALL","0054cff0",false,0,"PUSH EAX | LEA ECX,[ESP + 0x14] | PUSH ECX | PUSH EBP | PUSH ESI | MOV ECX,EDI | CALL 0x00548680"
"0054a2c6","0x0054A9EE",0,"00409755","UNCONDITIONAL_CALL","0040974f",false,0,"ROL EAX,CL | POP ECX | MOV EAX,dword ptr [EAX] | POPFD | JMP 0x00727b65 | SUB ESP,0x90 | JMP 0x0054a2c6"
"0054cff0","0x0054D142|0x0054D269|0x0054D2EA|0x0054D3E9|0x0054D46A",0,"0054daea","UNCONDITIONAL_CALL","0054dab0",false,0,"MOV ESI,dword ptr [EDI + 0xb0] | TEST ESI,ESI | JZ 0x0054dafa | MOV EAX,dword ptr [ESI + 0x8] | PUSH EAX | MOV ECX,EDI | CALL 0x0054cff0"
"0054dec0","0x0054DF07|0x0054DF8A",0,"00863bd4","DATA","",false,0,""
"0054dec0","0x0054DF07|0x0054DF8A",0,"00866f14","DATA","",false,0,""
"0054dec0","0x0054DF07|0x0054DF8A",0,"00866f94","DATA","",false,0,""
"0054dec0","0x0054DF07|0x0054DF8A",0,"00867064","DATA","",false,0,""
"0054dec0","0x0054DF07|0x0054DF8A",0,"00868a94","DATA","",false,0,""
"0054dec0","0x0054DF07|0x0054DF8A",0,"0086c0dc","DATA","",false,0,""
"0054dec0","0x0054DF07|0x0054DF8A",0,"0086c154","DATA","",false,0,""
"0054dec0","0x0054DF07|0x0054DF8A",0,"0086c234","DATA","",false,0,""
"0054dec0","0x0054DF07|0x0054DF8A",0,"0086c38c","DATA","",false,0,""
"0054dec0","0x0054DF07|0x0054DF8A",0,"0086d19c","DATA","",false,0,""
"0054dec0","0x0054DF07|0x0054DF8A",0,"00871154","DATA","",false,0,""
"0054dec0","0x0054DF07|0x0054DF8A",0,"00871394","DATA","",false,0,""
"0054dec0","0x0054DF07|0x0054DF8A",0,"0087155c","DATA","",false,0,""
"0054dec0","0x0054DF07|0x0054DF8A",0,"008716b4","DATA","",false,0,""
"0054dec0","0x0054DF07|0x0054DF8A",0,"0087180c","DATA","",false,0,""
"0054dec0","0x0054DF07|0x0054DF8A",0,"0087197c","DATA","",false,0,""
"0054dec0","0x0054DF07|0x0054DF8A",0,"00871b1c","DATA","",false,0,""
"0054dec0","0x0054DF07|0x0054DF8A",0,"00871c5c","DATA","",false,0,""
"0054dec0","0x0054DF07|0x0054DF8A",0,"00871eb4","DATA","",false,0,""
"0054dec0","0x0054DF07|0x0054DF8A",0,"008721d4","DATA","",false,0,""
"0054dec0","0x0054DF07|0x0054DF8A",0,"008723a4","DATA","",false,0,""
"00555cb0","0x00555D52",0,"0043e6b8","UNCONDITIONAL_CALL","0043e690",false,0,"FSTP float ptr [ESP + 0x8] | PUSH ECX | LEA EDX,[ESP + 0x8] | FSTP float ptr [ESP + 0x10] | PUSH EDX | MOV dword ptr [ESP + 0xc],EAX | CALL 0x00555cb0"
"00555cb0","0x00555D52",0,"0047b82e","UNCONDITIONAL_CALL","",false,0,"FMUL float ptr [0x008595ec] | PUSH 0x20 | PUSH ECX | LEA EAX,[ESP + 0x20] | FSTP float ptr [ESP] | PUSH EAX | CALL 0x00555cb0"
"00555cb0","0x00555D52",0,"004414a1","UNCONDITIONAL_CALL","00441440",false,0,"PUSH ESI | CALL 0x0040ed80 | MOV EAX,dword ptr [ESP + 0x30] | PUSH 0x20 | PUSH EAX | PUSH ESI | CALL 0x00555cb0"
"005561b0","0x0055647C",0,"00557c89","UNCONDITIONAL_CALL","00557530",false,0,"MOV dword ptr [EDX],ECX | MOV ECX,dword ptr [EAX + 0x4] | MOV EAX,dword ptr [EAX + 0x8] | MOV dword ptr [EDX + 0x4],ECX | MOV ECX,EBX | MOV dword ptr [EDX + 0x8],EAX | CALL 0x005561b0"
"00557530","0x00557D7E",0,"00558d8c","UNCONDITIONAL_CALL","00558d70",false,0,"MOV ESI,0xb768b8 | NOP | MOV AL,byte ptr [ESI + 0x325] | TEST AL,AL | JZ 0x00558d91 | MOV ECX,ESI | CALL 0x00557530"
"0055f4c9","0x0055F657",0,"004058be","UNCONDITIONAL_CALL","004058b7",false,0,"POPFD | XCHG dword ptr [ESP],EDI | JMP 0x006bf437 | MOV EBP,dword ptr [ESI + 0x464] | JMP 0x00652900 | MOVZX EDI,byte ptr [ECX + 0xb7c3c8] | JMP 0x0055f4c9"
"0055f870","0x0055FAC7",0,"005606ee","UNCONDITIONAL_CALL","005603d0",false,0,"PUSH EDI | LEA EDX,[ESP + 0x120] | PUSH EDX | LEA EAX,[ESP + 0x27c] | PUSH EAX | LEA ECX,[ESP + 0x280] | CALL 0x0055f870"
"0055f870","0x0055FAC7",0,"00560767","UNCONDITIONAL_CALL","005603d0",false,0,"PUSH EDI | LEA EAX,[ESP + 0x120] | PUSH EAX | LEA ECX,[ESP + 0x27c] | PUSH ECX | LEA ECX,[ESP + 0x280] | CALL 0x0055f870"
"0055f870","0x0055FAC7",0,"00560790","UNCONDITIONAL_CALL","005603d0",false,0,"PUSH EDI | LEA EDX,[ESP + 0x120] | PUSH EDX | LEA EAX,[ESP + 0x78] | PUSH EAX | LEA ECX,[ESP + 0x7c] | CALL 0x0055f870"
"0055f870","0x0055FAC7",0,"005607cf","UNCONDITIONAL_CALL","005603d0",false,0,"PUSH EDI | LEA ECX,[ESP + 0x120] | PUSH ECX | LEA EDX,[ESP + 0x3d4] | PUSH EDX | LEA ECX,[ESP + 0x3d8] | CALL 0x0055f870"
"0055f870","0x0055FAC7",0,"00560823","UNCONDITIONAL_CALL","005603d0",false,0,"PUSH EDI | LEA EDX,[ESP + 0x120] | PUSH EDX | LEA EAX,[ESP + 0x3d4] | PUSH EAX | LEA ECX,[ESP + 0x3d8] | CALL 0x0055f870"
"0055f870","0x0055FAC7",0,"00560852","UNCONDITIONAL_CALL","005603d0",false,0,"PUSH EDI | LEA ECX,[ESP + 0x120] | PUSH ECX | LEA EDX,[ESP + 0x328] | PUSH EDX | LEA ECX,[ESP + 0x32c] | CALL 0x0055f870"
"0055f870","0x0055FAC7",0,"00560877","UNCONDITIONAL_CALL","005603d0",false,0,"PUSH EDI | LEA EAX,[ESP + 0x74] | PUSH EAX | LEA ECX,[ESP + 0x27c] | PUSH ECX | LEA ECX,[ESP + 0x1d4] | CALL 0x0055f870"
"0055f870","0x0055FAC7",0,"00560897","UNCONDITIONAL_CALL","005603d0",false,0,"PUSH EDI | LEA EDX,[ESP + 0x324] | PUSH EDX | LEA EAX,[ESP + 0x3d4] | PUSH EAX | LEA ECX,[ESP + 0x128] | CALL 0x0055f870"
"0055f870","0x0055FAC7",0,"005608c1","UNCONDITIONAL_CALL","005603d0",false,0,"PUSH EDX | LEA EAX,[ESP + 0x120] | PUSH EAX | LEA ECX,[ESP + 0x1d0] | PUSH ECX | MOV ECX,ESI | CALL 0x0055f870"
"0055f870","0x0055FAC7",0,"00560ffe","UNCONDITIONAL_CALL","005603d0",false,0,"PUSH EDX | PUSH EAX | LEA ECX,[ESP + 0x1cc] | PUSH ECX | PUSH ESI | MOV ECX,ESI | CALL 0x0055f870"
"0055f870","0x0055FAC7",0,"00561060","UNCONDITIONAL_CALL","005603d0",false,0,"PUSH EDX | LEA EAX,[ESP + 0x1cc] | PUSH EAX | LEA ECX,[ESP + 0x124] | PUSH ECX | LEA ECX,[ESP + 0x7c] | CALL 0x0055f870"
"0055f870","0x0055FAC7",0,"0056111f","UNCONDITIONAL_CALL","005603d0",false,0,"FSTP float ptr [ESP] | LEA EAX,[ESP + 0x74] | PUSH EAX | MOV dword ptr [ESP + 0x8c],ECX | PUSH ESI | MOV ECX,ESI | CALL 0x0055f870"
"0055f870","0x0055FAC7",0,"005611bd","UNCONDITIONAL_CALL","005603d0",false,0,"PUSH ECX | PUSH EDX | LEA EAX,[ESP + 0x1cc] | PUSH EAX | PUSH ESI | MOV ECX,ESI | CALL 0x0055f870"
"00566ee0","0x00566F70",0,"0056b65a","UNCONDITIONAL_CALL","0056b5ef",false,0,"PUSH ESI | LEA ECX,[ESP + 0x24] | PUSH ECX | PUSH EDI | PUSH EBP | PUSH EDX | CALL 0x00566ee0"
"00566ee0","0x00566F70",0,"0056b699","UNCONDITIONAL_CALL","0056b5ef",false,0,"PUSH ESI | LEA EDX,[ESP + 0x24] | PUSH EDX | PUSH EDI | PUSH EBP | PUSH EAX | CALL 0x00566ee0"
"00566ee0","0x00566F70",0,"0056b6df","UNCONDITIONAL_CALL","0056b5ef",false,0,"LEA EDX,[ESP + 0x24] | PUSH EDX | PUSH EDI | ADD EAX,0x4 | PUSH EBP | PUSH EAX | CALL 0x00566ee0"
"00566ee0","0x00566F70",0,"0056b718","UNCONDITIONAL_CALL","0056b5ef",false,0,"LEA EAX,[ESP + 0x24] | PUSH EAX | PUSH EDI | ADD ECX,0x8 | PUSH EBP | PUSH ECX | CALL 0x00566ee0"
"00566ee0","0x00566F70",0,"0056b740","UNCONDITIONAL_CALL","0056b5ef",false,0,"LEA EAX,[ESP + 0x24] | PUSH EAX | PUSH EDI | ADD ECX,0x4 | PUSH EBP | PUSH ECX | CALL 0x00566ee0"
"00567750","0x005683E3",0,"0056b88d","UNCONDITIONAL_CALL","0056b790",false,0,"PUSH EDX | PUSH EAX | PUSH ECX | LEA ESI,[ESI*0x4 + 0xb992b8] | PUSH EDI | PUSH ESI | CALL 0x00567750"
"00567750","0x005683E3",0,"0056b8b1","UNCONDITIONAL_CALL","0056b790",false,0,"PUSH ECX | PUSH EDX | PUSH EAX | LEA ECX,[ESI + 0x4] | PUSH EDI | PUSH ECX | CALL 0x00567750"
"00567750","0x005683E3",0,"0056b8d8","UNCONDITIONAL_CALL","0056b790",false,0,"PUSH ECX | PUSH EDX | PUSH EAX | PUSH EDI | ADD ESI,0x8 | PUSH ESI | CALL 0x00567750"
"00574350","0x00574483",0,"0084ee45","UNCONDITIONAL_CALL","",false,0,"RET | FLD float ptr [0x00858630] | FDIV float ptr [0x008651b0] | FSTP float ptr [0x00ba6740] | RET | MOV ECX,0xba6748 | CALL 0x00574350"
"00575130","0x00575AE3",0,"0057ba28","UNCONDITIONAL_CALL","0057b750",false,0,"MOV EAX,dword ptr [ESI + 0x64] | MOV EDX,dword ptr [ESI + 0x6c] | MOV dword ptr [ESP + 0x10],ECX | MOV ECX,ESI | MOV dword ptr [ESP + 0x14],EAX | MOV dword ptr [ESP + 0x18],EDX | CALL 0x00575130"
"00576b70","0x00576C34|0x00576C39|0x00576C41|0x00576F78",0,"0057b477","UNCONDITIONAL_CALL","0057b440",false,0,"CALL 0x00730740 | PUSH 0x1 | CALL 0x007305e0 | ADD ESP,0x8 | MOV ECX,ESI | POP ESI | JMP 0x00576b70"
"005773d0","0x005789AA|0x005789B9|0x00578AC6|0x00578AD5",0,"0058008d","UNCONDITIONAL_CALL","0057fd70",false,0,"JBE 0x005800bb | LEA EAX,[ESP + 0x1c] | PUSH EAX | LEA ECX,[ESP + 0x1c] | PUSH ECX | MOV ECX,ESI | CALL 0x005773d0"
"00579fa4","0x0057AE66",1,"00403a61","UNCONDITIONAL_CALL","00403a5c",false,0,"MOV EAX,[0x015623b5] | XOR EAX,dword ptr [0x01560790] | MOV EAX,dword ptr [EAX] | POPFD | JMP 0x005083cd | MOV ECX,0xc1b340 | JMP 0x00579fa4"
"0057f300","0x0057F421",0,"0057ba66","UNCONDITIONAL_CALL","0057b750",false,0,"JZ 0x0057ba5f | PUSH EDI | CALL 0x005794a0 | JMP 0x0057ba6b | CALL 0x0057d860 | JMP 0x0057ba6b | CALL 0x0057f300"
"00588050","0x00588257",6,"00575b44","UNCONDITIONAL_CALL","00575130",false,0,"MOV AL,[0x00a444a1] | TEST AL,AL | JNZ 0x00575b49 | MOV AL,[0x00a444a4] | TEST AL,AL | JNZ 0x00575b49 | CALL 0x00588050"
"00588050","0x00588257",6,"0058aa2d","UNCONDITIONAL_CALL","0058a330",true,3,"PUSH EAX | LEA ECX,[ESP + 0x18] | PUSH ECX | MOV ECX,0xbab208 | CALL 0x00728350 | ADD ESP,0x34 | JMP 0x00588050"
"0058e020","0x0058E944|0x0058E9B7|0x0058EA22|0x0058EA91",10,"0058fbbf","UNCONDITIONAL_CALL","0058fae0",true,12,"PUSH 0x1e | CALL dword ptr [EAX + 0x20] | MOV AL,[0x00b6f065] | ADD ESP,0x20 | TEST AL,AL | JNZ 0x0058fbf3 | CALL 0x0058e020"
"00593bf0","0x00593C56",0,"00599185","UNCONDITIONAL_CALL","00598f50",false,0,"MOV dword ptr [ESI + 0x8],EAX | MOVZX EDX,byte ptr [EBP + 0x2f] | PUSH EDI | MOV ECX,ESI | MOV dword ptr [ESI + 0x10],EDX | MOV dword ptr [ESI + 0xc],EBX | CALL 0x00593bf0"
"00595380","0x00595417",0,"0059559d","UNCONDITIONAL_CALL","00595590",false,0,"ADD ESP,0x84 | RET | SUB ESP,0x250 | PUSH ESI | MOV ESI,ECX | MOV dword ptr [ESP + 0x20],ESI | CALL 0x00595380"
"00598690","0x00598707",0,"00598e6b","UNCONDITIONAL_CALL","00598d80",false,0,"CMP byte ptr [EDI + 0xc],0x5 | JNZ 0x00598edd | MOV ECX,dword ptr [EBP] | PUSH ECX | MOV ECX,dword ptr [ESP + 0x28] | PUSH EDI | CALL 0x00598690"
"0059bdd0","0x0059BDE7",0,"00515107","UNCONDITIONAL_CALL","005150e0",false,0,"PUSH ESI | MOV ESI,ECX | LEA EAX,[ESI + 0x974] | PUSH EAX | LEA ECX,[ESP + 0x8] | PUSH ECX | CALL 0x0059bdd0"
"0059bdd0","0x0059BDE7",0,"00680149","UNCONDITIONAL_CALL","0067fd36",false,0,"LEA ECX,[EBX + 0x4] | CALL 0x0054f1b0 | MOV EAX,dword ptr [EBX + 0x14] | PUSH EAX | LEA ECX,[ESP + 0x50] | PUSH ECX | CALL 0x0059bdd0"
"0059bdd0","0x0059BDE7",0,"005df621","UNCONDITIONAL_CALL","005df560",false,0,"CALL 0x0059c050 | LEA ECX,[ESP + 0xac] | PUSH ECX | LEA EDX,[ESP + 0xf8] | PUSH EDX | MOV byte ptr [ESP + 0x14c],0x1 | CALL 0x0059bdd0"
"0059bdd0","0x0059BDE7",0,"005df779","UNCONDITIONAL_CALL","005df560",false,0,"LEA ECX,[ESP + 0xb4] | CALL 0x0059bd10 | LEA EAX,[ESP + 0xac] | PUSH EAX | LEA ECX,[ESP + 0x68] | PUSH ECX | CALL 0x0059bdd0"
"0059bdd0","0x0059BDE7",0,"0050b588","UNCONDITIONAL_CALL","0050b510",false,0,"MOV ECX,ESI | MOV dword ptr [EDX + 0x8],EAX | CALL 0x0050b380 | LEA ECX,[ESP + 0x8] | PUSH EDI | PUSH ECX | CALL 0x0059bdd0"
"0059de40","0x0059E12A",0,"0059e418","UNCONDITIONAL_CALL","0059e220",false,0,"MOV EDX,dword ptr [EBP + 0x8] | LEA EAX,[ESI + 0x14] | PUSH EAX | PUSH EDX | PUSH ECX | MOV ECX,ESI | CALL 0x0059de40"
"0059fb50","0x0059FCD3",0,"0059fd77","UNCONDITIONAL_CALL","",false,0,"JZ 0x0059fd67 | CALL 0x0059fd00 | MOV EAX,dword ptr [ESI + 0x174] | CMP EAX,dword ptr [0x00b7cb84] | JBE 0x0059fd7c | MOV ECX,ESI | CALL 0x0059fb50"
"005a32d0","0x005A3616",0,"005a3bd1","UNCONDITIONAL_CALL","005a3850",false,0,"MOV EDX,ESP | MOV dword ptr [EDX],EAX | MOV EAX,dword ptr [ESP + 0x68] | MOV dword ptr [EDX + 0x4],ECX | MOV ECX,EDI | MOV dword ptr [EDX + 0x8],EAX | CALL 0x005a32d0"
"005a32d0","0x005A3616",0,"005a3dcb","UNCONDITIONAL_CALL","005a3850",false,0,"MOV ECX,ESP | MOV dword ptr [ECX],EDX | MOV EDX,dword ptr [ESP + 0x80] | MOV dword ptr [ECX + 0x4],EAX | MOV dword ptr [ECX + 0x8],EDX | MOV ECX,EDI | CALL 0x005a32d0"
"005a4940","0x005A49F8|0x005A4E7E",0,"005a5661","UNCONDITIONAL_CALL","005a55a0",false,0,"PUSH ECX | PUSH EDX | PUSH 0x867168 | PUSH 0x85a508 | PUSH 0x867160 | PUSH EAX | CALL 0x005a4940"
"005b082b","0x005B0A9E",0,"00401ee0","UNCONDITIONAL_CALL","00401ed9",false,0,"JMP 0x00622cd5 | MOV AL,[0x00ba67a1] | JMP 0x005832f5 | MOV AL,[0x009654b0] | JMP 0x00410865 | LEA EDX,[ESP + 0x150] | JMP 0x005b082b"
"005b45d0","0x005B4658",0,"005b89f9","UNCONDITIONAL_CALL","005b8700",false,0,"PUSH 0x0 | PUSH EAX | CALL 0x005b4740 | ADD ESP,0x8 | JMP 0x005b8a09 | PUSH EAX | CALL 0x005b45d0"
"005b8030","0x005B80A5",0,"005b8980","UNCONDITIONAL_CALL","005b8700",false,0,"ADD ESP,0x8 | JMP 0x005b8a09 | PUSH EAX | CALL 0x005b4d70 | JMP 0x005b8a06 | PUSH EAX | CALL 0x005b8030"
"005b9390","0x005B9526",0,"005b9ccd","UNCONDITIONAL_CALL","005b9c60",false,0,"OR EAX,0xffffffff | OR EDI,0xffffffff | MOVSX EAX,AX | PUSH EAX | MOV ECX,0x8cb6f8 | MOV dword ptr [ESI + 0x4],EAX | CALL 0x005b9390"
"005bc533","0x005BC684",0,"00406e9f","UNCONDITIONAL_CALL","00406e9a",false,0,"JMP 0x01560e20 | OR EAX,0x800 | JMP 0x006f5d15 | MOV EBP,dword ptr [EBX + 0x598] | JMP 0x00603afc | MOV ECX,0x358 | JMP 0x005bc533"
"005bf750","0x005BF7DD",0,"0073a300","UNCONDITIONAL_CALL","0073a300",false,0,"LEA EAX,[EAX + EAX*0x2] | MOV AX,word ptr [EAX*0x8 + 0xc8a8be] | RET 0x4 | LEA ECX,[EAX + EAX*0x2] | MOV AX,word ptr [ECX*0x8 + 0xc8a8ba] | RET 0x4 | CALL 0x005bf750"
"005c7130","0x005C72A1|0x005C7329",0,"005c7489","UNCONDITIONAL_CALL","005c7420",false,0,"MOV dword ptr [ESI + 0x14],EDX | MOV dword ptr [ESI + 0x18],EDX | POP ESI | RET | PUSH 0x3 | PUSH ESI | CALL 0x005c7130"
"005c7130","0x005C72A1|0x005C7329",0,"005c7496","UNCONDITIONAL_CALL","005c7420",false,0,"CALL 0x005c7130 | ADD ESP,0x8 | POP ESI | RET | PUSH 0x4 | PUSH ESI | CALL 0x005c7130"
"005c7130","0x005C72A1|0x005C7329",0,"005c7553","UNCONDITIONAL_CALL","005c7420",false,0,"MOV dword ptr [ESI + 0x14],EDX | MOV dword ptr [ESI + 0x18],EDX | POP ESI | RET | PUSH 0x0 | PUSH ESI | CALL 0x005c7130"
"005c7420","0x005C7500",0,"005c768d","UNCONDITIONAL_CALL","005c7590",false,0,"MOV dword ptr [ESI + 0xc0],EBX | MOV byte ptr [ESI + 0xc5],0x1 | MOV byte ptr [ESI + 0xc6],0x1 | MOV byte ptr [ESI + 0xc7],BL | MOV word ptr [ESI + 0xc8],0x1 | MOV word ptr [ESI + 0xca],0x1 | CALL 0x005c7420"
"005cc7d0","0x005CC808",0,"005cfde2","UNCONDITIONAL_CALL","005cfd20",false,0,"MOV dword ptr [EAX],EBP | ADD EAX,0x4 | DEC ECX | JNZ 0x005cfdd0 | PUSH ESI | MOV dword ptr [ESI + 0x10c],EBP | CALL 0x005cc7d0"
"005cc8c0","0x005CC8F0",0,"005cc9da","UNCONDITIONAL_CALL","005cc9d0",false,0,"RET | PUSH ECX | PUSH EBX | PUSH EDI | MOV EDI,dword ptr [ESI + 0x180] | PUSH ESI | CALL 0x005cc8c0"
"005d2330","0x005D2391",0,"005d4793","UNCONDITIONAL_CALL","005d4760",false,0,"MOV dword ptr [ESP],0x68 | MOV dword ptr [ESP + 0x44],EAX | MOV dword ptr [ESP + 0x48],EAX | PUSH ECX | LEA ECX,[ESP + 0x8] | MOV dword ptr [ESP + 0x78],EAX | CALL 0x005d2330"
"005dbae0","0x005DBCAF",12,"0053e103","UNCONDITIONAL_CALL","0053df40",true,12,"PUSH EAX | CALL 0x007ee190 | ADD ESP,0x1c | PUSH 0x1 | MOV ECX,0xbb4240 | CALL 0x0059e6a0 | CALL 0x005dbae0"
"005e57f0","0x005E5C80",0,"005e92c8","UNCONDITIONAL_CALL","005e8cd0",false,0,"JMP 0x005e92bf | MOV ECX,ESI | CALL 0x005485e0 | MOV ECX,ESI | CALL 0x005e8910 | MOV ECX,ESI | CALL 0x005e57f0"
"005e65a0","0x005E6E2B|0x005E71E5|0x005E75CE",0,"006d3dc7","UNCONDITIONAL_CALL","006d3db0",false,0,"MOV ECX,dword ptr [ESI + 0x460] | TEST ECX,ECX | PUSH EDI | JZ 0x006d3dcc | CMP dword ptr [ECX + 0x530],0x32 | JNZ 0x006d3dcc | CALL 0x005e65a0"
"005e65a0","0x005E6E2B|0x005E71E5|0x005E75CE",0,"006d3de6","UNCONDITIONAL_CALL","006d3db0",false,0,"MOV EDI,0x8 | MOV ECX,dword ptr [ESI] | TEST ECX,ECX | JZ 0x006d3deb | CMP dword ptr [ECX + 0x530],0x32 | JNZ 0x006d3deb | CALL 0x005e65a0"
"005e65a0","0x005E6E2B|0x005E71E5|0x005E75CE",0,"005e8a29","UNCONDITIONAL_CALL","",false,0,"MOV dword ptr [ESI + 0x710],EAX | CALL 0x005e8910 | POP ESI | RET 0x8 | CMP dword ptr [ECX + 0x530],0x32 | JZ 0x005e8a2e | JMP 0x005e65a0"
"005edf10","0x005EDF5C",0,"005ee1ce","UNCONDITIONAL_CALL","005ee190",false,0,"ADD ESP,0x4 | MOV dword ptr [ESP],EAX | TEST EAX,EAX | MOV dword ptr [ESP + 0xc],0x0 | JZ 0x005ee1e7 | MOV ECX,EAX | CALL 0x005edf10"
"005f0360","0x005F0B6F",0,"0054c5cc","UNCONDITIONAL_CALL","0054ba60",false,0,"JNZ 0x0054c5d6 | MOV EDX,dword ptr [ESP + 0x2c] | PUSH 0x0 | PUSH EDX | PUSH ESI | MOV ECX,EDI | CALL 0x005f0360"
"005f0360","0x005F0B6F",0,"0054c642","UNCONDITIONAL_CALL","0054ba60",false,0,"PUSH 0x0 | PUSH ECX | FADD ST0,ST0 | MOV ECX,ESI | FSTP float ptr [ESP] | PUSH EDI | CALL 0x005f0360"
"005f0360","0x005F0B6F",0,"0060461f","UNCONDITIONAL_CALL","00604500",false,0,"TEST AH,0x41 | JNZ 0x00604624 | PUSH 0x0 | PUSH 0x41700000 | PUSH EDI | MOV ECX,ESI | CALL 0x005f0360"
"005f0360","0x005F0B6F",0,"0060491b","UNCONDITIONAL_CALL","00604500",false,0,"JNZ 0x0060515e | MOV EAX,dword ptr [ESP + 0x14] | PUSH 0x0 | PUSH EAX | PUSH EDI | MOV ECX,ESI | CALL 0x005f0360"
"005f0360","0x005F0B6F",0,"00604a0d","UNCONDITIONAL_CALL","00604500",false,0,"PUSH 0x0 | MOV EDX,ECX | PUSH EDX | MOV dword ptr [ESP + 0x20],ECX | PUSH EDI | MOV ECX,ESI | CALL 0x005f0360"
"005f5d80","0x005F5DBD|0x005F5ED0",0,"006946e2","UNCONDITIONAL_CALL","",false,0,"FADD float ptr [EAX + 0x8] | MOV EAX,dword ptr [ESP + 0x18] | PUSH EAX | PUSH ECX | PUSH EDX | FSTP float ptr [ESP + 0x14] | CALL 0x005f5d80"
"005f5d80","0x005F5DBD|0x005F5ED0",0,"006947c5","UNCONDITIONAL_CALL","",false,0,"FADD float ptr [EAX + 0x8] | MOV EAX,dword ptr [ESP + 0x2c] | PUSH EAX | PUSH ECX | PUSH EDX | FSTP float ptr [ESP + 0x28] | CALL 0x005f5d80"
"005f5d80","0x005F5DBD|0x005F5ED0",0,"0069483e","UNCONDITIONAL_CALL","",false,0,"MOV EAX,dword ptr [ESP + 0xc] | PUSH EAX | ADD ECX,0x4 | PUSH ECX | MOV ECX,dword ptr [ESP + 0xc] | PUSH ECX | CALL 0x005f5d80"
"005f99f0","0x005F9AD0",0,"005fb4ab","UNCONDITIONAL_CALL","005fb470",false,0,"JNZ 0x005fb520 | MOV EAX,dword ptr [ESP + 0x20] | MOV ECX,dword ptr [ESP + 0x1c] | PUSH EAX | PUSH ECX | PUSH EDX | CALL 0x005f99f0"
"005fc4c0","0x005FC586",0,"00403cb5","UNCONDITIONAL_CALL","00403caf",false,0,"MOV EDI,dword ptr [0x015607a8] | SUB EDI,dword ptr [0x00643c53] | POPFD | XCHG dword ptr [ESP],EDI | JMP 0x006c4197 | CMP dword ptr [ESI + 0x290],EBX | JMP 0x005fc4c0"
"005fffd0","0x006000FD",0,"00606463","UNCONDITIONAL_CALL","006060a0",false,0,"TEST AL,AL | JZ 0x00606468 | PUSH EDI | PUSH 0x0 | PUSH EBX | MOV ECX,EBP | CALL 0x005fffd0"
"005fffd0","0x006000FD",0,"00603543","UNCONDITIONAL_CALL","006034b0",false,0,"JZ 0x00603548 | MOV ECX,dword ptr [ESP + 0x1c] | PUSH ECX | MOV ECX,dword ptr [ESP + 0x14] | PUSH ESI | PUSH EAX | CALL 0x005fffd0"
"00601da0","0x00601DB7",0,"0060cdc2","UNCONDITIONAL_CALL","0060cd20",false,0,"MOV ECX,dword ptr [ESI + 0x47c] | AND EAX,0xffffffbd | AND EDX,0xfbffffff | OR EAX,0x4000000 | MOV dword ptr [ESI + 0x46c],EDX | MOV dword ptr [ESI + 0x474],EAX | CALL 0x00601da0"
"006040d0","0x00604193",0,"00606ee5","UNCONDITIONAL_CALL","00606e70",false,0,"PUSH EAX | MOV EAX,dword ptr [ESP + 0x34] | PUSH EAX | MOV EAX,dword ptr [ESP + 0x34] | PUSH EAX | LEA ECX,[EDX + ECX*0x1 + 0xd4ec] | CALL 0x006040d0"
"006040d0","0x00604193",0,"00606f69","UNCONDITIONAL_CALL","00606e70",false,0,"PUSH ESI | MOV ESI,dword ptr [ESP + 0x34] | PUSH ESI | MOV ESI,dword ptr [ESP + 0x34] | PUSH ESI | LEA ECX,[EAX + ECX*0x1 + 0x4] | CALL 0x006040d0"
"006040d0","0x00604193",0,"00606093","UNCONDITIONAL_CALL","00606060",false,0,"MOV EDX,dword ptr [ESP + 0x20] | PUSH ECX | MOV ECX,dword ptr [ESP + 0x20] | IMUL ECX,ECX,0x3c | PUSH EDX | ADD ECX,EAX | CALL 0x006040d0"
"006040d0","0x00604193",0,"00606fdf","UNCONDITIONAL_CALL","00606f80",false,0,"MOV EAX,dword ptr [ESP + 0x2c] | PUSH EAX | MOV EAX,dword ptr [ESP + 0x2c] | PUSH EAX | JNZ 0x00606fed | LEA ECX,[EDX + ECX*0x1 + 0xe824] | CALL 0x006040d0"
"006040d0","0x00604193",0,"00606ff4","UNCONDITIONAL_CALL","00606f80",false,0,"LEA ECX,[EDX + ECX*0x1 + 0xe824] | CALL 0x006040d0 | MOVSX EAX,word ptr [ESP + 0x8] | POP ESI | RET 0x20 | LEA ECX,[EDX + ECX*0x1 + 0xde88] | CALL 0x006040d0"
"006040d0","0x00604193",0,"00607036","UNCONDITIONAL_CALL","00606f80",false,0,"PUSH ESI | MOV ESI,dword ptr [ESP + 0x2c] | PUSH ESI | MOV ESI,dword ptr [ESP + 0x2c] | PUSH ESI | LEA ECX,[EAX + ECX*0x1 + 0x4] | CALL 0x006040d0"
"00605165","0x0060526D",0,"00401ce7","UNCONDITIONAL_CALL","00401ce1",false,0,"JMP 0x006a61e7 | MOV ECX,dword ptr [ESI + 0x460] | JMP 0x006a3eb3 | MOV dword ptr [ESI],0x0 | JMP 0x007059ae | MOV ECX,dword ptr [ESI + 0x480] | JMP 0x00605165"
"00606ba0","0x00606CF2|0x00606E15",0,"00607648","UNCONDITIONAL_CALL","00607560",false,0,"JZ 0x00607683 | MOV EDX,dword ptr [ESP + 0x14] | PUSH EAX | PUSH ESI | PUSH EDX | MOV ECX,EBP | CALL 0x00606ba0"
"0060c840","0x0060CA02|0x0060CA4E|0x0060CAA1|0x0060CAC0|0x0060CC16",0,"0060d411","UNCONDITIONAL_CALL","0060d350",false,0,"TEST AL,AL | JZ 0x0060d418 | TEST dword ptr [EDI + 0x34],EBX | JNZ 0x0060d425 | PUSH EBP | MOV ECX,ESI | CALL 0x0060c840"
"0060c840","0x0060CA02|0x0060CA4E|0x0060CAA1|0x0060CAC0|0x0060CC16",0,"0060d4d5","UNCONDITIONAL_CALL","0060d350",false,0,"CMP DL,0x3 | JNZ 0x0060d4dc | CMP dword ptr [EBP + 0x598],0x8 | JNZ 0x0060d4dc | PUSH EBP | MOV ECX,ESI | CALL 0x0060c840"
"0060e537","0x0060E9E1",0,"004038bd","UNCONDITIONAL_CALL","004038ab",false,0,"PUSH EDI | PUSHFD | MOV EDI,dword ptr [0x0058713f] | XOR EDI,dword ptr [0x0156076c] | POPFD | XCHG dword ptr [ESP],EDI | JMP 0x0060e537"
"00612716","0x00612A40|0x00612A8E|0x00612B88",0,"004018c9","UNCONDITIONAL_CALL","004018c3",false,0,"JMP 0x0051ffd4 | MOV ECX,dword ptr [ESI + 0x384] | JMP 0x00650bbf | MOV EDI,0x85c658 | JMP 0x0055d22b | MOV EAX,FS:[0x0] | JMP 0x00612716"
"006133f0","0x00613775",0,"0043e8f8","UNCONDITIONAL_CALL","0043e8b0",false,0,"FSTP float ptr [ESP + 0xc] | MOV dword ptr [EDX],EAX | MOV EAX,dword ptr [ECX + 0x4] | MOV ECX,dword ptr [ECX + 0x8] | MOV dword ptr [EDX + 0x4],EAX | MOV dword ptr [EDX + 0x8],ECX | CALL 0x006133f0"
"0061a990","0x0061AA0E",0,"0061b7e3","UNCONDITIONAL_CALL","0061b770",false,0,"PUSH EDX | LEA ECX,[ESI + 0x28] | PUSH ECX | ADD ESI,0x10 | PUSH ESI | MOV ECX,EAX | CALL 0x0061a990"
"0061a990","0x0061AA0E",0,"0066c479","UNCONDITIONAL_CALL","0066c450",false,0,"PUSH EDX | MOV EDX,dword ptr [ESP + 0x2c] | PUSH EAX | PUSH ECX | PUSH EDX | MOV ECX,ESI | CALL 0x0061a990"
"0061a990","0x0061AA0E",0,"00670bec","UNCONDITIONAL_CALL","00670b00",false,0,"PUSH 0x40800000 | PUSH 0x58 | LEA ECX,[ESI + 0x18] | PUSH ECX | PUSH ESI | MOV ECX,EAX | CALL 0x0061a990"
"0061a990","0x0061AA0E",0,"015696a2","UNCONDITIONAL_CALL","01569460",false,0,"PUSH EDI | LEA ECX,[ESP + 0x40] | PUSH ECX | LEA EDX,[ESP + 0x54] | PUSH EDX | MOV ECX,EAX | CALL 0x0061a990"
"0061ac90","0x0061ACF7",0,"0061b94b","UNCONDITIONAL_CALL","0061b890",false,0,"MOV ECX,dword ptr [ESI + 0x14] | PUSH EDX | MOV EDX,dword ptr [ESI + 0x10] | PUSH ECX | PUSH EDX | MOV ECX,EAX | CALL 0x0061ac90"
"0061ad10","0x0061AD80",0,"0061b8f8","UNCONDITIONAL_CALL","0061b890",false,0,"PUSH EDX | LEA ECX,[ESI + 0x34] | PUSH ECX | ADD ESI,0x1c | PUSH ESI | MOV ECX,EAX | CALL 0x0061ad10"
"0061bb10","0x0061BB34",0,"0061c08c","UNCONDITIONAL_CALL","0061bf20",false,0,"JZ 0x0061c089 | MOV ECX,dword ptr [EAX + 0x38] | TEST ECX,ECX | JNZ 0x0061bff6 | PUSH EDI | MOV ECX,ESI | CALL 0x0061bb10"
"00621f50","0x00621FA9",0,"00623645","UNCONDITIONAL_CALL","00623600",false,0,"MOV ECX,dword ptr [ESI + 0x58] | PUSH EDX | MOV EDX,dword ptr [ESI + 0x10] | PUSH ECX | PUSH EDX | MOV ECX,EAX | CALL 0x00621f50"
"00621f50","0x00621FA9",0,"0062888c","UNCONDITIONAL_CALL","006287a0",false,0,"MOV EDX,dword ptr [ESI + 0x14] | PUSH ECX | MOV ECX,dword ptr [ESI + 0x10] | PUSH EDX | PUSH ECX | MOV ECX,EAX | CALL 0x00621f50"
"00634740","0x00634812",0,"0063954f","UNCONDITIONAL_CALL","",false,0,"PUSH EBX | MOV EBX,dword ptr [ESP + 0x14] | PUSH ESI | PUSH EDI | PUSH EBX | MOV EDI,ECX | CALL 0x00634740"
"0063c340","0x0063C3AE|0x0063C41D",0,"00601506","UNCONDITIONAL_CALL","00601420",false,0,"MOV ECX,dword ptr [EBX] | MOV EDX,dword ptr [ECX + 0x58c] | PUSH 0x0 | PUSH 0x0 | PUSH EDX | MOV ECX,EAX | CALL 0x0063c340"
"0063c340","0x0063C3AE|0x0063C41D",0,"005ff94d","UNCONDITIONAL_CALL","005ff940",false,0,"PUSH ESI | XOR EBX,EBX | PUSH EBX | PUSH EBX | PUSH EAX | MOV ESI,ECX | CALL 0x0063c340"
"0063c340","0x0063C3AE|0x0063C41D",0,"005f8d78","UNCONDITIONAL_CALL","005f8900",false,0,"JZ 0x005f8d7f | MOV ECX,dword ptr [ESP + 0x14] | PUSH 0x1 | PUSH 0x0 | PUSH ECX | MOV ECX,EAX | CALL 0x0063c340"
"0063c340","0x0063C3AE|0x0063C41D",0,"005f9005","UNCONDITIONAL_CALL","005f8900",false,0,"MOV byte ptr [ESP + 0x130],0xb | JZ 0x005f900c | PUSH 0x1 | PUSH 0x0 | PUSH EDI | MOV ECX,EAX | CALL 0x0063c340"
"0063c340","0x0063C3AE|0x0063C41D",0,"0064b8ef","UNCONDITIONAL_CALL","0064b5d8",false,0,"MOV ECX,dword ptr [ESI + 0x18] | MOV EDX,dword ptr [ESI + 0x10] | PUSH 0x0 | PUSH ECX | PUSH EDX | MOV ECX,EAX | CALL 0x0063c340"
"0063c340","0x0063C3AE|0x0063C41D",0,"0064bd06","UNCONDITIONAL_CALL","0064b950",false,0,"MOV ECX,dword ptr [ESI + 0x14] | MOV EDX,dword ptr [ESI + 0x10] | PUSH 0x0 | PUSH ECX | PUSH EDX | MOV ECX,EAX | CALL 0x0063c340"
"0063c340","0x0063C3AE|0x0063C41D",0,"0064bd2f","UNCONDITIONAL_CALL","0064b950",false,0,"JZ 0x0064bd36 | MOV ECX,dword ptr [ESI + 0x10] | PUSH 0x0 | PUSH 0x0 | PUSH ECX | MOV ECX,EAX | CALL 0x0063c340"
"0063c340","0x0063C3AE|0x0063C41D",0,"0046f5b1","UNCONDITIONAL_CALL","0046f570",false,0,"PUSH EBP | MOV EBP,dword ptr [EDI + 0x60] | PUSH EBX | PUSH EBX | PUSH EAX | MOV ECX,ESI | CALL 0x0063c340"
"0063c340","0x0063C3AE|0x0063C41D",0,"0046f3ca","UNCONDITIONAL_CALL","0046f1e0",false,0,"MOV EDX,dword ptr [ESP + 0x44] | MOV EAX,dword ptr [EDX + 0x58c] | PUSH EBX | PUSH EBX | PUSH EAX | MOV ECX,ESI | CALL 0x0063c340"
"0063c340","0x0063C3AE|0x0063C41D",0,"0049645a","UNCONDITIONAL_CALL","00496270",false,0,"MOV EDX,dword ptr [ESP + 0x44] | MOV EAX,dword ptr [EDX + 0x58c] | PUSH EBX | PUSH EBX | PUSH EAX | MOV ECX,ESI | CALL 0x0063c340"
"0063c340","0x0063C3AE|0x0063C41D",0,"0062fe89","UNCONDITIONAL_CALL","0062fd56",false,0,"MOV ECX,dword ptr [ESP + 0x14] | MOV EDX,dword ptr [ECX + 0x58c] | PUSH 0x0 | PUSH 0x0 | PUSH EDX | MOV ECX,EAX | CALL 0x0063c340"
"0063c340","0x0063C3AE|0x0063C41D",0,"0063dc5d","UNCONDITIONAL_CALL","0063dc20",false,0,"JZ 0x0063dc64 | MOV ECX,dword ptr [ESI + 0x8] | PUSH 0x0 | PUSH 0x0 | PUSH ECX | MOV ECX,EAX | CALL 0x0063c340"
"0063c340","0x0063C3AE|0x0063C41D",0,"0063df54","UNCONDITIONAL_CALL","0063df10",false,0,"MOV EBP,dword ptr [EDI + 0x60] | PUSH EAX | PUSH EAX | MOV EAX,dword ptr [EDI + 0x8] | PUSH EAX | MOV ECX,ESI | CALL 0x0063c340"
"0063c340","0x0063C3AE|0x0063C41D",0,"00640c4c","UNCONDITIONAL_CALL","00640be0",false,0,"JZ 0x00640e29 | MOV ECX,dword ptr [ESI + 0xc] | PUSH 0x0 | PUSH 0x0 | PUSH ECX | MOV ECX,EAX | CALL 0x0063c340"
"0063c340","0x0063C3AE|0x0063C41D",0,"006425b2","UNCONDITIONAL_CALL","00642516",false,0,"JZ 0x00642567 | MOV ECX,dword ptr [ESI + 0xc] | PUSH 0x0 | PUSH 0x0 | PUSH ECX | MOV ECX,EAX | CALL 0x0063c340"
"0063c340","0x0063C3AE|0x0063C41D",0,"00659811","UNCONDITIONAL_CALL","006597d0",false,0,"MOV ECX,dword ptr [ESP + 0x14] | MOV EDX,dword ptr [ECX + 0x58c] | PUSH 0x0 | PUSH 0x0 | PUSH EDX | MOV ECX,EAX | CALL 0x0063c340"
"0063c340","0x0063C3AE|0x0063C41D",0,"0065a2aa","UNCONDITIONAL_CALL","0065a240",false,0,"JZ 0x0065a369 | MOV ECX,dword ptr [EDI + 0xc] | PUSH 0x0 | PUSH 0x0 | PUSH ECX | MOV ECX,EAX | CALL 0x0063c340"
"0063c340","0x0063C3AE|0x0063C41D",0,"0066545a","UNCONDITIONAL_CALL","00665276",false,0,"MOV EDX,dword ptr [ESP + 0x44] | MOV EAX,dword ptr [EDX + 0x58c] | PUSH EBX | PUSH EBX | PUSH EAX | MOV ECX,ESI | CALL 0x0063c340"
"0063c340","0x0063C3AE|0x0063C41D",0,"00696437","UNCONDITIONAL_CALL","006962a6",false,0,"MOV ECX,dword ptr [ESP + 0x30] | MOV EDX,dword ptr [ECX + 0x58c] | PUSH 0x0 | PUSH 0x0 | PUSH EDX | MOV ECX,EAX | CALL 0x0063c340"
"0063c340","0x0063C3AE|0x0063C41D",0,"0068f794","UNCONDITIONAL_CALL","0068ef69",false,0,"JZ 0x0068f8c0 | MOV EDX,dword ptr [EBP + 0x58c] | PUSH 0x0 | PUSH 0x0 | PUSH EDX | MOV ECX,EAX | CALL 0x0063c340"
"0063c340","0x0063C3AE|0x0063C41D",0,"0064301d","UNCONDITIONAL_CALL","00642fa0",false,0,"JZ 0x0064313e | MOV ECX,dword ptr [ESI + 0xc] | PUSH 0x0 | PUSH 0x0 | PUSH ECX | MOV ECX,EAX | CALL 0x0063c340"
"0063c340","0x0063C3AE|0x0063C41D",0,"0063d6fc","UNCONDITIONAL_CALL","0063d6f0",false,0,"MOV EAX,dword ptr [ESP + 0x4] | PUSH ESI | PUSH 0x0 | PUSH 0x0 | PUSH EAX | MOV ESI,ECX | CALL 0x0063c340"
"0063c340","0x0063C3AE|0x0063C41D",0,"005f7074","UNCONDITIONAL_CALL","",false,0,"MOV dword ptr [ESP + 0x28],0x2 | JZ 0x005f707b | PUSH 0x0 | PUSH 0x0 | PUSH EBX | MOV ECX,EAX | CALL 0x0063c340"
"0063c340","0x0063C3AE|0x0063C41D",0,"005f7184","UNCONDITIONAL_CALL","",false,0,"MOV dword ptr [ESP + 0x28],0x5 | JZ 0x005f718b | PUSH 0x0 | PUSH 0x0 | PUSH EBX | MOV ECX,EAX | CALL 0x0063c340"
"0063c340","0x0063C3AE|0x0063C41D",0,"0062f95d","UNCONDITIONAL_CALL","",false,0,"JZ 0x0062f9d2 | MOV ECX,dword ptr [ESI + 0x58c] | PUSH EBX | PUSH EBX | PUSH ECX | MOV ECX,EAX | CALL 0x0063c340"
"0063c340","0x0063C3AE|0x0063C41D",0,"00658f7a","UNCONDITIONAL_CALL","00658db0",false,0,"JZ 0x006590d3 | MOV ECX,dword ptr [ESI + 0xc] | PUSH 0x0 | PUSH 0x0 | PUSH ECX | MOV ECX,EAX | CALL 0x0063c340"
"0063c340","0x0063C3AE|0x0063C41D",0,"006661ee","UNCONDITIONAL_CALL","",false,0,"JZ 0x0066618e | MOV ECX,dword ptr [ESI + 0x58c] | PUSH 0x0 | PUSH 0x0 | PUSH ECX | MOV ECX,EAX | CALL 0x0063c340"
"0063c340","0x0063C3AE|0x0063C41D",0,"0068e200","UNCONDITIONAL_CALL","",false,0,"JZ 0x0068e214 | MOV ECX,dword ptr [EBX + 0x58c] | PUSH 0x0 | PUSH 0x0 | PUSH ECX | MOV ECX,EAX | CALL 0x0063c340"
"0063c340","0x0063C3AE|0x0063C41D",0,"0068cb67","UNCONDITIONAL_CALL","0068c9e0",false,0,"JZ 0x0068ccdd | MOV EDX,dword ptr [ESI + 0xc] | PUSH 0x0 | PUSH 0x0 | PUSH EDX | MOV ECX,EAX | CALL 0x0063c340"
"0063c340","0x0063C3AE|0x0063C41D",0,"0068c16b","UNCONDITIONAL_CALL","0068c050",false,0,"MOV EDX,dword ptr [ESP + 0x20] | MOV ECX,dword ptr [EDX + 0x58c] | PUSH EDI | PUSH EDI | PUSH ECX | MOV ECX,EAX | CALL 0x0063c340"
"0063c340","0x0063C3AE|0x0063C41D",0,"00492648","UNCONDITIONAL_CALL","",false,0,"MOV byte ptr [ESP + 0x230],0x18 | JZ 0x0049264f | PUSH 0x1 | PUSH 0x0 | PUSH ESI | MOV ECX,EAX | CALL 0x0063c340"
"0063c340","0x0063C3AE|0x0063C41D",0,"01563d40","UNCONDITIONAL_CALL","01563ce0",false,0,"MOV dword ptr [ESP + 0x1c],0x0 | JZ 0x01563d47 | PUSH 0x0 | PUSH 0x0 | PUSH ESI | MOV ECX,EAX | CALL 0x0063c340"
"0063c340","0x0063C3AE|0x0063C41D",0,"01563dc1","UNCONDITIONAL_CALL","01563ce0",false,0,"MOV dword ptr [ESP + 0x1c],0x2 | JZ 0x01563dc8 | PUSH 0x0 | PUSH 0x0 | PUSH ESI | MOV ECX,EAX | CALL 0x0063c340"
"0063c340","0x0063C3AE|0x0063C41D",0,"01568c70","UNCONDITIONAL_CALL","01568c10",false,0,"MOV dword ptr [ESP + 0x1c],0x0 | JZ 0x01568c77 | PUSH 0x0 | PUSH 0x0 | PUSH ESI | MOV ECX,EAX | CALL 0x0063c340"
"0063c340","0x0063C3AE|0x0063C41D",0,"01568cf1","UNCONDITIONAL_CALL","01568c10",false,0,"MOV dword ptr [ESP + 0x1c],0x2 | JZ 0x01568cf8 | PUSH 0x0 | PUSH 0x0 | PUSH ESI | MOV ECX,EAX | CALL 0x0063c340"
"0063c340","0x0063C3AE|0x0063C41D",0,"01568f8f","UNCONDITIONAL_CALL","01568e00",false,0,"JZ 0x01568f96 | MOV ECX,dword ptr [ESI + 0x58c] | PUSH 0x0 | PUSH 0x0 | PUSH ECX | MOV ECX,EAX | CALL 0x0063c340"
"0063c670","0x0063C748",0,"00859e68","DATA","",false,0,""
"0063c670","0x0063C748",0,"0086e91c","DATA","",false,0,""
"0063c670","0x0063C748",0,"0063d754","UNCONDITIONAL_CALL","",false,0,"MOV ESI,ECX | MOV ECX,dword ptr [ESP + 0xc] | PUSH EAX | PUSH ECX | PUSH EDX | MOV ECX,ESI | CALL 0x0063c670"
"0063c770","0x0063C7AC",0,"00859e70","DATA","",false,0,""
"0063c770","0x0063C7AC",0,"0086e924","DATA","",false,0,""
"0063c770","0x0063C7AC",0,"0086ea8c","DATA","",false,0,""
"0063c840","0x0063C845",0,"00642744","DATA","00642700",false,0,"PUSH 0x182 | PUSH EAX | PUSH EDX | CALL 0x004d3aa0 | ADD ESP,0xc | PUSH ESI | PUSH 0x63c840"
"0063c840","0x0063C845",0,"008d0998","DATA","",false,0,""
"0063dc20","0x0063DC73",0,"0086e908","DATA","",false,0,""
"006428c0","0x006429B1",0,"00642f48","UNCONDITIONAL_CALL","00642e88",false,0,"MOV EBX,dword ptr [ESP + 0x20] | MOV EBP,dword ptr [ESP + 0x24] | PUSH EBX | PUSH EBP | PUSH ESI | MOV ECX,EDI | CALL 0x006428c0"
"00642ae0","0x00642D61|0x00642D7C|0x00642E3C|0x00642E59",0,"00642f52","UNCONDITIONAL_CALL","00642e88",false,0,"MOV ECX,EDI | CALL 0x006428c0 | PUSH EBX | PUSH EBP | PUSH ESI | MOV ECX,EDI | CALL 0x00642ae0"
"00644470","0x00644927|0x006449FD",0,"0086e920","DATA","",false,0,""
"00644470","0x00644927|0x006449FD",0,"00645398","UNCONDITIONAL_CALL","00645370",false,0,"MOV dword ptr [ESI],ECX | JZ 0x00645395 | PUSH ESI | CALL 0x00571b70 | PUSH EBP | MOV ECX,EDI | CALL 0x00644470"
"00644470","0x00644927|0x006449FD",0,"0046f65f","UNCONDITIONAL_CALL","",false,0,"SBB AL,AL | INC AL | TEST AL,AL | JZ 0x0046f65f | MOV AL,0x1 | RET 0x4 | JMP 0x00644470"
"0064fc10","0x0064FE70",0,"006526a1","UNCONDITIONAL_CALL","0065188d",false,0,"PUSH 0x0 | PUSH ESI | LEA EAX,[ESP + 0x68] | PUSH EAX | MOV ECX,EBX | MOV dword ptr [ESP + 0x2b4],0x7 | CALL 0x0064fc10"
"0064fc10","0x0064FE70",0,"00650ad3","UNCONDITIONAL_CALL","00650a80",false,0,"PUSH ECX | PUSH ESI | LEA EDX,[ESP + 0x20] | PUSH EDX | MOV ECX,EDI | MOV dword ptr [ESP + 0x8c],0x0 | CALL 0x0064fc10"
"00650286","0x00650321",0,"004067f8","UNCONDITIONAL_CALL","004067f2",false,0,"JMP 0x00576b00 | MOV EAX,FS:[0x0] | JMP 0x00546ff6 | TEST dword ptr [0x00c9bf0c],0x40000000 | JMP 0x004cbf8a | MOV EAX,FS:[0x0] | JMP 0x00650286"
"006504c0","0x0065065E|0x00650698",0,"0062b6fa","UNCONDITIONAL_CALL","0062b490",false,0,"CALL 0x0064f110 | ADD ESP,0x8 | PUSH EAX | MOV EAX,dword ptr [ESI + 0x10] | MOV ECX,dword ptr [EAX + 0x58c] | PUSH ECX | CALL 0x006504c0"
"006504c0","0x0065065E|0x00650698",0,"00652a84","UNCONDITIONAL_CALL","00652900",false,0,"MOV ECX,dword ptr [ESP + 0x4c] | CMP dword ptr [ECX],0x12 | JNZ 0x00652ad5 | PUSH 0x0 | PUSH 0x12 | PUSH ESI | CALL 0x006504c0"
"006504c0","0x0065065E|0x00650698",0,"00652bed","UNCONDITIONAL_CALL","00652900",false,0,"JNZ 0x00652c73 | TEST EAX,EAX | JZ 0x00652c25 | PUSH EDI | PUSH 0xa | PUSH ESI | CALL 0x006504c0"
"006504c0","0x0065065E|0x00650698",0,"00652c37","UNCONDITIONAL_CALL","00652900",false,0,"MOV EAX,dword ptr [ESI + 0x668] | TEST EAX,EAX | JZ 0x00652ec5 | PUSH EDI | PUSH 0x8 | PUSH ESI | CALL 0x006504c0"
"006504c0","0x0065065E|0x00650698",0,"00652c80","UNCONDITIONAL_CALL","00652900",false,0,"MOV EAX,dword ptr [EDX] | TEST EAX,EAX | JZ 0x00652ce4 | PUSH EDI | PUSH EAX | PUSH ESI | CALL 0x006504c0"
"006504c0","0x0065065E|0x00650698",0,"00652d58","UNCONDITIONAL_CALL","00652900",false,0,"FNSTSW AX | TEST AH,0x41 | JZ 0x00652e75 | PUSH EBP | PUSH 0x8 | PUSH ESI | CALL 0x006504c0"
"006504c0","0x0065065E|0x00650698",0,"00652dbc","UNCONDITIONAL_CALL","00652900",false,0,"JNZ 0x00652db8 | CMP byte ptr [ESI + 0x4a4],0x2 | JNZ 0x00652dc8 | PUSH EDI | PUSH 0xa | PUSH ESI | CALL 0x006504c0"
"006504c0","0x0065065E|0x00650698",0,"00652dd5","UNCONDITIONAL_CALL","00652900",false,0,"JNZ 0x00652de1 | TEST byte ptr [ESI + 0x486],0x4 | JZ 0x00652e0d | PUSH EDI | PUSH 0xa | PUSH ESI | CALL 0x006504c0"
"006504c0","0x0065065E|0x00650698",0,"00652e3d","UNCONDITIONAL_CALL","00652900",false,0,"POP EBX | ADD ESP,0x2c | RET | PUSH EDI | PUSH 0xa | PUSH ESI | CALL 0x006504c0"
"006504c0","0x0065065E|0x00650698",0,"00652e79","UNCONDITIONAL_CALL","00652900",false,0,"POP EBX | ADD ESP,0x2c | RET | PUSH EDI | PUSH 0xa | PUSH ESI | CALL 0x006504c0"
"006504c0","0x0065065E|0x00650698",0,"00652e8d","UNCONDITIONAL_CALL","00652900",false,0,"ADD ESP,0xc | TEST AL,AL | JNZ 0x00652de1 | PUSH EBP | PUSH 0x8 | PUSH ESI | CALL 0x006504c0"
"006504c0","0x0065065E|0x00650698",0,"00626847","UNCONDITIONAL_CALL","00626260",false,0,"CALL 0x0064f110 | MOV EDX,dword ptr [ESI + 0x10] | ADD ESP,0x8 | PUSH EAX | MOV EAX,dword ptr [EDX + 0x58c] | PUSH EAX | CALL 0x006504c0"
"006504c0","0x0065065E|0x00650698",0,"0062669f","UNCONDITIONAL_CALL","00626260",false,0,"CALL 0x0064f110 | MOV EDX,dword ptr [ESI + 0x10] | ADD ESP,0x8 | PUSH EAX | MOV EAX,dword ptr [EDX + 0x58c] | PUSH EAX | CALL 0x006504c0"
"006504c0","0x0065065E|0x00650698",0,"0062699f","UNCONDITIONAL_CALL","00626260",false,0,"CALL 0x0064f110 | MOV EDX,dword ptr [ESI + 0x10] | ADD ESP,0x8 | PUSH EAX | MOV EAX,dword ptr [EDX + 0x58c] | PUSH EAX | CALL 0x006504c0"
"006504c0","0x0065065E|0x00650698",0,"00641b85","UNCONDITIONAL_CALL","",false,0,"JZ 0x00641d10 | MOV EAX,dword ptr [ESI + 0x10] | MOV ECX,dword ptr [ESI + 0xc] | PUSH EBX | PUSH EAX | PUSH ECX | CALL 0x006504c0"
"006504c0","0x0065065E|0x00650698",0,"00641c8f","UNCONDITIONAL_CALL","",false,0,"JNZ 0x00641c23 | MOV EDI,0xb | MOV EDX,dword ptr [ESI + 0xc] | PUSH EBX | PUSH EDI | PUSH EDX | CALL 0x006504c0"
"006504c0","0x0065065E|0x00650698",0,"00650c68","UNCONDITIONAL_CALL","00650bbf",false,0,"MOV AL,byte ptr [ESP + 0x70] | TEST AL,AL | JZ 0x00650c78 | PUSH 0x0 | PUSH 0x8 | PUSH ESI | CALL 0x006504c0"
"006504c0","0x0065065E|0x00650698",0,"00650d11","UNCONDITIONAL_CALL","00650bbf",false,0,"MOV AL,byte ptr [ESP + 0x70] | TEST AL,AL | JZ 0x00650d1d | PUSH 0x0 | PUSH 0xb | PUSH ESI | CALL 0x006504c0"
"006504c0","0x0065065E|0x00650698",0,"00650da5","UNCONDITIONAL_CALL","00650bbf",false,0,"MOV AL,byte ptr [ESP + 0x70] | TEST AL,AL | JZ 0x00650db1 | PUSH 0x0 | PUSH 0x9 | PUSH ESI | CALL 0x006504c0"
"006504c0","0x0065065E|0x00650698",0,"00650e76","UNCONDITIONAL_CALL","00650bbf",false,0,"MOV AL,byte ptr [ESP + 0x70] | TEST AL,AL | JZ 0x00650e82 | PUSH 0x0 | PUSH 0xb | PUSH ESI | CALL 0x006504c0"
"006504c0","0x0065065E|0x00650698",0,"00650f32","UNCONDITIONAL_CALL","00650bbf",false,0,"MOV AL,byte ptr [ESP + 0x70] | TEST AL,AL | JZ 0x00650f3e | PUSH 0x0 | PUSH 0x9 | PUSH ESI | CALL 0x006504c0"
"006504c0","0x0065065E|0x00650698",0,"0065107d","UNCONDITIONAL_CALL","00650bbf",false,0,"MOV AL,byte ptr [ESP + 0x6c] | TEST AL,AL | JZ 0x00651089 | PUSH 0x0 | PUSH 0x8 | PUSH ESI | CALL 0x006504c0"
"006504c0","0x0065065E|0x00650698",0,"0064c52b","UNCONDITIONAL_CALL","0064c220",false,0,"MOV EAX,dword ptr [EDI + 0xc] | MOV ECX,dword ptr [EDI + 0x8] | LEA EDX,[ESP + 0x1c] | PUSH EDX | PUSH EAX | PUSH ECX | CALL 0x006504c0"
"006504c0","0x0065065E|0x00650698",0,"0068d4c4","UNCONDITIONAL_CALL","",false,0,"MOV dword ptr [ESP + 0x10],0x3e8 | JMP 0x0068d7f8 | MOV EAX,dword ptr [EDI + 0x58c] | PUSH 0x0 | PUSH 0xa | PUSH EAX | CALL 0x006504c0"
"006504c0","0x0065065E|0x00650698",0,"0068d4e2","UNCONDITIONAL_CALL","",false,0,"JNZ 0x0068d7f8 | MOV ECX,dword ptr [ESI + 0x10] | MOV EDX,dword ptr [ECX + 0x58c] | PUSH 0x0 | PUSH 0x8 | PUSH EDX | CALL 0x006504c0"
"006504c0","0x0065065E|0x00650698",0,"0068d599","UNCONDITIONAL_CALL","",false,0,"MOV dword ptr [ESP + 0x10],0x3e8 | JMP 0x0068d7f8 | MOV EDX,dword ptr [EDI + 0x58c] | PUSH 0x0 | PUSH 0x8 | PUSH EDX | CALL 0x006504c0"
"006504c0","0x0065065E|0x00650698",0,"0068d5b7","UNCONDITIONAL_CALL","",false,0,"JNZ 0x0068d7f8 | MOV EAX,dword ptr [ESI + 0x10] | MOV ECX,dword ptr [EAX + 0x58c] | PUSH 0x0 | PUSH 0xa | PUSH ECX | CALL 0x006504c0"
"0066a100","0x0066A190",0,"004c2801","UNCONDITIONAL_CALL","004c2610",false,0,"JZ 0x004c2808 | MOV EDX,dword ptr [ESP + 0x10] | PUSH EDX | PUSH ESI | PUSH EBP | MOV ECX,EAX | CALL 0x0066a100"
"0066a100","0x0066A190",0,"0066d091","UNCONDITIONAL_CALL","0066d050",false,0,"PUSH ECX | MOV ECX,dword ptr [ESI + 0xc] | LEA EDX,[ESI + 0x1c] | PUSH EDX | PUSH ECX | MOV ECX,EAX | CALL 0x0066a100"
"0066a850","0x0066A9FF|0x0066AA0A",0,"00672258","UNCONDITIONAL_CALL","",false,0,"MOV ECX,dword ptr [0x00b7cb84] | MOV dword ptr [ESI + 0x40],ECX | MOV dword ptr [ESI + 0x44],0xc8 | MOV byte ptr [ESI + 0x48],BL | PUSH EDI | MOV ECX,ESI | CALL 0x0066a850"
"0066ab40","0x0066ACEF",0,"0066adfe","UNCONDITIONAL_CALL","0066ade0",false,0,"JZ 0x0066ae3c | MOV ESI,dword ptr [ESP + 0xc] | JMP 0x0066ae1d | MOV ESI,dword ptr [ESP + 0xc] | PUSH ESI | MOV ECX,EDI | CALL 0x0066ab40"
"0066d050","0x0066D0A4",0,"0086fec8","DATA","",false,0,""
"0066ea37","0x0066EAE9",0,"00407455","UNCONDITIONAL_CALL","00407441",false,0,"PUSHFD | MOV ECX,dword ptr [0x01560864] | NOT ECX | XOR ECX,dword ptr [0x00535e93] | POPFD | XCHG dword ptr [ESP],ECX | JMP 0x0066ea37"
"0066ebe0","0x0066EBFB",0,"006718b3","UNCONDITIONAL_CALL","00671800",false,0,"TEST CL,0x8 | POP EBP | JZ 0x006718b8 | PUSH EAX | PUSH EDI | MOV ECX,ESI | CALL 0x0066ebe0"
"0066ebe0","0x0066EBFB",0,"00671a97","UNCONDITIONAL_CALL","006718d0",false,0,"TEST BL,0x8 | MOV EDI,dword ptr [ESP + 0x10] | JZ 0x00671a9c | PUSH EAX | MOV ECX,ESI | PUSH EDI | CALL 0x0066ebe0"
"00671750","0x006717DC",0,"0046fcf2","UNCONDITIONAL_CALL","0046f800",false,0,"PUSH EDX | PUSH EAX | LEA ECX,[ESP + 0x54] | PUSH ECX | MOV ECX,dword ptr [ESI + 0x8] | PUSH EDI | CALL 0x00671750"
"00671750","0x006717DC",0,"00496c52","UNCONDITIONAL_CALL","00496760",false,0,"PUSH EDX | PUSH EAX | LEA ECX,[ESP + 0x54] | PUSH ECX | MOV ECX,dword ptr [ESI + 0x8] | PUSH EDI | CALL 0x00671750"
"00671750","0x006717DC",0,"00665c52","UNCONDITIONAL_CALL","00665760",false,0,"PUSH EDX | PUSH EAX | LEA ECX,[ESP + 0x48] | PUSH ECX | MOV ECX,dword ptr [ESI + 0x8] | PUSH EDI | CALL 0x00671750"
"00671750","0x006717DC",0,"00671866","UNCONDITIONAL_CALL","00671800",false,0,"PUSH ECX | PUSH EDX | LEA EAX,[ESI + 0xc] | PUSH EAX | PUSH EDI | MOV ECX,ESI | CALL 0x00671750"
"00671750","0x006717DC",0,"00671a58","UNCONDITIONAL_CALL","006718d0",false,0,"PUSH EAX | PUSH ECX | LEA EDX,[ESI + 0xc] | PUSH EDX | PUSH EDI | MOV ECX,ESI | CALL 0x00671750"
"00671750","0x006717DC",0,"00673a32","UNCONDITIONAL_CALL","00673540",false,0,"PUSH EDX | PUSH EAX | LEA ECX,[ESP + 0x48] | PUSH ECX | MOV ECX,dword ptr [ESI + 0x8] | PUSH EDI | CALL 0x00671750"
"00671800","0x0067182C",0,"008700cc","DATA","",false,0,""
"006754d0","0x00675597|0x0067561C",0,"00870274","DATA","",false,0,""
"006796c0","0x006796F8|0x006798A8",0,"004c0a96","UNCONDITIONAL_CALL","004c0170",false,0,"MOV EDX,dword ptr [EDI] | LEA EAX,[ESP + 0x14] | PUSH EAX | LEA ECX,[ESP + 0x1c] | PUSH ECX | PUSH EDX | CALL 0x006796c0"
"00679b80","0x00679BF3|0x00679C0D|0x00679E06",0,"00680cd9","UNCONDITIONAL_CALL","",false,0,"CALL 0x0067d590 | MOV AL,byte ptr [ESI + 0x21] | TEST AL,AL | JNZ 0x00680cf3 | PUSH EDI | MOV ECX,ESI | CALL 0x00679b80"
"0067b4e7","0x0067B550",0,"00407e36","UNCONDITIONAL_CALL","00407e24",false,0,"PUSHFD | STC | MOV EAX,[0x015608a0] | SBB EAX,dword ptr [0x005a7955] | POPFD | XCHG dword ptr [ESP],EAX | JMP 0x0067b4e7"
"00681e70","0x00681EE2",0,"006842ca","UNCONDITIONAL_CALL","00684290",false,0,"PUSH 0x0 | PUSH EAX | PUSH ECX | PUSH EDX | PUSH EDI | MOV ECX,ESI | CALL 0x00681e70"
"00681e70","0x00681EE2",0,"0068472a","UNCONDITIONAL_CALL","006846f0",false,0,"PUSH EDX | MOV EDX,dword ptr [ESP + 0x24] | PUSH EAX | PUSH ECX | PUSH EDX | MOV ECX,ESI | CALL 0x00681e70"
"00681e70","0x00681EE2",0,"006841c6","UNCONDITIONAL_CALL","00684190",false,0,"PUSH EDX | MOV EDX,dword ptr [ESP + 0x20] | PUSH EAX | PUSH ECX | PUSH EDX | MOV ECX,ESI | CALL 0x00681e70"
"00681e70","0x00681EE2",0,"00684246","UNCONDITIONAL_CALL","00684210",false,0,"PUSH EDX | MOV EDX,dword ptr [ESP + 0x20] | PUSH EAX | PUSH ECX | PUSH EDX | MOV ECX,ESI | CALL 0x00681e70"
"00688930","0x006889CA",0,"0068b08d","UNCONDITIONAL_CALL","0068b050",false,0,"JZ 0x0068b0a2 | MOV ECX,dword ptr [ESI + 0x20] | PUSH ECX | ADD ESI,0x14 | PUSH ESI | MOV ECX,EAX | CALL 0x00688930"
"00688930","0x006889CA",0,"006352f6","UNCONDITIONAL_CALL","",false,0,"JZ 0x00635408 | MOV ECX,EDI | CALL 0x005f69a0 | PUSH EAX | MOV ECX,ESI | PUSH 0x0 | CALL 0x00688930"
"00688930","0x006889CA",0,"00635379","UNCONDITIONAL_CALL","",false,0,"MOV dword ptr [ESP + 0x1c],0x3 | JZ 0x00635408 | PUSH 0x0 | LEA ECX,[ESP + 0xc] | PUSH ECX | MOV ECX,EAX | CALL 0x00688930"
"00688930","0x006889CA",0,"006353f0","UNCONDITIONAL_CALL","",false,0,"TEST EAX,EAX | MOV dword ptr [ESP + 0x1c],0x0 | JZ 0x00635408 | PUSH 0x0 | MOV ECX,EAX | PUSH 0x0 | CALL 0x00688930"
"00688930","0x006889CA",0,"0047290d","UNCONDITIONAL_CALL","",false,0,"MOV dword ptr [ESP + 0x1b0],0x0 | JZ 0x00472914 | PUSH 0x0 | LEA EDX,[ESP + 0x44] | PUSH EDX | MOV ECX,EAX | CALL 0x00688930"
"0068a9f0","0x0068AA2B",0,"0068ab7c","UNCONDITIONAL_CALL","0068aa70",false,0,"ADD ESP,0x4 | CMP EAX,EBX | JNZ 0x0068ab81 | PUSH EBP | PUSH EDI | MOV ECX,ESI | CALL 0x0068a9f0"
"0068aa50","0x0068AA5F",0,"0068b31f","UNCONDITIONAL_CALL","",false,0,"PUSH EAX | CALL 0x004d4610 | ADD ESP,0x10 | MOV ECX,ESI | CALL 0x005dfd60 | MOV ECX,EDI | CALL 0x0068aa50"
"0068aa70","0x0068ABAF|0x0068AD29",0,"0068b4b3","UNCONDITIONAL_CALL","",false,0,"CALL 0x006899f0 | PUSH ESI | MOV ECX,EDI | CALL 0x0068a1d0 | PUSH ESI | MOV ECX,EDI | CALL 0x0068aa70"
"0068e950","0x0068EA42|0x0068EBF7|0x0068EC09",0,"00870a28","DATA","",false,0,""
"0068ef69","0x0068F01D|0x0068F085|0x0068F3AD|0x0068F3D9|0x0068F447|0x0068F5D9|0x0068F687|0x0068F709|0x0068F73C|0x0068F773|0x0068F7AA|0x0068F840|0x0068F894|0x0068F8D3|0x0068F93F|0x0068F973",0,"004018f8","UNCONDITIONAL_CALL","004018f2",false,0,"JMP 0x0053ec24 | MOV dword ptr [ESP + 0x1c],0xffffffff | JMP 0x005efbe3 | CMP word ptr [ECX + EAX*0x1 + 0x5c],0x0 | JMP 0x004efb20 | MOV EAX,dword ptr [ECX + 0x58c] | JMP 0x0068ef69"
"006930f7","0x00693337",0,"004072f8","UNCONDITIONAL_CALL","004072e5",false,0,"PUSHFD | STC | MOV EDI,dword ptr [0x01560858] | SBB EDI,dword ptr [0x006f4043] | POPFD | XCHG dword ptr [ESP],EDI | JMP 0x006930f7"
"00694850","0x0069491D",0,"00852f15","UNCONDITIONAL_CALL","",false,0,"RET | FLD float ptr [0x00858630] | FDIV float ptr [0x00870c18] | FSTP float ptr [0x00c196e4] | RET | MOV ECX,0xc196e8 | CALL 0x00694850"
"00699ff0","0x0069A060|0x0069A0FB",0,"0069b97b","UNCONDITIONAL_CALL","0069b860",false,0,"MOV dword ptr [EDX],EAX | MOV EAX,dword ptr [ESP + 0x194] | MOV dword ptr [EDX + 0x4],ECX | LEA ECX,[ESP + 0x4c] | PUSH ECX | MOV dword ptr [EDX + 0x8],EAX | CALL 0x00699ff0"
"00699ff0","0x0069A060|0x0069A0FB",0,"00699629","UNCONDITIONAL_CALL","00699570",false,0,"MOV EDX,dword ptr [EAX + 0x4] | MOV EAX,dword ptr [EAX + 0x8] | MOV dword ptr [ECX + 0x4],EDX | MOV dword ptr [ECX + 0x8],EAX | LEA ECX,[ESP + 0x50] | PUSH ECX | CALL 0x00699ff0"
"006a07a0","0x006A0DE0|0x006A0E23|0x006A1120",0,"006b1fcd","UNCONDITIONAL_CALL","006b1880",false,0,"JZ 0x006b2006 | CMP AX,0x213 | JZ 0x006b2006 | TEST dword ptr [ESI + 0x38c],0x20000 | JZ 0x006b1fd4 | MOV ECX,ESI | CALL 0x006a07a0"
"006a29c0","0x006A29F4|0x006A2AB5",0,"006c833f","UNCONDITIONAL_CALL","006c8330",false,0,"PUSH ESI | MOV ESI,ECX | CALL 0x006c7d80 | MOV EAX,dword ptr [ESP + 0x8] | PUSH EAX | MOV ECX,ESI | CALL 0x006a29c0"
"006a29c0","0x006A29F4|0x006A2AB5",0,"0087117c","DATA","",false,0,""
"006a29c0","0x006A29F4|0x006A2AB5",0,"008716dc","DATA","",false,0,""
"006a29c0","0x006A29F4|0x006A2AB5",0,"008719a4","DATA","",false,0,""
"006a29c0","0x006A29F4|0x006A2AB5",0,"00871b44","DATA","",false,0,""
"006a29c0","0x006A29F4|0x006A2AB5",0,"00871c84","DATA","",false,0,""
"006aab58","0x006AAF19|0x006AAF29|0x006AAF9B|0x006AB015|0x006AB025|0x006AB3C2|0x006AB402|0x006AB46C|0x006AB4D6|0x006AB540|0x006AB5AA",0,"00408c92","UNCONDITIONAL_CALL","00408c8c",false,0,"JMP 0x0156c970 | MOV ECX,dword ptr [ESP + 0xf4] | JMP 0x006a9667 | MOV dword ptr [ESI],0x86e6b0 | JMP 0x0063a11e | MOV EAX,FS:[0x0] | JMP 0x006aab58"
"006afb10","0x006AFB3A|0x006AFB84|0x006B030F|0x006B0342",0,"00871238","DATA","",false,0,""
"006afb10","0x006AFB3A|0x006AFB84|0x006B030F|0x006B0342",0,"00871798","DATA","",false,0,""
"006afb10","0x006AFB3A|0x006AFB84|0x006B030F|0x006B0342",0,"00871a60","DATA","",false,0,""
"006afb10","0x006AFB3A|0x006AFB84|0x006B030F|0x006B0342",0,"006cf6a9","UNCONDITIONAL_CALL","",false,0,"SUB ESP,0x5c | PUSH EBX | PUSH EBP | PUSH ESI | PUSH EDI | MOV ESI,ECX | CALL 0x006afb10"
"006afb10","0x006AFB3A|0x006AFB84|0x006B030F|0x006B0342",0,"006ce270","UNCONDITIONAL_CALL","",false,0,"MOV dword ptr [ESI + 0x99c],0x0 | POP EDI | POP ESI | POP EBX | POP ECX | RET 0x4 | JMP 0x006afb10"
"006b3f70","0x006B4193",0,"006b47ca","UNCONDITIONAL_CALL","006b45e0",false,0,"AND EAX,0xf | ADD EAX,ESI | LEA ECX,[EAX + EAX*0x2] | LEA EDX,[ECX*0x4 + 0xb992b8] | PUSH EDX | MOV ECX,EBX | CALL 0x006b3f70"
"006b6620","0x006B6654|0x006B6715",0,"008713bc","DATA","",false,0,""
"006b6620","0x006B6654|0x006B6715",0,"00871584","DATA","",false,0,""
"006b7156","0x006B717C",0,"00401a02","UNCONDITIONAL_CALL","004019fc",false,0,"MOV EAX,[0x015606a4] | SBB EAX,dword ptr [0x0045f596] | POPFD | XCHG dword ptr [ESP],EAX | JMP 0x005ed4ba | MOV EAX,FS:[0x0] | JMP 0x006b7156"
"006b8200","0x006B83E7",0,"00403c93","UNCONDITIONAL_CALL","00403c8d",false,0,"MOV EDI,dword ptr [EDX + 0x47c] | JMP 0x004abae9 | LEA EBX,[EBX] | JMP 0x00595260 | JMP 0x01563648 | MOV AL,byte ptr [EBX + 0x7b5] | JMP 0x006b8200"
"006bd090","0x006BDC9A",0,"008713a4","DATA","",false,0,""
"006c2b90","0x006C2F55",0,"006c3f4e","UNCONDITIONAL_CALL","006c3ef0",false,0,"LEA ECX,[EDI + 0xc] | CALL 0x0059bbc0 | MOV ECX,dword ptr [ESP + 0x3c] | PUSH ECX | PUSH ESI | MOV ECX,EDI | CALL 0x006c2b90"
"006c2b90","0x006C2F55",0,"006c3096","UNCONDITIONAL_CALL","006c3030",false,0,"PUSH EDX | CALL 0x0059bbc0 | MOV EAX,dword ptr [ESP + 0xac] | PUSH EAX | PUSH EDI | MOV ECX,ESI | CALL 0x006c2b90"
"006ca63e","0x006CA7D8",0,"00407ec1","UNCONDITIONAL_CALL","00407ebb",false,0,"NOT EAX | XOR EAX,dword ptr [0x004ac482] | MOV EAX,dword ptr [EAX] | POPFD | JMP 0x00612f98 | LEA EDI,[ESI + 0x6ac] | JMP 0x006ca63e"
"006cfac0","0x006CFAFA",0,"00871c6c","DATA","",false,0,""
"006d73b0","0x006D7514|0x006D7520",0,"006baf3d","UNCONDITIONAL_CALL","006b9250",false,0,"PUSH EDX | LEA EAX,[ESP + 0x58] | PUSH EAX | LEA ECX,[ESP + 0x70] | PUSH ECX | MOV ECX,ESI | CALL 0x006d73b0"
"006d73b0","0x006D7514|0x006D7520",0,"006bb4c1","UNCONDITIONAL_CALL","006b9250",false,0,"PUSH EDX | LEA EAX,[ESP + 0x58] | PUSH EAX | LEA ECX,[ESP + 0x70] | PUSH ECX | MOV ECX,ESI | CALL 0x006d73b0"
"006d73b0","0x006D7514|0x006D7520",0,"006bb855","UNCONDITIONAL_CALL","006b9250",false,0,"PUSH EDX | LEA EAX,[ESP + 0x48] | PUSH EAX | LEA ECX,[ESP + 0x70] | PUSH ECX | MOV ECX,ESI | CALL 0x006d73b0"
"006daf07","0x006DB0D6",0,"0040159b","UNCONDITIONAL_CALL","00401589",false,0,"PUSH EDX | PUSHFD | MOV EDX,dword ptr [0x01560650] | ADD EDX,dword ptr [0x006541b2] | POPFD | XCHG dword ptr [ESP],EDX | JMP 0x006daf07"
"006dba36","0x006DBB8A",0,"0040390d","UNCONDITIONAL_CALL","00403907",false,0,"ADD EBP,dword ptr [0x006fba21] | POPFD | XCHG dword ptr [ESP],EBP | JMP 0x0052913d | JMP 0x0156fca2 | MOV EAX,FS:[0x0] | JMP 0x006dba36"
"006dbbb0","0x006DBCB8",0,"006ceb59","UNCONDITIONAL_CALL","006cead0",false,0,"MOV EDX,dword ptr [ESI + 0x83c] | MOV EAX,dword ptr [ESI + 0x688] | PUSH ECX | PUSH EDX | PUSH EAX | MOV ECX,ESI | CALL 0x006dbbb0"
"006dbbb0","0x006DBCB8",0,"006ac402","UNCONDITIONAL_CALL","006ab5cc",false,0,"MOV ECX,dword ptr [ESI + 0x83c] | MOV EDX,dword ptr [ESI + 0x6a4] | PUSH EAX | PUSH ECX | PUSH EDX | MOV ECX,ESI | CALL 0x006dbbb0"
"006dbbb0","0x006DBCB8",0,"006acc3f","UNCONDITIONAL_CALL","006acbcd",false,0,"MOV EDX,dword ptr [ESI + 0x838] | MOV EAX,dword ptr [ESI + 0x698] | PUSH ECX | PUSH EDX | PUSH EAX | MOV ECX,ESI | CALL 0x006dbbb0"
"006dbbb0","0x006DBCB8",0,"006acc86","UNCONDITIONAL_CALL","006acbcd",false,0,"MOV EDX,dword ptr [ESI + 0x83c] | MOV EAX,dword ptr [ESI + 0x69c] | PUSH ECX | PUSH EDX | PUSH EAX | MOV ECX,ESI | CALL 0x006dbbb0"
"006dbbb0","0x006DBCB8",0,"006c7ee4","UNCONDITIONAL_CALL","",false,0,"MOV EAX,dword ptr [ESI + 0x838] | MOV ECX,dword ptr [ESI + 0x694] | PUSH EDX | PUSH EAX | PUSH ECX | MOV ECX,ESI | CALL 0x006dbbb0"
"006dbbb0","0x006DBCB8",0,"006c7f2b","UNCONDITIONAL_CALL","",false,0,"MOV EAX,dword ptr [ESI + 0x83c] | MOV ECX,dword ptr [ESI + 0x698] | PUSH EDX | PUSH EAX | PUSH ECX | MOV ECX,ESI | CALL 0x006dbbb0"
"006dbce0","0x006DBF22",0,"006b21ae","UNCONDITIONAL_CALL","006b1880",false,0,"PUSH EDX | PUSH EAX | MOV ECX,0xc2b9c8 | CALL 0x006f5300 | PUSH EAX | MOV ECX,ESI | CALL 0x006dbce0"
"006dbce0","0x006DBF22",0,"006f1f56","UNCONDITIONAL_CALL","",false,0,"MOV EAX,dword ptr [ESI + 0x5f8] | PUSH ECX | LEA EDX,[ESI + 0x640] | PUSH EDX | PUSH EAX | MOV ECX,ESI | CALL 0x006dbce0"
"006dd130","0x006DD41C|0x006DD634",0,"006caaac","UNCONDITIONAL_CALL","006ca63e",false,0,"MOV EAX,dword ptr [ESI + 0x40] | TEST AH,0x1 | JZ 0x006caab1 | MOV EAX,dword ptr [ESI + 0x950] | PUSH EAX | MOV ECX,ESI | CALL 0x006dd130"
"006dd130","0x006DD41C|0x006DD634",0,"006f173b","UNCONDITIONAL_CALL","006f1180",false,0,"FADDP | FSTP ST3 | FSTP ST0 | FSTP ST0 | FSQRT | FSTP float ptr [ESP] | CALL 0x006dd130"
"006e0e20","0x006E0E57",17,"006a2eda","UNCONDITIONAL_CALL","",false,0,"JZ 0x006a2edf | MOV EAX,dword ptr [ESI + 0x14] | PUSH 0x1 | PUSH EAX | PUSH 0x0 | MOV ECX,ESI | CALL 0x006e0e20"
"006e0e20","0x006E0E57",17,"006a2ef2","UNCONDITIONAL_CALL","",false,0,"JZ 0x006a2ef7 | MOV ECX,dword ptr [ESI + 0x14] | PUSH 0x0 | PUSH ECX | PUSH 0x0 | MOV ECX,ESI | CALL 0x006e0e20"
"006e0e20","0x006E0E57",17,"006bde80","UNCONDITIONAL_CALL","",false,0,"CALL 0x006b7150 | PUSH 0x1 | LEA ECX,[ESI + 0x5cc] | PUSH ECX | PUSH 0x0 | MOV ECX,ESI | CALL 0x006e0e20"
"006e2e50","0x006E31C9|0x006E31E6|0x006E3203|0x006E3223",0,"006c5135","UNCONDITIONAL_CALL","",false,0,"MOV EDX,ESP | MOV dword ptr [EDX],EAX | MOV EAX,dword ptr [ESP + 0x80] | MOV dword ptr [EDX + 0x4],ECX | MOV ECX,ESI | MOV dword ptr [EDX + 0x8],EAX | CALL 0x006e2e50"
"006e4160","0x006E4258|0x006E4289",0,"006e5128","UNCONDITIONAL_CALL","006e4f10",false,0,"MOV ESI,EAX | PUSH EDI | LEA EAX,[ESP + 0x2c] | PUSH EAX | PUSH ECX | MOV ECX,ESI | CALL 0x006e4160"
"006e6d10","0x006E6D8E",0,"006eb71d","UNCONDITIONAL_CALL","006eb710",false,0,"POP EBX | ADD ESP,0x8 | RET | CALL 0x0053c4b0 | TEST AL,AL | JZ 0x006eb800 | CALL 0x006e6d10"
"006e8780","0x006E894C",0,"006edf43","UNCONDITIONAL_CALL","006eddc0",false,0,"MOV EAX,dword ptr [ESP + 0x84] | MOV dword ptr [ECX + 0x8],EDX | MOV dword ptr [ECX + 0xc],EAX | MOV ECX,dword ptr [ESP + 0x74] | PUSH ECX | PUSH EDI | CALL 0x006e8780"
"006e8780","0x006E894C",0,"006edfdf","UNCONDITIONAL_CALL","006eddc0",false,0,"MOV EDX,dword ptr [ESP + 0x84] | MOV dword ptr [EAX + 0x8],ECX | MOV dword ptr [EAX + 0xc],EDX | MOV EAX,dword ptr [ESP + 0x74] | PUSH EAX | PUSH EDI | CALL 0x006e8780"
"006e91d0","0x006E9238|0x006E929D",0,"006eba1d","UNCONDITIONAL_CALL","006eb810",false,0,"MOV dword ptr [ECX + 0xc],EAX | MOV ECX,dword ptr [ESP + 0x98] | PUSH ECX | PUSH ESI | PUSH EBX | PUSH EDI | CALL 0x006e91d0"
"006e91d0","0x006E9238|0x006E929D",0,"006ebaf8","UNCONDITIONAL_CALL","006eb810",false,0,"MOV dword ptr [EDX + 0xc],ECX | MOV EDX,dword ptr [ESP + 0x98] | PUSH EDX | PUSH ESI | PUSH EBX | PUSH EDI | CALL 0x006e91d0"
"006ecf0a","0x006ED229|0x006ED629",0,"00404ca7","UNCONDITIONAL_CALL","00404ca0",false,0,"ADD ESP,0xc | JMP 0x006f3240 | JMP 0x01563730 | MOV AL,byte ptr [EDI + 0x8e4cd0] | JMP 0x004087f9 | MOV EAX,dword ptr [ESP + 0x8c] | JMP 0x006ecf0a"
"006ef673","0x006EFF08",12,"00407ef3","UNCONDITIONAL_CALL","00407ee4",false,0,"JMP 0x005a5747 | PUSHFD | MOV EAX,[0x015608b0] | ADD EAX,dword ptr [0x0042952a] | MOV EAX,dword ptr [EAX] | POPFD | JMP 0x006ef673"
"006f49a0","0x006F4E60",0,"006ca69e","UNCONDITIONAL_CALL","006ca63e",false,0,"MOVSX EAX,AX | MOV dword ptr [ECX + 0x8],EDX | MOV ECX,dword ptr [ESI + EAX*0x4 + 0x648] | PUSH ECX | PUSH ESI | MOV ECX,EDI | CALL 0x006f49a0"
"006f49a0","0x006F4E60",0,"006ac0d7","UNCONDITIONAL_CALL","006ab5cc",false,0,"MOV dword ptr [EDX + 0x8],ECX | MOVSX EDX,AX | MOV EAX,dword ptr [ESI + EDX*0x4 + 0x648] | PUSH EAX | PUSH ESI | MOV ECX,EDI | CALL 0x006f49a0"
"006f7900","0x006F7C1A",0,"0043426d","UNCONDITIONAL_CALL","004341c0",false,0,"JNZ 0x00434251 | MOV byte ptr [0x00c279d0],0x14 | POP ESI | JMP 0x0043426d | CALL 0x00430050 | CALL 0x00430050 | CALL 0x006f7900"
"006f9eb0","0x006F9EEE",0,"006fa740","UNCONDITIONAL_CALL","006fa6f0",false,0,"MOV dword ptr [EDI + EAX*0x4],EBP | MOV dword ptr [EDI + EAX*0x4 + 0x10],EBP | INC EAX | CMP EAX,0x4 | JL 0x006fa730 | MOV byte ptr [EDI + 0x20],BL | CALL 0x006f9eb0"
"006f9eb0","0x006F9EEE",0,"006fa81f","UNCONDITIONAL_CALL","006fa7c0",false,0,"CMP EAX,0x4 | JL 0x006fa800 | MOV byte ptr [ECX + 0x20],0x0 | MOV ECX,ESI | IMUL ECX,ECX,0x94 | ADD ECX,0xc3bb00 | CALL 0x006f9eb0"
"006f9eb0","0x006F9EEE",0,"006fa7ac","UNCONDITIONAL_CALL","",false,0,"MOV ESI,ECX | PUSH 0x24 | LEA EAX,[ESI + 0x4] | PUSH EAX | CALL 0x00821d30 | MOV ECX,ESI | CALL 0x006f9eb0"
"006faec0","0x006FAED4",12,"0053e18e","UNCONDITIONAL_CALL","0053e170",false,0,"CALL 0x00712810 | CALL 0x00720640 | CALL 0x00556ae0 | CALL 0x0071ce20 | CALL 0x00717150 | CALL 0x00733800 | CALL 0x006faec0"
"006fbaa0","0x006FBB7A",14,"0053e12b","UNCONDITIONAL_CALL","0053df40",true,12,"MOV EAX,[0x00c7c724] | ADD ESP,0x8 | TEST EAX,EAX | JNZ 0x0053e130 | CALL 0x007154b0 | CALL 0x0072af70 | CALL 0x006fbaa0"
"006feda0","0x006FEE10|0x006FEE23|0x006FEE34",0,"006ff33e","UNCONDITIONAL_CALL","006ff2d0",false,0,"PUSH EDX | MOV EDX,dword ptr [ESP + 0x34] | PUSH ESI | PUSH ECX | PUSH EDX | PUSH EAX | CALL 0x006feda0"
"0070a960","0x0070AAAB",14,"0053e0c8","UNCONDITIONAL_CALL","0053df40",true,12,"CALL 0x007ee1d0 | MOV EDX,dword ptr [0x00c1703c] | PUSH EDX | CALL 0x007ee190 | CALL 0x00707f40 | CALL 0x00708300 | CALL 0x0070a960"
"0070bda0","0x0070C172",0,"006bd667","UNCONDITIONAL_CALL","006bd090",false,0,"LEA ECX,[ESI + 0x5cc] | PUSH ECX | MOV ECX,ESI | CALL 0x006e1a60 | PUSH 0x1 | PUSH ESI | CALL 0x0070bda0"
"0070bda0","0x0070C172",0,"006c0b21","UNCONDITIONAL_CALL","006c0810",false,0,"MOV EBP,dword ptr [ESP + 0x20] | MOV ECX,ESI | MOV byte ptr [ESI + 0x5c8],0x0 | CALL 0x006b7150 | PUSH 0x1 | PUSH ESI | CALL 0x0070bda0"
"0070bda0","0x0070C172",0,"006c58a0","UNCONDITIONAL_CALL","006c5420",false,0,"FLD float ptr [ESP + 0x78] | FADD float ptr [ESP + 0x18] | FSTP float ptr [ESP + 0x78] | CALL 0x0059bbb0 | PUSH 0x2 | PUSH ESI | CALL 0x0070bda0"
"0070bda0","0x0070C172",0,"006ca73a","UNCONDITIONAL_CALL","006ca63e",false,0,"CMP AX,0x250 | JZ 0x006ca737 | PUSH 0x3 | JMP 0x006ca739 | PUSH 0x5 | PUSH ESI | CALL 0x0070bda0"
"0070bda0","0x0070C172",0,"006abcf5","UNCONDITIONAL_CALL","006ab5cc",false,0,"CMP dword ptr [ESI + 0x594],EDI | JZ 0x006abcf3 | PUSH 0x4 | JMP 0x006abcf4 | PUSH EDI | PUSH ESI | CALL 0x0070bda0"
"00710310","0x007103EC|0x00710445|0x0071098D",0,"00711e41","UNCONDITIONAL_CALL","00711d90",false,0,"MOV EDX,EBP | AND EDX,0x3 | CMP DL,CL | JNZ 0x00711e49 | PUSH EDI | PUSH EAX | CALL 0x00710310"
"00710d50","0x00710E2A|0x00710E77",1,"007114d8","UNCONDITIONAL_CALL","007113b0",true,47,"PUSH 0x0 | PUSH 0x0 | PUSH 0x0 | LEA ECX,[ESP + 0x14] | CALL 0x007170c0 | PUSH EAX | CALL 0x00710d50"
"00710d50","0x00710E2A|0x00710E77",1,"0071150e","UNCONDITIONAL_CALL","007113b0",true,47,"PUSH 0x0 | PUSH 0x0 | PUSH 0x0 | LEA ECX,[ESP + 0x14] | CALL 0x007170c0 | PUSH EAX | CALL 0x00710d50"
"00712810","0x00712948",6,"0053e170","UNCONDITIONAL_CALL","0053e170",false,0,"PUSH 0x2 | PUSH 0x14 | CALL dword ptr [EAX + 0x20] | ADD ESP,0x10 | ADD ESP,0x8 | JMP 0x007113b0 | CALL 0x00712810"
"00714650","0x007146B0",8,"0053d81c","UNCONDITIONAL_CALL","0053d7a0",false,0,"XOR AL,AL | POP ECX | RET | CALL 0x00734650 | MOV ECX,0xb6fa2c | CALL 0x0059bb60 | CALL 0x00714650"
"00716380","0x007168FC",3,"0053e1b4","UNCONDITIONAL_CALL","0053e170",false,0,"PUSH EAX | MOV ECX,0xa9ae00 | CALL 0x0049e650 | CALL 0x00729b30 | CALL 0x006e7760 | CALL 0x00716c90 | CALL 0x00716380"
"00717d30","0x00718045|0x00718075|0x007181EC|0x0071821C|0x007183C4|0x007183F4",0,"00718599","UNCONDITIONAL_CALL","00718580",false,0,"MOV ESI,0xc6e9a8 | NOP | MOV AL,byte ptr [ESI + 0x78] | TEST AL,AL | JZ 0x0071859e | MOV ECX,ESI | CALL 0x00717d30"
"0071b626","0x0071B904",0,"0040398b","UNCONDITIONAL_CALL","00403985",false,0,"MOV EAX,dword ptr [EAX] | POPFD | JMP 0x0050a285 | MOV ECX,dword ptr [ESP + 0xb0] | JMP 0x0046fe48 | SUB ESP,0xa4 | JMP 0x0071b626"
"0071c2b0","0x0071C68A",0,"006b15d2","UNCONDITIONAL_CALL","006b1480",false,0,"CALL 0x006a8580 | JMP 0x006b15da | CMP EDI,0x4 | JNZ 0x006b15da | PUSH 0x0 | PUSH ESI | CALL 0x0071c2b0"
"0071e13a","0x0071E44A",0,"0040175f","UNCONDITIONAL_CALL","00401759",false,0,"ROR EDI,CL | POP ECX | MOV EDI,dword ptr [EDI] | POPFD | JMP 0x006ab5cc | MOV CL,byte ptr [EAX + 0xc73cb0] | JMP 0x0071e13a"
"0071e5d0","0x0071E65C",0,"00720323","UNCONDITIONAL_CALL","007201c0",false,0,"IMUL EDI,EDI,0xac | MOVSX EAX,SI | LEA ECX,[EAX + EAX*0x8] | ADD EDI,0xc78610 | PUSH EDI | LEA ECX,[ECX*0x2 + 0xc73fa0] | CALL 0x0071e5d0"
"0071e5d0","0x0071E65C",0,"00720417","UNCONDITIONAL_CALL","007201c0",false,0,"CMP EDI,0x1c | JGE 0x0072042d | IMUL EDI,EDI,0xac | ADD EDI,0xc78610 | PUSH EDI | MOV ECX,EBX | CALL 0x0071e5d0"
"00722230","0x00722316",0,"00725a0d","UNCONDITIONAL_CALL","00725120",false,0,"PUSH EAX | PUSH ECX | PUSH EDI | PUSH EBP | PUSH EDX | MOV ECX,ESI | CALL 0x00722230"
"00728640","0x00728759|0x0072876F",2,"00590480","UNCONDITIONAL_CALL","00590370",false,0,"PUSH 0x0 | PUSH EDX | PUSH EDI | PUSH ESI | PUSH EAX | PUSH ECX | CALL 0x00728640"
"00728640","0x00728759|0x0072876F",2,"00574f54","UNCONDITIONAL_CALL","00574900",false,0,"FADD float ptr [ESP + 0x2c] | MOV EDX,dword ptr [ESP + 0x34] | PUSH EAX | PUSH ECX | FSTP float ptr [ESP] | PUSH EDX | CALL 0x00728640"
"00728640","0x00728759|0x0072876F",2,"00589a3d","UNCONDITIONAL_CALL","00589650",false,0,"MOV dword ptr [ESP + 0x3c],ECX | FILD dword ptr [ESP + 0x3c] | PUSH EAX | PUSH ECX | FSTP float ptr [ESP] | PUSH EDI | CALL 0x00728640"
"00728640","0x00728759|0x0072876F",2,"00589c9a","UNCONDITIONAL_CALL","00589650",false,0,"MOV dword ptr [ESP + 0x3c],EDX | FILD dword ptr [ESP + 0x3c] | PUSH EAX | PUSH ECX | FSTP float ptr [ESP] | PUSH EDI | CALL 0x00728640"
"00728640","0x00728759|0x0072876F",2,"00589d84","UNCONDITIONAL_CALL","00589650",false,0,"MOV dword ptr [ESP + 0x3c],ECX | FILD dword ptr [ESP + 0x3c] | PUSH EAX | PUSH ECX | FSTP float ptr [ESP] | PUSH EDI | CALL 0x00728640"
"00728640","0x00728759|0x0072876F",2,"00589e6c","UNCONDITIONAL_CALL","00589650",false,0,"MOV dword ptr [ESP + 0x3c],ECX | FILD dword ptr [ESP + 0x3c] | PUSH EAX | PUSH ECX | FSTP float ptr [ESP] | PUSH EDI | CALL 0x00728640"
"00728640","0x00728759|0x0072876F",2,"00589f54","UNCONDITIONAL_CALL","00589650",false,0,"MOV dword ptr [ESP + 0x3c],ECX | FILD dword ptr [ESP + 0x3c] | PUSH EAX | PUSH ECX | FSTP float ptr [ESP] | PUSH EDI | CALL 0x00728640"
"00728640","0x00728759|0x0072876F",2,"0058a035","UNCONDITIONAL_CALL","00589650",false,0,"MOV dword ptr [ESP + 0x3c],ESI | FILD dword ptr [ESP + 0x3c] | PUSH EAX | PUSH ECX | FSTP float ptr [ESP] | PUSH EDI | CALL 0x00728640"
"00728640","0x00728759|0x0072876F",2,"0058b657","UNCONDITIONAL_CALL","0058b180",false,0,"FMUL float ptr [0x0085950c] | FSUBR ST0,ST1 | FSUB ST0,ST2 | FSTP float ptr [ESP] | FSTP ST1 | FSTP ST0 | CALL 0x00728640"
"00728640","0x00728759|0x0072876F",2,"0058bfb8","UNCONDITIONAL_CALL","0058b6e0",false,0,"PUSH EAX | PUSH ECX | MOV ECX,dword ptr [ESP + 0x3c] | FADDP | FSTP float ptr [ESP] | PUSH ECX | CALL 0x00728640"
"00728640","0x00728759|0x0072876F",2,"0058917a","UNCONDITIONAL_CALL","005890a0",false,0,"FILD dword ptr [ESP + 0x3c] | PUSH EAX | SUB ESP,0x8 | FSTP float ptr [ESP + 0x4] | FILD dword ptr [ESP + 0x44] | FSTP float ptr [ESP] | CALL 0x00728640"
"00728640","0x00728759|0x0072876F",2,"00589252","UNCONDITIONAL_CALL","00589190",false,0,"FILD dword ptr [ESP + 0x38] | PUSH EAX | SUB ESP,0x8 | FSTP float ptr [ESP + 0x4] | FILD dword ptr [ESP + 0x40] | FSTP float ptr [ESP] | CALL 0x00728640"
"00728640","0x00728759|0x0072876F",2,"00589395","UNCONDITIONAL_CALL","00589270",false,0,"FILD dword ptr [0x00c17044] | FMUL float ptr [0x00859520] | FMUL float ptr [0x00866bb8] | FISUB dword ptr [ESP + 0x34] | FIADD dword ptr [ESP + 0x48] | FSTP float ptr [ESP] | CALL 0x00728640"
"007295e0","0x007298E6|0x00729A48",0,"0072a389","UNCONDITIONAL_CALL","0072a280",false,0,"MOV EAX,dword ptr [ESP + 0x20] | MOV ECX,dword ptr [0x00b7cb4c] | ADD EAX,ECX | TEST AL,0x3 | JNZ 0x0072a38e | MOV ECX,EDI | CALL 0x007295e0"
"007354e0","0x0073570B",0,"0053e997","UNCONDITIONAL_CALL","0053e920",true,1,"MOV dword ptr [0x00c3f0d0],0x0 | CALL 0x0053bee0 | MOV ECX,0xb6bc90 | CALL 0x00507750 | MOV EDX,dword ptr [0x00c17038] | PUSH EDX | CALL 0x007354e0"
"007360d0","0x00736154",0,"0073a36f","UNCONDITIONAL_CALL","0073a360",false,0,"CALL 0x00736000 | MOV ECX,0xc8a7dc | JMP 0x0040f9e0 | CALL 0x00739e60 | CALL 0x00737620 | CALL 0x00738b20 | JMP 0x007360d0"
"00736a76","0x00737470",0,"0040a142","UNCONDITIONAL_CALL","0040a13b",false,0,"JMP 0x01566460 | MOV ECX,0xb62cb0 | JMP 0x004f748f | MOV EAX,dword ptr [EAX*0x4 + 0x8d2618] | JMP 0x004439de | MOVZX EAX,byte ptr [0x00b7cd74] | JMP 0x00736a76"
"00737620","0x0073799E|0x007379B1",0,"0073a365","UNCONDITIONAL_CALL","0073a360",false,0,"CALL 0x007368f0 | CALL 0x00737bc0 | CALL 0x00736000 | MOV ECX,0xc8a7dc | JMP 0x0040f9e0 | CALL 0x00739e60 | CALL 0x00737620"
"00737c87","0x0073814B",0,"00401c52","UNCONDITIONAL_CALL","00401c3d",false,0,"PUSH ECX | MOV ECX,dword ptr [0x004ce00c] | ROR EAX,CL | POP ECX | POPFD | XCHG dword ptr [ESP],EAX | JMP 0x00737c87"
"00738b20","0x00739238",0,"0073a36a","UNCONDITIONAL_CALL","0073a360",false,0,"CALL 0x00737bc0 | CALL 0x00736000 | MOV ECX,0xc8a7dc | JMP 0x0040f9e0 | CALL 0x00739e60 | CALL 0x00737620 | CALL 0x00738b20"
"0073b550","0x0073BDC8|0x0073BE3A",0,"00741199","UNCONDITIONAL_CALL","0073fb10",false,0,"PUSH ESI | PUSH ESI | PUSH EDX | PUSH EAX | PUSH ECX | MOV ECX,dword ptr [ESP + 0x68] | CALL 0x0073b550"
"0073b550","0x0073BDC8|0x0073BE3A",0,"007411df","UNCONDITIONAL_CALL","0073fb10",false,0,"MOV EAX,dword ptr [ESP + 0x1c4] | LEA EDX,[ESP + 0x84] | PUSH EDX | PUSH ECX | MOV ECX,dword ptr [ESP + 0x64] | PUSH EAX | CALL 0x0073b550"
"0073b550","0x0073BDC8|0x0073BE3A",0,"007412df","UNCONDITIONAL_CALL","0073fb10",false,0,"PUSH ECX | MOV ECX,dword ptr [ESP + 0x5c] | LEA EAX,[ESP + 0x84] | PUSH EAX | PUSH EDX | PUSH EDI | CALL 0x0073b550"
"0073b550","0x0073BDC8|0x0073BE3A",0,"00741e30","UNCONDITIONAL_CALL","00741c00",false,0,"PUSH ECX | LEA EDX,[ESP + 0x24] | PUSH EDX | PUSH EAX | PUSH EDI | MOV ECX,EBP | CALL 0x0073b550"
"0073b550","0x0073BDC8|0x0073BE3A",0,"0073cd92","UNCONDITIONAL_CALL","0073cba0",false,0,"PUSH EDX | LEA EAX,[ESP + 0x98] | PUSH EAX | PUSH ECX | PUSH ESI | MOV ECX,EDI | CALL 0x0073b550"
"0073c1f0","0x0073C534",0,"0074278b","UNCONDITIONAL_CALL","00742300",false,0,"MOV dword ptr [ESI + 0x8],EAX | MOV BL,AL | JMP 0x007427a0 | PUSH EBX | PUSH EDI | MOV ECX,ESI | CALL 0x0073c1f0"
"0073df00","0x0073E12A",0,"0073f459","UNCONDITIONAL_CALL","0073f400",false,0,"JZ 0x0073f45e | MOV AL,byte ptr [ESI + 0x42a] | TEST AL,AL | JS 0x0073f45e | MOV ECX,ESI | POP ESI | JMP 0x0073df00"
"0073df00","0x0073E12A",0,"00429079","UNCONDITIONAL_CALL","00428de0",false,0,"JP 0x00429084 | FCOMP float ptr [0x00858fcc] | FNSTSW AX | TEST AH,0x5 | JP 0x00429086 | MOV ECX,ESI | CALL 0x0073df00"
"0073fb10","0x00740750",0,"00742495","UNCONDITIONAL_CALL","00742300",false,0,"PUSH ECX | PUSH EBP | PUSH EBX | PUSH EDX | PUSH EDI | MOV ECX,ESI | CALL 0x0073fb10"
"0073fb10","0x00740750",0,"007424ec","UNCONDITIONAL_CALL","00742300",false,0,"PUSH ECX | PUSH EBP | PUSH EBX | PUSH EDX | PUSH EDI | MOV ECX,ESI | CALL 0x0073fb10"
"0073fb10","0x00740750",0,"00742548","UNCONDITIONAL_CALL","00742300",false,0,"PUSH ECX | PUSH EBP | PUSH EBX | PUSH EDX | PUSH EDI | MOV ECX,ESI | CALL 0x0073fb10"
"0073fb10","0x00740750",0,"006ae96a","UNCONDITIONAL_CALL","006ae850",false,0,"PUSH ECX | FSTP float ptr [ESP + 0x3c] | MOV EDX,dword ptr [ESP + 0x3c] | PUSH ESI | LEA ECX,[ESP + 0x88] | MOV dword ptr [ESP + 0x58],EDX | CALL 0x0073fb10"
"0073fb10","0x00740750",0,"0048d476","UNCONDITIONAL_CALL","",false,0,"PUSH ECX | LEA EDX,[ESP + 0x44] | PUSH EDX | PUSH ESI | LEA ECX,[ESP + 0x7c] | MOV dword ptr [ESP + 0x54],EAX | CALL 0x0073fb10"
"0073fb10","0x00740750",0,"006d4e85","UNCONDITIONAL_CALL","006d4d30",false,0,"LEA ECX,[ESP + 0x2c] | PUSH ECX | FSTP float ptr [ESP + 0x34] | PUSH ESI | LEA ECX,[ESP + 0x70] | FSTP float ptr [ESP + 0x3c] | CALL 0x0073fb10"
"0073fb10","0x00740750",0,"006d4f77","UNCONDITIONAL_CALL","006d4d30",false,0,"MOV ECX,dword ptr [ESP + 0x58] | LEA EAX,[ESP + 0x2c] | PUSH EAX | MOV dword ptr [ESP + 0x38],ECX | PUSH ESI | LEA ECX,[ESP + 0x70] | CALL 0x0073fb10"
"0073fb10","0x00740750",0,"0056ef5a","UNCONDITIONAL_CALL","0056ec80",false,0,"LEA EAX,[ESP + 0x4c] | PUSH EAX | PUSH ECX | SHR EBX,0x19 | LEA ECX,[ESP + 0x6c] | AND BL,0x1 | CALL 0x0073fb10"
"00749c50","0x00749CF1",1,"0072e2b8","UNCONDITIONAL_CALL","0072e270",false,0,"POP EDI | XOR EAX,EAX | POP EBP | ADD ESP,0x18 | RET | PUSH ESI | CALL 0x00749c50"
"00749c50","0x00749CF1",1,"00749e61","UNCONDITIONAL_CALL","00749e60",false,0,"ADD ESP,0xc | MOV EAX,0x1 | POP EDI | POP ESI | RET | PUSH EBX | CALL 0x00749c50"
"00749c50","0x00749CF1",1,"0074b0d9","UNCONDITIONAL_CALL","0074b060",true,2,"MOV ECX,dword ptr [ESP + 0x20] | ADD ESP,0xc | CMP ECX,EAX | JZ 0x0074b0d9 | PUSH 0x8000001a | JMP 0x0074b3f0 | CALL 0x00749c50"
"00749c50","0x00749CF1",1,"006ff1fa","UNCONDITIONAL_CALL","006feda0",false,0,"MOV dword ptr [EDI + 0x8],ECX | MOV EDX,dword ptr [ESP + 0x50] | PUSH EBP | MOV dword ptr [EDI + 0xc],EDX | CALL 0x0074c800 | ADD ESP,0xc | CALL 0x00749c50"
"0074c310","0x0074C3E4",2,"0074cc23","UNCONDITIONAL_CALL","0074ca90",true,2,"INC EAX | CMP EAX,ECX | MOV word ptr [EDI + EAX*0x8 + -0x2],DX | JL 0x0074cc13 | PUSH 0x1 | PUSH ESI | CALL 0x0074c310"
"0074c310","0x0074C3E4",2,"0074d252","UNCONDITIONAL_CALL","0074d190",true,6,"MOV EAX,dword ptr [ESP + 0x30] | CMP EAX,0x1 | JLE 0x0074d262 | DEC EAX | PUSH EAX | PUSH ESI | CALL 0x0074c310"
"0074ca90","0x0074CB67",2,"005a6581","UNCONDITIONAL_CALL","005a6530",false,0,"CMP EDX,EDI | JC 0x005a6560 | MOV dword ptr [ESP + 0x18],ESI | PUSH 0x35 | PUSH ECX | PUSH ESI | CALL 0x0074ca90"
"0074ca90","0x0074CB67",2,"0074d234","UNCONDITIONAL_CALL","0074d190",true,6,"MOV ECX,dword ptr [ESP + 0x24] | MOV EDX,dword ptr [ESP + 0x28] | MOV EAX,dword ptr [ESP + 0x2c] | PUSH ECX | PUSH EDX | PUSH EAX | CALL 0x0074ca90"
"0074ca90","0x0074CB67",2,"006feec2","UNCONDITIONAL_CALL","006feda0",false,0,"JL 0x006fedf0 | PUSH 0x4e | LEA ECX,[EBX + EBX*0x1] | PUSH ECX | LEA EDX,[EBX*0x4 + 0x0] | PUSH EDX | CALL 0x0074ca90"
"0074ca90","0x0074CB67",2,"005dd12d","UNCONDITIONAL_CALL","005dd100",false,0,"MOV EDI,dword ptr [EBX + 0x5c] | PUSH 0xd | PUSH EAX | PUSH ESI | MOV dword ptr [ESP + 0x1c],ESI | MOV dword ptr [ESP + 0x24],EAX | CALL 0x0074ca90"
"0074ccc0","0x0074CD2E",2,"0072e37a","UNCONDITIONAL_CALL","0072e360",false,0,"MOV EDI,EDI | MOV EAX,dword ptr [ESI] | MOV EAX,dword ptr [EAX + EDI*0x4] | TEST EAX,EAX | JZ 0x0072e382 | PUSH EAX | CALL 0x0074ccc0"
"0074ccc0","0x0074CD2E",2,"00749dec","UNCONDITIONAL_CALL","00749dc0",true,1,"CALL 0x00807de0 | ADD ESP,0x4 | MOV EAX,dword ptr [ESI + 0x18] | TEST EAX,EAX | JZ 0x00749e18 | PUSH EAX | CALL 0x0074ccc0"
"0074ccc0","0x0074CD2E",2,"0074a361","UNCONDITIONAL_CALL","0074a310",true,2,"CALL 0x00807de0 | ADD ESP,0x4 | MOV EAX,dword ptr [ESI + 0x18] | CMP EAX,EBP | JZ 0x0074a389 | PUSH EAX | CALL 0x0074ccc0"
"0074ccc0","0x0074CD2E",2,"0072e34b","UNCONDITIONAL_CALL","0072e270",false,0,"JZ 0x0072e320 | PUSH 0x0 | PUSH EDI | PUSH ESI | CALL 0x00749d40 | PUSH EDI | CALL 0x0074ccc0"
"0074ccc0","0x0074CD2E",2,"00749d64","UNCONDITIONAL_CALL","00749d40",false,0,"CALL 0x0074ccb0 | ADD ESP,0x4 | MOV EAX,dword ptr [ESI + 0x18] | TEST EAX,EAX | JZ 0x00749d6c | PUSH EAX | CALL 0x0074ccc0"
"0074ccc0","0x0074CD2E",2,"00749ecc","UNCONDITIONAL_CALL","00749e60",false,0,"CALL 0x0074ccb0 | ADD ESP,0x4 | MOV EAX,dword ptr [EBX + 0x18] | TEST EAX,EAX | JZ 0x00749ed4 | PUSH EAX | CALL 0x0074ccc0"
"0074ccc0","0x0074CD2E",2,"0074b87f","UNCONDITIONAL_CALL","0074b420",true,8,"XOR EDI,EDI | TEST EAX,EAX | JLE 0x0074b890 | MOV EAX,dword ptr [ESP + 0x28] | MOV ECX,dword ptr [EAX + EDI*0x4] | PUSH ECX | CALL 0x0074ccc0"
"0074ccc0","0x0074CD2E",2,"0074ba2b","UNCONDITIONAL_CALL","0074b420",true,8,"XOR EDI,EDI | TEST EAX,EAX | JLE 0x0074bbd5 | MOV EAX,dword ptr [ESP + 0x28] | MOV ECX,dword ptr [EAX + EDI*0x4] | PUSH ECX | CALL 0x0074ccc0"
"0074ccc0","0x0074CD2E",2,"0074ba57","UNCONDITIONAL_CALL","0074b420",true,8,"XOR EDI,EDI | TEST EAX,EAX | JLE 0x0074bbd5 | MOV EAX,dword ptr [ESP + 0x28] | MOV ECX,dword ptr [EAX + EDI*0x4] | PUSH ECX | CALL 0x0074ccc0"
"0074ccc0","0x0074CD2E",2,"0074bb2e","UNCONDITIONAL_CALL","0074b420",true,8,"XOR EBX,EBX | TEST EAX,EAX | JLE 0x0074bb3f | MOV ECX,dword ptr [ESP + 0x28] | MOV EDX,dword ptr [ECX + EBX*0x4] | PUSH EDX | CALL 0x0074ccc0"
"0074ccc0","0x0074CD2E",2,"0074bbc4","UNCONDITIONAL_CALL","0074b420",true,8,"XOR EDI,EDI | TEST EAX,EAX | JLE 0x0074bbd5 | MOV EAX,dword ptr [ESP + 0x28] | MOV ECX,dword ptr [EAX + EDI*0x4] | PUSH ECX | CALL 0x0074ccc0"
"0074ccc0","0x0074CD2E",2,"0074ae65","UNCONDITIONAL_CALL","0074ae50",true,1,"MOV EAX,dword ptr [ESI + 0x4] | TEST EAX,EAX | JLE 0x0074ae75 | MOV EAX,dword ptr [ESI] | MOV ECX,dword ptr [EAX + EDI*0x4] | PUSH ECX | CALL 0x0074ccc0"
"0074ccc0","0x0074CD2E",2,"0074b147","UNCONDITIONAL_CALL","0074b060",true,2,"CALL 0x0074ccb0 | ADD ESP,0x4 | MOV EAX,dword ptr [ESI + 0x18] | CMP EAX,EBP | JZ 0x0074b14f | PUSH EAX | CALL 0x0074ccc0"
"0074ccc0","0x0074CD2E",2,"0074b204","UNCONDITIONAL_CALL","0074b060",true,2,"CALL 0x00807de0 | ADD ESP,0x4 | MOV EAX,dword ptr [ESI + 0x18] | CMP EAX,EBP | JZ 0x0074b22c | PUSH EAX | CALL 0x0074ccc0"
"0074ccc0","0x0074CD2E",2,"0074b28b","UNCONDITIONAL_CALL","0074b060",true,2,"CALL 0x0074ccb0 | MOV EAX,dword ptr [ESI + 0x18] | ADD ESP,0x4 | CMP EAX,EBP | JZ 0x0074b293 | PUSH EAX | CALL 0x0074ccc0"
"0074ccc0","0x0074CD2E",2,"0074b2d7","UNCONDITIONAL_CALL","0074b060",true,2,"JZ 0x0074b2d2 | PUSH EBX | CALL 0x007f0910 | ADD ESP,0x4 | MOV EBX,dword ptr [ESP + 0x34] | PUSH EDI | CALL 0x0074ccc0"
"0074ccc0","0x0074CD2E",2,"0074b37a","UNCONDITIONAL_CALL","0074b060",true,2,"CALL 0x00807de0 | ADD ESP,0x4 | MOV EAX,dword ptr [ESI + 0x18] | CMP EAX,EBP | JZ 0x0074b3a2 | PUSH EAX | CALL 0x0074ccc0"
"0074ccc0","0x0074CD2E",2,"006ff221","UNCONDITIONAL_CALL","006feda0",false,0,"ADD ESP,0x4 | INC ESI | CMP ESI,0x4 | JL 0x006ff205 | MOV EAX,dword ptr [ESP + 0x60] | PUSH EAX | CALL 0x0074ccc0"
"0074ccc0","0x0074CD2E",2,"006ff25e","UNCONDITIONAL_CALL","006feda0",false,0,"ADD ESP,0x4 | INC ESI | CMP ESI,0x4 | JL 0x006ff242 | MOV ECX,dword ptr [ESP + 0x60] | PUSH ECX | CALL 0x0074ccc0"
"0074ccc0","0x0074CD2E",2,"006ff277","UNCONDITIONAL_CALL","006feda0",false,0,"POP EBP | XOR EAX,EAX | POP EBX | ADD ESP,0x3c | RET | PUSH EBP | CALL 0x0074ccc0"
"0074ccc0","0x0074CD2E",2,"00749571","UNCONDITIONAL_CALL","00749520",true,2,"CALL 0x00807de0 | ADD ESP,0x4 | MOV EAX,dword ptr [ESI + 0x18] | CMP EAX,EBP | JZ 0x00749599 | PUSH EAX | CALL 0x0074ccc0"
"0074ccc0","0x0074CD2E",2,"0074bcec","UNCONDITIONAL_CALL","0074bcc0",true,1,"CALL 0x00807de0 | ADD ESP,0x4 | MOV EAX,dword ptr [ESI + 0x18] | TEST EAX,EAX | JZ 0x0074bd18 | PUSH EAX | CALL 0x0074ccc0"
"0074ccc0","0x0074CD2E",2,"007496cc","UNCONDITIONAL_CALL","007496a0",true,1,"CALL 0x00807de0 | ADD ESP,0x4 | MOV EAX,dword ptr [ESI + 0x18] | TEST EAX,EAX | JZ 0x007496f8 | PUSH EAX | CALL 0x0074ccc0"
"0074d190","0x0074D404|0x0074D579|0x0074D654",6,"0072e247","UNCONDITIONAL_CALL","0072e220",false,0,"PUSH EBX | CALL 0x007ed2d0 | ADD ESP,0x10 | TEST EAX,EAX | JZ 0x0072e26a | PUSH EBX | CALL 0x0074d190"
"0074d190","0x0074D404|0x0074D579|0x0074D654",6,"0072e333","UNCONDITIONAL_CALL","0072e270",false,0,"POP EDI | XOR EAX,EAX | POP EBP | ADD ESP,0x18 | RET | PUSH EDI | CALL 0x0074d190"
"0074d190","0x0074D404|0x0074D579|0x0074D654",6,"0074b7a3","UNCONDITIONAL_CALL","0074b420",true,8,"MOV EAX,dword ptr [ESP + 0x10] | CMP EAX,0x34000 | JC 0x0074b8cb | CMP EAX,0x36003 | JA 0x0074b8cb | PUSH EDI | CALL 0x0074d190"
"0074d190","0x0074D404|0x0074D579|0x0074D654",6,"0074b1cc","UNCONDITIONAL_CALL","0074b060",true,2,"MOV EAX,dword ptr [ESP + 0x10] | CMP EAX,0x34000 | JC 0x0074b354 | CMP EAX,0x36003 | JA 0x0074b354 | PUSH EBX | CALL 0x0074d190"
"0074d190","0x0074D404|0x0074D579|0x0074D654",6,"0072e107","UNCONDITIONAL_CALL","0072e080",false,0,"PUSH EBX | CALL 0x007ed2d0 | ADD ESP,0x10 | TEST EAX,EAX | JZ 0x0072e12d | PUSH EBX | CALL 0x0074d190"
"0074d6d0","0x0074D71A",2,"0074d5d5","UNCONDITIONAL_CALL","0074d190",true,6,"JZ 0x0074d5d0 | PUSH EAX | CALL 0x00807de0 | ADD ESP,0x4 | DEC word ptr [ESI + 0xe] | PUSH ESI | CALL 0x0074d6d0"
"0074f760","0x0074F8FB",12,"005bd71c","UNCONDITIONAL_CALL","005bd600",false,0,"MOV dword ptr [ESP + 0x2c],0x461c4000 | MOV dword ptr [ESP + 0x28],0x461c4000 | MOV dword ptr [ESP + 0x24],0x461c4000 | MOV dword ptr [ESP + 0x38],0xc61c4000 | MOV dword ptr [ESP + 0x34],0xc61c4000 | MOV dword ptr [ESP + 0x30],0xc61c4000 | CALL 0x0074f760"
"007578c0","0x00757C0B",0,"","NO_INCOMING_REFERENCE","",false,0,""
"00759790","0x007597BD",17,"007593f5","UNCONDITIONAL_CALL","007591d0",true,17,"MOV ECX,dword ptr [EBP] | LEA EAX,[ESP + 0x30] | PUSH EDX | PUSH EAX | PUSH ECX | PUSH EBX | CALL 0x00759790"
"0075e310","0x0075E399",9,"0074fee9","UNCONDITIONAL_CALL","",false,0,"DEC EAX | MOV [0x00c92550],EAX | MOV EAX,dword ptr [ESP + 0x4] | RET | MOV EAX,dword ptr [ESP + 0x8] | MOV [0x00c9254c],EAX | CALL 0x0075e310"
"0076b567","0x0076B58D",0,"0076df14","UNCONDITIONAL_CALL","0076df03",false,0,"MOV ESI,ECX | CALL 0x0082119a | TEST EAX,EAX | POP ECX | JZ 0x0076df1b | MOV ECX,EAX | CALL 0x0076b567"
"0076b567","0x0076B58D",0,"0076df80","UNCONDITIONAL_CALL","0076df6c",false,0,"MOV ESI,ECX | CALL 0x0082119a | TEST EAX,EAX | POP ECX | JZ 0x0076df87 | MOV ECX,EAX | CALL 0x0076b567"
"0076b567","0x0076B58D",0,"0076dfe2","UNCONDITIONAL_CALL","0076dfd1",false,0,"MOV ESI,ECX | CALL 0x0082119a | TEST EAX,EAX | POP ECX | JZ 0x0076dfe9 | MOV ECX,EAX | CALL 0x0076b567"
"0076b567","0x0076B58D",0,"0076bff7","UNCONDITIONAL_CALL","0076be89",false,0,"PUSH 0x70 | CALL 0x0082119a | TEST EAX,EAX | POP ECX | JZ 0x0076c000 | MOV ECX,EAX | CALL 0x0076b567"
"0076b60b","0x0076B673|0x0076B70A",0,"0076df44","UNCONDITIONAL_CALL","0076df03",false,0,"LEA ECX,[ESI + 0x4] | PUSH ECX | PUSH ESI | PUSH dword ptr [ESP + 0x24] | MOV ECX,EAX | PUSH dword ptr [ESP + 0x24] | CALL 0x0076b60b"
"0076b60b","0x0076B673|0x0076B70A",0,"0076c022","UNCONDITIONAL_CALL","0076be89",false,0,"MOV ECX,EDI | PUSH dword ptr [ESI + 0x58] | PUSH EAX | PUSH ESI | PUSH 0x0 | PUSH dword ptr [EBP + -0x4] | CALL 0x0076b60b"
"0076faeb","0x0076FAFD",0,"007933ba","UNCONDITIONAL_CALL","007933a7",false,0,"PUSH EBX | PUSH ESI | MOV ESI,ECX | PUSH EDI | LEA ECX,[EBP + -0x80] | XOR EDI,EDI | CALL 0x0076faeb"
"0076faeb","0x0076FAFD",0,"007652ed","UNCONDITIONAL_CALL","007652ae",false,0,"PUSH dword ptr [EBP + 0x64] | CALL 0x0076dfd1 | MOV ESI,EAX | TEST ESI,ESI | JL 0x00765329 | LEA ECX,[EBP + 0xffffff4c] | CALL 0x0076faeb"
"00770859","0x00770C5F|0x00770C7A|0x00770D0B|0x00770D52|0x00770D9F|0x00770DDC|0x00770E1F|0x00770E4C|0x00770EEB|0x00770F6E",0,"0077207e","UNCONDITIONAL_CALL","00771f9d",false,0,"JL 0x00772088 | CMP EAX,0x9 | JG 0x00772088 | MOV dword ptr [ESI + 0x54],0x1 | PUSH ESI | MOV ECX,EDI | CALL 0x00770859"
"0077107f","0x00771251",0,"","NO_INCOMING_REFERENCE","",false,0,""
"0077129f","0x00771538",0,"","NO_INCOMING_REFERENCE","",false,0,""
"00771724","0x00771834",0,"00771e98","UNCONDITIONAL_CALL","00771a47",false,0,"PUSH EAX | PUSH EDI | PUSH dword ptr [EBP + -0x18] | PUSH dword ptr [EBP + 0x8] | PUSH dword ptr [ESI + 0x7c] | PUSH dword ptr [ESI] | CALL 0x00771724"
"00774678","0x0077489F|0x007749A4|0x007749DB",0,"0077aab1","UNCONDITIONAL_CALL","00776904",false,0,"PUSH EDI | PUSH EDX | PUSH dword ptr [EBP + 0x24] | PUSH dword ptr [EBP + 0x20] | MOV ECX,EBX | PUSH dword ptr [EBP + 0x78] | CALL 0x00774678"
"00774678","0x0077489F|0x007749A4|0x007749DB",0,"0077b0d2","UNCONDITIONAL_CALL","00776904",false,0,"PUSH dword ptr [EBP + 0x6c] | MOV ECX,EBX | PUSH dword ptr [EBP + 0x18] | PUSH dword ptr [EBP + 0x14] | PUSH dword ptr [EBP + 0x20] | PUSH dword ptr [EBP + 0x78] | CALL 0x00774678"
"00774c33","0x00774D05|0x00774EEC",0,"00776e77","UNCONDITIONAL_CALL","00776904",false,0,"PUSH dword ptr [EBP + 0x6c] | PUSH 0x0 | PUSH dword ptr [EBP + 0x7c] | PUSH dword ptr [EBP + 0x20] | MOV ECX,EBX | PUSH dword ptr [EBP + 0x78] | CALL 0x00774c33"
"00776904","0x00777EC5|0x00778EDB|0x0077B3FB|0x0077B526|0x0077BC3C",0,"0077e2ec","UNCONDITIONAL_CALL","0077c8d2",false,0,"CALL 0x0077be0f | DEC dword ptr [EBX + 0x30] | JMP 0x0077ce22 | PUSH dword ptr [EBP + 0x7c] | MOV ECX,EBX | PUSH dword ptr [EBP + 0x78] | CALL 0x00776904"
"0077c8d2","0x0077D831|0x0077D854|0x0077D890|0x0077D93B|0x0077D96F|0x0077D983|0x0077D9E7|0x0077DA02|0x0077DA3E|0x0077DCAF|0x0077DD56|0x0077DDC2|0x0077DDFB|0x0077DE7C|0x0077E3C4|0x0077E542",0,"00773dd4","UNCONDITIONAL_CALL","00773dae",false,0,"JZ 0x00773e2c | XOR EDI,EDI | LEA EAX,[EBP + 0x8] | PUSH EAX | PUSH dword ptr [EBP + 0xc] | MOV ECX,ESI | CALL 0x0077c8d2"
"0077c8d2","0x0077D831|0x0077D854|0x0077D890|0x0077D93B|0x0077D96F|0x0077D983|0x0077D9E7|0x0077DA02|0x0077DA3E|0x0077DCAF|0x0077DD56|0x0077DDC2|0x0077DDFB|0x0077DE7C|0x0077E3C4|0x0077E542",0,"007766c7","UNCONDITIONAL_CALL","007765fa",false,0,"MOV EAX,dword ptr [ESI + 0x18] | LEA EAX,[EAX + EBX*0x4] | PUSH EAX | MOV EAX,dword ptr [EDI + 0x18] | PUSH dword ptr [EAX + 0x28] | MOV ECX,ESI | CALL 0x0077c8d2"
"0077c8d2","0x0077D831|0x0077D854|0x0077D890|0x0077D93B|0x0077D96F|0x0077D983|0x0077D9E7|0x0077DA02|0x0077DA3E|0x0077DCAF|0x0077DD56|0x0077DDC2|0x0077DDFB|0x0077DE7C|0x0077E3C4|0x0077E542",0,"00776820","UNCONDITIONAL_CALL","007765fa",false,0,"JMP 0x007767a1 | MOV EAX,dword ptr [ESI + 0x8] | MOV EBX,dword ptr [EAX + 0xc] | PUSH EDX | PUSH dword ptr [EDI + 0x14] | MOV ECX,ESI | CALL 0x0077c8d2"
"0077c8d2","0x0077D831|0x0077D854|0x0077D890|0x0077D93B|0x0077D96F|0x0077D983|0x0077D9E7|0x0077DA02|0x0077DA3E|0x0077DCAF|0x0077DD56|0x0077DDC2|0x0077DDFB|0x0077DE7C|0x0077E3C4|0x0077E542",0,"00775f30","UNCONDITIONAL_CALL","00775ec5",false,0,"LEA EAX,[EAX + ESI*0x4] | MOV dword ptr [EBP + -0x1c],EAX | LEA EAX,[EBP + -0x28] | PUSH EAX | PUSH dword ptr [EBP + 0x8] | MOV ECX,EBX | CALL 0x0077c8d2"
"0077c8d2","0x0077D831|0x0077D854|0x0077D890|0x0077D93B|0x0077D96F|0x0077D983|0x0077D9E7|0x0077DA02|0x0077DA3E|0x0077DCAF|0x0077DD56|0x0077DDC2|0x0077DDFB|0x0077DE7C|0x0077E3C4|0x0077E542",0,"00775f7a","UNCONDITIONAL_CALL","00775ec5",false,0,"PUSH EDI | JMP 0x00775f89 | CMP dword ptr [EBP + -0x8],0x0 | JZ 0x00775f86 | PUSH dword ptr [EBP + -0x1c] | PUSH dword ptr [EBP + 0x10] | CALL 0x0077c8d2"
"0077c8d2","0x0077D831|0x0077D854|0x0077D890|0x0077D93B|0x0077D96F|0x0077D983|0x0077D9E7|0x0077DA02|0x0077DA3E|0x0077DCAF|0x0077DD56|0x0077DDC2|0x0077DDFB|0x0077DE7C|0x0077E3C4|0x0077E542",0,"007760fd","UNCONDITIONAL_CALL","00775ec5",false,0,"JL 0x00776479 | CMP dword ptr [EBP + -0x8],0x0 | MOV ECX,EBX | JZ 0x00776104 | PUSH dword ptr [EBP + -0x18] | PUSH dword ptr [EBP + 0xc] | CALL 0x0077c8d2"
"0077c8d2","0x0077D831|0x0077D854|0x0077D890|0x0077D93B|0x0077D96F|0x0077D983|0x0077D9E7|0x0077DA02|0x0077DA3E|0x0077DCAF|0x0077DD56|0x0077DDC2|0x0077DDFB|0x0077DE7C|0x0077E3C4|0x0077E542",0,"007761bb","UNCONDITIONAL_CALL","00775ec5",false,0,"JL 0x00776479 | CMP dword ptr [EBP + -0x8],0x0 | MOV ECX,EBX | JZ 0x007761c2 | PUSH dword ptr [EBP + -0x1c] | PUSH dword ptr [EBP + 0x10] | CALL 0x0077c8d2"
"0077c8d2","0x0077D831|0x0077D854|0x0077D890|0x0077D93B|0x0077D96F|0x0077D983|0x0077D9E7|0x0077DA02|0x0077DA3E|0x0077DCAF|0x0077DD56|0x0077DDC2|0x0077DDFB|0x0077DE7C|0x0077E3C4|0x0077E542",0,"0077c9af","UNCONDITIONAL_CALL","0077c8d2",false,0,"JZ 0x0077c9ce | CMP dword ptr [EBP + 0x64],EDI | JZ 0x0077c9c1 | PUSH dword ptr [EBP + 0x60] | MOV ECX,EBX | PUSH dword ptr [EBP + 0x64] | CALL 0x0077c8d2"
"0077c8d2","0x0077D831|0x0077D854|0x0077D890|0x0077D93B|0x0077D96F|0x0077D983|0x0077D9E7|0x0077DA02|0x0077DA3E|0x0077DCAF|0x0077DD56|0x0077DDC2|0x0077DDFB|0x0077DE7C|0x0077E3C4|0x0077E542",0,"0077c9db","UNCONDITIONAL_CALL","0077c8d2",false,0,"JMP 0x0077c9f8 | CMP dword ptr [EBP + 0x54],EDI | JZ 0x0077c9ed | PUSH dword ptr [EBP + 0x4c] | MOV ECX,EBX | PUSH dword ptr [EBP + 0x54] | CALL 0x0077c8d2"
"0077c8d2","0x0077D831|0x0077D854|0x0077D890|0x0077D93B|0x0077D96F|0x0077D983|0x0077D9E7|0x0077DA02|0x0077DA3E|0x0077DCAF|0x0077DD56|0x0077DDC2|0x0077DDFB|0x0077DE7C|0x0077E3C4|0x0077E542",0,"0077c9fa","UNCONDITIONAL_CALL","0077c8d2",false,0,"MOV ESI,dword ptr [EBP + 0x78] | CMP dword ptr [EBP + 0x64],EDI | JZ 0x0077ca0c | PUSH dword ptr [EBP + 0x60] | PUSH dword ptr [EBP + 0x64] | MOV ECX,EBX | CALL 0x0077c8d2"
"0077c8d2","0x0077D831|0x0077D854|0x0077D890|0x0077D93B|0x0077D96F|0x0077D983|0x0077D9E7|0x0077DA02|0x0077DA3E|0x0077DCAF|0x0077DD56|0x0077DDC2|0x0077DDFB|0x0077DE7C|0x0077E3C4|0x0077E542",0,"0077eaa5","UNCONDITIONAL_CALL","0077ea51",false,0,"TEST EAX,EAX | MOV dword ptr [EBP + -0x4],EAX | JL 0x0077eb1e | PUSH EBX | PUSH dword ptr [EBP + 0x8] | MOV ECX,ESI | CALL 0x0077c8d2"
"0077c8d2","0x0077D831|0x0077D854|0x0077D890|0x0077D93B|0x0077D96F|0x0077D983|0x0077D9E7|0x0077DA02|0x0077DA3E|0x0077DCAF|0x0077DD56|0x0077DDC2|0x0077DDFB|0x0077DE7C|0x0077E3C4|0x0077E542",0,"0077e9bb","UNCONDITIONAL_CALL","0077e869",false,0,"JMP 0x0077ea4d | CMP EAX,0xc | JNZ 0x0077e9c2 | PUSH dword ptr [EBP + 0xc] | MOV ECX,ESI | PUSH EBX | CALL 0x0077c8d2"
"0077c8d2","0x0077D831|0x0077D854|0x0077D890|0x0077D93B|0x0077D96F|0x0077D983|0x0077D9E7|0x0077DA02|0x0077DA3E|0x0077DCAF|0x0077DD56|0x0077DDC2|0x0077DDFB|0x0077DE7C|0x0077E3C4|0x0077E542",0,"0077ea2e","UNCONDITIONAL_CALL","0077e869",false,0,"JNZ 0x0077e9c7 | PUSH dword ptr [EBP + 0xc] | MOV EDI,dword ptr [EAX + 0x18] | IMUL EDI,dword ptr [EAX + 0x14] | PUSH EAX | MOV ECX,ESI | CALL 0x0077c8d2"
"0077c8d2","0x0077D831|0x0077D854|0x0077D890|0x0077D93B|0x0077D96F|0x0077D983|0x0077D9E7|0x0077DA02|0x0077DA3E|0x0077DCAF|0x0077DD56|0x0077DDC2|0x0077DDFB|0x0077DE7C|0x0077E3C4|0x0077E542",0,"0077bf54","UNCONDITIONAL_CALL","0077be0f",false,0,"MOV EAX,dword ptr [ECX + 0x8] | TEST EAX,EAX | JZ 0x0077bf64 | PUSH dword ptr [EBP + -0xc] | MOV ECX,EBX | PUSH EAX | CALL 0x0077c8d2"
"0077c8d2","0x0077D831|0x0077D854|0x0077D890|0x0077D93B|0x0077D96F|0x0077D983|0x0077D9E7|0x0077DA02|0x0077DA3E|0x0077DCAF|0x0077DD56|0x0077DDC2|0x0077DDFB|0x0077DE7C|0x0077E3C4|0x0077E542",0,"0077c705","UNCONDITIONAL_CALL","0077be0f",false,0,"MOV EAX,dword ptr [EAX + 0x8] | TEST EAX,EAX | JZ 0x0077c777 | PUSH 0x0 | PUSH EAX | MOV ECX,EBX | CALL 0x0077c8d2"
"0077c8d2","0x0077D831|0x0077D854|0x0077D890|0x0077D93B|0x0077D96F|0x0077D983|0x0077D9E7|0x0077DA02|0x0077DA3E|0x0077DCAF|0x0077DD56|0x0077DDC2|0x0077DDFB|0x0077DE7C|0x0077E3C4|0x0077E542",0,"007769bf","UNCONDITIONAL_CALL","00776904",false,0,"POP ECX | MOV dword ptr [EBP + EDI*0x1 + 0x20],EAX | JZ 0x0077b176 | PUSH EAX | PUSH dword ptr [EBP + EDI*0x1 + 0x54] | MOV ECX,EBX | CALL 0x0077c8d2"
"0077c8d2","0x0077D831|0x0077D854|0x0077D890|0x0077D93B|0x0077D96F|0x0077D983|0x0077D9E7|0x0077DA02|0x0077DA3E|0x0077DCAF|0x0077DD56|0x0077DDC2|0x0077DDFB|0x0077DE7C|0x0077E3C4|0x0077E542",0,"00777562","UNCONDITIONAL_CALL","00776904",false,0,"MOV EAX,dword ptr [EBP + 0x78] | MOV EAX,dword ptr [EAX] | PUSH 0x0 | MOV dword ptr [EBX + 0x1c],EAX | PUSH dword ptr [EDI + 0x8] | MOV ECX,EBX | CALL 0x0077c8d2"
"007859fe","0x00785A2C",0,"007ad0b3","UNCONDITIONAL_CALL","007ad0af",false,0,"POP EBX | POP EBP | RET 0xc | PUSH ESI | PUSH EDI | MOV ESI,ECX | CALL 0x007859fe"
"00789a92","0x00789B3E",0,"0077c813","UNCONDITIONAL_CALL","0077c7d8",false,0,"PUSH dword ptr [ESI + 0x14] | MOV EAX,dword ptr [ESI] | PUSH dword ptr [ESI + 0x10] | ADD EAX,0x4 | PUSH EAX | PUSH EBX | CALL 0x00789a92"
"00789ba9","0x00789C04",0,"","NO_INCOMING_REFERENCE","",false,0,""
"0078d961","0x0078D9BE|0x0078DAEF|0x0078DB1E|0x0078DC84|0x0078DEDC|0x0078DEF9|0x0078DF3E|0x0078DF8C|0x0078E0A2|0x0078E154|0x0078E202|0x0078E21F|0x0078E264|0x0078E2B2|0x0078E3F0",0,"00791ff9","UNCONDITIONAL_CALL","00791f82",false,0,"JL 0x0079206f | MOV ECX,ESI | CALL 0x00785f11 | TEST EAX,EAX | JL 0x0079206f | MOV ECX,ESI | CALL 0x0078d961"
"0078ed33","0x0078EF71|0x0078F25D|0x0078F29E|0x0078F2AF|0x0078F2EC|0x0078F3A4|0x0078F9C4",0,"00792004","UNCONDITIONAL_CALL","00791f82",false,0,"JL 0x0079206f | MOV ECX,ESI | CALL 0x0078d961 | TEST EAX,EAX | JL 0x0079206f | MOV ECX,ESI | CALL 0x0078ed33"
"00793567","0x007935D1|0x00793893|0x00793A1E|0x00793B28",0,"0079a460","UNCONDITIONAL_CALL","0079a3ce",false,0,"PUSH EAX | LEA EAX,[EBP + -0x8] | PUSH EAX | PUSH dword ptr [EBP + 0xc] | MOV ECX,ESI | PUSH EDI | CALL 0x00793567"
"00793567","0x007935D1|0x00793893|0x00793A1E|0x00793B28",0,"0079a4bb","UNCONDITIONAL_CALL","0079a3ce",false,0,"PUSH EAX | LEA EAX,[EBP + -0x8] | PUSH EAX | PUSH EBX | PUSH EDI | MOV ECX,ESI | CALL 0x00793567"
"0079e025","0x0079E081|0x0079E30F",0,"007a5de1","UNCONDITIONAL_CALL","007a59a1",false,0,"JZ 0x007a5df5 | MOV EAX,dword ptr [ESI + 0x30] | AND EAX,EDI | CMP EAX,EBP | JZ 0x007a5df5 | MOV ECX,ESI | CALL 0x0079e025"
"0079e3be","0x0079E3E0|0x0079E54E|0x0079E709|0x0079E7AF|0x0079E7BC",0,"007a5d44","UNCONDITIONAL_CALL","007a59a1",false,0,"JBE 0x007a5d56 | MOV EAX,dword ptr [ESI + 0x18] | MOV dword ptr [ESI + 0x94],EDI | MOV EAX,dword ptr [EAX + EDI*0x4] | MOV ECX,ESI | MOV dword ptr [ESI + 0x98],EAX | CALL 0x0079e3be"
"0079e96a","0x0079E9A2",0,"007a5c5d","UNCONDITIONAL_CALL","007a59a1",false,0,"MOV EAX,dword ptr [EAX] | AND EAX,EBP | CMP EAX,0x4c000000 | JNZ 0x007a5c7a | PUSH 0x1 | MOV ECX,ESI | CALL 0x0079e96a"
"0079e96a","0x0079E9A2",0,"007a5c6d","UNCONDITIONAL_CALL","007a59a1",false,0,"MOV ECX,ESI | CALL 0x0079e96a | CMP EAX,EBX | JL 0x007a5e4a | PUSH EBX | MOV ECX,ESI | CALL 0x0079e96a"
"0079f184","0x0079F1C3",0,"007a5c1b","UNCONDITIONAL_CALL","007a59a1",false,0,"AND EAX,EBP | CMP EAX,0x24000000 | JZ 0x007a5c19 | CMP EAX,0x25000000 | JNZ 0x007a5c28 | MOV ECX,ESI | CALL 0x0079f184"
"007a0c35","0x007A0C75",0,"007a5e02","UNCONDITIONAL_CALL","007a59a1",false,0,"JL 0x007a5e4a | MOV ECX,ESI | CALL 0x007a17e5 | CMP EAX,EBX | JL 0x007a5e4a | MOV ECX,ESI | CALL 0x007a0c35"
"007a17e5","0x007A18B0|0x007A1CEE|0x007A1D98|0x007A1E98|0x007A2156|0x007A21C0|0x007A21DA|0x007A2213|0x007A2284|0x007A22D4|0x007A2364|0x007A2652|0x007A2866",0,"007a5df7","UNCONDITIONAL_CALL","007a59a1",false,0,"JL 0x007a5e4a | MOV ECX,ESI | CALL 0x007a4be2 | CMP EAX,EBX | JL 0x007a5e4a | MOV ECX,ESI | CALL 0x007a17e5"
"007a316c","0x007A31DB|0x007A3287|0x007A3290|0x007A331E|0x007A3364|0x007A34DA",0,"007a5452","UNCONDITIONAL_CALL","007a5345",false,0,"LEA EAX,[EBP + -0x1c] | PUSH EAX | PUSH dword ptr [EBP + -0x4] | LEA EAX,[EBP + -0x2c] | PUSH EAX | MOV ECX,ESI | CALL 0x007a316c"
"007a316c","0x007A31DB|0x007A3287|0x007A3290|0x007A331E|0x007A3364|0x007A34DA",0,"007a5470","UNCONDITIONAL_CALL","007a5345",false,0,"LEA EAX,[EBP + -0x1c] | PUSH EAX | PUSH dword ptr [EBP + -0x4] | LEA EAX,[EBP + -0x2c] | PUSH EAX | MOV ECX,ESI | CALL 0x007a316c"
"007a316c","0x007A31DB|0x007A3287|0x007A3290|0x007A331E|0x007A3364|0x007A34DA",0,"007a548e","UNCONDITIONAL_CALL","007a5345",false,0,"LEA EAX,[EBP + -0x1c] | PUSH EAX | PUSH dword ptr [EBP + -0x4] | LEA EAX,[EBP + -0x2c] | PUSH EAX | MOV ECX,ESI | CALL 0x007a316c"
"007a4be2","0x007A4C7C",0,"007a5dec","UNCONDITIONAL_CALL","007a59a1",false,0,"JZ 0x007a5df5 | MOV ECX,ESI | CALL 0x0079e025 | CMP EAX,EBX | JL 0x007a5e4a | MOV ECX,ESI | CALL 0x007a4be2"
"007a71cb","0x007A71F2|0x007A7326|0x007A74DC|0x007A76A6|0x007A7750|0x007A775D|0x007A795B|0x007A7971",0,"007a8718","UNCONDITIONAL_CALL","007a832d",false,0,"MOV EAX,dword ptr [EAX + EBP*0x4] | MOV dword ptr [EBX + 0x98],EAX | MOV dword ptr [EBX + 0x94],EBP | TEST byte ptr [EAX + 0x3],0xff | JZ 0x007a8727 | MOV ECX,EBX | CALL 0x007a71cb"
"007ac82a","0x007AC8DF",0,"00781b32","UNCONDITIONAL_CALL","00781a87",false,0,"JZ 0x00781b43 | PUSH 0x7 | CALL ESI | TEST EAX,EAX | JZ 0x00781b43 | PUSH EBX | CALL 0x007ac82a"
"007bc2c0","0x007BC65D|0x007BCAB5",0,"007aca15","DATA","007ac82a",false,0,"MOV dword ptr [ECX + 0xdc],0x7bc0d2 | MOV dword ptr [ECX + 0xe0],0x7bc179 | MOV dword ptr [ECX + 0xd4],0x7c2648 | MOV dword ptr [ECX + 0xbc],0x7c2251 | MOV dword ptr [ECX + 0xc8],0x7c1103 | MOV dword ptr [ECX + 0x10],0x7c073f | MOV dword ptr [ECX + 0xb4],0x7bc2c0"
"007cc110","0x007CC214|0x007CC2A3",0,"00532d99","UNCONDITIONAL_CALL","00532d70",false,0,"PUSH ECX | FMUL float ptr [0x00858b38] | FSTP float ptr [ESP] | PUSH ESI | CALL 0x007cc4b0 | PUSH ESI | CALL 0x007cc110"
"007eaab0","0x007EAAD6",0,"007eaa50","UNCONDITIONAL_CALL","007eaa00",false,0,"PUSH EAX | PUSH 0x0 | PUSH 0x0 | PUSH 0x13 | PUSH 0x13 | PUSH ECX | CALL 0x007eaab0"
"007eaab0","0x007EAAD6",0,"007eafc1","UNCONDITIONAL_CALL","007eaf60",false,0,"PUSH ECX | PUSH 0x884260 | PUSH 0x8841e0 | PUSH 0x101 | PUSH EBP | PUSH EDX | CALL 0x007eaab0"
"007eaab0","0x007EAAD6",0,"007eb00d","UNCONDITIONAL_CALL","007eaf60",false,0,"PUSH 0x884358 | PUSH 0x8842e0 | PUSH ESI | LEA ECX,[EAX + EBP*0x4] | PUSH EDX | PUSH ECX | CALL 0x007eaab0"
"007f0360","0x007F03E5",0,"007f0437","UNCONDITIONAL_CALL","007f0410",true,1,"ADD ESP,0x8 | TEST ESI,ESI | JNZ 0x007f0436 | POP ESI | RET | PUSH ESI | CALL 0x007f0360"
"007f3170","0x007F3346|0x007F338B",4,"00619c9e","UNCONDITIONAL_CALL","00619c90",false,0,"RET | PUSH ECX | PUSH 0x400000 | PUSH 0x0 | CALL 0x00745510 | PUSH EAX | CALL 0x007f3170"
"007f72e0","0x007F73A5",0,"007f68b3","UNCONDITIONAL_CALL","",false,0,"MOV EDX,dword ptr [ESP + 0x48c] | MOV EAX,dword ptr [ESP + 0x488] | MOV ECX,dword ptr [ESP + 0x484] | PUSH EDX | PUSH EAX | PUSH ECX | CALL 0x007f72e0"
"0080c600","0x0080C721",0,"0080cda8","UNCONDITIONAL_CALL","0080cd10",false,0,"RET | PUSH EBX | PUSH ESI | CALL 0x00803950 | PUSH ESI | PUSH EDI | CALL 0x0080c600"
"0080c600","0x0080C721",0,"0080cdeb","UNCONDITIONAL_CALL","0080cd10",false,0,"POP EDI | POP ESI | POP EBX | RET | PUSH EBX | PUSH EDI | CALL 0x0080c600"
"0080c600","0x0080C721",0,"007f495b","UNCONDITIONAL_CALL","007f4690",true,6,"POP EBP | POP EBX | ADD ESP,0x4610 | RET | PUSH ESI | PUSH EBP | CALL 0x0080c600"
"0080c600","0x0080C721",0,"00810913","UNCONDITIONAL_CALL","00810830",false,0,"MOV EDI,EAX | PUSH EDI | CALL 0x008027a0 | MOV EBX,dword ptr [ESP + 0x24] | PUSH EBX | PUSH EDI | CALL 0x0080c600"
"00814270","0x0081433E",2,"008145f5","UNCONDITIONAL_CALL","00814460",true,4,"PUSH 0x2 | FST float ptr [ESP + 0x28] | FST float ptr [ESP + 0x2c] | FST float ptr [ESP + 0x30] | FSTP float ptr [ESP + 0x34] | PUSH EBP | CALL 0x00814270"
"00814270","0x0081433E",2,"00813cbb","UNCONDITIONAL_CALL","00813a10",true,4,"JZ 0x00813d66 | MOV EDX,dword ptr [EBP] | MOV EAX,dword ptr [ESP + 0x38] | PUSH EDX | PUSH 0x1 | PUSH EAX | CALL 0x00814270"
"00814270","0x0081433E",2,"00813d71","UNCONDITIONAL_CALL","00813a10",true,4,"RET | MOV EAX,dword ptr [EBP] | MOV ECX,dword ptr [ESP + 0x38] | PUSH EAX | PUSH 0x0 | PUSH ECX | CALL 0x00814270"
"00814270","0x0081433E",2,"00813e3c","UNCONDITIONAL_CALL","00813a10",true,4,"JNZ 0x00813ec4 | MOV EAX,dword ptr [EBP] | MOV ECX,dword ptr [ESP + 0x38] | PUSH EAX | PUSH EBX | PUSH ECX | CALL 0x00814270"
"00814270","0x0081433E",2,"00813ed3","UNCONDITIONAL_CALL","00813a10",true,4,"MOV EDX,dword ptr [EBP] | MOV EAX,dword ptr [ESP + 0x38] | MOV EBP,0x1 | PUSH EDX | PUSH EBP | PUSH EAX | CALL 0x00814270"
"00814270","0x0081433E",2,"0081400e","UNCONDITIONAL_CALL","00813a10",true,4,"MOV EBX,dword ptr [ESP + 0x24] | MOV EDX,dword ptr [EBP] | MOV EAX,dword ptr [ESP + 0x38] | PUSH EDX | PUSH 0x0 | PUSH EAX | CALL 0x00814270"
"008149e0","0x00814C28|0x00814C36",3,"008144c0","UNCONDITIONAL_CALL","00814460",true,4,"JZ 0x008149ce | MOV ECX,dword ptr [ESP + 0x10] | MOV EDI,dword ptr [ESP + 0x34] | PUSH ECX | PUSH ESI | PUSH EDI | CALL 0x008149e0"
"0081ea70","0x0081EBB6|0x0081EC63",0,"00820235","UNCONDITIONAL_CALL","",false,0,"PUSH EDI | MOV dword ptr [ESP + 0x18],EAX | MOV EAX,dword ptr [EBP + 0x14] | PUSH EAX | PUSH ECX | PUSH EDX | CALL 0x0081ea70"
"0081edc0","0x0081EE4E|0x0081F065",0,"00820345","UNCONDITIONAL_CALL","",false,0,"PUSH EDI | MOV dword ptr [ESP + 0x18],EAX | MOV EAX,dword ptr [EBP + 0x14] | PUSH EAX | PUSH ECX | PUSH EDX | CALL 0x0081edc0"
"0082567c","0x00825726",0,"008258c2","UNCONDITIONAL_CALL","0082589a",false,0,"MOV dword ptr [EBP + 0x74],EAX | MOV EDI,ECX | JZ 0x008258dc | CMP EDI,EBX | JZ 0x008258cd | PUSH EDI | CALL 0x0082567c"
"0082567c","0x00825726",0,"008259a7","UNCONDITIONAL_CALL","0082589a",false,0,"PUSH EBX | PUSH EAX | CALL 0x00821f40 | AND byte ptr [EBP + EDI*0x1 + -0x1c],0x0 | LEA EAX,[EBP + -0x1c] | PUSH EAX | CALL 0x0082567c"
"0082567c","0x00825726",0,"00825a26","UNCONDITIONAL_CALL","0082589a",false,0,"TEST EAX,EAX | POP ECX | POP ECX | JZ 0x00825a35 | LEA EAX,[EBP + -0x1c] | PUSH EAX | CALL 0x0082567c"
"0082d726","0x0082D7EF|0x0082D800|0x0082D811|0x0082D822|0x0082D833|0x0082D844|0x0082D855|0x0082D864",0,"","NO_INCOMING_REFERENCE","",false,0,""
"0082eb9c","0x0082EC81|0x0082ED0A",0,"00832ef0","UNCONDITIONAL_CALL","00832ee7",false,0,"MOV EAX,ESI | POP ESI | RET | PUSH 0xa | CALL 0x0082d520 | PUSH 0x16 | CALL 0x0082eb9c"
"01020520","0x010207B9",0,"010161bf","UNCONDITIONAL_CALL","01015f40",false,0,"PUSH EDX | CALL 0x00e3c380 | MOV dword ptr [EBP + 0xffffff10],EAX | LEA EAX,[EBP + -0x48] | PUSH EAX | MOV dword ptr [EBP + -0x4],0xffffffff | CALL 0x01020520"
"01020520","0x010207B9",0,"010162e6","UNCONDITIONAL_CALL","01016210",false,0,"PUSH EDX | CALL 0x00e3c380 | MOV dword ptr [EBP + 0xfffffebc],EAX | LEA EAX,[EBP + -0x28] | PUSH EAX | MOV byte ptr [EBP + -0x4],0x0 | CALL 0x01020520"
"011594a0","0x01159753",0,"01157ee0","UNCONDITIONAL_CALL","01157eb0",false,0,"JNZ 0x01157edb | CALL 0x0115a950 | ADD ESP,0x8 | RET | CMP EAX,0x2 | JNZ 0x01157ee9 | CALL 0x011594a0"
"0115a0c0","0x0115A360",0,"0115abce","UNCONDITIONAL_CALL","0115a950",false,0,"TEST EAX,EAX | LEA EAX,[ESI + -0xc] | PUSH EAX | JZ 0x0115abce | CALL 0x01159bf0 | JMP 0x0115abd3 | CALL 0x0115a0c0"
"012a5fc0","0x012A6060|0x012A612A",0,"012a72b0","UNCONDITIONAL_CALL","012a7240",false,0,"MOV EAX,dword ptr [EBP + 0xffffff48] | JMP 0x012a7399 | LEA ECX,[EBP + 0xffffff4c] | CALL 0x0107ebd0 | PUSH EAX | LEA ECX,[EBP + 0xffffff78] | CALL 0x012a5fc0"
"01561cf0","0x01561DDF",0,"0045c4b0","UNCONDITIONAL_JUMP","0045c4b0",false,0,"PUSH 0x858b54 | CALL 0x005387d0 | ADD ESP,0x4 | POP EDI | RET | JMP 0x0156e610 | JMP 0x01561cf0"
"01569460","0x015696C7",0,"00470150","UNCONDITIONAL_JUMP","00470150",false,0,"JMP 0x01561090 | MOV EAX,dword ptr [ESP + 0x4] | ADD EAX,0x6676 | MOV dword ptr [ESP + 0x4],EAX | JMP 0x00409c90 | JMP 0x015649b0 | JMP 0x01569460"
